{"type":"FeatureCollection","features":[{"type":"Feature","properties":{"place_id":218646892,"osm_type":"relation","osm_id":912940,"place_rank":8,"category":"boundary","type":"administrative","importance":0.7956482814591405,"addresstype":"city","name":"北京市","display_name":"北京市, 中国"},"bbox":[115.416849,39.1707096,117.7371243,41.059236],"geometry":{"type":"MultiPolygon","coordinates":[[[[115.416849,39.968446],[115.416997,39.968164],[115.417708,39.96737],[115.41803,39.966793],[115.417934,39.966007],[115.418003,39.965825],[115.418299,39.965521],[115.419444,39.964809],[115.420243,39.964141],[115.420356,39.963928],[115.419679,39.962921],[115.418767,39.960556],[115.418333,39.959887],[115.418359,39.959518],[115.418715,39.958997],[115.41895,39.958429],[115.418845,39.958177],[115.418186,39.957483],[115.418012,39.957127],[115.417717,39.955573],[115.417352,39.9551],[115.417179,39.954323],[115.417604,39.953455],[115.418976,39.952331],[115.41967,39.951567],[115.419826,39.951059],[115.419592,39.94967],[115.419601,39.948976],[115.420217,39.948707],[115.420885,39.948438],[115.421693,39.948242],[115.42276,39.948147],[115.42322,39.948446],[115.42375,39.94908],[115.42441,39.949449],[115.425061,39.949414],[115.42592,39.948963],[115.426319,39.948932],[115.4275,39.949518],[115.429219,39.949549],[115.429436,39.949644],[115.431137,39.951055],[115.431493,39.951202],[115.431918,39.951194],[115.43283,39.950972],[115.434236,39.950942],[115.435391,39.950625],[115.436667,39.950543],[115.437543,39.950295],[115.438064,39.95],[115.439679,39.948073],[115.440078,39.947704],[115.440521,39.947448],[115.442413,39.947431],[115.445807,39.946853],[115.446311,39.946445],[115.44697,39.945273],[115.447569,39.944731],[115.448872,39.944036],[115.450286,39.942947],[115.451207,39.94263],[115.452422,39.941853],[115.453646,39.941693],[115.454418,39.941406],[115.455712,39.940508],[115.456467,39.939497],[115.457014,39.939136],[115.457986,39.938824],[115.45895,39.939232],[115.459939,39.938841],[115.460877,39.938772],[115.461675,39.938277],[115.462352,39.9375],[115.462804,39.937387],[115.463941,39.937374],[115.465469,39.937526],[115.465547,39.937515],[115.465946,39.937457],[115.467335,39.93674],[115.467622,39.936697],[115.467986,39.936836],[115.468177,39.936784],[115.468585,39.936549],[115.469141,39.936055],[115.470191,39.93556],[115.473186,39.934692],[115.474271,39.93457],[115.474583,39.93434],[115.474861,39.933759],[115.474916,39.933324],[115.475035,39.932387],[115.4752,39.932001],[115.477083,39.928984],[115.478325,39.927478],[115.479557,39.926593],[115.480009,39.926111],[115.480278,39.925117],[115.480339,39.923672],[115.480512,39.922982],[115.480694,39.9227],[115.480885,39.922574],[115.481832,39.922487],[115.482283,39.922309],[115.48263,39.921862],[115.482977,39.921063],[115.483646,39.920503],[115.484063,39.920317],[115.484974,39.920126],[115.486259,39.919618],[115.487083,39.919115],[115.487422,39.918411],[115.487622,39.91717],[115.487908,39.916949],[115.488637,39.916719],[115.490512,39.916719],[115.49197,39.916819],[115.492594,39.916725],[115.492656,39.916701],[115.49283,39.916597],[115.492951,39.916489],[115.49309,39.916393],[115.493212,39.916306],[115.493359,39.916202],[115.493542,39.916133],[115.493689,39.91605],[115.493872,39.915959],[115.493976,39.915885],[115.494097,39.91579],[115.494219,39.915668],[115.494314,39.915521],[115.494375,39.915391],[115.494418,39.915252],[115.49447,39.915135],[115.494497,39.915013],[115.49454,39.914905],[115.494583,39.914831],[115.494661,39.914744],[115.494748,39.914661],[115.494774,39.914618],[115.494974,39.914484],[115.4952,39.914557],[115.495373,39.914614],[115.49559,39.914653],[115.49592,39.914709],[115.496215,39.914753],[115.496615,39.914792],[115.496849,39.914787],[115.497083,39.914753],[115.4973,39.914696],[115.497535,39.914614],[115.497691,39.914523],[115.497839,39.914414],[115.497986,39.91431],[115.498056,39.914249],[115.498255,39.914145],[115.498429,39.914054],[115.498585,39.913967],[115.498733,39.913859],[115.498915,39.913741],[115.49908,39.913585],[115.499193,39.913498],[115.499306,39.913403],[115.499358,39.913355],[115.499444,39.913264],[115.499514,39.913194],[115.499653,39.913095],[115.499731,39.913034],[115.499844,39.912956],[115.499974,39.912904],[115.500156,39.912821],[115.50046,39.912704],[115.50059,39.912682],[115.500981,39.912339],[115.501354,39.911944],[115.501597,39.911684],[115.501884,39.911354],[115.502075,39.910994],[115.502309,39.910326],[115.502352,39.9101],[115.502448,39.909761],[115.502561,39.909457],[115.502786,39.909119],[115.503099,39.908928],[115.50375,39.908828],[115.503941,39.908672],[115.504106,39.908524],[115.504418,39.908299],[115.504783,39.908008],[115.50513,39.907843],[115.505521,39.907747],[115.505894,39.907613],[115.506137,39.907413],[115.506398,39.906992],[115.506493,39.906732],[115.506641,39.906393],[115.506953,39.906141],[115.507595,39.90592],[115.507977,39.905742],[115.508429,39.905382],[115.508741,39.905078],[115.509488,39.904531],[115.509757,39.904314],[115.510434,39.903837],[115.511189,39.903372],[115.511528,39.903051],[115.511701,39.902834],[115.512135,39.902418],[115.512622,39.902057],[115.513012,39.90184],[115.513455,39.901671],[115.51388,39.901393],[115.514271,39.901024],[115.514783,39.900499],[115.515139,39.900113],[115.515703,39.899575],[115.515842,39.899375],[115.515911,39.899206],[115.515955,39.89875],[115.51612,39.898438],[115.516563,39.898129],[115.516678,39.897923],[115.516762,39.897773],[115.516606,39.897695],[115.51592,39.897283],[115.515451,39.89701],[115.514227,39.895933],[115.513594,39.895369],[115.513333,39.895022],[115.513082,39.894718],[115.51276,39.893902],[115.512396,39.893438],[115.512057,39.892995],[115.511536,39.892361],[115.511224,39.892053],[115.510642,39.891502],[115.51033,39.891276],[115.510026,39.89122],[115.509557,39.891259],[115.509123,39.891363],[115.509028,39.891181],[115.508767,39.890738],[115.508203,39.889618],[115.507483,39.888455],[115.506944,39.887938],[115.50651,39.887491],[115.506102,39.887205],[115.505859,39.887153],[115.505078,39.886923],[115.504731,39.886688],[115.504332,39.886241],[115.504167,39.885894],[115.504054,39.885399],[115.504036,39.884813],[115.503915,39.884405],[115.503672,39.883932],[115.503177,39.883368],[115.502726,39.882982],[115.502786,39.882865],[115.502882,39.882582],[115.503003,39.882313],[115.503194,39.881901],[115.503368,39.881437],[115.503516,39.881072],[115.503568,39.880621],[115.503724,39.880286],[115.504123,39.879952],[115.50441,39.879809],[115.504939,39.879696],[115.505738,39.879523],[115.50638,39.879301],[115.507031,39.879167],[115.507431,39.879223],[115.507813,39.879397],[115.508299,39.879588],[115.508828,39.87957],[115.509436,39.879475],[115.510026,39.87934],[115.510399,39.879245],[115.510851,39.878911],[115.511293,39.878676],[115.511753,39.878511],[115.512387,39.87829],[115.512847,39.878247],[115.513299,39.878125],[115.513672,39.877891],[115.514175,39.8775],[115.514766,39.877192],[115.516094,39.876701],[115.516563,39.876536],[115.51704,39.876254],[115.517526,39.875751],[115.517752,39.875612],[115.518342,39.875365],[115.519019,39.875126],[115.519531,39.874809],[115.520078,39.874514],[115.520399,39.874431],[115.520816,39.874353],[115.521354,39.874323],[115.521884,39.874401],[115.522326,39.874557],[115.522717,39.874826],[115.522908,39.874883],[115.522977,39.874822],[115.522951,39.87434],[115.5228,39.873751],[115.522665,39.873225],[115.522622,39.873034],[115.522483,39.872361],[115.522422,39.871953],[115.522439,39.871055],[115.522352,39.870577],[115.522014,39.869809],[115.521797,39.869484],[115.521406,39.868971],[115.521111,39.86872],[115.52079,39.868659],[115.520226,39.868672],[115.519714,39.868424],[115.519236,39.868025],[115.518724,39.867695],[115.51829,39.867574],[115.517734,39.867496],[115.517049,39.867309],[115.516224,39.867166],[115.515677,39.867031],[115.515573,39.866866],[115.515608,39.866688],[115.515807,39.86615],[115.516042,39.865642],[115.51612,39.865313],[115.51612,39.865039],[115.516172,39.864661],[115.516224,39.863542],[115.516259,39.863047],[115.516311,39.862565],[115.516467,39.862118],[115.516563,39.861619],[115.516641,39.861168],[115.516597,39.860508],[115.516441,39.859818],[115.516163,39.859162],[115.516094,39.858845],[115.516102,39.858572],[115.516233,39.858077],[115.516233,39.85783],[115.51612,39.857635],[115.515573,39.857109],[115.515252,39.856723],[115.515017,39.856428],[115.514896,39.85615],[115.514757,39.855755],[115.514566,39.855265],[115.514314,39.854666],[115.513941,39.853997],[115.51355,39.853442],[115.513368,39.853099],[115.513116,39.852682],[115.512648,39.851654],[115.512344,39.851042],[115.512014,39.850408],[115.511858,39.850135],[115.511832,39.849913],[115.511571,39.849497],[115.511224,39.849102],[115.510703,39.848568],[115.510582,39.848225],[115.510477,39.847691],[115.510373,39.847357],[115.510182,39.847014],[115.509679,39.846519],[115.50928,39.846211],[115.508976,39.846016],[115.508472,39.845764],[115.507865,39.845525],[115.507161,39.845239],[115.506856,39.845111],[115.50651,39.844965],[115.505972,39.844679],[115.505434,39.84428],[115.504913,39.844019],[115.504696,39.843906],[115.504575,39.843776],[115.504566,39.84365],[115.504644,39.843533],[115.505191,39.843286],[115.505573,39.843147],[115.505946,39.842947],[115.506137,39.842765],[115.506285,39.842561],[115.506415,39.842122],[115.506425,39.842003],[115.506458,39.841589],[115.506701,39.841224],[115.507101,39.840655],[115.507214,39.840408],[115.507274,39.840061],[115.5073,39.839466],[115.507335,39.839063],[115.507465,39.838602],[115.507674,39.838164],[115.508073,39.837643],[115.508229,39.837183],[115.508177,39.836914],[115.508038,39.836549],[115.508273,39.836576],[115.508351,39.836606],[115.508576,39.836667],[115.508958,39.836849],[115.50941,39.836901],[115.510373,39.836793],[115.511042,39.836693],[115.511814,39.836523],[115.512066,39.836441],[115.513142,39.836115],[115.514132,39.835764],[115.514497,39.835694],[115.515356,39.835625],[115.515894,39.835538],[115.516163,39.835456],[115.517292,39.835091],[115.518056,39.834818],[115.51875,39.834531],[115.519514,39.834301],[115.520286,39.834106],[115.520399,39.833737],[115.52046,39.833659],[115.520677,39.833381],[115.520807,39.833212],[115.521163,39.832682],[115.521684,39.832049],[115.522405,39.831211],[115.522734,39.830911],[115.523064,39.83059],[115.523325,39.830313],[115.523568,39.830013],[115.523776,39.829674],[115.523845,39.829366],[115.523993,39.829167],[115.52428,39.828798],[115.524679,39.828958],[115.5252,39.829132],[115.525955,39.829262],[115.526675,39.829353],[115.52776,39.829497],[115.528273,39.829562],[115.528776,39.829596],[115.529167,39.829601],[115.529479,39.829531],[115.529913,39.829293],[115.530382,39.828911],[115.530651,39.828637],[115.531146,39.82796],[115.531667,39.827765],[115.532118,39.82753],[115.532656,39.827261],[115.532969,39.827105],[115.533481,39.826944],[115.534002,39.826749],[115.534557,39.826632],[115.535061,39.826536],[115.53546,39.826523],[115.535712,39.826489],[115.535929,39.826428],[115.536224,39.826181],[115.536554,39.825964],[115.536814,39.825846],[115.537309,39.825734],[115.537517,39.825677],[115.537908,39.825655],[115.538524,39.82556],[115.539123,39.825412],[115.539688,39.825204],[115.540252,39.824905],[115.540564,39.82464],[115.540877,39.824188],[115.541007,39.823746],[115.541198,39.823181],[115.54138,39.822192],[115.541458,39.821923],[115.541589,39.821766],[115.541892,39.821632],[115.542326,39.821536],[115.543273,39.821306],[115.543976,39.821094],[115.544523,39.820916],[115.544861,39.820703],[115.545122,39.820495],[115.545443,39.820174],[115.545816,39.8199],[115.546181,39.819748],[115.546406,39.819575],[115.546693,39.819336],[115.547161,39.819054],[115.547951,39.818646],[115.548872,39.818325],[115.549679,39.818151],[115.550339,39.818186],[115.551059,39.818229],[115.551458,39.818238],[115.551884,39.818186],[115.552205,39.818069],[115.552569,39.817917],[115.552865,39.81776],[115.553403,39.817396],[115.553958,39.817109],[115.554227,39.817001],[115.555035,39.81661],[115.555616,39.816285],[115.556172,39.815955],[115.55678,39.81566],[115.55737,39.815378],[115.55783,39.815291],[115.558359,39.815269],[115.558741,39.815282],[115.55987,39.815308],[115.560356,39.815313],[115.560955,39.815265],[115.561285,39.815139],[115.561641,39.814865],[115.561944,39.814453],[115.562405,39.813984],[115.562856,39.813498],[115.563108,39.81316],[115.563212,39.812756],[115.56316,39.8124],[115.563254,39.812281],[115.5605808,39.8091287],[115.5605603,39.8036666],[115.5563803,39.8025017],[115.5521593,39.7968029],[115.5496515,39.794982],[115.54843,39.7940951],[115.5452335,39.7933708],[115.5390454,39.7946933],[115.5331852,39.7932449],[115.5313411,39.7913241],[115.5079001,39.7876083],[115.5013431,39.7823807],[115.4988433,39.7834829],[115.4981876,39.785278],[115.4948682,39.7882696],[115.4893358,39.7923317],[115.486713,39.7934023],[115.4863032,39.7949767],[115.4843361,39.7946933],[115.4825739,39.7957954],[115.4795414,39.7963936],[115.4775333,39.7974956],[115.4749515,39.7967085],[115.4695011,39.7905999],[115.4629441,39.7864747],[115.4520023,39.781121],[115.4471665,39.780743],[115.4374951,39.7844277],[115.4275777,39.7809635],[115.4267727,39.7799574],[115.4248099,39.7741892],[115.4199167,39.7736193],[115.4188699,39.7723945],[115.4187509,39.7712738],[115.4209849,39.7684875],[115.424694,39.7711157],[115.4292725,39.7690666],[115.4281134,39.7632308],[115.4297362,39.7602458],[115.4300259,39.7565034],[115.4334453,39.750711],[115.4391829,39.7492852],[115.4423705,39.7472354],[115.4466012,39.7471463],[115.453382,39.7425118],[115.4576707,39.7420216],[115.4608003,39.7388575],[115.4629447,39.7395706],[115.4646834,39.7411304],[115.4673552,39.741454],[115.4695682,39.7410759],[115.4725074,39.7413086],[115.4738712,39.7409814],[115.4760432,39.741328],[115.4783381,39.7405717],[115.4799257,39.7404173],[115.4832148,39.7374835],[115.4859404,39.737571],[115.4860425,39.7345527],[115.482846,39.7319999],[115.4821493,39.7283755],[115.4840754,39.726642],[115.4842393,39.7243096],[115.4836246,39.723364],[115.4841164,39.7195815],[115.4850179,39.7183206],[115.4850999,39.7128355],[115.487026,39.7088633],[115.4871526,39.7058437],[115.4856463,39.7029466],[115.4838395,39.7016233],[115.4837215,39.7003521],[115.4841797,39.7000493],[115.4863286,39.7004924],[115.4869723,39.7002035],[115.4879379,39.6987754],[115.4901802,39.6968272],[115.4928625,39.6952918],[115.4930878,39.6935499],[115.4933345,39.6933022],[115.493077,39.6930133],[115.4914488,39.6924661],[115.4912424,39.6921051],[115.4915643,39.6914942],[115.4928223,39.6904171],[115.4937315,39.6901072],[115.4938593,39.6892092],[115.4927662,39.6884327],[115.4911405,39.688217],[115.4908132,39.6874983],[115.4918218,39.6868213],[115.4917681,39.6862351],[115.490664,39.68606],[115.4902155,39.6852619],[115.4903948,39.6845012],[115.4899072,39.6844638],[115.4884777,39.6852835],[115.4873565,39.6848952],[115.4865997,39.6840324],[115.4871884,39.6829323],[115.486796,39.6823067],[115.4857028,39.6815949],[115.4851983,39.6808614],[115.4834605,39.6809477],[115.4823953,39.6799986],[115.4827037,39.6791141],[115.4825916,39.6784669],[115.4839089,39.6769137],[115.4837408,39.6766332],[115.4819469,39.6764391],[115.4814792,39.6757239],[115.4816666,39.6741092],[115.4819749,39.6732893],[115.480181,39.6725526],[115.4852879,39.668721],[115.4853415,39.6677383],[115.4769838,39.6624608],[115.4760075,39.6613375],[115.4758084,39.6598225],[115.4732858,39.6577942],[115.4724991,39.6553823],[115.4726601,39.6537137],[115.4718282,39.6529171],[115.4718232,39.6510373],[115.4722738,39.6498312],[115.4721773,39.6490134],[115.473336,39.6496165],[115.4781961,39.6501782],[115.4802883,39.6485673],[115.4871654,39.6476421],[115.4882598,39.6478404],[115.4888284,39.6502856],[115.49072,39.6514065],[115.4945362,39.6512108],[115.4988442,39.6507612],[115.5005884,39.6509444],[115.5035613,39.6485332],[115.5053848,39.6431918],[115.5067325,39.6431002],[115.5080802,39.6421234],[115.5095469,39.6415435],[115.5101019,39.6398951],[115.5164073,39.6389388],[115.5149498,39.637212],[115.5161271,39.6349671],[115.5143892,39.6319881],[115.5147,39.6307675],[115.5144622,39.6297906],[115.5157907,39.6283614],[115.5145018,39.6272566],[115.5157346,39.6262458],[115.5155104,39.6214961],[115.5174725,39.6190779],[115.513212,39.6169188],[115.508447,39.6124276],[115.5068213,39.6096636],[115.5060365,39.6037034],[115.5079425,39.5995137],[115.5081667,39.5969652],[115.509344,39.5934662],[115.5081667,39.5906583],[115.5094,39.5900967],[115.5108015,39.5902695],[115.5130999,39.5916519],[115.5127075,39.593423],[115.5116984,39.5951941],[115.5135484,39.5967924],[115.5175846,39.5971812],[115.5215087,39.6002912],[115.5244798,39.6017597],[115.5241995,39.6036602],[115.5252646,39.6059061],[115.5277873,39.6075042],[115.5271706,39.6099227],[115.5278342,39.6119621],[115.5293008,39.6122369],[115.5329545,39.6150269],[115.5367945,39.616344],[115.5397095,39.6176611],[115.5436897,39.6142496],[115.5456518,39.6130188],[115.54781,39.610406],[115.5484827,39.6080306],[115.5504168,39.6067565],[115.5519864,39.6064758],[115.5549855,39.6067781],[115.5566673,39.6063678],[115.5583949,39.6048885],[115.5594142,39.6015952],[115.560171,39.6014872],[115.560199,39.6003858],[115.561585,39.5981292],[115.5637587,39.5969518],[115.567823,39.5954831],[115.5683836,39.5948352],[115.5663935,39.5927617],[115.5663094,39.5916817],[115.5656927,39.5904505],[115.5681313,39.5901265],[115.5717191,39.5888089],[115.5746902,39.5882689],[115.5772969,39.5891113],[115.5799316,39.5882257],[115.5809127,39.5885497],[115.5819498,39.5920921],[115.586042,39.5952671],[115.5927971,39.5964766],[115.5924888,39.5978589],[115.5933297,39.5984636],[115.5939463,39.5999322],[115.5963568,39.5999106],[115.5985992,39.5989388],[115.6011218,39.5987228],[115.6066716,39.599889],[115.609895,39.6016168],[115.6121093,39.6022647],[115.6123336,39.6028046],[115.6132305,39.6022863],[115.6153047,39.6021783],[115.6177432,39.5998242],[115.6195651,39.5988956],[115.6196773,39.598334],[115.6262922,39.596455],[115.6283383,39.5970166],[115.6274694,39.5987749],[115.6289269,39.5994787],[115.6289757,39.6003632],[115.627846,39.6017528],[115.6283415,39.6024858],[115.6320279,39.6031119],[115.6336135,39.6022262],[115.6357144,39.6021346],[115.6361306,39.6004395],[115.6372802,39.5987749],[115.6373396,39.5977975],[115.6402531,39.5972936],[115.6403721,39.5978739],[115.6424135,39.5977059],[115.6441378,39.5997676],[115.6477054,39.5995996],[115.6478441,39.5985153],[115.6515702,39.5990193],[115.6516891,39.6001952],[115.6544639,39.6023637],[115.6585666,39.6035242],[115.6593792,39.6041809],[115.6615395,39.6086702],[115.6609648,39.6098613],[115.6608657,39.6107927],[115.6613612,39.6121211],[115.6607071,39.6126097],[115.6602513,39.614106],[115.6615412,39.614648],[115.663693,39.610497],[115.6648494,39.6090062],[115.6683773,39.606731],[115.6793971,39.6024706],[115.6820728,39.6000425],[115.6833021,39.5975078],[115.6833611,39.5953387],[115.6829845,39.5928493],[115.683262,39.5915663],[115.6867899,39.5883131],[115.6882367,39.5864954],[115.6889899,39.5832419],[115.6882295,39.5815059],[115.6873773,39.5792146],[115.6888112,39.5788039],[115.6888461,39.5785186],[115.6891787,39.5783574],[115.6891787,39.5781692],[115.6885993,39.5779708],[115.688476,39.5776565],[115.6892055,39.5779046],[115.691185,39.5779439],[115.6912011,39.5781444],[115.6918207,39.5781899],[115.6919655,39.5768937],[115.6924483,39.5768523],[115.6924,39.5766745],[115.6919172,39.5767035],[115.6919199,39.5765629],[115.690957,39.5765732],[115.6909624,39.5764285],[115.6924081,39.5763789],[115.6924215,39.5757504],[115.6934005,39.5758786],[115.6933773,39.5756057],[115.6932127,39.5736706],[115.6924993,39.573685],[115.6924939,39.5692957],[115.6929606,39.568907],[115.693143,39.5687002],[115.6905708,39.5700193],[115.6894255,39.5693991],[115.6889044,39.5690758],[115.6887388,39.5689731],[115.6881863,39.5686216],[115.6883177,39.5683012],[115.6890151,39.5678422],[115.6886771,39.5662604],[115.6881648,39.5663679],[115.6861317,39.5647965],[115.6891809,39.5628521],[115.6927682,39.5621034],[115.6991304,39.5620423],[115.6987141,39.560881],[115.7024204,39.5601628],[115.7026583,39.5611255],[115.7038673,39.5610338],[115.704224,39.5618895],[115.7059087,39.5609116],[115.7092014,39.5602432],[115.7094106,39.5592403],[115.7106847,39.5592754],[115.7103923,39.5600798],[115.7122189,39.5599082],[115.7119426,39.5591741],[115.7109234,39.5592692],[115.7110655,39.5588515],[115.712935,39.5560908],[115.7134125,39.554639],[115.7140937,39.5535864],[115.7132024,39.5533323],[115.7125568,39.5535657],[115.7123744,39.5527902],[115.7167105,39.5511622],[115.7158979,39.5503064],[115.7147285,39.5504593],[115.7146294,39.5501383],[115.7150852,39.5499855],[115.7146294,39.5492825],[115.7151427,39.5488711],[115.7145481,39.547893],[115.7147589,39.5457894],[115.7151264,39.545777],[115.715636,39.5436052],[115.7164568,39.5435783],[115.7165185,39.5431833],[115.7149386,39.5429495],[115.7150003,39.5427262],[115.7165292,39.5429102],[115.7165426,39.5427365],[115.71518,39.5424676],[115.715408,39.5422877],[115.7169342,39.5425979],[115.7168779,39.5428523],[115.7167652,39.5436652],[115.717425,39.5436652],[115.7174814,39.5434935],[115.7194635,39.5435473],[115.7194743,39.5431915],[115.7175323,39.5431005],[115.7176048,39.5428585],[115.7187313,39.5428999],[115.7189298,39.5425876],[115.7209499,39.5427272],[115.7208112,39.5447141],[115.7203553,39.5461507],[115.7196616,39.5468537],[115.7180364,39.5471136],[115.7180364,39.5474956],[115.7194832,39.5473886],[115.7207121,39.5469454],[115.721703,39.5460743],[115.7221985,39.5454935],[115.7241805,39.5463494],[115.7255283,39.5455088],[115.7261823,39.5459367],[115.7306814,39.5443626],[115.7309787,39.5453713],[115.7324652,39.545142],[115.7323066,39.5443931],[115.7330994,39.5441791],[115.7330201,39.5433233],[115.7325048,39.5434455],[115.7317517,39.5427883],[115.7308796,39.5428189],[115.7321679,39.5419783],[115.7328021,39.5407555],[115.7331985,39.5390742],[115.7325841,39.5391201],[115.7329607,39.53831],[115.7322868,39.5387991],[115.7315535,39.5387074],[115.7318111,39.5384934],[115.7327426,39.5381266],[115.7330598,39.537668],[115.7326435,39.5375304],[115.7333769,39.5371636],[115.7354579,39.5351001],[115.735894,39.5350848],[115.73633,39.5336785],[115.7360525,39.5335868],[115.7364093,39.5322416],[115.7367718,39.5311174],[115.7365519,39.5310553],[115.7373941,39.5284777],[115.7378018,39.5253909],[115.7381827,39.5242489],[115.7389873,39.5229372],[115.7398381,39.5222589],[115.7394219,39.5220754],[115.7406904,39.5208371],[115.7413444,39.5208218],[115.7425534,39.5196139],[115.7423354,39.5194916],[115.7430687,39.5187272],[115.7436039,39.5177028],[115.7428111,39.5176263],[115.7440399,39.5162044],[115.7450111,39.5163114],[115.7458435,39.5155928],[115.7452885,39.5153635],[115.7464183,39.5142473],[115.7459503,39.5122108],[115.7466102,39.5119873],[115.7461864,39.5114575],[115.7459772,39.5104891],[115.7462829,39.5105222],[115.7464975,39.5113251],[115.7477099,39.5107912],[115.7479888,39.5110644],[115.7480478,39.5116562],[115.7489222,39.5122232],[115.7493085,39.5137627],[115.7489008,39.5137669],[115.7487452,39.5142511],[115.7517171,39.5145118],[115.7514381,39.5150084],[115.7522535,39.5141931],[115.7527149,39.5132413],[115.7532245,39.5134979],[115.7533264,39.5127488],[115.7540721,39.5133323],[115.7559603,39.5139283],[115.7591623,39.513758],[115.7601335,39.5106387],[115.7611443,39.5097671],[115.762596,39.5076748],[115.7627159,39.5078659],[115.7629154,39.5084688],[115.7633919,39.508458],[115.7647233,39.5097664],[115.7623775,39.5119449],[115.7621507,39.5127245],[115.7626663,39.5132177],[115.7616351,39.5138382],[115.7613258,39.5146973],[115.7632437,39.5140609],[115.7654091,39.5138859],[115.7681519,39.5125177],[115.7704616,39.5115631],[115.7718434,39.5126131],[115.7757823,39.5111176],[115.7786695,39.5092083],[115.7805874,39.5089219],[115.7863617,39.5095583],[115.7891664,39.5093197],[115.799849,39.5088901],[115.7996428,39.5071398],[115.8017669,39.5066307],[115.8023856,39.5085082],[115.800179,39.5090333],[115.7988591,39.5103061],[115.8036436,39.5096856],[115.806902,39.5086673],[115.8106759,39.5084127],[115.8146767,39.50854],[115.8170896,39.5077286],[115.8201417,39.5069648],[115.8225752,39.5058351],[115.8241425,39.5082377],[115.8235445,39.5085082],[115.8235239,39.5088742],[115.8217503,39.5090333],[115.8216266,39.5104016],[115.823297,39.5102425],[115.823462,39.5116903],[115.8202655,39.5130268],[115.8175227,39.5108948],[115.8180481,39.5126619],[115.8161759,39.5130054],[115.8149582,39.5159851],[115.8166359,39.5160973],[115.8166153,39.5162246],[115.8147592,39.5161769],[115.8136456,39.5174019],[115.8183269,39.5175769],[115.8181001,39.5212518],[115.8152103,39.5213564],[115.815205,39.5217206],[115.8136332,39.5217413],[115.8136332,39.5220309],[115.8151835,39.5220061],[115.8149528,39.5238641],[115.8133274,39.5238558],[115.8130485,39.5250185],[115.8128822,39.5289411],[115.8127749,39.5297479],[115.8168304,39.5295079],[115.8169699,39.5310512],[115.8180159,39.5314981],[115.8182251,39.533153],[115.8191478,39.5331571],[115.8191425,39.5334592],[115.8202904,39.5334964],[115.8203119,39.534237],[115.8223071,39.5342793],[115.8221412,39.5399503],[115.8242494,39.5403268],[115.8361798,39.5405254],[115.8363924,39.5412772],[115.8373493,39.5413776],[115.8373439,39.5424904],[115.8383202,39.5421842],[115.8400691,39.5422297],[115.841555,39.5493364],[115.8407664,39.5500934],[115.8410078,39.5503333],[115.8426493,39.5494688],[115.845353,39.5494274],[115.8454227,39.5508296],[115.8470052,39.5508172],[115.8468894,39.552536],[115.8495426,39.5528564],[115.8495265,39.5540476],[115.8559745,39.5476115],[115.8599979,39.5487325],[115.8599818,39.5466146],[115.8603841,39.5466146],[115.8603412,39.5453281],[115.8664191,39.5450924],[115.8663869,39.5468049],[115.8673471,39.546838],[115.8674759,39.5478638],[115.8716977,39.5476612],[115.8716923,39.5472475],[115.8770299,39.547111],[115.8777058,39.5501264],[115.8818257,39.5497335],[115.8826035,39.551417],[115.8828074,39.5530218],[115.8816916,39.5531004],[115.8818203,39.5542172],[115.8829093,39.5541799],[115.8829147,39.5545729],[115.8812356,39.5547052],[115.8812785,39.5552346],[115.885731,39.5548376],[115.8859134,39.5554249],[115.8871794,39.5552843],[115.887512,39.5608553],[115.8872223,39.5608842],[115.8873349,39.5614632],[115.8861387,39.5617155],[115.8865088,39.5636799],[115.8847868,39.5629313],[115.8841056,39.566798],[115.8844703,39.5675175],[115.8860958,39.5682371],[115.886187,39.5676871],[115.8901244,39.5688987],[115.8934879,39.5677822],[115.8939546,39.5688739],[115.8947378,39.5686671],[115.8951563,39.5690972],[115.8952475,39.5686258],[115.8949256,39.5679476],[115.8956927,39.5679269],[115.8966207,39.5677532],[115.8963096,39.5663927],[115.897184,39.5662687],[115.8973181,39.5668931],[115.8995819,39.5664961],[115.8994585,39.5662439],[115.9017545,39.565822],[115.9021729,39.5670006],[115.9003705,39.567348],[115.900408,39.5675051],[115.9011108,39.5674472],[115.9012556,39.5679063],[115.9024519,39.5677491],[115.9025055,39.5680014],[115.904088,39.5676623],[115.9042275,39.5680551],[115.905515,39.5679187],[115.9058315,39.568448],[115.9049839,39.5685017],[115.9069258,39.5718843],[115.9048605,39.5722564],[115.9059119,39.5731537],[115.908798,39.5805466],[115.9079128,39.5806996],[115.9097743,39.5818738],[115.9028488,39.5829735],[115.9033048,39.5860329],[115.903734,39.5871987],[115.9009016,39.5890301],[115.9019798,39.5914278],[115.9020817,39.5925315],[115.9015238,39.5930689],[115.9014273,39.5936601],[115.9018886,39.5937138],[115.9020281,39.5942925],[115.903396,39.594185],[115.9037889,39.5970943],[115.9041631,39.5998645],[115.9060138,39.5983476],[115.907017,39.5981368],[115.9102517,39.5982856],[115.9102195,39.5972481],[115.9117752,39.5969215],[115.9129929,39.596905],[115.9142429,39.5965743],[115.9178853,39.5962767],[115.9171182,39.5950035],[115.9175152,39.5938874],[115.9183091,39.5928292],[115.923416,39.5927424],[115.9233946,39.5923579],[115.9243548,39.5923331],[115.9241402,39.5889516],[115.9267688,39.5887986],[115.9265059,39.5862934],[115.9283191,39.5870706],[115.9282011,39.5846645],[115.9289306,39.5845942],[115.9286195,39.5815348],[115.9290969,39.5814893],[115.9290272,39.5807244],[115.9322351,39.580621],[115.9320259,39.5764409],[115.9374145,39.5762941],[115.9371918,39.573501],[115.9395629,39.573439],[115.9420788,39.5718677],[115.9430937,39.5720346],[115.9428874,39.5680922],[115.9441818,39.568124],[115.9441363,39.5652974],[115.9489324,39.5650399],[115.9487939,39.562858],[115.9510937,39.5627343],[115.9511019,39.5598265],[115.9536615,39.5597977],[115.9538587,39.5623689],[115.9574471,39.5624484],[115.957344,39.5642608],[115.9606436,39.5636725],[115.9606642,39.5633705],[115.9615922,39.5634023],[115.9615097,39.5680286],[115.962479,39.5680922],[115.9629739,39.5697773],[115.9652631,39.5698091],[115.9654899,39.5692527],[115.9684596,39.5696978],[115.9688102,39.5683624],[115.9700888,39.5688393],[115.9696557,39.5716531],[115.9720067,39.5716213],[115.9721304,39.5709854],[115.9732543,39.5711634],[115.9716502,39.5726022],[115.9703378,39.5746929],[115.9702795,39.576244],[115.9716211,39.5779974],[115.9720586,39.5811893],[115.9712128,39.5812792],[115.9711544,39.589708],[115.9721752,39.5896855],[115.9724669,39.5944726],[115.973721,39.5946973],[115.9748292,39.5933039],[115.9774541,39.5931466],[115.9779207,39.5936411],[115.9802831,39.5936186],[115.9811829,39.5923386],[115.9819459,39.5926564],[115.9828327,39.5927041],[115.9835339,39.5923863],[115.9850806,39.5925452],[115.9848537,39.5885245],[115.9859055,39.5884291],[115.9846399,39.5849369],[115.9857469,39.5847914],[115.9873171,39.5823069],[115.9907504,39.581953],[115.9892182,39.5758681],[115.9891904,39.5757576],[115.9927416,39.5765101],[115.9936307,39.5769235],[115.9981891,39.57641],[115.9981484,39.5758779],[116.0016331,39.5756038],[116.0034985,39.5773711],[116.0042151,39.581688],[116.0048145,39.581857],[116.0074955,39.5816186],[116.0082379,39.5829696],[116.0073497,39.5831866],[116.007933,39.5866481],[116.0097256,39.5868279],[116.0108647,39.5863484],[116.0129046,39.5855243],[116.0136045,39.5853669],[116.0139253,39.5845802],[116.0158502,39.5846027],[116.0180084,39.5856366],[116.0199625,39.5860412],[116.0199377,39.5845322],[116.0204416,39.5844285],[116.0184691,39.5774869],[116.019789,39.57701],[116.0185104,39.5740534],[116.0198715,39.573513],[116.0220162,39.5735448],[116.0224699,39.5742442],[116.0244497,39.5740216],[116.024308,39.5735432],[116.0265532,39.573195],[116.0264295,39.570906],[116.0311727,39.5701429],[116.03307,39.570588],[116.0926696,39.5735448],[116.0926284,39.5745303],[116.0932471,39.5744667],[116.0933708,39.575802],[116.0956805,39.5746575],[116.0951031,39.5784724],[116.0994514,39.5752162],[116.0998305,39.5743844],[116.0998597,39.5733503],[116.0994514,39.5707425],[116.0997139,39.569506],[116.1055469,39.5695285],[116.1057218,39.5691014],[116.1076176,39.5691688],[116.1077051,39.5698658],[116.1079384,39.5702255],[116.1095425,39.5710798],[116.1103007,39.5726534],[116.1113215,39.5730806],[116.1131297,39.5732829],[116.114063,39.5734627],[116.1151713,39.5735751],[116.1152588,39.5692138],[116.1211792,39.5687192],[116.1210918,39.5681346],[116.1239791,39.5679998],[116.1241249,39.5663136],[116.1270997,39.5672353],[116.1273039,39.5675051],[116.1301329,39.5673478],[116.1316786,39.5675501],[116.1324077,39.5677524],[116.1326119,39.5698208],[116.1332535,39.5703379],[116.1345368,39.5700906],[116.1365783,39.5693487],[116.1380074,39.5700906],[116.1387074,39.57081],[116.1396115,39.5742271],[116.1407489,39.5740922],[116.1405739,39.5707875],[116.1417697,39.5706526],[116.142003,39.5719565],[116.1434612,39.5718891],[116.1434321,39.5758681],[116.1449486,39.5759356],[116.1449486,39.577689],[116.1457069,39.5777114],[116.1456486,39.5822296],[116.1479818,39.584837],[116.1496442,39.5842975],[116.1486818,39.5830838],[116.1489734,39.5825218],[116.1542231,39.5829938],[116.1543981,39.5819149],[116.1593269,39.5823645],[116.1596478,39.5826567],[116.1658599,39.5839154],[116.1663557,39.5847021],[116.1706429,39.584837],[116.1709637,39.5888377],[116.1744137,39.5890041],[116.1744962,39.5894332],[116.1787445,39.5897034],[116.1785795,39.5884797],[116.1817967,39.5887339],[116.1845601,39.5882254],[116.1843539,39.5861593],[116.1877979,39.5860163],[116.1878597,39.5880029],[116.1905613,39.5878122],[116.1901489,39.5849355],[116.1922524,39.5848719],[116.1927267,39.5879393],[116.1935722,39.587987],[116.1931437,39.5852303],[116.1939311,39.5850955],[116.1943394,39.5878713],[116.1947271,39.587844],[116.1942665,39.5852528],[116.1949665,39.5852078],[116.1953164,39.5877139],[116.1956956,39.5877027],[116.1953164,39.5851741],[116.1954914,39.5851854],[116.1959438,39.5877248],[116.1978449,39.5876375],[116.1969452,39.5826686],[116.2001781,39.5820632],[116.2000659,39.5800387],[116.201403,39.5799278],[116.2020155,39.576466],[116.206011,39.5763986],[116.2130106,39.5777474],[116.2149609,39.5777523],[116.2149093,39.5775457],[116.2150489,39.5775257],[116.2154673,39.5763592],[116.2177017,39.5724913],[116.2187456,39.5685526],[116.2198663,39.5666651],[116.2214377,39.5649807],[116.2232874,39.5642748],[116.2258795,39.5653662],[116.2302284,39.5671973],[116.2305031,39.5665902],[116.2304665,39.5658137],[116.2300636,39.5650654],[116.2290747,39.5641054],[116.2284153,39.5631171],[116.2284337,39.5626935],[116.2344223,39.562863],[116.2349351,39.5608581],[116.2363636,39.5592767],[116.2367299,39.5571023],[116.2389093,39.5572152],[116.2389662,39.5571497],[116.2390214,39.5570862],[116.2400264,39.5559303],[116.2394221,39.5539676],[116.2379569,39.5535863],[116.2380302,39.5531203],[116.2362171,39.5518071],[116.2394404,39.5492511],[116.2374808,39.5479378],[116.2389276,39.5459608],[116.2379203,39.5451134],[116.2384697,39.5444638],[116.2402828,39.5386027],[116.2401363,39.5363429],[116.2395869,39.5345915],[116.2395469,39.5344929],[116.2391107,39.5334191],[116.2386163,39.5329248],[116.2401729,39.5327553],[116.2398933,39.5314516],[116.2397098,39.5305961],[116.2393488,39.5289132],[116.2414366,39.5293087],[116.2420593,39.5290544],[116.2421325,39.5285459],[116.2414732,39.5272181],[116.2401913,39.5264129],[116.2400081,39.5261162],[116.2405575,39.5252969],[116.2402828,39.5242374],[116.2373343,39.5230649],[116.2372427,39.5221608],[116.2376822,39.5217087],[116.2376822,39.521299],[116.2377738,39.5204373],[116.2405575,39.5188409],[116.2405032,39.5183739],[116.2400079,39.5178059],[116.2386422,39.5161514],[116.2388477,39.5158838],[116.2392893,39.5152379],[116.2392325,39.5143615],[116.239668,39.5136019],[116.2412963,39.5122727],[116.2427732,39.5113086],[116.2449316,39.5105782],[116.2454618,39.5099355],[116.2476013,39.5088837],[116.2490213,39.50716],[116.2508579,39.5042529],[116.251388,39.5017401],[116.2517478,39.4993149],[116.2533382,39.4988474],[116.2560592,39.4981087],[116.259433,39.4958152],[116.2630478,39.4943482],[116.2693671,39.4940175],[116.2713218,39.4927158],[116.273089,39.4901534],[116.2761415,39.4897815],[116.2771858,39.493377],[116.2790334,39.493005],[116.2787389,39.4920339],[116.2796493,39.4912486],[116.2863166,39.4905254],[116.2866915,39.4909593],[116.293332,39.4894302],[116.2935864,39.4890582],[116.2963565,39.48843],[116.2964488,39.4884343],[116.2969813,39.4884592],[116.2989126,39.4879624],[116.2993481,39.4883716],[116.3003705,39.4876117],[116.30109,39.4865304],[116.3013172,39.4853029],[116.3006924,39.4838124],[116.3019024,39.4828286],[116.3021124,39.4826579],[116.3022639,39.4822488],[116.3043845,39.481182],[116.306524,39.4793698],[116.3074139,39.4767539],[116.307944,39.4754824],[116.3085499,39.4749562],[116.3104812,39.4741085],[116.3136999,39.4723693],[116.3137188,39.4713754],[116.3135674,39.4685545],[116.3138893,39.4672098],[116.3144383,39.4666544],[116.3154797,39.4660989],[116.3189446,39.4649588],[116.319399,39.4640964],[116.3190203,39.463307],[116.3190014,39.4625762],[116.3193611,39.4617137],[116.3222012,39.4593017],[116.3266507,39.4566704],[116.3294339,39.4553547],[116.3316871,39.4544921],[116.3337319,39.4543605],[116.3353413,39.4538489],[116.3364773,39.4540389],[116.3383518,39.454536],[116.3388062,39.4541559],[116.3392227,39.4523723],[116.3441455,39.4517144],[116.3449786,39.4543313],[116.3557709,39.453688],[116.3565661,39.4545214],[116.3568501,39.4544629],[116.3567933,39.4519337],[116.3610724,39.4516413],[116.3616025,39.4504571],[116.3653893,39.4508372],[116.3673394,39.4508664],[116.3724895,39.4500477],[116.3762194,39.4496676],[116.3785293,39.4498138],[116.3805931,39.4493751],[116.3816345,39.4493313],[116.3823918,39.4495214],[116.3842284,39.451305],[116.3856485,39.4517144],[116.389795,39.4508226],[116.3934113,39.4488196],[116.3994891,39.4488781],[116.4027646,39.4490681],[116.4049988,39.4480447],[116.407536,39.4473429],[116.4093915,39.4471528],[116.4133297,39.4470651],[116.4143521,39.4465972],[116.4153746,39.4462317],[116.4184608,39.4459685],[116.4224937,39.4442286],[116.4244628,39.4427664],[116.4255988,39.4422254],[116.4271135,39.4419037],[116.428136,39.4416113],[116.429272,39.4433366],[116.4308814,39.4447257],[116.4340623,39.4449889],[116.4340882,39.4445104],[116.4352952,39.4445228],[116.4353274,39.4449785],[116.4383851,39.4452892],[116.4382252,39.4466233],[116.4419248,39.4473186],[116.4420088,39.4469358],[116.444117,39.4473169],[116.4440848,39.4479052],[116.4441545,39.4487626],[116.4446456,39.4493441],[116.4444107,39.4514148],[116.4462011,39.4519625],[116.4465122,39.4525424],[116.4487489,39.4519777],[116.4501538,39.4550185],[116.4500147,39.4580905],[116.4473301,39.4565188],[116.443138,39.4623586],[116.4424986,39.4634452],[116.4420131,39.4693611],[116.4427856,39.4693528],[116.4425093,39.4750239],[116.4404547,39.4778665],[116.4396796,39.4778271],[116.4396876,39.4775994],[116.4377591,39.4775746],[116.4377698,39.4771708],[116.4397466,39.4772247],[116.4397949,39.4766822],[116.437574,39.4766181],[116.4377645,39.4794627],[116.4381427,39.4810319],[116.4333388,39.480682],[116.4332101,39.4821312],[116.4297312,39.4816985],[116.4299726,39.4808787],[116.4290178,39.4807296],[116.429345,39.4797235],[116.4281273,39.479562],[116.4285108,39.4780652],[116.4270893,39.477767],[116.4273173,39.4768664],[116.4229453,39.4761419],[116.4232027,39.474556],[116.4222211,39.4744607],[116.4220548,39.475997],[116.4215451,39.4759597],[116.421183,39.4774731],[116.419571,39.4773716],[116.4191741,39.4800713],[116.4205742,39.480357],[116.4208639,39.4794006],[116.4236802,39.4799844],[116.4209121,39.4861493],[116.4206962,39.4867672],[116.4196663,39.4862249],[116.4151377,39.4827674],[116.4083979,39.4812802],[116.4062664,39.4805003],[116.4058512,39.4815259],[116.4054572,39.4837563],[116.4061332,39.4839053],[116.4059615,39.4847748],[116.4078498,39.4852799],[116.4073133,39.487027],[116.4096415,39.4869525],[116.4108202,39.4905419],[116.4112492,39.4939065],[116.4118624,39.4948514],[116.412769,39.4953936],[116.415478,39.4952819],[116.4167976,39.495286],[116.4163148,39.4963582],[116.4156121,39.4981423],[116.4146036,39.4998891],[116.4135871,39.5023209],[116.4131069,39.5036102],[116.4128226,39.5043097],[116.4125705,39.5050134],[116.4086759,39.5044008],[116.407603,39.5066069],[116.4024639,39.5066897],[116.4020858,39.5089888],[116.4011094,39.5089681],[116.4008171,39.5096489],[116.4009098,39.5100118],[116.4011658,39.5101828],[116.4011067,39.5107043],[116.3990254,39.5107912],[116.3989824,39.5123183],[116.3970056,39.5127715],[116.3963619,39.5130736],[116.39626,39.5154201],[116.3962895,39.517152],[116.3966543,39.5187163],[116.3968233,39.5208578],[116.3963861,39.5255937],[116.3953507,39.5255895],[116.3952139,39.5267068],[116.3980276,39.527046],[116.3980919,39.5268639],[116.3987893,39.5269219],[116.3989798,39.5258481],[116.4004469,39.5259081],[116.4006405,39.525202],[116.3984677,39.5251492],[116.3985166,39.524583],[116.4007755,39.5245561],[116.4010008,39.524072],[116.4050657,39.5241413],[116.4051032,39.5233013],[116.4082382,39.5234633],[116.4103298,39.5235714],[116.4153331,39.5238682],[116.4155692,39.5228875],[116.415989,39.5213326],[116.4179134,39.5213813],[116.4180475,39.5201895],[116.4174896,39.5200281],[116.4177793,39.5169824],[116.4188844,39.5169286],[116.4189541,39.5155009],[116.4185371,39.5151336],[116.4170176,39.5149505],[116.4175983,39.5115103],[116.4178169,39.5111968],[116.4184552,39.5083949],[116.4210623,39.5083949],[116.4253834,39.5092826],[116.4267755,39.5060067],[116.4377001,39.508368],[116.436528,39.5120618],[116.4368391,39.5122107],[116.4368216,39.5123581],[116.4365087,39.514994],[116.4342427,39.5149091],[116.4330947,39.5183025],[116.4347792,39.5186915],[116.4335453,39.5220351],[116.4318234,39.5216585],[116.4305359,39.5250268],[116.4349615,39.5259826],[116.4475357,39.5251633],[116.4476093,39.5273686],[116.4533119,39.5271444],[116.4537272,39.525543],[116.4583917,39.5264719],[116.4583501,39.5304006],[116.4616305,39.5305073],[116.461672,39.5324716],[116.4626132,39.5326531],[116.4625579,39.5331441],[116.4660752,39.5333805],[116.4659572,39.5340342],[116.4670569,39.5342162],[116.4670247,39.5348368],[116.4684409,39.5345969],[116.469336,39.5340936],[116.470515,39.5345437],[116.4709741,39.533702],[116.4715415,39.5338543],[116.4717481,39.5342266],[116.4708683,39.5359188],[116.4703533,39.537164],[116.4730516,39.5375984],[116.4717829,39.5420684],[116.470541,39.5419245],[116.4704427,39.542895],[116.4703398,39.5428959],[116.4698946,39.5428999],[116.4698625,39.5443684],[116.4685488,39.5444077],[116.4687292,39.5464068],[116.46909,39.546445],[116.469149,39.5466084],[116.4696131,39.5466105],[116.469612,39.5470687],[116.4691383,39.5482733],[116.4668584,39.5481513],[116.4668342,39.5496694],[116.4655358,39.5496593],[116.464541,39.5534396],[116.4666155,39.5531705],[116.4669061,39.5518258],[116.4757645,39.5523168],[116.4761361,39.5506497],[116.4766055,39.5506993],[116.4766216,39.5509578],[116.4769381,39.5509951],[116.4770186,39.5512887],[116.4792824,39.5514666],[116.4795935,39.5511522],[116.4835017,39.5522741],[116.4835848,39.5489763],[116.4844483,39.5493571],[116.4872389,39.5493712],[116.4873283,39.5484524],[116.4893407,39.5485381],[116.4893085,39.5495143],[116.4933532,39.5497418],[116.4968669,39.5494191],[116.4969581,39.5487159],[116.4988464,39.5488814],[116.5004182,39.5491854],[116.5026042,39.5498679],[116.5015447,39.5550692],[116.5027678,39.5551643],[116.5019846,39.5590273],[116.5047204,39.5593912],[116.5042752,39.5617444],[116.5061098,39.562005],[116.5056109,39.5642754],[116.5134886,39.5653837],[116.5123111,39.5683529],[116.5149397,39.5689153],[116.5143067,39.5708464],[116.5186572,39.5716279],[116.5210497,39.5715038],[116.5215325,39.5723681],[116.5212296,39.5734343],[116.520296,39.5761329],[116.5144891,39.5759861],[116.5138453,39.5806583],[116.5161788,39.5809642],[116.5161198,39.5818407],[116.5171015,39.5819234],[116.516785,39.5838459],[116.5165275,39.5850655],[116.516152,39.5850531],[116.5154278,39.5890859],[116.5171122,39.5887986],[116.5163475,39.5919273],[116.5192861,39.5925588],[116.5185821,39.5955988],[116.521436,39.596039],[116.5214588,39.5959336],[116.5223707,39.5960969],[116.5219483,39.5980265],[116.5230836,39.597838],[116.5248159,39.5977927],[116.5248987,39.5955864],[116.5253359,39.5959336],[116.5267843,39.5960183],[116.5268245,39.5953797],[116.5286766,39.5953872],[116.5287458,39.5951525],[116.5300123,39.5951579],[116.5300925,39.5936062],[116.534726,39.5933666],[116.5360236,39.5925201],[116.5354364,39.5964569],[116.5366695,39.5959818],[116.5361998,39.5991492],[116.5353972,39.5990663],[116.535084,39.6004614],[116.5376581,39.600846],[116.53711,39.6024145],[116.538353,39.6026181],[116.5394687,39.6000994],[116.5397232,39.5993076],[116.5396644,39.598561],[116.5393219,39.5983423],[116.5379517,39.5982744],[116.5383627,39.5955897],[116.5386466,39.5952654],[116.5400168,39.5948053],[116.5402712,39.5950617],[116.5436772,39.5952126],[116.5437457,39.5958838],[116.54493,39.5959743],[116.5464666,39.5969999],[116.5481598,39.5971281],[116.5477193,39.5985384],[116.5518104,39.5988099],[116.5514678,39.6005821],[116.5565083,39.6008385],[116.5559308,39.6021506],[116.5608048,39.6034325],[116.5601882,39.6042017],[116.5612257,39.6043601],[116.560521,39.6069088],[116.562087,39.607331],[116.5619108,39.608251],[116.5612453,39.6080851],[116.5603448,39.6101511],[116.5617151,39.6105356],[116.561901,39.6102265],[116.5638682,39.6107995],[116.5635942,39.6113424],[116.5630559,39.6113952],[116.5633691,39.6132726],[116.5622631,39.6131218],[116.5621555,39.6146976],[116.5602176,39.6151726],[116.5601687,39.6188066],[116.5630755,39.6187236],[116.5633104,39.619372],[116.5736163,39.618701],[116.5734206,39.6225459],[116.5767874,39.6226665],[116.5770238,39.6225223],[116.5797921,39.6227248],[116.5798198,39.6224583],[116.5771276,39.6221598],[116.5773629,39.6219572],[116.5774529,39.6215947],[116.5795083,39.6217919],[116.5794945,39.6214295],[116.5813008,39.6214295],[116.5813354,39.6210616],[116.5827812,39.6209853],[116.5833301,39.6188986],[116.5837522,39.6184935],[116.5853024,39.6200234],[116.5862575,39.6203326],[116.5867004,39.6185041],[116.5871364,39.6185574],[116.5867073,39.6204606],[116.586998,39.6206312],[116.5878163,39.6176555],[116.5892394,39.6178429],[116.5894155,39.617089],[116.5910304,39.6174132],[116.5906096,39.618054],[116.5943287,39.6187401],[116.593673,39.6216727],[116.5951411,39.6218913],[116.5963503,39.6217643],[116.5962396,39.6227452],[116.5964196,39.6235608],[116.6021305,39.6237679],[116.6021002,39.6222448],[116.6023645,39.6222297],[116.6019925,39.6187241],[116.6049091,39.6179325],[116.6060746,39.6179379],[116.6071986,39.6139189],[116.6074937,39.6128638],[116.6096176,39.6129543],[116.6098427,39.6132107],[116.6110171,39.6131503],[116.6111835,39.6063416],[116.6141181,39.6063485],[116.6141573,39.6059865],[116.6145096,39.6059714],[116.6146173,39.6008437],[116.6180819,39.6007532],[116.618033,39.6001574],[116.6193934,39.600082],[116.6193739,39.5996974],[116.622447,39.5994109],[116.6225938,39.5986416],[116.6296798,39.5989584],[116.6296798,39.6012811],[116.6301006,39.6013866],[116.6298853,39.6039128],[116.6326355,39.6039958],[116.6326375,39.6024863],[116.6363665,39.6027351],[116.6362197,39.6037305],[116.6366307,39.6037456],[116.6373158,39.6007896],[116.6398311,39.6011742],[116.6408716,39.5982822],[116.6438336,39.5989648],[116.6429063,39.6027401],[116.6438475,39.6027721],[116.6445672,39.5991248],[116.6459929,39.5994021],[116.6473355,39.5993914],[116.6481659,39.5995194],[116.6483459,39.5986768],[116.6491175,39.5987482],[116.649384,39.5987728],[116.6492355,39.5991622],[116.6516921,39.5995392],[116.6516529,39.6001878],[116.6518682,39.600331],[116.6510559,39.6018543],[116.6521031,39.6020429],[116.6519955,39.6024727],[116.6562725,39.6031665],[116.6563704,39.6041392],[116.6569772,39.6042976],[116.6594827,39.6044786],[116.6643176,39.6039205],[116.6642393,39.6024275],[116.6744767,39.6002707],[116.6745061,39.5987549],[116.6757393,39.5986871],[116.6758176,39.6000445],[116.6766005,39.5998861],[116.6767082,39.5976539],[116.6775695,39.5977746],[116.6775988,39.5981667],[116.6790376,39.5982346],[116.6787831,39.5996146],[116.6827481,39.5987068],[116.6832146,39.5973786],[116.6845474,39.5978536],[116.6850457,39.5984935],[116.6875714,39.6003813],[116.6879866,39.600408],[116.6904017,39.5941064],[116.6931225,39.5941969],[116.6946591,39.5897245],[116.6956378,39.5905315],[116.6966557,39.587771],[116.6973995,39.5878313],[116.6974093,39.5875372],[116.6980749,39.5874391],[116.6987306,39.5871751],[116.6991025,39.5866999],[116.7023911,39.5869749],[116.7045149,39.5871525],[116.7045442,39.5866622],[116.705611,39.5867452],[116.70566,39.5875447],[116.7093693,39.5882386],[116.7092323,39.5889476],[116.7120096,39.5896146],[116.7126872,39.5897773],[116.7134212,39.5888495],[116.7148502,39.5894756],[116.7144293,39.5902147],[116.7169544,39.5908709],[116.716942,39.5914998],[116.7172282,39.5914998],[116.7173641,39.5907664],[116.7179151,39.5908106],[116.717958,39.5914336],[116.7177362,39.5914446],[116.7175645,39.5937768],[116.7181082,39.5937603],[116.7183658,39.5915659],[116.7186663,39.5915659],[116.7187593,39.5911138],[116.719575,39.5911634],[116.7195392,39.5915439],[116.7210572,39.5917814],[116.7207126,39.5939422],[116.7209344,39.5941793],[116.7202924,39.5965064],[116.7198116,39.5965785],[116.7203983,39.5941747],[116.7200978,39.5941471],[116.7198044,39.5950458],[116.7195469,39.5950458],[116.7189673,39.5967384],[116.7186382,39.5967714],[116.7189602,39.595338],[116.7188028,39.5952057],[116.7190389,39.5939817],[116.7187241,39.5939321],[116.7179943,39.5966446],[116.716549,39.5968266],[116.7166134,39.5981056],[116.7151395,39.5984309],[116.7149749,39.59826],[116.7129072,39.59869],[116.7129,39.5988554],[116.7125208,39.5989712],[116.7126282,39.5991862],[116.7150107,39.5986514],[116.7150823,39.5993074],[116.7123062,39.5998091],[116.712299,39.6017386],[116.7114691,39.6022568],[116.7114691,39.6017221],[116.7111113,39.6017386],[116.7110756,39.6020969],[116.7094371,39.6027805],[116.7095087,39.6015512],[116.7079918,39.6016118],[116.7077629,39.6028963],[116.7081063,39.6029293],[116.707813,39.6040043],[116.7035988,39.6065069],[116.7024683,39.6065676],[116.7007226,39.6064187],[116.7001573,39.607185],[116.6988194,39.608089],[116.6965799,39.6091308],[116.6967517,39.6100292],[116.6983042,39.6096875],[116.6979608,39.6114348],[116.6978821,39.6124214],[116.6962365,39.6128955],[116.6950631,39.6162356],[116.6946338,39.6197794],[116.6993274,39.6201542],[116.6999713,39.6176851],[116.7024326,39.6181811],[116.7032911,39.6168584],[116.7040572,39.6167968],[116.7050691,39.6170852],[116.7068499,39.6176854],[116.7076189,39.6183089],[116.7092378,39.6186597],[116.7101181,39.6196028],[116.7101485,39.6202263],[116.7159266,39.6204947],[116.7159695,39.6225228],[116.7194565,39.6228952],[116.7213575,39.6216627],[116.7222591,39.6218205],[116.7234531,39.6218444],[116.7242364,39.62186],[116.7245279,39.6189131],[116.7246052,39.6181318],[116.7268387,39.618116],[116.7274944,39.6161272],[116.7316539,39.6162219],[116.7315515,39.6151486],[116.7319613,39.6142173],[116.7350525,39.6146893],[116.7349076,39.6153422],[116.7380995,39.6155241],[116.737842,39.6178175],[116.738969,39.6182739],[116.7415541,39.617144],[116.7427826,39.6188093],[116.7450517,39.6173878],[116.7477179,39.6171068],[116.7501158,39.6159378],[116.7519804,39.6152117],[116.7566727,39.6126546],[116.757062,39.6121179],[116.758189,39.6112339],[116.7598077,39.6094501],[116.7626149,39.6078557],[116.7641927,39.6064507],[116.7644334,39.6045227],[116.7682293,39.6042879],[116.7688538,39.5980613],[116.7697507,39.5962386],[116.7720043,39.5920527],[116.7757034,39.5920615],[116.7756124,39.5924142],[116.7786418,39.5928804],[116.7783999,39.5935492],[116.7796643,39.5937582],[116.7794323,39.5949952],[116.7842656,39.5953342],[116.7842308,39.5963903],[116.7833349,39.5963283],[116.7832142,39.601431],[116.7867494,39.6011128],[116.7866823,39.6018568],[116.7859769,39.6024334],[116.7855906,39.6040577],[116.7852929,39.6041217],[116.7848477,39.6059506],[116.7856443,39.6063412],[116.7838123,39.6078167],[116.7838579,39.609507],[116.7861298,39.6096888],[116.7873555,39.6103501],[116.7885148,39.610634],[116.7893189,39.6108873],[116.7894101,39.6106848],[116.790542,39.6109948],[116.7908961,39.6107137],[116.7913681,39.6108171],[116.7916578,39.6102839],[116.7945439,39.6112014],[116.7953271,39.6112675],[116.7959601,39.6115031],[116.7949086,39.6121932],[116.7990822,39.6134661],[116.8002516,39.6127842],[116.80273,39.6132719],[116.8054604,39.6144496],[116.8064207,39.614805],[116.8066513,39.6149125],[116.8064529,39.6153546],[116.8082714,39.6157555],[116.8082176,39.6163368],[116.8136619,39.6178707],[116.8144458,39.617801],[116.8179834,39.6161084],[116.8184071,39.6157004],[116.8190324,39.6127222],[116.8236512,39.6141727],[116.8239462,39.6147802],[116.8258238,39.6159456],[116.8294863,39.6159615],[116.8298888,39.6168916],[116.8292744,39.6192904],[116.8285114,39.6192018],[116.8282378,39.6204952],[116.8326151,39.6211398],[116.8282364,39.6252299],[116.825546,39.628281],[116.8204619,39.6320336],[116.8215661,39.6328461],[116.8217354,39.6329707],[116.8232489,39.6340844],[116.8211245,39.6371374],[116.823222,39.639046],[116.8239945,39.6384263],[116.8285757,39.6406984],[116.8276852,39.6427927],[116.8280554,39.6433132],[116.8290746,39.64378],[116.8297881,39.642896],[116.8322289,39.6423672],[116.8326638,39.6424743],[116.8347126,39.6431604],[116.8341976,39.6440609],[116.8347187,39.6443013],[116.8331677,39.6465021],[116.8351424,39.6480367],[116.8374109,39.6489597],[116.8439501,39.6499799],[116.845538,39.6514462],[116.8467182,39.6516114],[116.8464392,39.6536063],[116.8454844,39.65347],[116.8453503,39.6554029],[116.8461549,39.6555351],[116.8458867,39.6571168],[116.8455595,39.6571045],[116.8453932,39.6593594],[116.8450713,39.6594172],[116.8449962,39.6611476],[116.8436551,39.6613293],[116.8439877,39.6634023],[116.8440252,39.6664912],[116.8501192,39.666582],[116.8501407,39.6660411],[116.8546683,39.6662682],[116.8548131,39.667251],[116.8571466,39.6678084],[116.857667,39.6682833],[116.8578762,39.6693198],[116.8652447,39.6698739],[116.8688884,39.6672649],[116.8700535,39.6681617],[116.8672784,39.6703631],[116.872998,39.6722871],[116.8735276,39.6730209],[116.8775314,39.674309],[116.8829757,39.6745862],[116.884056,39.6742438],[116.8852423,39.6730535],[116.8893975,39.6739815],[116.8899071,39.6727552],[116.8918866,39.6732094],[116.8915325,39.6742168],[116.8970206,39.6756786],[116.9006007,39.676559],[116.8991339,39.6809301],[116.9033546,39.681923],[116.9000441,39.6868922],[116.8988212,39.6887048],[116.8970842,39.6886722],[116.8970096,39.6893807],[116.8871283,39.6877212],[116.8864202,39.6888193],[116.8844944,39.6878533],[116.8851757,39.6864539],[116.8839043,39.6863548],[116.8819731,39.6898967],[116.8830621,39.6902187],[116.8875521,39.6921712],[116.8862969,39.6938471],[116.8874234,39.6944662],[116.887477,39.6946726],[116.8858463,39.6967199],[116.8859535,39.6968066],[116.8856049,39.6973391],[116.8858409,39.697434],[116.8856478,39.6981068],[116.8852079,39.6980407],[116.8851006,39.6983379],[116.8850148,39.6983627],[116.8847895,39.6989488],[116.884886,39.6990437],[116.8845588,39.6999022],[116.8828958,39.6992315],[116.881213,39.7002402],[116.880734,39.700835],[116.8823326,39.7016728],[116.8807232,39.7054244],[116.8803906,39.7060724],[116.8800634,39.7082473],[116.8810022,39.7119036],[116.8804067,39.7127372],[116.8809968,39.7129724],[116.8814447,39.7130137],[116.880793,39.7153575],[116.8786797,39.7150672],[116.8767439,39.7175211],[116.8787107,39.7187838],[116.8790189,39.7201256],[116.8794385,39.7219522],[116.8808013,39.7218569],[116.8816066,39.7244416],[116.8862988,39.7244059],[116.8875222,39.7241915],[116.8884204,39.7244178],[116.8938822,39.7250499],[116.8935817,39.7266219],[116.8965858,39.7268983],[116.8963958,39.7283125],[116.9001589,39.7293368],[116.9010261,39.7297536],[116.9055256,39.7304608],[116.9107361,39.7302744],[116.9104295,39.7347376],[116.9070349,39.7346366],[116.9066626,39.7371123],[116.9051582,39.7368572],[116.9047354,39.7399921],[116.9085807,39.7404336],[116.9075977,39.7420151],[116.9068962,39.7431437],[116.906356,39.7429391],[116.9059837,39.7438316],[116.9073634,39.7449599],[116.9059399,39.7469469],[116.9050639,39.7469132],[116.9048668,39.7477383],[116.9038374,39.7476036],[116.9033289,39.7503534],[116.9016874,39.7505514],[116.9022292,39.7526837],[116.901297,39.7527729],[116.9012099,39.7549932],[116.9011125,39.7549806],[116.8955988,39.7542673],[116.8935871,39.7578511],[116.8965445,39.7581607],[116.8959313,39.7625884],[116.9008371,39.7641372],[116.902392,39.7656018],[116.9042623,39.7612409],[116.9076482,39.7603662],[116.9078453,39.7604335],[116.9073629,39.7612574],[116.9094711,39.761843],[116.9080764,39.763513],[116.9084358,39.7637316],[116.9079101,39.7643831],[116.9097876,39.7648614],[116.9149849,39.7680428],[116.9106116,39.7747362],[116.9125318,39.7771166],[116.9154432,39.7794017],[116.9184166,39.7801634],[116.9282657,39.7807822],[116.9337168,39.7802586],[116.935938,39.7787824],[116.9366901,39.7773546],[116.9399239,39.7781428],[116.9398363,39.7762745],[116.9439317,39.7774696],[116.9421578,39.7842691],[116.9450925,39.7852452],[116.9480053,39.7850769],[116.9480272,39.785666],[116.9465817,39.7890486],[116.9448516,39.7905463],[116.9429024,39.7903444],[116.9406599,39.7906037],[116.933507,39.7921786],[116.9325215,39.7920777],[116.9313389,39.7941979],[116.9304031,39.7940043],[116.9298277,39.7951234],[116.9307694,39.7953759],[116.928886,39.8001041],[116.9309228,39.8001546],[116.9309228,39.8004238],[116.9335946,39.8005752],[116.9336603,39.8003228],[116.9369016,39.8005752],[116.9364855,39.8023924],[116.934405,39.8028803],[116.9331347,39.803587],[116.9295868,39.8064303],[116.9254038,39.8091558],[116.9233013,39.8108213],[116.9224253,39.8124027],[116.9223158,39.8132775],[116.9230385,39.8161204],[116.9227622,39.8194133],[116.9220968,39.8233535],[116.9216807,39.8279284],[116.9208266,39.8319313],[116.9199505,39.8344707],[116.9182861,39.8375483],[116.9155053,39.8417409],[116.9115091,39.8458615],[116.9078977,39.8479818],[116.9044787,39.8495289],[116.902758,39.8491117],[116.9029165,39.8478427],[116.8970975,39.8473212],[116.8963503,39.8465911],[116.8960031,39.8434163],[116.8969317,39.8403677],[116.8979884,39.8386712],[116.9001978,39.8363846],[116.9017668,39.8329914],[116.9009023,39.8303357],[116.898949,39.8294997],[116.897316,39.8295488],[116.8914883,39.8316144],[116.8886705,39.8332127],[116.8868773,39.8349339],[116.8857246,39.8375648],[116.8798328,39.8434901],[116.8777195,39.8445718],[116.8724041,39.8440555],[116.87258,39.8411492],[116.8697315,39.8422778],[116.8675214,39.8427391],[116.8678164,39.8414293],[116.8660784,39.8414087],[116.8660462,39.8410174],[116.8640023,39.8415652],[116.8633211,39.8415735],[116.8614703,39.8425743],[116.8610519,39.8424508],[116.8599629,39.8425455],[116.8599159,39.8430578],[116.85966,39.8458502],[116.8536973,39.8468166],[116.8506718,39.8480275],[116.8494594,39.8494278],[116.8491429,39.8536943],[116.8473834,39.854312],[116.8473297,39.8559902],[116.8469649,39.8559963],[116.8463319,39.8579853],[116.8432206,39.8579318],[116.8430757,39.85801],[116.8412787,39.8575365],[116.8380278,39.8597436],[116.8333554,39.8646395],[116.8309376,39.8636224],[116.8262947,39.8686115],[116.823701,39.873158],[116.8211074,39.8765],[116.8178733,39.8780236],[116.8143845,39.8779814],[116.8140578,39.8779774],[116.8138067,39.8779744],[116.811149,39.877655],[116.8099002,39.8802105],[116.8070644,39.8801938],[116.8062587,39.8885373],[116.8022622,39.8885442],[116.8024992,39.8839661],[116.7982619,39.8838391],[116.7983281,39.8768786],[116.7943556,39.8777169],[116.7923031,39.8791142],[116.7898866,39.8796476],[116.7873706,39.8818577],[116.7836487,39.8840139],[116.7812991,39.8866153],[116.7797434,39.8878914],[116.7788298,39.8901386],[116.7785319,39.8935167],[116.7783001,39.901339],[116.7764794,39.9094398],[116.7768105,39.9136803],[116.7763139,39.9268824],[116.7766449,39.932061],[116.7773732,39.9332795],[116.7776674,39.9355353],[116.7815351,39.9359097],[116.7812133,39.9367282],[116.7807144,39.9373781],[116.7803496,39.937374],[116.7797166,39.9374439],[116.7789119,39.9374069],[116.7788207,39.937666],[116.7796844,39.9378552],[116.779266,39.9397307],[116.7785311,39.9390151],[116.7784157,39.9398823],[116.7783433,39.9404258],[116.7795664,39.9405287],[116.7788476,39.9423137],[116.7769432,39.942252],[116.7765301,39.9464182],[116.7745829,39.9485773],[116.7711174,39.9499097],[116.7728233,39.9527636],[116.7718524,39.9548259],[116.7717122,39.9548012],[116.7698085,39.9544661],[116.7686605,39.9573116],[116.7676735,39.9572746],[116.7672014,39.959458],[116.7663002,39.9594333],[116.7668849,39.9538163],[116.7630386,39.9536354],[116.7615044,39.9539109],[116.7589295,39.9548978],[116.7565014,39.956825],[116.755448,39.9576611],[116.753785,39.9570443],[116.7516514,39.9598005],[116.7511396,39.9619185],[116.7519691,39.9664956],[116.7537701,39.9689092],[116.7559731,39.9702718],[116.7575439,39.9712433],[116.7603909,39.9754292],[116.7604268,39.9759842],[116.760755,39.9810607],[116.7648108,39.9863952],[116.7694454,39.9916707],[116.7703061,39.9967176],[116.769975,40.0017895],[116.7689171,40.0034537],[116.7681212,40.0047057],[116.7656791,40.0076515],[116.7653081,40.0095739],[116.7657535,40.0121879],[116.7667368,40.0145806],[116.7677797,40.0161764],[116.7686768,40.0181411],[116.7697964,40.0205932],[116.7702918,40.0243866],[116.7696549,40.025362],[116.7714948,40.0263373],[116.7718132,40.0314308],[116.774755,40.0335611],[116.777981,40.0334812],[116.7809987,40.03325],[116.78352,40.0328721],[116.7830586,40.0310648],[116.7849469,40.0302762],[116.7852473,40.0306294],[116.7940691,40.0277233],[116.7942461,40.0279821],[116.7943212,40.0279841],[116.7946351,40.0287666],[116.7955738,40.0285099],[116.7963302,40.0285099],[116.7971885,40.0310156],[116.804755,40.0297484],[116.8048945,40.0302433],[116.8049401,40.0302536],[116.8051359,40.0309416],[116.8061149,40.0308759],[116.8060103,40.0300647],[116.8094784,40.0297833],[116.8092155,40.02752],[116.8138611,40.0272447],[116.8138933,40.0292175],[116.8156193,40.028855],[116.8156824,40.0295512],[116.8149206,40.0295697],[116.8149367,40.0314633],[116.8145987,40.0315023],[116.8144834,40.0361908],[116.8145585,40.0377803],[116.8144754,40.0381725],[116.8140757,40.0384087],[116.814065,40.0386921],[116.8154007,40.0387188],[116.8169671,40.03869],[116.8172,40.0397463],[116.8167891,40.0454409],[116.8226686,40.046456],[116.8227187,40.0469922],[116.8245701,40.0472795],[116.8247952,40.0471455],[116.825796,40.0474327],[116.8256038,40.0498952],[116.8341547,40.0503838],[116.8355656,40.050544],[116.8377274,40.0506713],[116.839208,40.0509177],[116.8401039,40.0509505],[116.8434298,40.050893],[116.844036,40.0523179],[116.8442881,40.0540384],[116.8467933,40.053328],[116.8488371,40.0524124],[116.8497813,40.0519627],[116.8508327,40.051509],[116.8519485,40.0511271],[116.850095,40.048976],[116.850946,40.048685],[116.851944,40.048398],[116.852752,40.048307],[116.854201,40.048247],[116.854957,40.048273],[116.856006,40.047188],[116.861937,40.0407743],[116.8646344,40.0407012],[116.8648982,40.0392753],[116.869179,40.0403225],[116.8748598,40.0450623],[116.8765228,40.0446289],[116.8839885,40.0450352],[116.8853684,40.044331],[116.8859345,40.0435996],[116.8864652,40.0444393],[116.8863945,40.0453332],[116.8937894,40.0464166],[116.8957354,40.0464166],[116.8955939,40.0468771],[116.8981768,40.0487189],[116.900512,40.0503981],[116.9021042,40.050994],[116.9021042,40.0517524],[116.9024934,40.0519149],[116.9027815,40.051137],[116.903457,40.0515201],[116.9083669,40.051644],[116.9094366,40.0471917],[116.9109627,40.0478238],[116.9109627,40.0465214],[116.9120386,40.0436676],[116.9133145,40.0441464],[116.9133646,40.045219],[116.9181682,40.0464831],[116.918236,40.0470282],[116.919059,40.0476303],[116.9189676,40.0490444],[116.9195163,40.0490584],[116.9195163,40.0503464],[116.9209063,40.0504444],[116.9206136,40.0520125],[116.921583,40.0520685],[116.9221866,40.0501784],[116.9229365,40.0501784],[116.9221134,40.0539445],[116.9244362,40.0542944],[116.9257165,40.0509764],[116.926631,40.0512004],[116.9266859,40.0509904],[116.9276016,40.0511609],[116.9287161,40.0513684],[116.9291367,40.0503884],[116.9295391,40.0503884],[116.9297769,40.0498424],[116.932941,40.0499684],[116.9330325,40.0483303],[116.9302524,40.0483443],[116.9302341,40.0473502],[116.932685,40.0472942],[116.9317888,40.0457681],[116.9330508,40.044872],[116.9348249,40.0463842],[116.9355748,40.0475883],[116.9372574,40.0475883],[116.9376049,40.0431218],[116.9385377,40.0432898],[116.938428,40.0476303],[116.9390864,40.0476583],[116.9393425,40.0404473],[116.9445185,40.0437098],[116.9447531,40.0435964],[116.9543736,40.050121],[116.955868,40.050247],[116.95592,40.04967],[116.957092,40.049701],[116.958212,40.049709],[116.958767,40.047023],[116.958837,40.04671],[116.959844,40.046884],[116.96158,40.047179],[116.963203,40.047457],[116.96421,40.0448],[116.964766,40.043229],[116.966311,40.043381],[116.966293,40.042595],[116.963941,40.042101],[116.963767,40.042053],[116.963767,40.041892],[116.964358,40.039375],[116.964497,40.038815],[116.964514,40.038715],[116.964314,40.038594],[116.962752,40.037543],[116.962786,40.037309],[116.962943,40.036936],[116.963203,40.036632],[116.964201,40.035534],[116.964644,40.035156],[116.965061,40.034883],[116.965156,40.034857],[116.965755,40.035677],[116.965859,40.035777],[116.965929,40.035829],[116.966007,40.035838],[116.967743,40.036246],[116.967917,40.03628],[116.968596,40.036432],[116.972222,40.03724],[116.972795,40.037326],[116.97345,40.037363],[116.974027,40.037396],[116.974073,40.037398],[116.97482,40.037441],[116.977031,40.037565],[116.979479,40.037656],[116.980035,40.0376],[116.980521,40.037517],[116.981597,40.03714],[116.984036,40.036172],[116.984314,40.036068],[116.985095,40.035881],[116.98566,40.035699],[116.986163,40.035464],[116.986623,40.035256],[116.988203,40.034358],[116.988377,40.034188],[116.988785,40.034006],[116.989288,40.033646],[116.98987,40.033181],[116.990297,40.032839],[116.99046,40.032708],[116.99079,40.032444],[116.991215,40.032209],[116.992109,40.031784],[116.992648,40.031519],[116.993932,40.031029],[116.99395,40.030603],[116.993941,40.030087],[116.993898,40.028906],[116.993898,40.028641],[116.994453,40.028694],[116.998663,40.029097],[117.000642,40.029314],[117.00125,40.02928],[117.001285,40.029332],[117.001276,40.029436],[117.001276,40.029579],[117.001311,40.029644],[117.001372,40.02967],[117.001398,40.029679],[117.003585,40.029861],[117.005035,40.029965],[117.005104,40.03],[117.004852,40.031319],[117.005078,40.03135],[117.007795,40.031623],[117.007917,40.031602],[117.008116,40.030525],[117.008316,40.029497],[117.011267,40.029223],[117.011771,40.029197],[117.011771,40.029258],[117.011727,40.029514],[117.011597,40.030312],[117.011597,40.03043],[117.011684,40.030495],[117.013247,40.030842],[117.01375,40.030951],[117.014332,40.031098],[117.014583,40.031168],[117.015009,40.029562],[117.015451,40.028351],[117.015642,40.028394],[117.016519,40.028494],[117.018516,40.028815],[117.018585,40.028832],[117.01862,40.028893],[117.018411,40.029362],[117.018264,40.029748],[117.017474,40.032296],[117.017465,40.0324],[117.017483,40.032426],[117.017595,40.032461],[117.018715,40.032517],[117.020243,40.032639],[117.021597,40.032695],[117.02217,40.032656],[117.02171,40.034175],[117.020825,40.037092],[117.020651,40.037439],[117.020703,40.037526],[117.021311,40.037904],[117.022726,40.038685],[117.024314,40.039588],[117.02579,40.040404],[117.026363,40.040716],[117.026788,40.041037],[117.027274,40.041562],[117.027873,40.04214],[117.028325,40.042622],[117.029141,40.043442],[117.029939,40.044601],[117.030712,40.045829],[117.031241,40.046749],[117.031727,40.047552],[117.032248,40.048038],[117.033715,40.048546],[117.034418,40.048802],[117.035243,40.049028],[117.036224,40.049379],[117.036953,40.049805],[117.038299,40.049036],[117.038498,40.049058],[117.040052,40.04924],[117.044227,40.049666],[117.044748,40.049709],[117.044957,40.049731],[117.044991,40.049796],[117.044835,40.050312],[117.044705,40.050734],[117.044661,40.050911],[117.044714,40.050985],[117.046293,40.051354],[117.046927,40.051519],[117.047127,40.051662],[117.047222,40.051884],[117.0473,40.05224],[117.047309,40.053355],[117.047248,40.053442],[117.047135,40.053437],[117.046476,40.053355],[117.046337,40.053372],[117.046276,40.053494],[117.045851,40.056293],[117.045781,40.056536],[117.045538,40.058368],[117.045582,40.058355],[117.04579,40.058355],[117.045964,40.058299],[117.046918,40.058247],[117.047804,40.058082],[117.048828,40.057817],[117.048863,40.057826],[117.048811,40.059167],[117.048854,40.059353],[117.048976,40.059371],[117.049401,40.059332],[117.050564,40.059301],[117.051424,40.059232],[117.05309,40.059028],[117.054201,40.058793],[117.054722,40.058715],[117.055208,40.059392],[117.05546,40.059983],[117.055634,40.060391],[117.055764,40.060499],[117.055816,40.060464],[117.055868,40.060443],[117.056128,40.060317],[117.057144,40.060204],[117.058168,40.060321],[117.058099,40.060569],[117.057778,40.061237],[117.057786,40.061302],[117.057899,40.061389],[117.058194,40.061445],[117.059097,40.061641],[117.059482,40.061735],[117.060304,40.061936],[117.063455,40.062626],[117.064062,40.06276],[117.064141,40.062778],[117.06388,40.063754],[117.06375,40.06418],[117.063203,40.066011],[117.063151,40.066163],[117.063411,40.066211],[117.0652,40.066528],[117.067578,40.066836],[117.067674,40.066797],[117.0677,40.066632],[117.06776,40.066641],[117.067891,40.066657],[117.07178,40.067148],[117.072066,40.067187],[117.074531,40.0674],[117.074462,40.063676],[117.075564,40.063646],[117.075556,40.063715],[117.075564,40.063776],[117.075634,40.063811],[117.076363,40.063763],[117.076415,40.063828],[117.076398,40.063906],[117.07645,40.064054],[117.076536,40.064062],[117.076649,40.064041],[117.076701,40.064062],[117.076684,40.064722],[117.076632,40.06701],[117.076667,40.067153],[117.076736,40.067183],[117.078533,40.067174],[117.078628,40.067183],[117.078689,40.067261],[117.078663,40.067652],[117.078689,40.068173],[117.078854,40.070582],[117.078854,40.070951],[117.079062,40.073442],[117.07908,40.073707],[117.083125,40.073611],[117.090486,40.073451],[117.090903,40.073407],[117.091745,40.074679],[117.093323,40.074536],[117.09395,40.074479],[117.094358,40.074431],[117.094444,40.074444],[117.094497,40.074531],[117.094575,40.074753],[117.094618,40.074831],[117.094687,40.074852],[117.097318,40.074262],[117.097344,40.074232],[117.09737,40.074154],[117.096571,40.073064],[117.095998,40.072201],[117.095677,40.071762],[117.095582,40.071567],[117.095573,40.071471],[117.095599,40.071419],[117.095703,40.071402],[117.095816,40.07145],[117.09605,40.071784],[117.096215,40.071949],[117.096363,40.072057],[117.096632,40.072179],[117.097257,40.072474],[117.098168,40.072869],[117.098646,40.07322],[117.098767,40.073338],[117.098872,40.073333],[117.098915,40.073264],[117.098915,40.073142],[117.098542,40.072799],[117.098325,40.072543],[117.098047,40.072318],[117.09776,40.072127],[117.097491,40.072057],[117.097465,40.072018],[117.097457,40.071949],[117.09822,40.071432],[117.099158,40.070985],[117.099922,40.070638],[117.100408,40.070508],[117.101224,40.070382],[117.101979,40.070391],[117.103715,40.070495],[117.10447,40.070616],[117.104887,40.070738],[117.105182,40.070742],[117.105347,40.070738],[117.105677,40.070703],[117.106102,40.070716],[117.106762,40.070786],[117.107283,40.070846],[117.108168,40.070894],[117.108299,40.070872],[117.10842,40.070833],[117.10895,40.070629],[117.109627,40.070273],[117.110061,40.069896],[117.110382,40.069614],[117.110625,40.06951],[117.110877,40.069518],[117.111007,40.069566],[117.111163,40.069722],[117.111241,40.069905],[117.111415,40.070291],[117.111589,40.070486],[117.111892,40.070707],[117.112153,40.070964],[117.112352,40.071055],[117.112595,40.071076],[117.11296,40.071003],[117.113516,40.070655],[117.114271,40.070087],[117.116519,40.068741],[117.11691,40.068576],[117.117925,40.068138],[117.118785,40.06776],[117.119306,40.067383],[117.119696,40.067018],[117.119922,40.066693],[117.120122,40.066133],[117.120356,40.065664],[117.120686,40.065187],[117.120998,40.064891],[117.121536,40.064358],[117.121918,40.064167],[117.122344,40.064045],[117.125226,40.06339],[117.125409,40.063331],[117.128316,40.062591],[117.128741,40.062591],[117.129253,40.062826],[117.129835,40.062873],[117.13099,40.062852],[117.132682,40.062648],[117.133611,40.062973],[117.135764,40.064414],[117.136198,40.064596],[117.136641,40.06467],[117.138819,40.064596],[117.141155,40.064896],[117.14217,40.065273],[117.144201,40.066411],[117.145009,40.066706],[117.147335,40.067231],[117.148655,40.067352],[117.149306,40.067604],[117.14974,40.06796],[117.15178,40.070512],[117.152639,40.072109],[117.153628,40.074175],[117.153663,40.074418],[117.153559,40.074796],[117.153307,40.075161],[117.152917,40.075499],[117.151962,40.076068],[117.149991,40.076775],[117.149722,40.076944],[117.149661,40.077109],[117.14967,40.077231],[117.14987,40.077292],[117.151354,40.076936],[117.15178,40.07674],[117.152318,40.076484],[117.154236,40.075178],[117.154766,40.074987],[117.157648,40.074488],[117.157865,40.074614],[117.15809,40.075295],[117.158507,40.075317],[117.161085,40.073832],[117.162622,40.073234],[117.164774,40.072704],[117.165425,40.072886],[117.165634,40.072865],[117.165747,40.072813],[117.16638,40.071858],[117.167092,40.071337],[117.1673,40.071337],[117.167552,40.071476],[117.167917,40.071988],[117.168082,40.071988],[117.168628,40.071701],[117.169063,40.071749],[117.169184,40.071484],[117.168941,40.071029],[117.168915,40.070786],[117.169106,40.070304],[117.169696,40.070174],[117.170295,40.069826],[117.170556,40.070078],[117.170642,40.070386],[117.170903,40.070447],[117.171632,40.069792],[117.173785,40.069492],[117.173976,40.069258],[117.173707,40.068251],[117.173776,40.068168],[117.174784,40.068945],[117.177127,40.070751],[117.177465,40.073242],[117.177717,40.073438],[117.178542,40.073537],[117.179453,40.07378],[117.179896,40.074128],[117.179991,40.07454],[117.179957,40.074874],[117.179444,40.075482],[117.178507,40.076142],[117.175825,40.077539],[117.175469,40.077917],[117.175069,40.078763],[117.175217,40.079193],[117.175686,40.079731],[117.176502,40.079787],[117.177569,40.081194],[117.178168,40.08181],[117.178655,40.082088],[117.17888,40.082326],[117.178915,40.082552],[117.178547,40.083177],[117.178507,40.083251],[117.178498,40.083468],[117.178707,40.083585],[117.178837,40.083646],[117.179054,40.083685],[117.179271,40.083602],[117.179731,40.083307],[117.179822,40.083235],[117.180365,40.082917],[117.180582,40.082878],[117.181259,40.082986],[117.181563,40.082834],[117.182179,40.082296],[117.182752,40.081532],[117.18303,40.081376],[117.18362,40.081293],[117.183941,40.081081],[117.18283,40.080664],[117.18237,40.079831],[117.182309,40.079097],[117.18263,40.078173],[117.183264,40.077387],[117.183837,40.076489],[117.184635,40.075547],[117.184757,40.073112],[117.184861,40.072682],[117.185226,40.071888],[117.185399,40.071662],[117.185833,40.071411],[117.186554,40.071298],[117.18691,40.070664],[117.187726,40.069831],[117.18855,40.069727],[117.18941,40.069427],[117.190035,40.069666],[117.192135,40.068793],[117.191861,40.068151],[117.191128,40.066441],[117.192752,40.065964],[117.192891,40.066033],[117.192908,40.066237],[117.193429,40.067131],[117.193976,40.067669],[117.195165,40.068025],[117.197161,40.068316],[117.197925,40.068529],[117.198811,40.068997],[117.198984,40.069232],[117.199115,40.069527],[117.199134,40.070077],[117.199175,40.07128],[117.199401,40.071306],[117.200208,40.071693],[117.200651,40.072248],[117.201198,40.073277],[117.201545,40.074245],[117.201753,40.075543],[117.200816,40.075586],[117.197917,40.075378],[117.197179,40.075412],[117.196988,40.076927],[117.197057,40.077214],[117.197474,40.077964],[117.197847,40.078359],[117.200208,40.080126],[117.201372,40.081202],[117.202127,40.081215],[117.202865,40.080911],[117.203359,40.080959],[117.204245,40.081879],[117.204332,40.082543],[117.205055,40.083216],[117.205078,40.083242],[117.205347,40.083511],[117.205391,40.08355],[117.205434,40.083555],[117.205486,40.083529],[117.205503,40.083442],[117.205521,40.083338],[117.205547,40.083286],[117.205599,40.083255],[117.205668,40.083242],[117.205747,40.083251],[117.205799,40.083277],[117.205868,40.083325],[117.205894,40.08339],[117.205929,40.083477],[117.205955,40.083572],[117.205946,40.083659],[117.206085,40.083763],[117.206241,40.083828],[117.206424,40.083854],[117.206606,40.083863],[117.207109,40.083824],[117.207622,40.083772],[117.208064,40.083759],[117.208359,40.083767],[117.208524,40.083776],[117.208698,40.083815],[117.208785,40.083854],[117.208898,40.083924],[117.208967,40.084006],[117.208976,40.084071],[117.20895,40.084132],[117.208889,40.08418],[117.208663,40.084271],[117.208429,40.084392],[117.207943,40.084705],[117.207569,40.084961],[117.207439,40.085078],[117.207387,40.085178],[117.207387,40.085265],[117.207396,40.085334],[117.207465,40.085404],[117.207708,40.085547],[117.207865,40.085668],[117.208082,40.08582],[117.208099,40.08589],[117.208064,40.086016],[117.207925,40.086506],[117.207873,40.086723],[117.20783,40.08707],[117.207813,40.087305],[117.207778,40.087374],[117.207734,40.087405],[117.207639,40.087418],[117.207335,40.087405],[117.207179,40.087418],[117.206997,40.087457],[117.206823,40.0875],[117.206684,40.087574],[117.206571,40.087682],[117.206311,40.087943],[117.206198,40.08803],[117.20612,40.088086],[117.205938,40.088168],[117.205781,40.088277],[117.205668,40.088355],[117.205347,40.088694],[117.20513,40.088928],[117.204905,40.089128],[117.204722,40.089258],[117.204644,40.089379],[117.204609,40.089497],[117.204635,40.089635],[117.204679,40.089766],[117.204844,40.090122],[117.204931,40.090334],[117.205017,40.090525],[117.205017,40.090629],[117.205,40.090738],[117.204887,40.090998],[117.204844,40.091111],[117.204826,40.091315],[117.204835,40.091549],[117.204861,40.091918],[117.204887,40.092418],[117.20487,40.092548],[117.20487,40.092656],[117.204913,40.092747],[117.205035,40.092995],[117.205095,40.093277],[117.20513,40.09349],[117.205122,40.093724],[117.205095,40.093984],[117.205043,40.09424],[117.204983,40.094497],[117.204922,40.094787],[117.204818,40.094991],[117.204714,40.095178],[117.204722,40.095247],[117.204757,40.095295],[117.204835,40.095317],[117.205061,40.095313],[117.205477,40.095313],[117.205816,40.095334],[117.205981,40.095365],[117.206467,40.095547],[117.206632,40.095573],[117.20678,40.095582],[117.206936,40.095569],[117.207214,40.095495],[117.207613,40.095382],[117.207899,40.095321],[117.208741,40.095256],[117.208854,40.095252],[117.209323,40.095191],[117.209609,40.095178],[117.21026,40.095078],[117.210764,40.095043],[117.210911,40.095043],[117.211181,40.095026],[117.211545,40.095048],[117.211814,40.095087],[117.212049,40.095065],[117.2123,40.095013],[117.212847,40.094931],[117.212977,40.094891],[117.213134,40.094822],[117.213359,40.094688],[117.213507,40.094605],[117.21362,40.094553],[117.213733,40.094523],[117.214071,40.094479],[117.214245,40.094449],[117.214436,40.094414],[117.214696,40.094392],[117.214861,40.094397],[117.215017,40.09441],[117.21526,40.094462],[117.215313,40.094444],[117.215703,40.094327],[117.215955,40.094232],[117.216155,40.094154],[117.216319,40.094054],[117.216484,40.093928],[117.216667,40.093824],[117.216806,40.093767],[117.216988,40.093737],[117.217075,40.093728],[117.217309,40.093715],[117.217491,40.093676],[117.217595,40.093624],[117.217778,40.093511],[117.217925,40.093411],[117.21803,40.093364],[117.21809,40.09339],[117.218099,40.093542],[117.218108,40.09378],[117.218125,40.093867],[117.218177,40.09398],[117.218247,40.094084],[117.218299,40.094193],[117.218342,40.094271],[117.218377,40.094314],[117.218524,40.094401],[117.218637,40.09447],[117.218724,40.094575],[117.218767,40.094696],[117.218741,40.094887],[117.218663,40.095095],[117.218576,40.095226],[117.218411,40.09543],[117.21822,40.095668],[117.218099,40.095825],[117.21803,40.095977],[117.217995,40.096107],[117.218012,40.09638],[117.218082,40.09668],[117.218125,40.096875],[117.218116,40.096979],[117.218038,40.097153],[117.217986,40.097292],[117.218003,40.097348],[117.218151,40.097396],[117.218342,40.097435],[117.218611,40.097513],[117.218837,40.097609],[117.219071,40.097713],[117.219227,40.097756],[117.219436,40.097778],[117.219757,40.097778],[117.22,40.097817],[117.22013,40.097852],[117.220304,40.097908],[117.220755,40.098077],[117.221155,40.098251],[117.221432,40.098364],[117.221684,40.098498],[117.221884,40.098646],[117.222023,40.098776],[117.222205,40.098997],[117.2223,40.099206],[117.222361,40.099375],[117.222405,40.099557],[117.222422,40.099779],[117.222413,40.100004],[117.222465,40.1002],[117.222491,40.100521],[117.222535,40.100725],[117.222561,40.100898],[117.222578,40.101016],[117.222622,40.101172],[117.222613,40.101411],[117.222613,40.101845],[117.222622,40.102083],[117.222613,40.102205],[117.22263,40.102274],[117.222682,40.102405],[117.222821,40.102552],[117.222917,40.102635],[117.223177,40.102839],[117.22355,40.103077],[117.223854,40.103255],[117.224141,40.103455],[117.224366,40.103615],[117.224479,40.103681],[117.22467,40.10375],[117.224939,40.103832],[117.225113,40.103924],[117.225252,40.10401],[117.225339,40.104128],[117.225434,40.104232],[117.225564,40.104293],[117.225755,40.104371],[117.225885,40.10444],[117.225964,40.104553],[117.22599,40.104648],[117.226024,40.104848],[117.226059,40.104935],[117.226111,40.105035],[117.226319,40.105165],[117.226736,40.105369],[117.227075,40.105564],[117.227292,40.105699],[117.227439,40.105855],[117.227535,40.106016],[117.22763,40.106146],[117.227726,40.106263],[117.227882,40.106359],[117.228264,40.106493],[117.228533,40.106597],[117.228924,40.10681],[117.229219,40.106927],[117.229453,40.107023],[117.229557,40.107088],[117.229601,40.107131],[117.229575,40.107396],[117.229601,40.107465],[117.229644,40.107569],[117.229905,40.107999],[117.230026,40.108294],[117.23013,40.108442],[117.230286,40.108602],[117.230451,40.108707],[117.230712,40.108863],[117.231016,40.109049],[117.231337,40.10931],[117.231476,40.109436],[117.231554,40.109575],[117.231589,40.109705],[117.231615,40.109918],[117.231632,40.110078],[117.231719,40.110317],[117.231823,40.110495],[117.232031,40.110673],[117.232205,40.110803],[117.232413,40.110929],[117.232587,40.111011],[117.232804,40.111141],[117.233012,40.11128],[117.233151,40.111441],[117.233229,40.111506],[117.233359,40.111562],[117.233542,40.11158],[117.233898,40.111571],[117.234141,40.111584],[117.234418,40.111645],[117.234592,40.111784],[117.234844,40.111892],[117.235122,40.112001],[117.235269,40.11204],[117.235521,40.112044],[117.23572,40.112031],[117.235972,40.111953],[117.236311,40.111845],[117.236554,40.111806],[117.236823,40.111784],[117.236901,40.111797],[117.237075,40.11184],[117.2373,40.111871],[117.237561,40.111892],[117.238047,40.111931],[117.238481,40.111966],[117.238967,40.11197],[117.239106,40.112005],[117.239245,40.11207],[117.239392,40.112187],[117.239549,40.112348],[117.239661,40.112535],[117.239748,40.112648],[117.239905,40.112778],[117.24013,40.112947],[117.240486,40.113186],[117.240764,40.113312],[117.240816,40.113368],[117.240911,40.113728],[117.241042,40.113976],[117.241207,40.114136],[117.241372,40.114266],[117.241597,40.114405],[117.241814,40.114531],[117.24217,40.114718],[117.242474,40.114878],[117.242726,40.115035],[117.242769,40.115148],[117.24283,40.115213],[117.242865,40.11523],[117.242986,40.115226],[117.243255,40.115152],[117.243646,40.115074],[117.243915,40.115004],[117.244297,40.114891],[117.244661,40.11477],[117.24487,40.114674],[117.245009,40.114622],[117.245191,40.114588],[117.245443,40.114566],[117.245634,40.114549],[117.246076,40.11451],[117.246432,40.114514],[117.246719,40.114531],[117.246875,40.114514],[117.247005,40.114457],[117.247066,40.114371],[117.247075,40.114327],[117.247066,40.114245],[117.24704,40.114193],[117.24697,40.114123],[117.246762,40.113971],[117.246675,40.113889],[117.246597,40.113793],[117.246571,40.113746],[117.246571,40.113676],[117.24658,40.113598],[117.246649,40.113507],[117.246745,40.113407],[117.246806,40.113338],[117.24691,40.11322],[117.24704,40.113151],[117.247109,40.113134],[117.247205,40.113147],[117.2473,40.113199],[117.247378,40.113273],[117.247526,40.113459],[117.247639,40.113572],[117.247743,40.113633],[117.247891,40.113672],[117.247969,40.113676],[117.248073,40.113641],[117.24816,40.113542],[117.248212,40.113503],[117.248273,40.11349],[117.248333,40.113511],[117.248411,40.113568],[117.248464,40.113589],[117.248498,40.113589],[117.248594,40.113503],[117.248655,40.113438],[117.248733,40.113394],[117.248889,40.113359],[117.249028,40.113307],[117.249054,40.113264],[117.249036,40.113229],[117.248872,40.113095],[117.248776,40.112973],[117.248741,40.112856],[117.248759,40.112734],[117.24875,40.112665],[117.248724,40.112578],[117.248724,40.112522],[117.248785,40.112465],[117.248906,40.112444],[117.249071,40.112435],[117.249245,40.112413],[117.249288,40.112365],[117.249288,40.112331],[117.249158,40.112231],[117.249071,40.112144],[117.249054,40.112079],[117.249132,40.112031],[117.249245,40.112023],[117.249427,40.112036],[117.249557,40.112057],[117.249618,40.112062],[117.249731,40.112014],[117.249792,40.111984],[117.24987,40.111984],[117.250078,40.112049],[117.250147,40.112051],[117.251372,40.112023],[117.251597,40.112109],[117.25191,40.112461],[117.252465,40.112457],[117.253993,40.112908],[117.25559,40.112313],[117.256719,40.112031],[117.256892,40.111936],[117.257023,40.111684],[117.257274,40.111541],[117.258307,40.111137],[117.260417,40.110924],[117.260547,40.110829],[117.26059,40.110525],[117.260755,40.110299],[117.260807,40.109957],[117.260972,40.109666],[117.261832,40.108893],[117.262378,40.108181],[117.263064,40.107656],[117.263177,40.1074],[117.263333,40.106241],[117.263507,40.105951],[117.263941,40.105699],[117.26447,40.105534],[117.265807,40.105707],[117.267049,40.104813],[117.267943,40.104553],[117.268394,40.104961],[117.268759,40.105508],[117.268793,40.105859],[117.268681,40.106467],[117.269306,40.107192],[117.269939,40.107552],[117.270234,40.108051],[117.269722,40.109753],[117.26901,40.110872],[117.26921,40.111567],[117.26901,40.112209],[117.269245,40.112378],[117.269939,40.112357],[117.27033,40.112448],[117.271311,40.113186],[117.272188,40.113602],[117.272352,40.113845],[117.272448,40.114336],[117.273047,40.115256],[117.273194,40.115747],[117.273194,40.116168],[117.27342,40.116719],[117.274635,40.116645],[117.275365,40.116823],[117.275738,40.117218],[117.276858,40.119253],[117.278351,40.119939],[117.278984,40.120061],[117.280373,40.119844],[117.283038,40.119939],[117.283915,40.119444],[117.284783,40.119375],[117.285156,40.119119],[117.285556,40.118689],[117.286467,40.118316],[117.286797,40.118277],[117.287188,40.118498],[117.287422,40.118509],[117.287856,40.118529],[117.288307,40.118672],[117.289184,40.118346],[117.289826,40.117739],[117.290208,40.117591],[117.290642,40.117569],[117.291128,40.117687],[117.291363,40.117856],[117.29145,40.118168],[117.291016,40.119063],[117.290972,40.119384],[117.290599,40.119818],[117.290608,40.119987],[117.291354,40.120512],[117.291806,40.121202],[117.292535,40.12151],[117.292977,40.121806],[117.294306,40.123186],[117.295694,40.123885],[117.296519,40.12464],[117.296953,40.125339],[117.297188,40.125564],[117.297509,40.126198],[117.298255,40.126962],[117.298299,40.127209],[117.29816,40.127465],[117.298134,40.127799],[117.298932,40.128576],[117.29908,40.129614],[117.299349,40.130486],[117.300642,40.131185],[117.300408,40.132096],[117.300521,40.13273],[117.300477,40.133902],[117.301128,40.135677],[117.301623,40.135964],[117.302569,40.136055],[117.302865,40.136163],[117.304462,40.137392],[117.305217,40.138142],[117.305972,40.138268],[117.307257,40.138655],[117.307526,40.138585],[117.307856,40.138012],[117.308594,40.137665],[117.309826,40.137339],[117.310703,40.137357],[117.312049,40.137201],[117.312378,40.137287],[117.313151,40.13773],[117.314392,40.138038],[117.315998,40.139089],[117.316745,40.139384],[117.317587,40.138216],[117.319653,40.137174],[117.320061,40.136363],[117.320573,40.135851],[117.321302,40.135586],[117.321927,40.135634],[117.322309,40.135794],[117.322378,40.135755],[117.322413,40.135308],[117.322865,40.134878],[117.323559,40.134579],[117.324384,40.134418],[117.324523,40.133438],[117.324444,40.13309],[117.324063,40.132348],[117.324106,40.132274],[117.324566,40.132526],[117.325521,40.132756],[117.327023,40.132747],[117.328446,40.132964],[117.328602,40.132908],[117.32855,40.132721],[117.328646,40.132648],[117.330217,40.132817],[117.330807,40.1326],[117.330946,40.132682],[117.331293,40.133346],[117.331571,40.133659],[117.332283,40.133915],[117.333021,40.134023],[117.334714,40.134058],[117.336241,40.133624],[117.337951,40.13329],[117.338498,40.133485],[117.339193,40.133963],[117.340747,40.134223],[117.341545,40.134753],[117.342474,40.135148],[117.343524,40.136567],[117.344792,40.138546],[117.345304,40.139106],[117.345842,40.13947],[117.346528,40.139614],[117.347222,40.139514],[117.347691,40.138121],[117.347934,40.137708],[117.349731,40.139523],[117.35,40.140252],[117.350113,40.141337],[117.350582,40.142556],[117.350269,40.143655],[117.349384,40.143924],[117.348672,40.143859],[117.347448,40.143976],[117.345616,40.143655],[117.344679,40.143242],[117.344158,40.143286],[117.343915,40.143442],[117.343967,40.143997],[117.344123,40.14428],[117.34487,40.144957],[117.346884,40.145404],[117.347179,40.145634],[117.3475,40.146102],[117.348446,40.146762],[117.348655,40.146992],[117.348663,40.147205],[117.348142,40.147526],[117.347144,40.147743],[117.34566,40.147305],[117.344774,40.147227],[117.344045,40.147027],[117.343811,40.147062],[117.343767,40.147235],[117.34441,40.148338],[117.345104,40.149175],[117.345842,40.149627],[117.347057,40.15082],[117.348524,40.151875],[117.349245,40.152253],[117.350738,40.153563],[117.350877,40.15378],[117.350764,40.15444],[117.350816,40.154549],[117.35283,40.154397],[117.353602,40.154475],[117.353733,40.154601],[117.353802,40.155082],[117.353993,40.155569],[117.35375,40.156115],[117.35316,40.156736],[117.352578,40.157743],[117.351962,40.158303],[117.351059,40.159479],[117.350964,40.159892],[117.350964,40.160473],[117.350729,40.161042],[117.351076,40.162192],[117.350955,40.162665],[117.350712,40.162873],[117.349922,40.163073],[117.349514,40.163281],[117.349384,40.163438],[117.349132,40.164145],[117.348377,40.16487],[117.34783,40.165855],[117.347031,40.166454],[117.346467,40.166619],[117.346363,40.166688],[117.346319,40.166801],[117.346432,40.167257],[117.346415,40.168294],[117.346293,40.168832],[117.346033,40.169288],[117.345538,40.169831],[117.344505,40.170282],[117.344418,40.170395],[117.344427,40.171007],[117.344766,40.171536],[117.345078,40.171801],[117.346354,40.171944],[117.346832,40.172257],[117.347127,40.172287],[117.348889,40.171771],[117.350807,40.17158],[117.351233,40.171727],[117.351719,40.172114],[117.352127,40.17217],[117.352778,40.171949],[117.353472,40.170968],[117.3548,40.170295],[117.355243,40.17026],[117.355625,40.17056],[117.356233,40.170755],[117.356285,40.170946],[117.355955,40.171923],[117.355026,40.171901],[117.354809,40.172023],[117.3548,40.173008],[117.354861,40.173121],[117.356962,40.173555],[117.35737,40.175282],[117.357578,40.175434],[117.358299,40.175317],[117.358698,40.175074],[117.358767,40.174835],[117.358542,40.17388],[117.358568,40.173602],[117.358811,40.173385],[117.359436,40.173212],[117.359635,40.17299],[117.359444,40.172834],[117.35842,40.172708],[117.357925,40.172504],[117.357457,40.171914],[117.357509,40.171411],[117.357917,40.17122],[117.358932,40.171324],[117.359974,40.170864],[117.360182,40.171059],[117.360234,40.171606],[117.360165,40.17184],[117.359748,40.172365],[117.359705,40.172539],[117.359782,40.172548],[117.359835,40.172522],[117.359878,40.172483],[117.359936,40.172432],[117.360495,40.171736],[117.36099,40.17178],[117.36072,40.171341],[117.360712,40.171155],[117.361198,40.171194],[117.362188,40.171584],[117.361693,40.172661],[117.361701,40.173008],[117.361884,40.173277],[117.362561,40.173668],[117.364288,40.173759],[117.364714,40.174444],[117.365365,40.175117],[117.365833,40.175052],[117.367023,40.174488],[117.367943,40.174366],[117.368307,40.174423],[117.368733,40.174622],[117.369384,40.175191],[117.369627,40.17523],[117.370356,40.1749],[117.371389,40.173481],[117.371832,40.173329],[117.37217,40.172882],[117.372717,40.172522],[117.372943,40.172161],[117.372951,40.171515],[117.373785,40.171376],[117.37454,40.171033],[117.375061,40.171011],[117.375339,40.171133],[117.375451,40.171649],[117.375347,40.172101],[117.375035,40.172643],[117.37441,40.174332],[117.373845,40.175095],[117.373715,40.175499],[117.373915,40.175477],[117.374583,40.174805],[117.37513,40.174388],[117.375512,40.174253],[117.376207,40.174657],[117.376762,40.175234],[117.377656,40.175295],[117.378073,40.175126],[117.378481,40.174405],[117.37888,40.174249],[117.380226,40.174023],[117.381788,40.174392],[117.382439,40.174379],[117.383385,40.174145],[117.384497,40.173689],[117.3852,40.173498],[117.385616,40.173424],[117.386493,40.173464],[117.386753,40.17378],[117.38697,40.174939],[117.386068,40.175334],[117.384922,40.176168],[117.384722,40.176701],[117.385365,40.176732],[117.385755,40.176845],[117.3873,40.178047],[117.389497,40.178767],[117.393472,40.181293],[117.394097,40.18174],[117.394523,40.182174],[117.395174,40.182135],[117.395495,40.182005],[117.395964,40.182131],[117.396276,40.181944],[117.396962,40.181957],[117.398038,40.181793],[117.398142,40.182018],[117.39816,40.182752],[117.398464,40.183351],[117.398958,40.183789],[117.399835,40.184132],[117.400165,40.184353],[117.400278,40.185169],[117.400816,40.185642],[117.400859,40.185903],[117.40099,40.18605],[117.400252,40.186372],[117.39862,40.186623],[117.398151,40.186827],[117.397188,40.187509],[117.396771,40.188212],[117.396389,40.188642],[117.39546,40.189405],[117.395009,40.189631],[117.394366,40.189588],[117.393819,40.189392],[117.393238,40.189549],[117.392595,40.1901],[117.392057,40.190964],[117.391007,40.191471],[117.390738,40.191354],[117.389488,40.190408],[117.388429,40.189857],[117.387917,40.189479],[117.386658,40.18806],[117.386354,40.187491],[117.386241,40.187552],[117.386207,40.18862],[117.38605,40.188872],[117.384722,40.189293],[117.384132,40.189288],[117.38217,40.188798],[117.382092,40.188681],[117.382066,40.188199],[117.381927,40.187917],[117.381892,40.187244],[117.381771,40.186879],[117.381658,40.186819],[117.380382,40.186636],[117.379731,40.186788],[117.379089,40.186801],[117.378238,40.186359],[117.377413,40.186402],[117.37717,40.186536],[117.377101,40.186901],[117.37737,40.187652],[117.377292,40.188129],[117.377083,40.188472],[117.376589,40.188811],[117.376745,40.189267],[117.376745,40.18964],[117.376883,40.189829],[117.377248,40.19033],[117.377205,40.191411],[117.377283,40.191667],[117.377405,40.191797],[117.37783,40.191957],[117.378594,40.19194],[117.378898,40.192604],[117.378889,40.193034],[117.378602,40.193364],[117.3777,40.193837],[117.375816,40.193247],[117.375469,40.193203],[117.375148,40.193264],[117.37487,40.193372],[117.374783,40.193472],[117.374757,40.193971],[117.374635,40.19424],[117.373776,40.194918],[117.374141,40.195747],[117.374149,40.195998],[117.373863,40.196467],[117.373186,40.196944],[117.372891,40.197496],[117.372795,40.197943],[117.372777,40.199035],[117.372778,40.199054],[117.372795,40.199214],[117.372795,40.199228],[117.372882,40.199883],[117.373194,40.200556],[117.374054,40.201306],[117.374497,40.202413],[117.37467,40.202613],[117.374939,40.202756],[117.375313,40.202882],[117.37566,40.203134],[117.376016,40.202882],[117.376493,40.202339],[117.376753,40.200916],[117.376623,40.200734],[117.375831,40.200561],[117.375764,40.200525],[117.375755,40.200499],[117.375755,40.200434],[117.375769,40.200403],[117.375871,40.200337],[117.375911,40.200326],[117.376064,40.200338],[117.378151,40.200851],[117.37842,40.200985],[117.379123,40.201597],[117.380425,40.202023],[117.381137,40.201975],[117.382005,40.201532],[117.382995,40.201532],[117.383184,40.201514],[117.383455,40.20151],[117.383881,40.20167],[117.383941,40.201693],[117.384051,40.201764],[117.384262,40.201914],[117.384424,40.201807],[117.384586,40.2017],[117.384896,40.201615],[117.38528,40.201723],[117.385399,40.201819],[117.385431,40.201846],[117.385712,40.202053],[117.385906,40.202039],[117.385946,40.202036],[117.38605,40.201936],[117.386065,40.201928],[117.386285,40.201856],[117.386345,40.201858],[117.386455,40.201942],[117.386589,40.202205],[117.386589,40.202435],[117.386302,40.203082],[117.386181,40.203168],[117.385582,40.203129],[117.384835,40.203225],[117.382908,40.204158],[117.382057,40.204735],[117.381293,40.20576],[117.381128,40.205855],[117.380391,40.20612],[117.379661,40.206142],[117.378993,40.20645],[117.378472,40.206497],[117.37816,40.206328],[117.377491,40.205464],[117.377352,40.205412],[117.376866,40.20559],[117.376007,40.205499],[117.375061,40.206072],[117.374462,40.206476],[117.374262,40.206727],[117.374297,40.207118],[117.374167,40.207878],[117.374236,40.208095],[117.374488,40.208394],[117.374453,40.208624],[117.373446,40.209023],[117.37329,40.209015],[117.373316,40.208889],[117.372769,40.208828],[117.372205,40.208576],[117.371875,40.208637],[117.371762,40.208867],[117.371988,40.210078],[117.371753,40.210378],[117.371736,40.210525],[117.372214,40.212743],[117.37237,40.214258],[117.372205,40.214783],[117.371198,40.215829],[117.37112,40.216089],[117.371259,40.21661],[117.371866,40.216923],[117.371641,40.217014],[117.37099,40.216984],[117.370851,40.217083],[117.370911,40.217183],[117.372127,40.217374],[117.372951,40.217174],[117.373906,40.217183],[117.374453,40.217574],[117.374991,40.218168],[117.375651,40.218685],[117.375894,40.218741],[117.376632,40.218498],[117.37783,40.218255],[117.378802,40.218325],[117.37947,40.218173],[117.38059,40.218446],[117.381094,40.218329],[117.381658,40.218411],[117.382014,40.218537],[117.382847,40.219058],[117.383394,40.219171],[117.384045,40.219119],[117.385321,40.219206],[117.387023,40.220217],[117.386944,40.220825],[117.386684,40.221233],[117.386363,40.221463],[117.386094,40.221984],[117.386111,40.22224],[117.386415,40.222808],[117.38651,40.223854],[117.385408,40.224084],[117.385035,40.224297],[117.383976,40.225564],[117.3835945,40.226085],[117.3832891,40.226578],[117.3826718,40.2262857],[117.381936,40.226029],[117.381016,40.225929],[117.38013,40.225664],[117.379653,40.225677],[117.378663,40.225929],[117.37849,40.226328],[117.378116,40.226506],[117.376606,40.226914],[117.376007,40.227326],[117.374566,40.228685],[117.373863,40.228841],[117.37329,40.228819],[117.372604,40.228346],[117.372318,40.228299],[117.372083,40.228407],[117.371997,40.228646],[117.371545,40.229028],[117.371111,40.229045],[117.370425,40.229297],[117.369653,40.229141],[117.369219,40.229466],[117.368533,40.230638],[117.367847,40.231029],[117.367587,40.231306],[117.367309,40.231345],[117.366797,40.231024],[117.366276,40.230851],[117.365946,40.230885],[117.365616,40.231011],[117.365304,40.231372],[117.364436,40.231332],[117.363646,40.231966],[117.363116,40.232127],[117.361033,40.231011],[117.358611,40.230985],[117.355365,40.231493],[117.354714,40.231402],[117.35362,40.23115],[117.35283,40.230582],[117.35237,40.230456],[117.351814,40.229913],[117.351418,40.229637],[117.351405,40.229627],[117.351392,40.229619],[117.351042,40.229375],[117.350087,40.229089],[117.349366,40.228251],[117.349071,40.228155],[117.347057,40.228346],[117.345503,40.228012],[117.344991,40.22806],[117.34486,40.228173],[117.344809,40.228216],[117.344713,40.228299],[117.34434,40.22862],[117.344175,40.228928],[117.343976,40.229705],[117.344045,40.230703],[117.343168,40.231793],[117.343021,40.231897],[117.342474,40.231944],[117.34217,40.232196],[117.341736,40.23273],[117.341632,40.23319],[117.340981,40.233251],[117.340252,40.233442],[117.339358,40.233342],[117.338863,40.233563],[117.338689,40.234032],[117.338924,40.23447],[117.338995,40.234813],[117.339071,40.235182],[117.339097,40.23589],[117.338377,40.236706],[117.338481,40.237083],[117.338142,40.237882],[117.33822,40.238329],[117.33763,40.239136],[117.337578,40.239818],[117.337248,40.240122],[117.337257,40.240586],[117.336936,40.240985],[117.336858,40.241523],[117.336441,40.242088],[117.336024,40.24237],[117.335738,40.242452],[117.334444,40.243546],[117.334071,40.24434],[117.333854,40.244553],[117.333281,40.244822],[117.333273,40.245043],[117.33362,40.245282],[117.333698,40.246098],[117.334141,40.246801],[117.334158,40.247613],[117.334444,40.248164],[117.334184,40.248767],[117.334149,40.249097],[117.334445,40.249848],[117.334618,40.25023],[117.33487,40.250638],[117.335,40.251007],[117.335095,40.251476],[117.335139,40.251832],[117.335139,40.252044],[117.335226,40.252279],[117.335269,40.252543],[117.335477,40.25299],[117.335651,40.253234],[117.335599,40.253524],[117.33553,40.253789],[117.335512,40.254071],[117.335486,40.254392],[117.335573,40.254605],[117.335634,40.25487],[117.335608,40.255126],[117.335312,40.25553],[117.335226,40.255673],[117.335,40.255855],[117.334826,40.255998],[117.334523,40.256089],[117.334349,40.256267],[117.334045,40.256615],[117.333698,40.257062],[117.333464,40.257409],[117.333177,40.257652],[117.332839,40.257899],[117.332726,40.25819],[117.332726,40.258433],[117.332812,40.258859],[117.332917,40.259067],[117.332908,40.259457],[117.332734,40.259792],[117.332543,40.260104],[117.332257,40.260464],[117.332109,40.260664],[117.33178,40.261098],[117.331562,40.261389],[117.331276,40.26168],[117.331042,40.261892],[117.330911,40.262283],[117.330859,40.262661],[117.33079,40.263021],[117.330833,40.263299],[117.33092,40.263455],[117.331094,40.26362],[117.331267,40.263898],[117.331372,40.264054],[117.331406,40.264297],[117.331406,40.264523],[117.331259,40.264844],[117.331172,40.265091],[117.331042,40.265534],[117.330972,40.265872],[117.330816,40.266363],[117.330616,40.266706],[117.330269,40.267166],[117.3302,40.2673],[117.330226,40.267721],[117.330391,40.267934],[117.33046,40.268099],[117.33046,40.268411],[117.330469,40.268845],[117.330312,40.26954],[117.330104,40.270217],[117.330026,40.270699],[117.329913,40.271645],[117.329931,40.272135],[117.329913,40.272405],[117.32974,40.273038],[117.329627,40.273451],[117.329627,40.27375],[117.329635,40.274644],[117.329644,40.275117],[117.329566,40.275825],[117.329479,40.276159],[117.329306,40.276393],[117.329123,40.276571],[117.328915,40.276671],[117.328811,40.276714],[117.328837,40.276836],[117.328837,40.277335],[117.32888,40.277739],[117.328819,40.278064],[117.328637,40.278277],[117.328394,40.278694],[117.328099,40.279249],[117.327899,40.279944],[117.327743,40.280569],[117.327587,40.281298],[117.327595,40.281749],[117.327682,40.28227],[117.327642,40.282744],[117.327613,40.283082],[117.327648,40.283294],[117.327535,40.283954],[117.327422,40.284284],[117.327179,40.284648],[117.327023,40.285065],[117.326701,40.285482],[117.326502,40.285725],[117.326345,40.285898],[117.326233,40.286107],[117.326146,40.286506],[117.32592,40.287148],[117.325738,40.287565],[117.325399,40.288016],[117.325174,40.288299],[117.324991,40.288403],[117.324905,40.288403],[117.324679,40.288299],[117.324314,40.288003],[117.323655,40.287452],[117.32322,40.287174],[117.322674,40.286984],[117.322405,40.286914],[117.322066,40.286884],[117.321745,40.286727],[117.321586,40.286605],[117.321406,40.286467],[117.321111,40.286137],[117.320859,40.285777],[117.320703,40.285464],[117.320356,40.284996],[117.320087,40.284631],[117.319766,40.284492],[117.318993,40.284132],[117.318134,40.283772],[117.317847,40.283533],[117.317179,40.283199],[117.316814,40.283095],[117.316267,40.283047],[117.315321,40.282977],[117.314323,40.282947],[117.312873,40.282951],[117.312847,40.283733],[117.310269,40.283772],[117.310226,40.283411],[117.310356,40.282248],[117.31053,40.282174],[117.310694,40.282018],[117.310781,40.281879],[117.310755,40.281775],[117.310686,40.281706],[117.31053,40.28145],[117.310417,40.280877],[117.310347,40.280686],[117.310304,40.280668],[117.309965,40.280877],[117.30967,40.280981],[117.309262,40.280981],[117.309054,40.280933],[117.308672,40.280638],[117.308238,40.280204],[117.307804,40.279579],[117.307552,40.279184],[117.307483,40.278854],[117.307491,40.278798],[117.307491,40.278711],[117.307049,40.27875],[117.306641,40.278802],[117.306059,40.278859],[117.305243,40.278997],[117.304653,40.278893],[117.303655,40.278394],[117.303134,40.278186],[117.30296,40.278129],[117.303099,40.277921],[117.302743,40.277773],[117.302075,40.277622],[117.301727,40.277569],[117.301172,40.277526],[117.300642,40.277439],[117.300009,40.277361],[117.299575,40.277266],[117.298715,40.277088],[117.298446,40.277001],[117.297821,40.276871],[117.297613,40.276871],[117.297405,40.276949],[117.297161,40.277135],[117.297031,40.277322],[117.296797,40.27783],[117.296701,40.278034],[117.296675,40.278181],[117.296536,40.278225],[117.296215,40.278199],[117.295885,40.278142],[117.295425,40.27803],[117.294757,40.277895],[117.293724,40.277626],[117.292674,40.277378],[117.291875,40.277196],[117.291076,40.277014],[117.290234,40.276849],[117.289844,40.276806],[117.28941,40.276827],[117.289184,40.276871],[117.288993,40.276936],[117.288854,40.277044],[117.28875,40.277201],[117.288707,40.277539],[117.288585,40.277869],[117.288498,40.278594],[117.288429,40.278841],[117.288394,40.279049],[117.288394,40.279197],[117.288351,40.279362],[117.288203,40.279583],[117.288108,40.279735],[117.288021,40.279905],[117.288021,40.2801],[117.288056,40.280217],[117.288125,40.280378],[117.288186,40.280582],[117.288186,40.28072],[117.288134,40.280829],[117.288012,40.280881],[117.287804,40.280937],[117.287595,40.280972],[117.287509,40.281063],[117.287179,40.281428],[117.286823,40.281853],[117.28638,40.282292],[117.286163,40.28253],[117.286094,40.282747],[117.286076,40.282852],[117.286146,40.282999],[117.286267,40.283364],[117.286267,40.28365],[117.286267,40.283785],[117.286233,40.283889],[117.286128,40.284093],[117.285998,40.284414],[117.285911,40.284744],[117.285903,40.284931],[117.285937,40.285109],[117.286111,40.285382],[117.286302,40.285694],[117.286589,40.285942],[117.286979,40.286224],[117.287222,40.286528],[117.287283,40.286758],[117.287318,40.286927],[117.287257,40.287183],[117.28717,40.287513],[117.287127,40.287821],[117.287196,40.288151],[117.287274,40.288472],[117.287378,40.288602],[117.287769,40.289067],[117.287951,40.289349],[117.288177,40.289588],[117.288177,40.289774],[117.288151,40.289935],[117.288099,40.290104],[117.287977,40.290221],[117.287873,40.290326],[117.287795,40.290451],[117.287769,40.290569],[117.287795,40.291011],[117.287882,40.291267],[117.287856,40.291385],[117.287786,40.291463],[117.287682,40.291519],[117.287569,40.291519],[117.287439,40.29151],[117.287361,40.29151],[117.287257,40.291519],[117.287092,40.291597],[117.286962,40.291697],[117.286884,40.29184],[117.28678,40.292096],[117.286701,40.292309],[117.286675,40.292569],[117.286641,40.292808],[117.286597,40.293173],[117.286562,40.293589],[117.286589,40.293859],[117.286623,40.294123],[117.286667,40.294388],[117.28671,40.294601],[117.286745,40.294844],[117.28684,40.295065],[117.286866,40.295269],[117.28684,40.295438],[117.286736,40.295564],[117.286571,40.295686],[117.286233,40.295937],[117.28599,40.296055],[117.28559,40.296185],[117.285208,40.296276],[117.284861,40.296385],[117.284731,40.296463],[117.284653,40.296623],[117.284627,40.296706],[117.284601,40.296997],[117.284549,40.297183],[117.284427,40.297309],[117.284236,40.297426],[117.28401,40.29753],[117.283611,40.297695],[117.283229,40.297908],[117.282882,40.298086],[117.28263,40.298281],[117.282517,40.298533],[117.282309,40.298915],[117.282066,40.299449],[117.281823,40.299822],[117.281615,40.300143],[117.281406,40.300356],[117.281236,40.300486],[117.281094,40.300595],[117.280747,40.30082],[117.280425,40.300972],[117.28026,40.301016],[117.280104,40.301024],[117.279878,40.300998],[117.279601,40.300972],[117.279288,40.30092],[117.279115,40.300955],[117.278802,40.301089],[117.278437,40.301224],[117.278082,40.301385],[117.277734,40.301623],[117.277561,40.301762],[117.277405,40.301944],[117.277083,40.302174],[117.276693,40.30237],[117.27638,40.302552],[117.275946,40.302756],[117.275694,40.302917],[117.27546,40.303082],[117.275243,40.303255],[117.275095,40.303355],[117.274878,40.30349],[117.274479,40.30372],[117.274262,40.303811],[117.274054,40.303863],[117.273906,40.303963],[117.273542,40.304284],[117.273437,40.304388],[117.273056,40.304701],[117.272448,40.305065],[117.271997,40.305308],[117.27151,40.305486],[117.271276,40.305534],[117.270851,40.305543],[117.270495,40.305543],[117.270078,40.305616],[117.270009,40.305608],[117.269852,40.305677],[117.269653,40.305777],[117.269054,40.306176],[117.268637,40.306489],[117.26829,40.30681],[117.268047,40.307049],[117.267908,40.307261],[117.267899,40.307539],[117.267908,40.307839],[117.267908,40.307973],[117.267977,40.308134],[117.268038,40.308251],[117.268116,40.308433],[117.268247,40.30862],[117.268368,40.308889],[117.268455,40.309093],[117.268472,40.309253],[117.268437,40.30941],[117.268273,40.309635],[117.268021,40.309957],[117.267951,40.310143],[117.267951,40.310365],[117.267969,40.310525],[117.268038,40.310738],[117.268168,40.310977],[117.268238,40.311189],[117.268247,40.311324],[117.268142,40.31158],[117.267969,40.31184],[117.26796,40.311866],[117.26796,40.312079],[117.268056,40.312418],[117.268203,40.3127],[117.268255,40.312904],[117.268247,40.313116],[117.268177,40.313303],[117.268082,40.313437],[117.267908,40.31349],[117.267734,40.313529],[117.267561,40.31365],[117.267283,40.313911],[117.266858,40.314249],[117.26651,40.314657],[117.26612,40.315443],[117.265955,40.315851],[117.265816,40.316141],[117.265773,40.316454],[117.265747,40.316719],[117.265712,40.316897],[117.265443,40.317982],[117.265408,40.318294],[117.265417,40.318568],[117.265443,40.318811],[117.265512,40.319023],[117.265608,40.31921],[117.265677,40.319397],[117.265851,40.319609],[117.26605,40.319926],[117.266181,40.320204],[117.266233,40.320473],[117.266215,40.320664],[117.266276,40.320877],[117.266328,40.321124],[117.266328,40.321393],[117.266241,40.32174],[117.266146,40.322057],[117.265972,40.322352],[117.265764,40.322674],[117.265495,40.323012],[117.265312,40.323199],[117.265122,40.323411],[117.264922,40.323811],[117.264844,40.323993],[117.264896,40.324149],[117.264974,40.324266],[117.265122,40.324453],[117.26533,40.324692],[117.265582,40.325004],[117.265764,40.325243],[117.265799,40.325395],[117.26592,40.325768],[117.265937,40.326055],[117.265998,40.326519],[117.265998,40.326562],[117.266102,40.32701],[117.266181,40.327235],[117.266241,40.327461],[117.266398,40.327669],[117.26651,40.327773],[117.266615,40.327895],[117.266745,40.327947],[117.266953,40.32799],[117.267127,40.328025],[117.267387,40.328051],[117.267526,40.328134],[117.267639,40.328329],[117.267674,40.328516],[117.267639,40.328676],[117.267613,40.328819],[117.267656,40.328889],[117.267752,40.329045],[117.267925,40.329249],[117.267995,40.329358],[117.268003,40.329444],[117.268038,40.329579],[117.268064,40.329731],[117.268073,40.329926],[117.268108,40.330113],[117.268151,40.330217],[117.26822,40.330326],[117.268524,40.330647],[117.26855,40.330872],[117.26855,40.331072],[117.268429,40.331311],[117.268203,40.331571],[117.268012,40.331845],[117.267691,40.332179],[117.267413,40.332357],[117.267179,40.332487],[117.266918,40.332535],[117.26645,40.332595],[117.266207,40.33263],[117.265929,40.332678],[117.265634,40.332773],[117.265252,40.332964],[117.264957,40.333095],[117.264722,40.333142],[117.26454,40.333168],[117.264262,40.333147],[117.26395,40.333147],[117.263533,40.333086],[117.263316,40.333112],[117.263003,40.33322],[117.262769,40.333316],[117.2627,40.333359],[117.262465,40.333494],[117.262266,40.333624],[117.262222,40.333663],[117.262179,40.333793],[117.262049,40.333984],[117.261979,40.334106],[117.261788,40.334258],[117.261502,40.33434],[117.261207,40.334392],[117.260694,40.334397],[117.259957,40.334345],[117.259523,40.334301],[117.259323,40.334288],[117.259028,40.334232],[117.258394,40.334145],[117.257361,40.334023],[117.256892,40.333958],[117.256615,40.333924],[117.256111,40.333915],[117.255148,40.334054],[117.254679,40.334175],[117.254253,40.334332],[117.253793,40.334501],[117.253516,40.33474],[117.253394,40.334913],[117.253507,40.33513],[117.254297,40.335929],[117.254575,40.336493],[117.254661,40.336914],[117.254696,40.337491],[117.254349,40.33793],[117.253924,40.338225],[117.25362,40.338429],[117.253142,40.338698],[117.252483,40.339062],[117.251944,40.339345],[117.251589,40.339592],[117.251372,40.339722],[117.250651,40.340182],[117.250547,40.340425],[117.250434,40.340677],[117.250373,40.341098],[117.250356,40.341701],[117.25059,40.342669],[117.250547,40.342904],[117.250373,40.343937],[117.250365,40.344006],[117.2502,40.344536],[117.2498,40.345139],[117.249444,40.345851],[117.249184,40.346367],[117.249097,40.346632],[117.248802,40.34747],[117.248602,40.347812],[117.248464,40.348403],[117.24822,40.348828],[117.247995,40.34944],[117.247934,40.3499],[117.24796,40.35082],[117.248307,40.352279],[117.248342,40.352535],[117.248299,40.352713],[117.248125,40.35283],[117.247622,40.353151],[117.247344,40.35355],[117.247161,40.353824],[117.247144,40.354049],[117.247274,40.354392],[117.247378,40.354757],[117.247552,40.355321],[117.247752,40.355807],[117.247769,40.356267],[117.247474,40.356758],[117.24697,40.357118],[117.246293,40.357461],[117.245634,40.357595],[117.245087,40.357548],[117.244549,40.357313],[117.244071,40.357127],[117.243819,40.357079],[117.243793,40.357057],[117.24375,40.357088],[117.24342,40.357409],[117.243116,40.357977],[117.242812,40.358485],[117.24276,40.358559],[117.242517,40.358932],[117.242231,40.359657],[117.242057,40.360126],[117.241979,40.360508],[117.241875,40.36079],[117.241667,40.361545],[117.241589,40.362183],[117.241328,40.362808],[117.240755,40.363494],[117.239887,40.364275],[117.239575,40.364453],[117.238568,40.36467],[117.238047,40.364779],[117.237595,40.364965],[117.237309,40.36513],[117.237127,40.365595],[117.236988,40.366172],[117.236788,40.366845],[117.236771,40.367365],[117.23658,40.368147],[117.236319,40.368498],[117.235851,40.368676],[117.23533,40.368763],[117.234731,40.368845],[117.233984,40.368989],[117.232908,40.369184],[117.232613,40.36924],[117.231597,40.369336],[117.230625,40.369327],[117.230469,40.369297],[117.229957,40.36921],[117.229306,40.368997],[117.228828,40.368711],[117.228602,40.368681],[117.228351,40.368633],[117.2277,40.368694],[117.227222,40.368767],[117.226719,40.36885],[117.22645,40.368919],[117.226111,40.368967],[117.225651,40.368993],[117.225556,40.368967],[117.225477,40.368945],[117.225043,40.368689],[117.224523,40.368451],[117.22401,40.368112],[117.223594,40.367747],[117.223516,40.367717],[117.223177,40.367582],[117.22276,40.367548],[117.222405,40.367569],[117.221528,40.367691],[117.220781,40.36776],[117.220729,40.367765],[117.220365,40.367773],[117.219748,40.36773],[117.219271,40.36806],[117.218932,40.368403],[117.218628,40.368958],[117.218524,40.36908],[117.218333,40.369288],[117.217856,40.369609],[117.217674,40.369918],[117.217587,40.370208],[117.217569,40.37079],[117.217569,40.370911],[117.217691,40.371181],[117.217743,40.371489],[117.217726,40.371654],[117.21763,40.371901],[117.217526,40.372244],[117.2175,40.372691],[117.217491,40.372721],[117.217439,40.373082],[117.217439,40.373446],[117.217483,40.373898],[117.217448,40.374223],[117.217431,40.374401],[117.217561,40.374518],[117.217622,40.374579],[117.217917,40.374913],[117.217986,40.375148],[117.218012,40.375395],[117.21803,40.375425],[117.218229,40.375725],[117.218464,40.375833],[117.218559,40.376033],[117.218741,40.376315],[117.21921,40.376706],[117.219488,40.376871],[117.219766,40.376997],[117.219991,40.377105],[117.220226,40.377244],[117.220347,40.377387],[117.220399,40.377422],[117.220503,40.377609],[117.220495,40.377786],[117.220477,40.378012],[117.220356,40.378203],[117.220304,40.378247],[117.220035,40.378464],[117.219939,40.378663],[117.219939,40.378993],[117.219974,40.379253],[117.220113,40.379688],[117.22033,40.380022],[117.220608,40.380373],[117.22092,40.380846],[117.22092,40.381094],[117.220799,40.381541],[117.220625,40.38178],[117.220486,40.382088],[117.220503,40.382296],[117.220521,40.382344],[117.220825,40.383194],[117.22105,40.383728],[117.221406,40.384345],[117.222049,40.385091],[117.222613,40.385534],[117.223368,40.385933],[117.22454,40.386493],[117.225538,40.387027],[117.22572,40.387127],[117.225894,40.387227],[117.226502,40.387483],[117.227335,40.387674],[117.22803,40.387895],[117.228941,40.388242],[117.229323,40.388581],[117.229505,40.388915],[117.229783,40.389631],[117.229896,40.390117],[117.230113,40.390673],[117.230382,40.391563],[117.230425,40.391801],[117.230451,40.392049],[117.230469,40.392409],[117.230512,40.392765],[117.230712,40.392938],[117.231007,40.393073],[117.231432,40.39316],[117.232387,40.393203],[117.233724,40.393099],[117.234106,40.393099],[117.234262,40.393108],[117.23428,40.393216],[117.234149,40.393663],[117.233984,40.394336],[117.233941,40.394527],[117.234045,40.395191],[117.234062,40.395447],[117.234054,40.39602],[117.234054,40.396324],[117.233993,40.396523],[117.233872,40.396806],[117.233741,40.397066],[117.23355,40.397313],[117.233368,40.397513],[117.233142,40.397717],[117.232891,40.397891],[117.23263,40.398056],[117.232387,40.398186],[117.232083,40.398398],[117.231528,40.398728],[117.230946,40.399097],[117.230547,40.399262],[117.230182,40.399527],[117.229957,40.399944],[117.229887,40.400208],[117.229844,40.400516],[117.229783,40.400738],[117.229688,40.401311],[117.229722,40.401563],[117.229757,40.401988],[117.229766,40.402357],[117.230095,40.403329],[117.230243,40.403741],[117.230469,40.404084],[117.23059,40.404206],[117.230859,40.404475],[117.231024,40.404683],[117.231172,40.405326],[117.231172,40.40589],[117.231094,40.406345],[117.231076,40.406463],[117.230859,40.40681],[117.230755,40.406988],[117.230391,40.407639],[117.230208,40.407925],[117.230139,40.408194],[117.230095,40.408381],[117.22987,40.408859],[117.2298,40.409102],[117.229705,40.409345],[117.229531,40.409722],[117.229462,40.410078],[117.22947,40.410412],[117.229453,40.410629],[117.229549,40.41089],[117.229635,40.411046],[117.229774,40.411385],[117.229809,40.41161],[117.229818,40.411901],[117.229809,40.412036],[117.229679,40.412235],[117.229323,40.412543],[117.229045,40.4127],[117.228715,40.412899],[117.228568,40.413073],[117.228576,40.413498],[117.228672,40.414015],[117.228568,40.414282],[117.228446,40.414592],[117.228203,40.414805],[117.227708,40.41543],[117.227604,40.415638],[117.227639,40.415833],[117.227986,40.416033],[117.228516,40.416237],[117.229087,40.416555],[117.229957,40.41704],[117.230451,40.4173],[117.231137,40.417695],[117.232014,40.418138],[117.232561,40.418403],[117.232951,40.418659],[117.233021,40.418711],[117.233212,40.419045],[117.23349,40.419297],[117.233576,40.41941],[117.233741,40.419601],[117.233984,40.419987],[117.234062,40.420078],[117.234262,40.420352],[117.23441,40.420599],[117.234601,40.420994],[117.234748,40.421302],[117.234844,40.421437],[117.234974,40.421541],[117.235148,40.421593],[117.23546,40.421597],[117.235807,40.421567],[117.236632,40.421502],[117.237188,40.421489],[117.237335,40.421493],[117.237439,40.421523],[117.237656,40.421723],[117.237812,40.421957],[117.237995,40.422422],[117.238585,40.422843],[117.239141,40.423537],[117.239566,40.424349],[117.239644,40.42477],[117.240069,40.425061],[117.240295,40.42556],[117.240712,40.425799],[117.241033,40.425894],[117.241536,40.426406],[117.242092,40.426432],[117.2427,40.426576],[117.243819,40.426788],[117.244297,40.427292],[117.244705,40.428207],[117.245035,40.428945],[117.245182,40.429184],[117.245382,40.429514],[117.246545,40.430187],[117.24724,40.430681],[117.24822,40.431467],[117.248472,40.431749],[117.248785,40.432174],[117.248863,40.432348],[117.24941,40.433077],[117.24974,40.433416],[117.250226,40.433733],[117.250651,40.434015],[117.251215,40.434058],[117.251372,40.43418],[117.251745,40.434449],[117.252031,40.434748],[117.252543,40.435412],[117.252717,40.435833],[117.252656,40.435977],[117.252969,40.436628],[117.25329,40.43697],[117.25388,40.437769],[117.254106,40.438073],[117.254609,40.438806],[117.255174,40.439201],[117.255521,40.439266],[117.256024,40.439444],[117.256441,40.439683],[117.256762,40.439835],[117.256953,40.439905],[117.257014,40.439926],[117.257604,40.440143],[117.257474,40.440326],[117.257318,40.440608],[117.257066,40.440911],[117.256892,40.44105],[117.256319,40.441059],[117.256102,40.441063],[117.25559,40.441155],[117.255104,40.441398],[117.254783,40.441519],[117.253715,40.441693],[117.253403,40.441775],[117.252179,40.441615],[117.251372,40.442101],[117.251302,40.442148],[117.250807,40.442539],[117.250651,40.4427],[117.250417,40.44296],[117.249774,40.44339],[117.249175,40.443594],[117.248368,40.443737],[117.2477,40.444071],[117.247092,40.444275],[117.246849,40.444444],[117.246424,40.444536],[117.246198,40.444718],[117.246181,40.444939],[117.246007,40.445304],[117.245946,40.445508],[117.245972,40.445825],[117.245877,40.446428],[117.245712,40.446649],[117.24572,40.446788],[117.245686,40.446962],[117.24599,40.447296],[117.246016,40.447891],[117.245903,40.448216],[117.245764,40.448438],[117.245816,40.448741],[117.245833,40.449028],[117.245712,40.449136],[117.245382,40.449184],[117.244696,40.449214],[117.244418,40.44931],[117.244297,40.44947],[117.244236,40.449753],[117.244097,40.449857],[117.243715,40.449878],[117.243064,40.450022],[117.242648,40.450143],[117.242283,40.45026],[117.241554,40.450538],[117.241189,40.450599],[117.24079,40.450755],[117.24046,40.450903],[117.240061,40.451211],[117.239774,40.451389],[117.239314,40.451871],[117.239019,40.452348],[117.238637,40.452652],[117.238342,40.452665],[117.23809,40.452717],[117.236858,40.454093],[117.23638,40.454058],[117.236042,40.45421],[117.235807,40.454366],[117.235417,40.45441],[117.234939,40.45441],[117.234253,40.45447],[117.23401,40.454227],[117.23349,40.454171],[117.233307,40.454106],[117.23309,40.454258],[117.232873,40.454362],[117.232457,40.454627],[117.232049,40.45497],[117.231276,40.4551],[117.230087,40.455221],[117.229766,40.455373],[117.229705,40.455482],[117.229549,40.455638],[117.229193,40.455833],[117.228915,40.456124],[117.228602,40.456628],[117.22854,40.4569],[117.22842,40.457422],[117.228403,40.457504],[117.228385,40.457552],[117.228359,40.457604],[117.227639,40.459805],[117.227326,40.460408],[117.22684,40.46138],[117.226762,40.461576],[117.226762,40.461862],[117.226884,40.462092],[117.22717,40.462448],[117.227352,40.46263],[117.227587,40.462795],[117.227743,40.463008],[117.227917,40.463281],[117.228203,40.463568],[117.22855,40.463689],[117.22895,40.463832],[117.229514,40.463928],[117.229844,40.46411],[117.229965,40.464319],[117.230191,40.464635],[117.230339,40.464948],[117.230547,40.465356],[117.230651,40.46572],[117.230799,40.467452],[117.230712,40.467808],[117.230556,40.467977],[117.230269,40.468051],[117.229913,40.467917],[117.22928,40.467695],[117.229045,40.467695],[117.228637,40.467786],[117.228238,40.46796],[117.227726,40.468077],[117.227161,40.46826],[117.22651,40.468446],[117.225799,40.468607],[117.225104,40.468815],[117.224705,40.468984],[117.224462,40.469123],[117.224288,40.469319],[117.224167,40.469536],[117.224123,40.469835],[117.224019,40.470156],[117.223733,40.470417],[117.223542,40.470577],[117.223047,40.47082],[117.222717,40.470877],[117.222248,40.471094],[117.221997,40.471302],[117.221727,40.47151],[117.221415,40.471979],[117.221207,40.472287],[117.220972,40.472782],[117.220764,40.473273],[117.220642,40.473503],[117.220599,40.473533],[117.22033,40.47372],[117.219983,40.473872],[117.219714,40.47411],[117.219323,40.474501],[117.219253,40.474696],[117.219236,40.475004],[117.21934,40.475382],[117.219392,40.475703],[117.21941,40.476207],[117.21941,40.476606],[117.219427,40.476949],[117.21947,40.477179],[117.219653,40.47753],[117.219774,40.477843],[117.219844,40.478069],[117.219965,40.478286],[117.220165,40.478494],[117.220582,40.478837],[117.221649,40.479544],[117.221849,40.479735],[117.222005,40.479948],[117.221927,40.480109],[117.221849,40.480265],[117.221684,40.48046],[117.22138,40.480768],[117.220998,40.481124],[117.220755,40.481432],[117.220417,40.48174],[117.22026,40.481936],[117.220087,40.482153],[117.219835,40.482339],[117.219618,40.482648],[117.219488,40.482912],[117.219306,40.483129],[117.218941,40.483715],[117.218845,40.483958],[117.218611,40.484262],[117.218351,40.484514],[117.218038,40.484831],[117.21776,40.485204],[117.21737,40.485547],[117.21704,40.485924],[117.216649,40.486385],[117.216172,40.486997],[117.215851,40.487444],[117.21553,40.48803],[117.215469,40.488073],[117.215061,40.488568],[117.2148,40.489067],[117.214488,40.489418],[117.214219,40.489766],[117.214141,40.489844],[117.213759,40.4902],[117.213411,40.490577],[117.213281,40.490807],[117.213108,40.491246],[117.213073,40.491332],[117.212639,40.491918],[117.21217,40.492365],[117.211824,40.492783],[117.211458,40.493225],[117.21099,40.493602],[117.210503,40.493867],[117.209991,40.493958],[117.209583,40.493997],[117.209045,40.493963],[117.20803,40.493759],[117.207561,40.493576],[117.207066,40.493368],[117.206155,40.493394],[117.205582,40.493312],[117.205304,40.493611],[117.205087,40.493867],[117.204401,40.494392],[117.203828,40.494761],[117.202665,40.495417],[117.202483,40.495586],[117.202231,40.495872],[117.202127,40.496081],[117.201979,40.496437],[117.201953,40.496688],[117.201979,40.496975],[117.202057,40.497374],[117.20204,40.497695],[117.202031,40.498012],[117.20197,40.498424],[117.201944,40.49885],[117.201953,40.499115],[117.202014,40.499549],[117.202092,40.499709],[117.202405,40.500056],[117.202587,40.500269],[117.202665,40.500339],[117.203403,40.501016],[117.20395,40.501684],[117.20428,40.502196],[117.20467,40.502617],[117.205,40.502986],[117.205425,40.503229],[117.205998,40.503655],[117.206589,40.503976],[117.207179,40.504336],[117.207578,40.504696],[117.207752,40.505022],[117.207986,40.505543],[117.208047,40.505838],[117.208012,40.506003],[117.207925,40.506063],[117.207656,40.506055],[117.207517,40.506007],[117.207378,40.505907],[117.207222,40.505794],[117.207127,40.505768],[117.206832,40.505812],[117.206649,40.505903],[117.206311,40.50612],[117.206111,40.506293],[117.206042,40.506411],[117.206033,40.506519],[117.206076,40.507096],[117.206111,40.507652],[117.206155,40.508051],[117.206224,40.508429],[117.206441,40.508989],[117.206458,40.509249],[117.20651,40.50957],[117.206684,40.50987],[117.206806,40.510148],[117.206901,40.510534],[117.207049,40.510833],[117.207222,40.511042],[117.207483,40.511211],[117.208168,40.511623],[117.20855,40.511892],[117.208863,40.512018],[117.209418,40.512161],[117.210035,40.51237],[117.210781,40.512548],[117.212257,40.51296],[117.212578,40.513003],[117.213038,40.512995],[117.213498,40.512947],[117.213785,40.512847],[117.214149,40.51273],[117.214627,40.512539],[117.215399,40.512161],[117.215946,40.511914],[117.216441,40.511697],[117.216658,40.511528],[117.217083,40.511137],[117.217457,40.510859],[117.217839,40.510677],[117.218403,40.51046],[117.218681,40.510369],[117.219262,40.510378],[117.219731,40.510352],[117.221042,40.510187],[117.221458,40.510187],[117.221797,40.510148],[117.222413,40.510022],[117.223125,40.509831],[117.223464,40.509731],[117.223793,40.50974],[117.22395,40.5098],[117.224028,40.5101],[117.224123,40.510421],[117.224418,40.510703],[117.22467,40.510838],[117.22533,40.511007],[117.226068,40.511285],[117.226259,40.511428],[117.226389,40.511662],[117.226623,40.511814],[117.226944,40.511866],[117.227257,40.511966],[117.227352,40.512066],[117.227413,40.512326],[117.227561,40.512478],[117.227734,40.512569],[117.227995,40.512595],[117.228351,40.512613],[117.228542,40.512687],[117.228872,40.51283],[117.229149,40.512925],[117.22954,40.512925],[117.229731,40.512943],[117.230312,40.513086],[117.23046,40.513229],[117.230486,40.513715],[117.230512,40.514067],[117.230642,40.514293],[117.230885,40.514527],[117.231285,40.514787],[117.231719,40.515039],[117.23217,40.515208],[117.232595,40.515343],[117.23283,40.515378],[117.23309,40.51536],[117.233542,40.515234],[117.23408,40.515],[117.234444,40.514926],[117.234905,40.514792],[117.235417,40.514679],[117.235885,40.514501],[117.236363,40.514353],[117.236727,40.514201],[117.237135,40.513958],[117.237439,40.513885],[117.237908,40.513819],[117.23822,40.513594],[117.238411,40.513316],[117.238524,40.512951],[117.238715,40.512708],[117.239089,40.512483],[117.239635,40.512166],[117.239852,40.511832],[117.239887,40.511428],[117.240078,40.511003],[117.240373,40.510608],[117.240686,40.510425],[117.240929,40.510408],[117.241293,40.510451],[117.241684,40.51056],[117.241962,40.510729],[117.2423,40.511016],[117.242786,40.51135],[117.243247,40.511554],[117.24375,40.511688],[117.244271,40.511849],[117.244896,40.512001],[117.245677,40.512109],[117.246241,40.512209],[117.24645,40.512313],[117.247057,40.512378],[117.247674,40.512609],[117.248073,40.512799],[117.248576,40.513121],[117.249115,40.513572],[117.249635,40.513255],[117.250165,40.51303],[117.250651,40.512756],[117.250833,40.512665],[117.251372,40.5125],[117.251745,40.512387],[117.252257,40.512148],[117.252569,40.511962],[117.252943,40.511775],[117.253325,40.511589],[117.253628,40.511367],[117.254505,40.511415],[117.255278,40.511428],[117.256085,40.51151],[117.256441,40.511615],[117.256667,40.511797],[117.256797,40.512088],[117.256936,40.512578],[117.257109,40.513108],[117.257248,40.513685],[117.257448,40.514193],[117.257613,40.514839],[117.257726,40.515434],[117.257656,40.515907],[117.257457,40.516128],[117.257127,40.516419],[117.256684,40.516658],[117.25612,40.516905],[117.255747,40.517062],[117.255521,40.517218],[117.255234,40.517457],[117.255009,40.517704],[117.254583,40.518359],[117.254071,40.519201],[117.253767,40.52],[117.253594,40.520417],[117.253576,40.52056],[117.25355,40.52066],[117.253064,40.52112],[117.252691,40.521393],[117.252448,40.521615],[117.252248,40.521871],[117.252049,40.522227],[117.251849,40.522635],[117.251693,40.523095],[117.251493,40.523503],[117.251372,40.523806],[117.25112,40.524097],[117.250651,40.52454],[117.250434,40.524839],[117.250043,40.525321],[117.249705,40.52569],[117.249297,40.525998],[117.248915,40.526376],[117.248672,40.526606],[117.248602,40.526858],[117.248628,40.527418],[117.248576,40.527878],[117.248481,40.528242],[117.248247,40.528676],[117.248038,40.52911],[117.247917,40.529453],[117.247934,40.529753],[117.248038,40.530048],[117.248099,40.530265],[117.248047,40.530486],[117.24776,40.531115],[117.247552,40.531341],[117.247491,40.531619],[117.247214,40.532109],[117.246849,40.532487],[117.246658,40.532765],[117.24605,40.534262],[117.245556,40.534961],[117.244896,40.535512],[117.244401,40.535868],[117.244062,40.536107],[117.243212,40.536615],[117.242595,40.537049],[117.242144,40.537448],[117.241927,40.537704],[117.241302,40.538303],[117.241259,40.538381],[117.241059,40.538711],[117.240964,40.538872],[117.240981,40.539054],[117.24099,40.539167],[117.241137,40.539375],[117.241241,40.539592],[117.241632,40.539922],[117.242622,40.540226],[117.243568,40.54049],[117.244149,40.54066],[117.244349,40.540877],[117.244323,40.541107],[117.244219,40.54122],[117.243767,40.54138],[117.243689,40.541589],[117.243689,40.541862],[117.24375,40.542044],[117.243993,40.542409],[117.244262,40.542674],[117.244253,40.542956],[117.244297,40.543173],[117.244418,40.543759],[117.244418,40.544032],[117.244149,40.544284],[117.243689,40.544596],[117.24316,40.544857],[117.242925,40.545052],[117.242969,40.545716],[117.243021,40.546094],[117.243116,40.546541],[117.24309,40.546814],[117.24362,40.547053],[117.244028,40.547235],[117.244774,40.547496],[117.245981,40.54793],[117.246337,40.548099],[117.246771,40.54842],[117.247179,40.548715],[117.247509,40.549045],[117.247995,40.549653],[117.248238,40.549935],[117.248655,40.550074],[117.249106,40.550004],[117.249444,40.549944],[117.249939,40.549935],[117.250234,40.549974],[117.250469,40.550113],[117.250651,40.55026],[117.250877,40.550438],[117.251215,40.550681],[117.251372,40.550773],[117.251545,40.550872],[117.25178,40.550977],[117.252083,40.551076],[117.252318,40.551141],[117.252622,40.551198],[117.252847,40.551315],[117.253177,40.551497],[117.253429,40.551662],[117.253924,40.552031],[117.254366,40.55247],[117.254679,40.552656],[117.255026,40.552878],[117.255252,40.553099],[117.255408,40.553303],[117.255885,40.553711],[117.256241,40.553958],[117.25658,40.554349],[117.256936,40.554518],[117.257179,40.554635],[117.257405,40.55487],[117.257717,40.555169],[117.257934,40.55543],[117.258212,40.555794],[117.258351,40.556016],[117.258455,40.556215],[117.258637,40.556367],[117.258819,40.556445],[117.259062,40.556437],[117.259332,40.556437],[117.259523,40.556415],[117.259696,40.556445],[117.259852,40.55658],[117.259991,40.556736],[117.260312,40.557001],[117.260599,40.557192],[117.260799,40.557352],[117.261033,40.557526],[117.261337,40.557821],[117.261536,40.558016],[117.262031,40.558455],[117.262587,40.558759],[117.262752,40.55888],[117.262995,40.559062],[117.263342,40.559188],[117.263976,40.559392],[117.264262,40.55944],[117.264427,40.559431],[117.265,40.559466],[117.265382,40.559579],[117.265885,40.559813],[117.266181,40.559961],[117.266727,40.560109],[117.266997,40.560109],[117.267422,40.559965],[117.267804,40.559774],[117.268264,40.559475],[117.268845,40.559219],[117.269288,40.559097],[117.270009,40.559015],[117.270911,40.558984],[117.271684,40.558924],[117.272517,40.558906],[117.272769,40.55895],[117.27316,40.559132],[117.27375,40.559427],[117.274531,40.559957],[117.275399,40.560464],[117.276181,40.560885],[117.276727,40.561237],[117.277335,40.561845],[117.277595,40.562066],[117.278003,40.562513],[117.278377,40.562843],[117.278845,40.563381],[117.279097,40.563663],[117.279384,40.563806],[117.279661,40.56395],[117.279948,40.56401],[117.280373,40.564015],[117.280747,40.564006],[117.280964,40.564028],[117.281823,40.564249],[117.282396,40.564388],[117.282786,40.564488],[117.282969,40.564497],[117.283273,40.564444],[117.283672,40.564388],[117.284045,40.564401],[117.284375,40.564475],[117.284826,40.56454],[117.285095,40.564544],[117.285399,40.564531],[117.286137,40.564462],[117.286788,40.564497],[117.287396,40.564622],[117.287743,40.564813],[117.289818,40.565807],[117.290408,40.566068],[117.290608,40.566133],[117.290937,40.56625],[117.291111,40.566267],[117.291589,40.565946],[117.292057,40.565699],[117.292786,40.565404],[117.29303,40.565386],[117.293186,40.565556],[117.293663,40.566037],[117.293863,40.566263],[117.293941,40.566684],[117.293932,40.567066],[117.294036,40.567248],[117.29428,40.567439],[117.294549,40.567556],[117.294948,40.567639],[117.295191,40.567717],[117.29533,40.567869],[117.295312,40.568012],[117.295243,40.568186],[117.295252,40.568325],[117.295382,40.568437],[117.29559,40.568529],[117.295799,40.568585],[117.295946,40.568598],[117.296398,40.568624],[117.296849,40.568659],[117.297161,40.568785],[117.29763,40.569036],[117.298003,40.569392],[117.298351,40.56987],[117.298576,40.570286],[117.298628,40.570681],[117.298741,40.57092],[117.298898,40.571341],[117.29895,40.571714],[117.299123,40.571814],[117.299314,40.571918],[117.299792,40.572101],[117.300434,40.572344],[117.300816,40.572513],[117.300911,40.572578],[117.301667,40.573255],[117.302187,40.573615],[117.302509,40.573876],[117.302734,40.574219],[117.303047,40.574549],[117.303342,40.574861],[117.303776,40.575135],[117.304184,40.575321],[117.304575,40.57566],[117.304766,40.575833],[117.304905,40.576063],[117.304965,40.576332],[117.305061,40.57648],[117.305278,40.57658],[117.305503,40.576528],[117.305903,40.576372],[117.306224,40.576237],[117.306684,40.575977],[117.306953,40.575877],[117.307135,40.57592],[117.307414,40.576139],[117.307665,40.576337],[117.308003,40.576793],[117.308316,40.576944],[117.308637,40.576979],[117.309019,40.576936],[117.30934,40.576836],[117.309644,40.576697],[117.310009,40.576628],[117.310573,40.576736],[117.310877,40.576832],[117.311293,40.57681],[117.311528,40.576749],[117.311875,40.576619],[117.312144,40.576467],[117.31224,40.576319],[117.312231,40.576141],[117.312057,40.575773],[117.311997,40.575569],[117.312031,40.575421],[117.312153,40.575299],[117.312335,40.57526],[117.312622,40.575399],[117.313108,40.575699],[117.313255,40.575781],[117.313611,40.575903],[117.313845,40.576033],[117.314167,40.576115],[117.314418,40.576102],[117.314609,40.57599],[117.314644,40.575716],[117.314714,40.575521],[117.314852,40.575443],[117.315087,40.575434],[117.315365,40.575664],[117.315747,40.575924],[117.316285,40.576306],[117.316641,40.576454],[117.317179,40.576636],[117.317483,40.576684],[117.317986,40.576736],[117.318394,40.576714],[117.318854,40.57668],[117.319705,40.576185],[117.320182,40.575911],[117.320755,40.575582],[117.321128,40.575299],[117.321476,40.574826],[117.321849,40.574484],[117.321997,40.574431],[117.322595,40.574227],[117.323255,40.574162],[117.323941,40.574245],[117.324427,40.574349],[117.324887,40.574388],[117.325078,40.574397],[117.326319,40.574722],[117.326658,40.574805],[117.326814,40.574896],[117.327092,40.575156],[117.327274,40.575169],[117.327517,40.5751],[117.327786,40.575004],[117.328003,40.574987],[117.328446,40.575543],[117.328767,40.57576],[117.329123,40.575942],[117.329592,40.576124],[117.329722,40.576228],[117.329809,40.576467],[117.329905,40.576923],[117.330122,40.577187],[117.330373,40.577313],[117.330634,40.577361],[117.331146,40.577387],[117.331372,40.577435],[117.331684,40.577652],[117.331884,40.577743],[117.332144,40.577869],[117.332431,40.577917],[117.332682,40.578064],[117.333203,40.578503],[117.333576,40.578819],[117.334002,40.579028],[117.334661,40.579336],[117.335113,40.579536],[117.335608,40.5798],[117.335885,40.579948],[117.33612,40.580078],[117.336389,40.580191],[117.33651,40.580234],[117.336806,40.580299],[117.337109,40.580386],[117.337439,40.580421],[117.337734,40.580356],[117.338047,40.580243],[117.33849,40.580243],[117.339514,40.580386],[117.339696,40.580425],[117.339844,40.580425],[117.340208,40.580343],[117.340503,40.580243],[117.340807,40.580052],[117.341207,40.579722],[117.341528,40.579475],[117.341797,40.57941],[117.341953,40.579397],[117.342179,40.579453],[117.342491,40.57964],[117.34276,40.579865],[117.342908,40.580178],[117.34309,40.580516],[117.34322,40.580612],[117.343368,40.580677],[117.343533,40.580677],[117.343811,40.580547],[117.343941,40.580339],[117.344036,40.579952],[117.344132,40.579271],[117.344201,40.578845],[117.344453,40.578568],[117.344783,40.578359],[117.345095,40.578147],[117.345417,40.577843],[117.34566,40.577652],[117.346042,40.577448],[117.346345,40.577313],[117.346615,40.577279],[117.347066,40.577279],[117.347604,40.577305],[117.348177,40.577387],[117.348498,40.577448],[117.348776,40.577448],[117.348889,40.577413],[117.34901,40.577326],[117.349054,40.577131],[117.349115,40.576793],[117.349175,40.576523],[117.349349,40.576354],[117.349618,40.576241],[117.349931,40.57612],[117.350339,40.576011],[117.350773,40.57592],[117.351233,40.575868],[117.351528,40.57582],[117.351814,40.575751],[117.352396,40.575629],[117.352795,40.575577],[117.353203,40.575499],[117.353568,40.575343],[117.353898,40.575082],[117.354271,40.574865],[117.354601,40.574705],[117.354896,40.574549],[117.355174,40.574462],[117.355538,40.574349],[117.35592,40.574306],[117.356415,40.574332],[117.356927,40.574414],[117.357552,40.574505],[117.358056,40.574648],[117.358351,40.574679],[117.358542,40.574661],[117.358872,40.574557],[117.35921,40.574423],[117.359297,40.574288],[117.359462,40.573789],[117.359592,40.573433],[117.359705,40.573129],[117.359905,40.572843],[117.360113,40.572595],[117.360312,40.572287],[117.36053,40.572062],[117.360538,40.571992],[117.360495,40.571875],[117.360373,40.571636],[117.360365,40.571502],[117.360399,40.571419],[117.360573,40.571298],[117.360911,40.571233],[117.36125,40.571211],[117.361562,40.571163],[117.361875,40.571068],[117.362179,40.57092],[117.362483,40.570738],[117.362717,40.570543],[117.36283,40.570304],[117.362839,40.570069],[117.362821,40.569883],[117.36276,40.569601],[117.362578,40.569214],[117.362535,40.568993],[117.362509,40.568824],[117.362561,40.568733],[117.362648,40.568585],[117.362734,40.568546],[117.363186,40.568507],[117.363559,40.568555],[117.363932,40.568607],[117.364349,40.568663],[117.364635,40.568663],[117.364957,40.568724],[117.365208,40.568733],[117.365373,40.568681],[117.365521,40.568568],[117.365556,40.568477],[117.365512,40.568338],[117.365252,40.568095],[117.365191,40.567947],[117.36513,40.567747],[117.365139,40.567622],[117.365226,40.567461],[117.365425,40.567179],[117.365686,40.566949],[117.365894,40.566771],[117.366172,40.566602],[117.366536,40.566428],[117.366962,40.566354],[117.367257,40.566289],[117.367561,40.56625],[117.367769,40.566254],[117.368099,40.566359],[117.368342,40.56638],[117.368507,40.566337],[117.368724,40.566259],[117.368819,40.566124],[117.368863,40.565929],[117.368854,40.565599],[117.368845,40.565135],[117.368932,40.564792],[117.369097,40.564405],[117.369323,40.56411],[117.369609,40.563789],[117.369965,40.563346],[117.370278,40.562973],[117.370477,40.562635],[117.370616,40.562461],[117.370964,40.562196],[117.371155,40.562066],[117.371458,40.561944],[117.371693,40.561823],[117.371901,40.56178],[117.372352,40.561719],[117.372882,40.561701],[117.373247,40.561727],[117.373715,40.561823],[117.373976,40.561927],[117.374384,40.561984],[117.374722,40.561997],[117.375035,40.561975],[117.375321,40.561875],[117.375599,40.561649],[117.375738,40.561463],[117.375825,40.561259],[117.375859,40.560816],[117.375894,40.560716],[117.375964,40.560317],[117.37612,40.559983],[117.376363,40.559931],[117.37658,40.559878],[117.376823,40.559844],[117.377135,40.559831],[117.377578,40.559844],[117.377882,40.559961],[117.37829,40.560122],[117.378698,40.560191],[117.37901,40.560195],[117.379306,40.560174],[117.379679,40.560065],[117.379931,40.560004],[117.380165,40.559835],[117.380443,40.559553],[117.38072,40.559284],[117.380911,40.559223],[117.38105,40.55924],[117.381215,40.559306],[117.381467,40.559466],[117.381589,40.559518],[117.38191,40.55957],[117.382205,40.559631],[117.382552,40.559692],[117.382726,40.559792],[117.382882,40.559944],[117.383012,40.560152],[117.38316,40.560512],[117.383333,40.561085],[117.383403,40.561393],[117.383498,40.561784],[117.383498,40.562148],[117.383481,40.562331],[117.383655,40.56253],[117.383993,40.562765],[117.384358,40.563095],[117.384531,40.563355],[117.384792,40.563668],[117.385035,40.563841],[117.385252,40.56411],[117.385347,40.564297],[117.385469,40.564562],[117.385642,40.5649],[117.385694,40.56503],[117.385799,40.565165],[117.385972,40.565282],[117.386424,40.565621],[117.38671,40.565799],[117.386997,40.565937],[117.3875,40.566189],[117.387908,40.566341],[117.388307,40.566463],[117.38888,40.566584],[117.389245,40.566667],[117.389696,40.566771],[117.390104,40.566766],[117.39059,40.566801],[117.390946,40.566884],[117.391224,40.567014],[117.391502,40.567096],[117.391901,40.567201],[117.392405,40.567296],[117.392786,40.567387],[117.393264,40.567496],[117.39355,40.56763],[117.393837,40.567773],[117.394045,40.56799],[117.394349,40.568277],[117.39454,40.56855],[117.394679,40.568802],[117.394687,40.569141],[117.394687,40.569766],[117.394731,40.569913],[117.394844,40.570226],[117.394983,40.570547],[117.395052,40.570755],[117.395139,40.570968],[117.395174,40.571198],[117.395312,40.571541],[117.395521,40.571801],[117.395677,40.571992],[117.395764,40.572131],[117.396415,40.572465],[117.396606,40.572595],[117.396832,40.572678],[117.397031,40.572687],[117.397352,40.572669],[117.397656,40.572587],[117.398012,40.572422],[117.398351,40.572183],[117.398655,40.572001],[117.398984,40.571753],[117.39954,40.571389],[117.399861,40.571176],[117.400165,40.571016],[117.400503,40.570872],[117.400851,40.570725],[117.401224,40.570625],[117.401736,40.570547],[117.402222,40.570417],[117.402361,40.570356],[117.402604,40.570304],[117.402786,40.570295],[117.40309,40.570352],[117.403481,40.57049],[117.403967,40.570616],[117.404323,40.570668],[117.404575,40.570655],[117.4048,40.570638],[117.405043,40.570569],[117.405286,40.570456],[117.405547,40.570239],[117.405729,40.569991],[117.405859,40.569796],[117.40599,40.569457],[117.406128,40.56921],[117.406259,40.568989],[117.406302,40.568694],[117.40638,40.568546],[117.406441,40.568429],[117.406484,40.568377],[117.406536,40.56832],[117.40671,40.568325],[117.406927,40.568516],[117.407326,40.568772],[117.407691,40.569023],[117.408064,40.569262],[117.408229,40.56931],[117.408411,40.56931],[117.40875,40.569266],[117.408976,40.569158],[117.409141,40.568976],[117.409401,40.568759],[117.40967,40.568576],[117.40987,40.568446],[117.410043,40.568307],[117.4102,40.568168],[117.410417,40.568012],[117.410642,40.56799],[117.410842,40.56799],[117.411163,40.567969],[117.411398,40.567947],[117.411701,40.567826],[117.411918,40.567717],[117.412326,40.567543],[117.412552,40.567465],[117.41309,40.567365],[117.413524,40.567383],[117.414089,40.567478],[117.41447,40.567543],[117.414722,40.567661],[117.415,40.567791],[117.415191,40.567917],[117.415295,40.568077],[117.415425,40.568359],[117.415556,40.568655],[117.415781,40.568863],[117.415972,40.569058],[117.416476,40.569475],[117.416814,40.569783],[117.417101,40.569987],[117.417526,40.570334],[117.417839,40.570543],[117.418134,40.570829],[117.418446,40.571042],[117.418724,40.571172],[117.419314,40.571571],[117.419661,40.571788],[117.419983,40.571988],[117.420286,40.572248],[117.420512,40.572426],[117.420747,40.572609],[117.421076,40.572791],[117.421345,40.572921],[117.421753,40.57316],[117.421901,40.57326],[117.422109,40.573511],[117.422344,40.573789],[117.4225,40.573937],[117.422821,40.57418],[117.423073,40.574427],[117.423229,40.574562],[117.423168,40.574948],[117.423099,40.575365],[117.423082,40.575916],[117.423099,40.576975],[117.423116,40.577405],[117.423047,40.577726],[117.42283,40.577843],[117.422569,40.577904],[117.422309,40.578016],[117.421953,40.578121],[117.421432,40.578251],[117.421146,40.578338],[117.420955,40.578485],[117.420825,40.578659],[117.420443,40.579106],[117.420182,40.579319],[117.419948,40.579449],[117.419236,40.579661],[117.418889,40.57974],[117.41862,40.579779],[117.418342,40.579783],[117.417977,40.5798],[117.417509,40.579796],[117.416979,40.579748],[117.416736,40.57974],[117.416597,40.579783],[117.41645,40.57987],[117.416406,40.58],[117.416389,40.580174],[117.416354,40.580404],[117.416354,40.580894],[117.416276,40.58115],[117.416207,40.581367],[117.416146,40.581484],[117.416128,40.581901],[117.415998,40.5824],[117.415833,40.58273],[117.415712,40.583047],[117.415625,40.583281],[117.415581,40.583391],[117.415321,40.584375],[117.414977,40.585211],[117.414722,40.585829],[117.414661,40.586376],[117.414792,40.586845],[117.414757,40.58707],[117.414158,40.587843],[117.413872,40.588785],[117.413854,40.589288],[117.41421,40.590603],[117.414991,40.591597],[117.415017,40.591975],[117.414366,40.592665],[117.412057,40.594063],[117.411102,40.595438],[117.41053,40.597027],[117.410356,40.597257],[117.409392,40.598216],[117.407986,40.599132],[117.407865,40.599345],[117.407794,40.599768],[117.407648,40.600647],[117.407413,40.601076],[117.406597,40.601866],[117.405972,40.603533],[117.406302,40.604171],[117.407483,40.605881],[117.407691,40.60661],[117.407986,40.608455],[117.409601,40.609436],[117.40974,40.609596],[117.410469,40.611845],[117.410729,40.612283],[117.411076,40.612365],[117.411554,40.612795],[117.41184,40.613628],[117.412049,40.614818],[117.412422,40.615512],[117.413194,40.615916],[117.414748,40.616411],[117.415252,40.616432],[117.416215,40.616701],[117.416892,40.617183],[117.417205,40.617539],[117.417769,40.618494],[117.417943,40.61918],[117.417943,40.62026],[117.417639,40.621775],[117.417274,40.622773],[117.416806,40.623741],[117.414149,40.627018],[117.413767,40.627626],[117.413707,40.628655],[117.413811,40.629136],[117.413837,40.630013],[117.41375,40.630464],[117.413776,40.632483],[117.414089,40.633286],[117.414418,40.633824],[117.415113,40.634358],[117.415795,40.634782],[117.418498,40.636463],[117.419443,40.636528],[117.419636,40.636539],[117.42079,40.636697],[117.422118,40.636033],[117.422153,40.635859],[117.421563,40.635239],[117.421363,40.634896],[117.421467,40.634076],[117.421997,40.632908],[117.422046,40.632501],[117.422049,40.632478],[117.422037,40.632307],[117.42158,40.630764],[117.421797,40.630282],[117.423177,40.629249],[117.425017,40.628082],[117.425052,40.6277],[117.424852,40.627517],[117.424358,40.627405],[117.42309,40.627422],[117.422873,40.627331],[117.422856,40.627088],[117.422995,40.626875],[117.423264,40.626701],[117.424404,40.626318],[117.424479,40.62628],[117.424576,40.626227],[117.425,40.625942],[117.425226,40.625408],[117.425035,40.624826],[117.424531,40.624301],[117.424644,40.624054],[117.4248,40.624002],[117.427248,40.624323],[117.428377,40.624227],[117.429271,40.624045],[117.431259,40.62411],[117.431953,40.624258],[117.432222,40.624397],[117.432578,40.624766],[117.432925,40.624878],[117.433646,40.624848],[117.434523,40.624944],[117.43474,40.625143],[117.434991,40.626029],[117.435243,40.626267],[117.435538,40.626389],[117.43724,40.626406],[117.440104,40.626684],[117.44151,40.626237],[117.442153,40.626554],[117.442153,40.626801],[117.441398,40.627773],[117.441033,40.628433],[117.440911,40.628711],[117.440938,40.628958],[117.444089,40.629918],[117.444392,40.630122],[117.444757,40.630612],[117.445243,40.632231],[117.445686,40.634935],[117.44592,40.635833],[117.445868,40.636259],[117.445347,40.636723],[117.445278,40.636888],[117.444878,40.638854],[117.445382,40.63997],[117.445608,40.640191],[117.446024,40.640404],[117.447083,40.640729],[117.4473,40.640964],[117.447292,40.641272],[117.446745,40.641957],[117.446649,40.642487],[117.446241,40.643073],[117.445087,40.644197],[117.444757,40.644631],[117.444722,40.644991],[117.444985,40.645397],[117.445009,40.645434],[117.445134,40.64552],[117.446684,40.64648],[117.447153,40.646871],[117.447674,40.646727],[117.449184,40.646602],[117.44954,40.646654],[117.449618,40.646762],[117.449757,40.647587],[117.44691,40.648095],[117.445898,40.648383],[117.445715,40.648448],[117.445078,40.648676],[117.44276,40.648984],[117.442457,40.649497],[117.442196,40.649709],[117.442179,40.649892],[117.44237,40.650004],[117.443368,40.650191],[117.443828,40.650395],[117.445668,40.650469],[117.44638,40.650647],[117.44724,40.651098],[117.44796,40.651085],[117.448863,40.651289],[117.450738,40.651011],[117.451241,40.651063],[117.451806,40.651424],[117.452378,40.651445],[117.453611,40.651194],[117.455304,40.65151],[117.456241,40.651441],[117.457049,40.651142],[117.457031,40.650846],[117.457135,40.650729],[117.457153,40.650517],[117.456224,40.649935],[117.455174,40.649544],[117.455017,40.649358],[117.454973,40.649012],[117.454983,40.648919],[117.455046,40.648839],[117.455503,40.64849],[117.456571,40.64809],[117.45678,40.647912],[117.457179,40.647253],[117.457352,40.647127],[117.457604,40.647092],[117.45928,40.6473],[117.460226,40.647665],[117.46059,40.648034],[117.460833,40.648602],[117.460981,40.648685],[117.461094,40.648607],[117.461094,40.648116],[117.461198,40.647969],[117.462847,40.647188],[117.463655,40.646658],[117.464054,40.64622],[117.465226,40.643832],[117.465825,40.643103],[117.466424,40.642921],[117.46888,40.642895],[117.469036,40.642813],[117.469167,40.642418],[117.468976,40.641298],[117.468993,40.640386],[117.468845,40.639744],[117.468924,40.638372],[117.469141,40.63773],[117.470174,40.635816],[117.471311,40.635074],[117.471458,40.634505],[117.471311,40.63411],[117.471337,40.633824],[117.471832,40.633589],[117.473828,40.63362],[117.474696,40.633316],[117.476016,40.633268],[117.478012,40.633403],[117.478342,40.633212],[117.478872,40.63247],[117.479531,40.632014],[117.479947,40.632049],[117.48046,40.632092],[117.480911,40.632318],[117.482153,40.633646],[117.48303,40.634371],[117.483342,40.634544],[117.484193,40.634718],[117.488134,40.634627],[117.489314,40.634709],[117.49092,40.635035],[117.491233,40.634957],[117.491727,40.634661],[117.492222,40.634609],[117.493863,40.634757],[117.494253,40.634961],[117.49467,40.635286],[117.494844,40.635773],[117.494714,40.636858],[117.494757,40.637635],[117.495174,40.638364],[117.495139,40.638585],[117.494705,40.639201],[117.494618,40.639575],[117.494661,40.639926],[117.494401,40.640438],[117.494384,40.640794],[117.495113,40.64207],[117.495417,40.643064],[117.496493,40.643976],[117.498067,40.644306],[117.498242,40.644387],[117.498472,40.644701],[117.49855,40.645174],[117.498533,40.645885],[117.498255,40.647335],[117.498059,40.647683],[117.498047,40.647704],[117.497963,40.647852],[117.496181,40.650352],[117.496085,40.650881],[117.496111,40.651259],[117.496259,40.651628],[117.496832,40.652057],[117.49776,40.65227],[117.499141,40.652131],[117.499818,40.652236],[117.500208,40.652283],[117.500538,40.652305],[117.500651,40.652296],[117.501033,40.652387],[117.501372,40.652461],[117.501563,40.652504],[117.501814,40.652613],[117.502075,40.652661],[117.502378,40.652674],[117.502691,40.652687],[117.503021,40.652786],[117.503516,40.652886],[117.503863,40.653016],[117.504271,40.653164],[117.504618,40.65332],[117.505035,40.653438],[117.505503,40.65355],[117.505868,40.653698],[117.506328,40.653811],[117.506675,40.653911],[117.507083,40.654232],[117.507335,40.654566],[117.507387,40.654774],[117.507413,40.655095],[117.507448,40.655347],[117.507509,40.655642],[117.507587,40.655851],[117.507595,40.656042],[117.507578,40.656493],[117.507578,40.656701],[117.507639,40.65704],[117.507656,40.657361],[117.507891,40.657695],[117.508012,40.657869],[117.508047,40.658103],[117.508108,40.658585],[117.50809,40.658819],[117.508073,40.659097],[117.507943,40.659362],[117.50776,40.659648],[117.507439,40.659974],[117.507274,40.660156],[117.507031,40.66036],[117.506823,40.660421],[117.506493,40.660569],[117.506128,40.660686],[117.505747,40.660851],[117.505382,40.661115],[117.505156,40.661263],[117.504679,40.661628],[117.50441,40.661806],[117.504089,40.662057],[117.503837,40.662231],[117.503585,40.662365],[117.503438,40.662409],[117.503186,40.662513],[117.50296,40.6626],[117.502691,40.662717],[117.502257,40.662908],[117.502023,40.663121],[117.501806,40.663294],[117.501372,40.663602],[117.501068,40.663898],[117.50072,40.664206],[117.500651,40.664414],[117.500252,40.664844],[117.499931,40.665116],[117.499201,40.665712],[117.498524,40.666076],[117.497873,40.666302],[117.497518,40.666573],[117.497405,40.666684],[117.497196,40.666884],[117.497179,40.667014],[117.497153,40.667166],[117.497049,40.667365],[117.497005,40.667439],[117.496892,40.6676],[117.496606,40.667956],[117.496372,40.66819],[117.496363,40.668216],[117.495894,40.668416],[117.495495,40.668537],[117.494592,40.668646],[117.49421,40.66865],[117.494167,40.66865],[117.493741,40.668702],[117.493446,40.668919],[117.493351,40.66911],[117.493325,40.669371],[117.493299,40.669761],[117.493264,40.670069],[117.493186,40.670208],[117.49309,40.670352],[117.492769,40.670616],[117.492396,40.670877],[117.49197,40.671072],[117.491224,40.67148],[117.490747,40.671701],[117.490278,40.671966],[117.489661,40.672279],[117.489479,40.672517],[117.489236,40.672721],[117.48862,40.672943],[117.488134,40.673003],[117.487769,40.673125],[117.487552,40.673268],[117.487179,40.673516],[117.486745,40.673776],[117.486241,40.673902],[117.485599,40.673889],[117.485295,40.67388],[117.484653,40.673945],[117.484106,40.674019],[117.483438,40.674288],[117.482057,40.674878],[117.481936,40.674931],[117.48105,40.674874],[117.480686,40.674878],[117.480113,40.674961],[117.479861,40.675156],[117.479297,40.67549],[117.478941,40.675616],[117.478681,40.675616],[117.478368,40.675543],[117.478099,40.675564],[117.477535,40.676185],[117.476285,40.677127],[117.475955,40.677431],[117.475755,40.677496],[117.475538,40.677383],[117.47533,40.677049],[117.474783,40.676402],[117.473854,40.67572],[117.473108,40.675516],[117.472405,40.675313],[117.471606,40.675165],[117.470903,40.675082],[117.469722,40.675169],[117.469219,40.675161],[117.468785,40.675009],[117.46829,40.674557],[117.46783,40.674184],[117.467561,40.674049],[117.467057,40.67408],[117.466458,40.674158],[117.466224,40.674115],[117.466068,40.674054],[117.465755,40.673958],[117.465382,40.673411],[117.465009,40.672973],[117.464835,40.672778],[117.464453,40.672574],[117.463819,40.672344],[117.462387,40.672188],[117.462161,40.672062],[117.461936,40.671997],[117.461502,40.671749],[117.461094,40.671732],[117.460677,40.671684],[117.459306,40.67184],[117.45849,40.671966],[117.458194,40.67207],[117.457752,40.672161],[117.45763,40.672201],[117.45592,40.672847],[117.455382,40.673181],[117.45441,40.673516],[117.453299,40.674288],[117.452569,40.674705],[117.451372,40.675143],[117.450182,40.675313],[117.449965,40.675304],[117.449227,40.675273],[117.44803,40.675135],[117.447161,40.675043],[117.447031,40.675069],[117.44724,40.67602],[117.447092,40.676133],[117.446684,40.676111],[117.446302,40.676072],[117.445929,40.675946],[117.445564,40.675825],[117.444201,40.675378],[117.443689,40.675378],[117.443333,40.675464],[117.442248,40.675469],[117.440703,40.675495],[117.440043,40.675352],[117.439609,40.674983],[117.439201,40.674653],[117.438819,40.67451],[117.438082,40.67451],[117.437274,40.674701],[117.43684,40.674766],[117.436241,40.674826],[117.435477,40.674996],[117.434965,40.675412],[117.434401,40.675929],[117.433785,40.676862],[117.433403,40.677569],[117.433247,40.678064],[117.43322,40.678498],[117.433281,40.679596],[117.432986,40.680135],[117.432309,40.680859],[117.431337,40.681589],[117.430582,40.681966],[117.429931,40.68201],[117.42947,40.681884],[117.428516,40.681311],[117.427179,40.68053],[117.426389,40.680117],[117.425946,40.679996],[117.425243,40.680286],[117.424653,40.680725],[117.424028,40.680911],[117.422622,40.681497],[117.42178,40.681871],[117.421076,40.682309],[117.420078,40.683203],[117.41967,40.683659],[117.418932,40.683785],[117.418281,40.683789],[117.417413,40.683893],[117.417031,40.683832],[117.415729,40.683737],[117.415373,40.683737],[117.415269,40.683737],[117.414861,40.683819],[117.414644,40.683967],[117.41421,40.68434],[117.413724,40.684861],[117.412561,40.685317],[117.411858,40.685404],[117.410712,40.685408],[117.409601,40.684996],[117.409028,40.684731],[117.408073,40.684301],[117.407283,40.684262],[117.406337,40.684431],[117.405764,40.684679],[117.404818,40.685035],[117.403889,40.6851],[117.403082,40.685538],[117.402752,40.685642],[117.402457,40.685642],[117.401962,40.685395],[117.40033,40.684905],[117.399514,40.684557],[117.398533,40.684414],[117.397066,40.684236],[117.395842,40.683824],[117.395052,40.683372],[117.394201,40.683082],[117.392734,40.682535],[117.391918,40.682391],[117.391172,40.682235],[117.390503,40.682153],[117.390443,40.68214],[117.38987,40.682144],[117.389149,40.682209],[117.388212,40.682287],[117.388021,40.682348],[117.387214,40.682435],[117.38684,40.682496],[117.38671,40.682287],[117.386215,40.681901],[117.385729,40.681814],[117.385078,40.681918],[117.383516,40.682405],[117.382639,40.682548],[117.381953,40.682622],[117.38145,40.682652],[117.381137,40.682652],[117.380243,40.682543],[117.379696,40.682148],[117.379193,40.681623],[117.37829,40.68072],[117.377656,40.6801],[117.376701,40.679674],[117.375937,40.67941],[117.375365,40.679115],[117.374818,40.678763],[117.374366,40.67852],[117.372031,40.677309],[117.371441,40.677183],[117.370807,40.677244],[117.3698,40.677513],[117.368759,40.677886],[117.367986,40.678043],[117.3675,40.678043],[117.366042,40.678451],[117.364757,40.678338],[117.363863,40.678099],[117.363255,40.677782],[117.362899,40.677569],[117.362535,40.677179],[117.36224,40.676953],[117.361467,40.676406],[117.360998,40.675686],[117.360625,40.67543],[117.359922,40.675095],[117.359115,40.67497],[117.358472,40.674961],[117.358003,40.674987],[117.357899,40.674813],[117.357856,40.67454],[117.357491,40.674297],[117.357196,40.674097],[117.356782,40.673924],[117.356285,40.673715],[117.355608,40.673464],[117.354809,40.673151],[117.354436,40.672886],[117.353819,40.672548],[117.353056,40.672335],[117.352509,40.672309],[117.351953,40.672326],[117.351597,40.672374],[117.351302,40.672496],[117.351076,40.672556],[117.350764,40.672661],[117.350443,40.672661],[117.349809,40.672661],[117.349297,40.672578],[117.347517,40.672595],[117.345625,40.672218],[117.34454,40.672105],[117.343672,40.672018],[117.342856,40.67204],[117.34171,40.672105],[117.340087,40.672235],[117.338941,40.672196],[117.336502,40.672057],[117.336007,40.672079],[117.335764,40.671875],[117.335547,40.671398],[117.334835,40.670035],[117.334392,40.669666],[117.334097,40.669253],[117.33322,40.668676],[117.33276,40.668451],[117.331623,40.667973],[117.331493,40.66776],[117.33138,40.667391],[117.331285,40.66701],[117.331198,40.666858],[117.331094,40.66674],[117.330929,40.666523],[117.330651,40.666254],[117.330443,40.665946],[117.330234,40.665734],[117.330087,40.665464],[117.330052,40.665408],[117.330052,40.6652],[117.330174,40.664822],[117.330408,40.664366],[117.330764,40.663694],[117.330816,40.663446],[117.330833,40.663264],[117.330929,40.66303],[117.33099,40.662904],[117.330964,40.662773],[117.330877,40.662578],[117.330651,40.662218],[117.330391,40.661979],[117.330087,40.66174],[117.329774,40.661736],[117.329462,40.661732],[117.329071,40.661784],[117.328715,40.661892],[117.328429,40.661918],[117.328177,40.661871],[117.32796,40.661736],[117.32717,40.661215],[117.326571,40.660903],[117.326207,40.660703],[117.325885,40.66049],[117.325616,40.660278],[117.325382,40.660056],[117.325226,40.659978],[117.324592,40.659761],[117.32408,40.659687],[117.323715,40.659657],[117.323307,40.659622],[117.322812,40.659514],[117.322682,40.659488],[117.322491,40.659349],[117.322283,40.65921],[117.322135,40.659136],[117.32184,40.659097],[117.321536,40.659123],[117.321207,40.659214],[117.32059,40.659457],[117.320269,40.659457],[117.319878,40.659397],[117.319514,40.659297],[117.319323,40.659245],[117.318724,40.658902],[117.318325,40.658733],[117.317986,40.658581],[117.317561,40.658155],[117.31704,40.657925],[117.316536,40.65793],[117.316363,40.65786],[117.315825,40.657652],[117.315391,40.657339],[117.314575,40.65678],[117.313819,40.656719],[117.312856,40.656541],[117.311727,40.656306],[117.311363,40.656259],[117.310842,40.656549],[117.310434,40.656866],[117.310017,40.657096],[117.309783,40.657179],[117.309679,40.657222],[117.30947,40.657318],[117.309062,40.657374],[117.308446,40.657391],[117.307925,40.657153],[117.307656,40.657144],[117.307457,40.657174],[117.307118,40.657279],[117.306771,40.657218],[117.306484,40.657053],[117.306024,40.657062],[117.305443,40.65717],[117.304965,40.657378],[117.304306,40.657548],[117.30362,40.657539],[117.303125,40.657574],[117.302569,40.657613],[117.302187,40.657786],[117.301493,40.657799],[117.300703,40.657808],[117.299826,40.657873],[117.29941,40.657886],[117.298759,40.657882],[117.298385,40.657951],[117.297917,40.658073],[117.297214,40.658138],[117.296458,40.658173],[117.295217,40.658186],[117.294497,40.658199],[117.294201,40.658216],[117.293342,40.65842],[117.292526,40.658407],[117.292266,40.658429],[117.291953,40.658589],[117.291363,40.658668],[117.290651,40.658785],[117.290304,40.658793],[117.290043,40.65878],[117.289444,40.658728],[117.28901,40.658694],[117.288403,40.658681],[117.287726,40.658663],[117.287109,40.658646],[117.28678,40.658628],[117.285321,40.658741],[117.283898,40.658728],[117.282847,40.658963],[117.281901,40.659197],[117.281345,40.65928],[117.280286,40.659418],[117.27974,40.659475],[117.278212,40.660039],[117.277743,40.660621],[117.276901,40.661194],[117.276215,40.661784],[117.275903,40.662027],[117.275668,40.662122],[117.275347,40.6623],[117.27467,40.662365],[117.274262,40.662422],[117.27401,40.662509],[117.273854,40.662535],[117.273377,40.662565],[117.273125,40.662578],[117.272882,40.662674],[117.2723,40.662899],[117.272109,40.663016],[117.27184,40.663346],[117.271736,40.663464],[117.27158,40.664154],[117.271675,40.664779],[117.271736,40.665104],[117.271823,40.665508],[117.272135,40.666089],[117.271988,40.666372],[117.271641,40.66678],[117.271467,40.666979],[117.271302,40.66701],[117.270738,40.667192],[117.270252,40.667674],[117.26954,40.667808],[117.269045,40.66799],[117.268681,40.668234],[117.267943,40.668403],[117.266901,40.668624],[117.266684,40.668767],[117.266372,40.669345],[117.265642,40.669996],[117.265286,40.670299],[117.264444,40.671389],[117.263446,40.672656],[117.262708,40.673628],[117.261927,40.674206],[117.261415,40.675082],[117.261267,40.675217],[117.260043,40.67579],[117.259045,40.676593],[117.258359,40.676866],[117.258038,40.677361],[117.256918,40.67796],[117.256337,40.678307],[117.255755,40.678806],[117.255425,40.679253],[117.254922,40.679696],[117.254392,40.679809],[117.253776,40.679787],[117.253333,40.679831],[117.253229,40.679848],[117.25283,40.68],[117.252491,40.679952],[117.251988,40.679601],[117.250964,40.67911],[117.250686,40.678385],[117.250295,40.678008],[117.24974,40.677934],[117.248872,40.678025],[117.247491,40.677856],[117.247292,40.677734],[117.247031,40.677609],[117.246554,40.677483],[117.245885,40.677535],[117.245486,40.677409],[117.245052,40.67694],[117.244401,40.676827],[117.243967,40.676597],[117.242595,40.676819],[117.242292,40.676771],[117.24178,40.676684],[117.241085,40.676489],[117.240521,40.676263],[117.239991,40.676367],[117.239462,40.676354],[117.238785,40.676076],[117.23737,40.675443],[117.236215,40.67543],[117.235599,40.675334],[117.235156,40.675208],[117.234774,40.675352],[117.234557,40.675673],[117.234462,40.676094],[117.234175,40.676224],[117.233689,40.676224],[117.233307,40.676302],[117.232951,40.676606],[117.231988,40.676897],[117.23171,40.677266],[117.231467,40.677352],[117.231007,40.677457],[117.23066,40.677652],[117.230321,40.677964],[117.229852,40.678112],[117.229227,40.678138],[117.228785,40.678255],[117.228151,40.678802],[117.227856,40.679106],[117.227717,40.679718],[117.22783,40.680087],[117.227717,40.680395],[117.227396,40.680734],[117.22678,40.681415],[117.226752,40.68187],[117.226736,40.682122],[117.226398,40.682313],[117.226155,40.682374],[117.225477,40.682535],[117.225052,40.682826],[117.224358,40.683016],[117.222665,40.683394],[117.221424,40.684071],[117.220313,40.684453],[117.220156,40.684779],[117.219896,40.685182],[117.219575,40.685304],[117.218837,40.685213],[117.218168,40.685282],[117.217925,40.685395],[117.216441,40.686046],[117.215313,40.68668],[117.214714,40.687183],[117.213507,40.687752],[117.212986,40.687852],[117.212214,40.68799],[117.211866,40.68822],[117.211762,40.688503],[117.211875,40.689223],[117.211745,40.689644],[117.211632,40.689753],[117.211476,40.6899],[117.211345,40.690026],[117.211276,40.690087],[117.21112,40.690269],[117.210833,40.690477],[117.210417,40.690612],[117.209991,40.690616],[117.20954,40.690391],[117.209002,40.690313],[117.20842,40.690373],[117.207856,40.690543],[117.207491,40.690616],[117.206884,40.690564],[117.206068,40.690577],[117.205365,40.69053],[117.204809,40.690503],[117.204115,40.690477],[117.203559,40.690677],[117.20316,40.691089],[117.202925,40.691428],[117.202361,40.691541],[117.201997,40.691688],[117.201892,40.692934],[117.201719,40.693043],[117.20105,40.69322],[117.200616,40.693498],[117.200165,40.693481],[117.19987,40.693242],[117.199375,40.693025],[117.198646,40.69306],[117.197951,40.69326],[117.197674,40.693572],[117.197231,40.693728],[117.196641,40.693811],[117.196172,40.694067],[117.195851,40.694067],[117.195625,40.693819],[117.195356,40.693459],[117.194627,40.69342],[117.193715,40.693229],[117.193194,40.69326],[117.192569,40.693155],[117.192101,40.692912],[117.191285,40.692778],[117.190391,40.692826],[117.189913,40.693034],[117.189253,40.693511],[117.188689,40.693997],[117.188394,40.694214],[117.187457,40.694744],[117.186554,40.694974],[117.186146,40.694948],[117.185356,40.694436],[117.184818,40.694436],[117.183819,40.694857],[117.183125,40.694544],[117.181918,40.694505],[117.18105,40.694601],[117.179384,40.694405],[117.178984,40.694427],[117.178689,40.694553],[117.178255,40.695434],[117.17783,40.695881],[117.177491,40.696076],[117.176944,40.696072],[117.176406,40.695929],[117.175894,40.695525],[117.175625,40.694891],[117.17559,40.694345],[117.175486,40.694132],[117.17513,40.693338],[117.174931,40.69316],[117.174384,40.692535],[117.173906,40.692409],[117.172995,40.692409],[117.171892,40.692148],[117.171302,40.691814],[117.170668,40.691793],[117.170069,40.692001],[117.169609,40.692786],[117.169122,40.693128],[117.167969,40.693937],[117.167005,40.694371],[117.166502,40.694601],[117.165938,40.694887],[117.165434,40.695174],[117.16513,40.695399],[117.164809,40.695647],[117.16441,40.695938],[117.164089,40.696176],[117.163646,40.696532],[117.163359,40.697118],[117.163186,40.697344],[117.162899,40.697478],[117.162665,40.697522],[117.161997,40.697253],[117.16112,40.696936],[117.160686,40.697044],[117.160226,40.697209],[117.16,40.697326],[117.159783,40.697491],[117.158715,40.697795],[117.158498,40.697904],[117.158151,40.698038],[117.157908,40.698073],[117.157691,40.698025],[117.157491,40.697964],[117.157257,40.697782],[117.156918,40.697405],[117.156658,40.697083],[117.156363,40.69678],[117.156007,40.696506],[117.155764,40.696372],[117.155148,40.696224],[117.15421,40.696458],[117.153681,40.696159],[117.153568,40.695842],[117.153394,40.695495],[117.153186,40.695056],[117.15304,40.694902],[117.152891,40.694744],[117.152552,40.69467],[117.15178,40.69464],[117.15145,40.694792],[117.151293,40.694905],[117.151137,40.694918],[117.150651,40.694761],[117.150408,40.694722],[117.149809,40.694965],[117.149505,40.694926],[117.148828,40.695095],[117.148142,40.695299],[117.14671,40.695221],[117.146137,40.695495],[117.145278,40.696024],[117.143594,40.696984],[117.142135,40.697374],[117.140946,40.697352],[117.139384,40.696849],[117.13855,40.696554],[117.137283,40.696432],[117.136753,40.696207],[117.136406,40.695833],[117.135911,40.695577],[117.135165,40.695521],[117.134002,40.69576],[117.133394,40.695577],[117.131597,40.695534],[117.130859,40.695833],[117.130069,40.69635],[117.129462,40.696597],[117.12888,40.69684],[117.128359,40.696858],[117.126823,40.69684],[117.125868,40.697027],[117.125217,40.697522],[117.124444,40.698056],[117.123542,40.698659],[117.122613,40.699115],[117.122153,40.699275],[117.121207,40.699123],[117.120686,40.699023],[117.119931,40.698902],[117.118967,40.698841],[117.118203,40.698637],[117.117578,40.698624],[117.117396,40.698741],[117.116849,40.69898],[117.116181,40.699206],[117.114931,40.699379],[117.11395,40.699266],[117.113307,40.698984],[117.112726,40.698789],[117.112092,40.69875],[117.111571,40.698516],[117.111146,40.698433],[117.110799,40.698442],[117.110339,40.698524],[117.109757,40.698984],[117.108741,40.699779],[117.10849,40.700217],[117.108299,40.700868],[117.108299,40.701155],[117.108715,40.701215],[117.108698,40.701345],[117.108446,40.70158],[117.108038,40.701753],[117.107161,40.702313],[117.106936,40.702326],[117.106658,40.702487],[117.106276,40.702752],[117.105964,40.702969],[117.10553,40.704058],[117.105451,40.704201],[117.105243,40.704957],[117.105243,40.705313],[117.105174,40.705508],[117.104905,40.705673],[117.104618,40.705877],[117.104523,40.706185],[117.104436,40.706428],[117.104288,40.706532],[117.10401,40.706584],[117.103759,40.706467],[117.103021,40.705968],[117.102326,40.705599],[117.101484,40.705382],[117.101146,40.705356],[117.100608,40.705395],[117.09987,40.705512],[117.099175,40.705612],[117.09862,40.705625],[117.098151,40.705629],[117.097604,40.705243],[117.097118,40.704961],[117.096545,40.70477],[117.096007,40.70464],[117.095538,40.704462],[117.094974,40.704375],[117.093898,40.704349],[117.09309,40.704349],[117.092196,40.704414],[117.091823,40.704414],[117.090312,40.704032],[117.089957,40.704006],[117.089184,40.704028],[117.088932,40.704067],[117.088507,40.703915],[117.088134,40.703429],[117.087648,40.703008],[117.087378,40.702904],[117.086918,40.702852],[117.086415,40.702852],[117.085668,40.702661],[117.083316,40.702114],[117.082031,40.701628],[117.08033,40.700742],[117.079974,40.700564],[117.079436,40.700408],[117.078594,40.700382],[117.077431,40.700399],[117.076953,40.700438],[117.076337,40.700499],[117.075946,40.700629],[117.075356,40.700951],[117.0748,40.701003],[117.074549,40.700977],[117.07362,40.700629],[117.073333,40.70053],[117.071649,40.699644],[117.070903,40.699015],[117.070616,40.698594],[117.070486,40.698451],[117.0702,40.698403],[117.069878,40.69849],[117.068898,40.698837],[117.067995,40.699093],[117.067378,40.699423],[117.066641,40.699635],[117.066155,40.699661],[117.065382,40.699583],[117.064939,40.699518],[117.064314,40.699431],[117.063724,40.699301],[117.062917,40.699045],[117.061944,40.698702],[117.061606,40.698676],[117.061085,40.698728],[117.059983,40.698828],[117.059444,40.698971],[117.059028,40.699201],[117.058585,40.69947],[117.057969,40.699844],[117.057795,40.699896],[117.057743,40.699935],[117.057491,40.699935],[117.056806,40.699744],[117.056276,40.699666],[117.055573,40.699666],[117.054913,40.699666],[117.052352,40.699887],[117.051797,40.699931],[117.051476,40.699783],[117.050833,40.699475],[117.049722,40.698845],[117.049002,40.69849],[117.048741,40.69832],[117.048359,40.698207],[117.0477,40.698234],[117.046675,40.698372],[117.045035,40.698568],[117.043776,40.698698],[117.042951,40.698711],[117.042491,40.698711],[117.040373,40.698672],[117.039549,40.69875],[117.038993,40.698815],[117.038368,40.698793],[117.038099,40.698811],[117.037986,40.698789],[117.037908,40.698746],[117.037569,40.698559],[117.036562,40.697995],[117.036276,40.697826],[117.035852,40.697587],[117.035095,40.697161],[117.034453,40.69707],[117.033984,40.696992],[117.033142,40.696697],[117.032396,40.696428],[117.031745,40.696289],[117.031207,40.696237],[117.030347,40.696185],[117.030069,40.696137],[117.029757,40.695981],[117.02967,40.695903],[117.029653,40.695712],[117.0298,40.695378],[117.029957,40.695109],[117.030104,40.694852],[117.030052,40.694405],[117.029974,40.694084],[117.029479,40.69329],[117.029115,40.692917],[117.028707,40.692622],[117.028351,40.692431],[117.02658,40.691623],[117.026163,40.691493],[117.025825,40.691263],[117.025434,40.690994],[117.025087,40.690647],[117.024896,40.690608],[117.024609,40.690608],[117.024415,40.690705],[117.024245,40.69079],[117.023689,40.691159],[117.023264,40.691506],[117.022587,40.691879],[117.022135,40.692187],[117.021571,40.692747],[117.021415,40.69283],[117.02099,40.692856],[117.020252,40.692856],[117.019696,40.692856],[117.019253,40.692943],[117.018681,40.69306],[117.017839,40.693086],[117.016606,40.693138],[117.01612,40.693138],[117.015937,40.693164],[117.013698,40.693494],[117.013472,40.693559],[117.013273,40.693702],[117.013134,40.694036],[117.012882,40.694392],[117.012552,40.694562],[117.012231,40.694588],[117.011892,40.69451],[117.011606,40.694332],[117.011285,40.694023],[117.010894,40.693741],[117.010321,40.69352],[117.009939,40.693459],[117.009687,40.69342],[117.008637,40.693151],[117.008116,40.692982],[117.007509,40.692713],[117.007057,40.6926],[117.006562,40.692548],[117.005755,40.692483],[117.004826,40.692574],[117.004123,40.6926],[117.00393,40.6926],[117.003672,40.6926],[117.003498,40.692626],[117.001545,40.692804],[117.001372,40.692865],[117.000825,40.69306],[117.000634,40.693121],[117.00033,40.693103],[116.999705,40.693121],[116.999384,40.693225],[116.999175,40.693403],[116.998872,40.693984],[116.998524,40.694518],[116.998047,40.694965],[116.997552,40.695273],[116.996814,40.695603],[116.996163,40.695903],[116.995365,40.696202],[116.994766,40.696424],[116.993976,40.696723],[116.993229,40.697005],[116.99217,40.697457],[116.991675,40.697548],[116.99138,40.697687],[116.990807,40.697904],[116.990286,40.698025],[116.989714,40.698099],[116.98921,40.698155],[116.988663,40.698268],[116.988194,40.698368],[116.987465,40.698641],[116.98704,40.69878],[116.986727,40.698932],[116.986233,40.699136],[116.985582,40.699379],[116.985,40.699575],[116.984401,40.699696],[116.984201,40.699779],[116.983611,40.700221],[116.983073,40.700586],[116.982812,40.700885],[116.982509,40.701289],[116.982248,40.701523],[116.981927,40.701745],[116.981363,40.701888],[116.980391,40.701814],[116.979592,40.701589],[116.978915,40.701445],[116.978559,40.701389],[116.977873,40.701549],[116.977622,40.701671],[116.977378,40.701701],[116.976398,40.701766],[116.975434,40.701793],[116.974991,40.701736],[116.974392,40.701463],[116.974089,40.701411],[116.973724,40.701445],[116.973472,40.701654],[116.973264,40.701923],[116.973038,40.70214],[116.972795,40.702305],[116.972483,40.702426],[116.972023,40.702483],[116.971641,40.702569],[116.97145,40.702682],[116.971363,40.702886],[116.971354,40.703186],[116.971441,40.703607],[116.971389,40.703924],[116.971319,40.704175],[116.970903,40.704384],[116.970443,40.704466],[116.969826,40.704553],[116.969089,40.704588],[116.968672,40.704588],[116.968203,40.704627],[116.967691,40.704748],[116.966988,40.704991],[116.966033,40.705082],[116.965321,40.705091],[116.964497,40.705022],[116.964071,40.705],[116.963446,40.705],[116.963316,40.705065],[116.962934,40.705352],[116.9627,40.705747],[116.962405,40.70625],[116.962179,40.706589],[116.961918,40.70684],[116.961589,40.70701],[116.960807,40.70727],[116.960365,40.707413],[116.959774,40.707569],[116.959349,40.70783],[116.958958,40.708234],[116.958924,40.708411],[116.95901,40.708542],[116.959427,40.708937],[116.959722,40.70931],[116.959965,40.709926],[116.960052,40.710208],[116.960078,40.710612],[116.960061,40.711033],[116.959991,40.711367],[116.959913,40.711853],[116.959991,40.712053],[116.960356,40.712344],[116.96079,40.712808],[116.960833,40.713164],[116.960651,40.71352],[116.960304,40.713885],[116.959965,40.714167],[116.959566,40.714475],[116.95921,40.714783],[116.958698,40.715291],[116.958342,40.715599],[116.957795,40.716168],[116.957561,40.716549],[116.957257,40.716905],[116.956962,40.717187],[116.956615,40.717383],[116.956293,40.717439],[116.955573,40.717487],[116.955095,40.717569],[116.95467,40.71773],[116.954488,40.717878],[116.954375,40.718142],[116.954219,40.718637],[116.954227,40.719262],[116.954184,40.71957],[116.953984,40.719731],[116.953576,40.719835],[116.952986,40.719861],[116.952474,40.719974],[116.951892,40.7202],[116.951181,40.72059],[116.950712,40.720851],[116.95,40.721237],[116.94954,40.721628],[116.949332,40.721845],[116.949323,40.722031],[116.949306,40.722218],[116.94947,40.722622],[116.949479,40.722964],[116.949306,40.723108],[116.948976,40.723229],[116.94829,40.723294],[116.947734,40.723312],[116.947509,40.723294],[116.947083,40.723247],[116.946406,40.72303],[116.945972,40.722891],[116.945911,40.722899],[116.945825,40.723069],[116.945521,40.723281],[116.945104,40.723555],[116.944661,40.723789],[116.94434,40.724123],[116.943872,40.724375],[116.942986,40.724796],[116.942726,40.724891],[116.941901,40.725039],[116.941181,40.725282],[116.940547,40.72559],[116.940078,40.72592],[116.939592,40.726285],[116.939106,40.726636],[116.938472,40.727292],[116.938134,40.727517],[116.937665,40.727817],[116.937066,40.728238],[116.936615,40.728537],[116.936476,40.728772],[116.936415,40.729115],[116.936128,40.729939],[116.935833,40.730165],[116.935747,40.730304],[116.935738,40.730473],[116.935807,40.730734],[116.936094,40.731176],[116.936181,40.731445],[116.936189,40.73181],[116.936163,40.73253],[116.936215,40.732839],[116.93625,40.733364],[116.936172,40.733937],[116.936111,40.734831],[116.936076,40.735178],[116.935937,40.735673],[116.935755,40.736263],[116.93553,40.736758],[116.935208,40.737461],[116.934913,40.738069],[116.934618,40.738455],[116.934175,40.73872],[116.93349,40.738976],[116.93224,40.738976],[116.931319,40.739002],[116.930729,40.739076],[116.93026,40.73921],[116.929635,40.739449],[116.929236,40.739635],[116.928976,40.739935],[116.928915,40.740247],[116.928845,40.740668],[116.928646,40.740833],[116.928307,40.740946],[116.92783,40.741042],[116.927387,40.74122],[116.927075,40.741493],[116.926762,40.741793],[116.92638,40.742105],[116.925859,40.742352],[116.925182,40.742739],[116.924714,40.742973],[116.924036,40.74316],[116.923316,40.743359],[116.922543,40.743485],[116.921476,40.743533],[116.92072,40.743546],[116.920495,40.743572],[116.92053,40.743806],[116.920833,40.744097],[116.920851,40.744457],[116.92066,40.744931],[116.920408,40.745469],[116.920017,40.74599],[116.919687,40.746315],[116.919358,40.746701],[116.919028,40.74724],[116.918811,40.747661],[116.918533,40.748012],[116.918238,40.748385],[116.917882,40.748759],[116.917465,40.749284],[116.917274,40.749792],[116.917153,40.750143],[116.916988,40.750755],[116.917135,40.751337],[116.917352,40.75174],[116.917691,40.751927],[116.918038,40.751927],[116.918403,40.751892],[116.918845,40.75184],[116.919366,40.75194],[116.919861,40.752253],[116.920286,40.752717],[116.920729,40.753238],[116.921085,40.753628],[116.921615,40.754201],[116.921927,40.754674],[116.922005,40.7552],[116.92197,40.755933],[116.92184,40.756497],[116.921693,40.75681],[116.921458,40.757244],[116.920807,40.758203],[116.920503,40.758668],[116.920148,40.759388],[116.919705,40.760226],[116.919453,40.760738],[116.919253,40.761345],[116.918932,40.762044],[116.918507,40.762643],[116.918021,40.763741],[116.91776,40.764288],[116.917431,40.764852],[116.917118,40.765564],[116.916918,40.76625],[116.916788,40.766736],[116.916623,40.76717],[116.91651,40.767422],[116.91651,40.767795],[116.916623,40.768056],[116.916884,40.768433],[116.916866,40.768633],[116.916571,40.768806],[116.916406,40.768919],[116.916389,40.769067],[116.916571,40.76918],[116.917083,40.769479],[116.917656,40.769792],[116.918472,40.770291],[116.918984,40.77059],[116.919227,40.770829],[116.919314,40.771042],[116.919227,40.771263],[116.91908,40.771515],[116.919036,40.771558],[116.918646,40.77178],[116.917995,40.772122],[116.917335,40.772391],[116.916528,40.772565],[116.915825,40.772739],[116.915486,40.772852],[116.914714,40.772895],[116.914505,40.77286],[116.913993,40.772895],[116.913385,40.773021],[116.912552,40.773186],[116.911762,40.773372],[116.910972,40.773598],[116.91,40.773798],[116.909306,40.773915],[116.908819,40.774032],[116.908264,40.774102],[116.907587,40.774158],[116.906901,40.774345],[116.906207,40.77457],[116.905417,40.774805],[116.904332,40.775026],[116.904054,40.775039],[116.90342,40.775095],[116.902691,40.7752],[116.902326,40.775247],[116.902014,40.775356],[116.901181,40.775516],[116.899757,40.775712],[116.899375,40.775747],[116.898524,40.775955],[116.897847,40.776007],[116.897153,40.776007],[116.896398,40.775959],[116.895252,40.775699],[116.894219,40.775499],[116.893507,40.775321],[116.892934,40.775321],[116.892561,40.775404],[116.892092,40.775651],[116.891536,40.776037],[116.891042,40.77645],[116.890547,40.777049],[116.89013,40.77786],[116.889644,40.778481],[116.889158,40.779028],[116.888715,40.779245],[116.888594,40.779236],[116.888177,40.779154],[116.887422,40.77895],[116.886736,40.778832],[116.886615,40.778902],[116.886415,40.778984],[116.886224,40.779301],[116.886198,40.779536],[116.886198,40.780004],[116.886146,40.780712],[116.885911,40.781463],[116.885738,40.781688],[116.885417,40.782122],[116.885312,40.782444],[116.885547,40.782582],[116.885781,40.782643],[116.886241,40.782726],[116.886762,40.782734],[116.88717,40.782635],[116.887561,40.782335],[116.887865,40.781905],[116.888134,40.781484],[116.88829,40.780855],[116.888429,40.780438],[116.888611,40.780234],[116.88875,40.78023],[116.888984,40.780386],[116.889262,40.781011],[116.889297,40.781224],[116.889401,40.781736],[116.889531,40.78224],[116.889436,40.782778],[116.889384,40.783273],[116.889488,40.783702],[116.889696,40.784271],[116.88987,40.784631],[116.890017,40.785313],[116.889991,40.785512],[116.889896,40.785807],[116.889731,40.786159],[116.889418,40.786528],[116.88921,40.786997],[116.889271,40.787487],[116.889332,40.787613],[116.889444,40.78793],[116.889462,40.788312],[116.889349,40.788668],[116.889132,40.788989],[116.888898,40.789201],[116.888906,40.789336],[116.889167,40.789653],[116.889358,40.789857],[116.889609,40.790208],[116.889818,40.790573],[116.889861,40.790851],[116.889861,40.791324],[116.890026,40.791853],[116.890174,40.792227],[116.890391,40.792799],[116.89046,40.793207],[116.890538,40.793641],[116.890616,40.793976],[116.890616,40.794162],[116.890651,40.794592],[116.890651,40.795082],[116.890521,40.795404],[116.890295,40.795751],[116.890017,40.796007],[116.88974,40.796141],[116.889384,40.796207],[116.889028,40.796224],[116.888542,40.796146],[116.888333,40.796094],[116.887778,40.79599],[116.887509,40.796024],[116.887118,40.796328],[116.886762,40.796576],[116.886293,40.796719],[116.885981,40.796806],[116.885477,40.796875],[116.88447,40.796957],[116.883637,40.796953],[116.883038,40.796992],[116.882734,40.797161],[116.882309,40.797431],[116.882031,40.797708],[116.881589,40.798164],[116.881398,40.798542],[116.881137,40.798963],[116.881068,40.799128],[116.880955,40.799475],[116.880929,40.799709],[116.880903,40.8],[116.880816,40.80046],[116.88046,40.800729],[116.880009,40.80092],[116.879531,40.801037],[116.878542,40.80105],[116.877813,40.801102],[116.877708,40.801128],[116.877135,40.801233],[116.876328,40.801428],[116.875981,40.801584],[116.875556,40.801853],[116.874983,40.802344],[116.874436,40.802726],[116.874158,40.80299],[116.874089,40.803147],[116.874115,40.80339],[116.874453,40.803659],[116.874688,40.803906],[116.874965,40.80424],[116.875113,40.804562],[116.875408,40.805187],[116.87546,40.805551],[116.875521,40.805964],[116.875625,40.806289],[116.875807,40.806784],[116.875955,40.807305],[116.876007,40.807552],[116.876068,40.807969],[116.876102,40.808394],[116.876068,40.808763],[116.875972,40.809384],[116.876076,40.809774],[116.876085,40.810091],[116.875885,40.810421],[116.87566,40.810773],[116.875469,40.81112],[116.87546,40.811497],[116.875573,40.811866],[116.875807,40.812253],[116.876085,40.812535],[116.87612,40.812804],[116.875911,40.813229],[116.87566,40.813589],[116.875425,40.813854],[116.875104,40.81428],[116.874835,40.814709],[116.874609,40.815078],[116.874314,40.815386],[116.873785,40.815764],[116.873594,40.815877],[116.873168,40.816128],[116.8725,40.816484],[116.87191,40.816693],[116.871198,40.816897],[116.870677,40.817075],[116.870365,40.817339],[116.870269,40.817595],[116.870295,40.817917],[116.870391,40.818199],[116.870469,40.81855],[116.870451,40.81898],[116.870391,40.81947],[116.870122,40.819809],[116.869826,40.819974],[116.869505,40.8201],[116.86908,40.820286],[116.868672,40.820438],[116.868273,40.820582],[116.867691,40.820616],[116.8673,40.820608],[116.866823,40.820543],[116.866085,40.820434],[116.86572,40.820352],[116.865347,40.820313],[116.8648,40.820269],[116.864323,40.820208],[116.863672,40.82026],[116.863203,40.820395],[116.8627,40.82056],[116.862422,40.820686],[116.862057,40.820872],[116.861675,40.821189],[116.861319,40.821545],[116.860911,40.82194],[116.860538,40.822326],[116.860148,40.822574],[116.859505,40.82276],[116.859106,40.822912],[116.858594,40.822977],[116.857951,40.823112],[116.857352,40.823268],[116.856415,40.823594],[116.85572,40.823824],[116.855373,40.823937],[116.855113,40.824102],[116.854957,40.824358],[116.854957,40.82454],[116.855069,40.824696],[116.855469,40.825035],[116.855842,40.825308],[116.856042,40.825543],[116.856163,40.825851],[116.856146,40.826172],[116.856042,40.826476],[116.855955,40.826988],[116.855833,40.827196],[116.855582,40.827391],[116.855165,40.827574],[116.8548,40.827813],[116.854714,40.828051],[116.854644,40.828346],[116.854566,40.829041],[116.854462,40.829271],[116.854271,40.829544],[116.853993,40.829709],[116.853689,40.829826],[116.853594,40.829935],[116.853385,40.830195],[116.853342,40.830356],[116.853238,40.830725],[116.853047,40.83089],[116.852786,40.831085],[116.852422,40.831332],[116.852083,40.831714],[116.851944,40.832018],[116.851806,40.832296],[116.851476,40.832626],[116.851024,40.832995],[116.85066,40.833316],[116.850547,40.833429],[116.850382,40.833594],[116.850243,40.833694],[116.849939,40.833841],[116.849349,40.834019],[116.848655,40.834036],[116.84783,40.834089],[116.846753,40.834123],[116.845911,40.834141],[116.845069,40.834353],[116.84434,40.834635],[116.842986,40.835273],[116.842491,40.835699],[116.84237,40.836233],[116.84237,40.836766],[116.842535,40.837118],[116.842535,40.837439],[116.842344,40.837674],[116.842248,40.837778],[116.842092,40.837869],[116.841641,40.837904],[116.840547,40.837882],[116.839392,40.837882],[116.836727,40.837769],[116.834227,40.837413],[116.833915,40.837426],[116.833637,40.837569],[116.83329,40.838051],[116.832422,40.838954],[116.831667,40.840074],[116.831102,40.840447],[116.830755,40.840551],[116.830234,40.840551],[116.829696,40.840286],[116.829366,40.840104],[116.829071,40.840109],[116.828299,40.840373],[116.827283,40.840655],[116.825694,40.841098],[116.82513,40.841098],[116.824714,40.84099],[116.82375,40.840456],[116.821866,40.839622],[116.82099,40.839579],[116.820408,40.839614],[116.81987,40.839718],[116.819497,40.840039],[116.818576,40.840586],[116.8175,40.841085],[116.817326,40.841194],[116.817266,40.841402],[116.817266,40.841884],[116.817474,40.842613],[116.817613,40.843199],[116.817422,40.843572],[116.81691,40.843963],[116.816484,40.844227],[116.815712,40.844371],[116.815174,40.844653],[116.8148,40.845291],[116.814748,40.84645],[116.814583,40.846766],[116.814323,40.846784],[116.813976,40.846801],[116.813273,40.846732],[116.812075,40.846745],[116.811285,40.846853],[116.809054,40.846901],[116.80796,40.846901],[116.807682,40.846905],[116.807457,40.846905],[116.807283,40.846871],[116.807092,40.846793],[116.806345,40.846328],[116.805642,40.845881],[116.80474,40.845282],[116.804479,40.844757],[116.804358,40.844349],[116.803828,40.843229],[116.803238,40.842322],[116.801979,40.841202],[116.800443,40.839792],[116.799766,40.839314],[116.799175,40.839188],[116.798854,40.839206],[116.798472,40.839401],[116.797795,40.839878],[116.797491,40.840091],[116.796866,40.840473],[116.796311,40.840855],[116.796311,40.841237],[116.796406,40.841753],[116.796207,40.842218],[116.795964,40.842648],[116.795582,40.843251],[116.795482,40.843507],[116.795417,40.843676],[116.795538,40.844497],[116.79553,40.845243],[116.795503,40.846076],[116.795642,40.84704],[116.795807,40.847891],[116.796319,40.84901],[116.796311,40.849405],[116.796224,40.849653],[116.795868,40.849813],[116.795122,40.849987],[116.794253,40.850182],[116.793594,40.85059],[116.792986,40.851102],[116.792378,40.851636],[116.792066,40.85197],[116.791936,40.852166],[116.792179,40.852678],[116.792161,40.85303],[116.792118,40.853073],[116.792092,40.853095],[116.792005,40.853147],[116.791901,40.85319],[116.791233,40.853273],[116.790799,40.853342],[116.79066,40.853464],[116.790373,40.854049],[116.790234,40.854939],[116.790182,40.855738],[116.79046,40.856593],[116.790885,40.857448],[116.790946,40.857999],[116.791042,40.858477],[116.790833,40.858976],[116.790686,40.859935],[116.790521,40.860273],[116.79033,40.860807],[116.789696,40.86148],[116.78895,40.862066],[116.788715,40.862118],[116.788359,40.862153],[116.787743,40.862296],[116.787135,40.862422],[116.786753,40.862639],[116.78658,40.862995],[116.786458,40.863368],[116.786198,40.863455],[116.785781,40.863181],[116.785477,40.863234],[116.78447,40.863872],[116.784045,40.864457],[116.783672,40.864848],[116.783594,40.865182],[116.783333,40.866302],[116.78322,40.866732],[116.782769,40.867192],[116.782196,40.867348],[116.781554,40.867513],[116.780877,40.867808],[116.780408,40.867986],[116.779627,40.868251],[116.779323,40.868498],[116.779184,40.868963],[116.778759,40.869601],[116.777396,40.870807],[116.776667,40.871497],[116.775825,40.872118],[116.775052,40.872617],[116.774601,40.873095],[116.774462,40.873503],[116.77434,40.874457],[116.774002,40.874887],[116.773351,40.87553],[116.772057,40.876324],[116.771241,40.87661],[116.77059,40.876784],[116.770113,40.876801],[116.768637,40.876623],[116.767587,40.876654],[116.76691,40.876671],[116.766458,40.876775],[116.766137,40.876936],[116.765564,40.878038],[116.765,40.878958],[116.764505,40.879314],[116.763715,40.87974],[116.763403,40.880113],[116.763455,40.880699],[116.763186,40.881367],[116.763108,40.881389],[116.762795,40.881302],[116.762257,40.880998],[116.761719,40.880677],[116.761128,40.880534],[116.759913,40.880586],[116.759705,40.880512],[116.759002,40.879874],[116.758438,40.879783],[116.757248,40.87944],[116.755911,40.879171],[116.755234,40.879154],[116.754436,40.879327],[116.753333,40.879861],[116.752326,40.880391],[116.752118,40.880712],[116.752135,40.881172],[116.752361,40.882122],[116.75237,40.882569],[116.752222,40.883377],[116.751936,40.884266],[116.752049,40.884922],[116.7527,40.886293],[116.753142,40.88763],[116.753281,40.888255],[116.753229,40.888446],[116.753047,40.888641],[116.751988,40.888976],[116.751372,40.88911],[116.751007,40.889188],[116.750625,40.88934],[116.750495,40.889397],[116.749983,40.889579],[116.74934,40.889779],[116.748724,40.889865],[116.747674,40.889787],[116.747248,40.889766],[116.746806,40.889714],[116.746215,40.889679],[116.745668,40.889679],[116.744887,40.889787],[116.744349,40.889948],[116.744054,40.890056],[116.743819,40.890182],[116.743455,40.890425],[116.743073,40.890651],[116.742587,40.891003],[116.741892,40.891385],[116.741302,40.891836],[116.740981,40.892101],[116.740564,40.892483],[116.740243,40.892635],[116.739878,40.892652],[116.739531,40.892669],[116.739071,40.892591],[116.738611,40.892574],[116.738003,40.892587],[116.737595,40.892609],[116.737075,40.892773],[116.73684,40.892943],[116.736753,40.893164],[116.736719,40.89329],[116.736667,40.893437],[116.736606,40.893598],[116.736484,40.89365],[116.736311,40.893637],[116.73599,40.893546],[116.735651,40.893503],[116.735269,40.893568],[116.734974,40.893685],[116.734687,40.893837],[116.734444,40.893997],[116.73434,40.894188],[116.734045,40.894384],[116.733785,40.894735],[116.733568,40.895052],[116.733203,40.895126],[116.732986,40.895113],[116.732535,40.895026],[116.73197,40.894831],[116.73171,40.894831],[116.731432,40.895187],[116.731085,40.895564],[116.730677,40.895816],[116.730113,40.895977],[116.729748,40.896055],[116.729375,40.896042],[116.728785,40.896081],[116.728264,40.896133],[116.728003,40.896137],[116.727595,40.896263],[116.727214,40.896367],[116.726979,40.896324],[116.726641,40.896202],[116.726241,40.896029],[116.72572,40.89582],[116.725347,40.895807],[116.725017,40.895885],[116.72467,40.896016],[116.724253,40.896163],[116.72388,40.896406],[116.723498,40.896806],[116.723047,40.897218],[116.722786,40.897517],[116.722656,40.897756],[116.722552,40.897947],[116.722144,40.898368],[116.721753,40.898685],[116.721354,40.89885],[116.720773,40.899041],[116.720304,40.899288],[116.719974,40.899579],[116.719913,40.899696],[116.71974,40.900091],[116.719774,40.900569],[116.719844,40.901489],[116.719878,40.901905],[116.719792,40.902109],[116.719592,40.902227],[116.719149,40.902504],[116.718585,40.902804],[116.718281,40.90293],[116.717995,40.903108],[116.71776,40.903398],[116.717743,40.903546],[116.717648,40.903945],[116.717682,40.904457],[116.7175,40.904705],[116.717144,40.904857],[116.71671,40.905013],[116.716328,40.905191],[116.715981,40.90533],[116.715512,40.905543],[116.71513,40.905681],[116.714948,40.905794],[116.7148,40.906011],[116.714757,40.906098],[116.714497,40.906532],[116.714262,40.906949],[116.714002,40.907096],[116.713724,40.90717],[116.713472,40.907283],[116.713021,40.907405],[116.712483,40.907578],[116.71197,40.907817],[116.711415,40.908129],[116.71092,40.908407],[116.710712,40.908572],[116.710434,40.908602],[116.710226,40.908615],[116.709514,40.908542],[116.708941,40.908407],[116.708377,40.908312],[116.707943,40.908325],[116.707509,40.908472],[116.707266,40.90872],[116.707196,40.908832],[116.707135,40.909093],[116.707161,40.90964],[116.707092,40.910009],[116.707092,40.910408],[116.707161,40.910738],[116.707118,40.91102],[116.707118,40.911337],[116.707179,40.911632],[116.707431,40.91201],[116.707804,40.912218],[116.707943,40.912357],[116.708003,40.912478],[116.707917,40.912734],[116.7077,40.912964],[116.707682,40.91319],[116.707908,40.913464],[116.708203,40.913624],[116.708411,40.913824],[116.708498,40.914028],[116.70875,40.914462],[116.708802,40.914527],[116.709019,40.914766],[116.709167,40.914913],[116.709201,40.915074],[116.70921,40.91523],[116.709158,40.915582],[116.709158,40.915694],[116.709271,40.916354],[116.709462,40.916593],[116.709705,40.91694],[116.709905,40.917201],[116.709931,40.917391],[116.710017,40.917661],[116.710295,40.918251],[116.71033,40.918533],[116.710503,40.91878],[116.71072,40.91921],[116.710773,40.919457],[116.710807,40.91974],[116.710946,40.920091],[116.711137,40.920391],[116.711415,40.920773],[116.711606,40.92102],[116.711936,40.921359],[116.712214,40.921697],[116.712422,40.921931],[116.7127,40.922153],[116.713125,40.922539],[116.713429,40.922899],[116.713663,40.923199],[116.713837,40.923485],[116.713924,40.923811],[116.714036,40.923932],[116.714332,40.924245],[116.714505,40.924466],[116.714714,40.924653],[116.714939,40.924831],[116.715156,40.924926],[116.715503,40.924952],[116.715755,40.925091],[116.716007,40.925286],[116.716259,40.925508],[116.71625,40.925668],[116.716137,40.92582],[116.715885,40.925885],[116.71546,40.925903],[116.715087,40.926055],[116.714488,40.926141],[116.713976,40.926155],[116.713377,40.92625],[116.712995,40.92635],[116.712717,40.926437],[116.712439,40.926589],[116.712101,40.926793],[116.711727,40.927066],[116.711415,40.927266],[116.711085,40.927504],[116.710703,40.927708],[116.710339,40.927747],[116.709792,40.927839],[116.70947,40.927847],[116.708845,40.927799],[116.708342,40.927786],[116.707969,40.927734],[116.707734,40.927808],[116.707535,40.928095],[116.707187,40.928559],[116.706884,40.928789],[116.706536,40.929049],[116.706146,40.929349],[116.705773,40.929627],[116.705503,40.929905],[116.705339,40.930226],[116.705339,40.930456],[116.705599,40.930877],[116.705738,40.931089],[116.705929,40.93145],[116.70605,40.931797],[116.706024,40.932348],[116.706085,40.932769],[116.706137,40.933086],[116.70612,40.933212],[116.706033,40.933234],[116.705477,40.932951],[116.704905,40.932765],[116.704375,40.93273],[116.70408,40.932743],[116.70388,40.932782],[116.703385,40.932795],[116.702943,40.932721],[116.702595,40.932578],[116.702187,40.932431],[116.701571,40.932396],[116.701076,40.932435],[116.700825,40.932487],[116.700295,40.932639],[116.699931,40.932799],[116.699575,40.933064],[116.699349,40.933342],[116.69908,40.933702],[116.698724,40.93408],[116.69822,40.934371],[116.697951,40.934457],[116.697595,40.934549],[116.697057,40.934692],[116.696658,40.934918],[116.696398,40.935291],[116.696241,40.935681],[116.696163,40.935955],[116.696198,40.936263],[116.696155,40.936714],[116.696076,40.937174],[116.696007,40.937591],[116.695998,40.93809],[116.69599,40.938203],[116.696076,40.938503],[116.696224,40.938811],[116.696241,40.939032],[116.696102,40.939275],[116.695851,40.939601],[116.695564,40.939839],[116.69526,40.94],[116.695,40.940204],[116.694505,40.940477],[116.693976,40.940699],[116.693698,40.940786],[116.693516,40.940894],[116.693238,40.941111],[116.692882,40.941389],[116.692491,40.941667],[116.692161,40.941853],[116.691901,40.942001],[116.69151,40.942179],[116.691111,40.942296],[116.690686,40.942448],[116.690382,40.942635],[116.690061,40.942934],[116.689922,40.943151],[116.689731,40.943424],[116.689575,40.94365],[116.68947,40.943915],[116.689236,40.944249],[116.688958,40.944453],[116.688602,40.944653],[116.688194,40.944931],[116.687812,40.945247],[116.687595,40.945608],[116.687535,40.945729],[116.687378,40.946168],[116.687222,40.946471],[116.687083,40.946923],[116.686892,40.947309],[116.686719,40.94753],[116.686458,40.947808],[116.68612,40.948034],[116.685703,40.948225],[116.685139,40.948442],[116.68454,40.948641],[116.683854,40.948837],[116.683385,40.949102],[116.683281,40.949223],[116.68322,40.949436],[116.683194,40.949536],[116.683212,40.949861],[116.683273,40.950221],[116.683359,40.950582],[116.683507,40.950968],[116.683585,40.951185],[116.683568,40.951484],[116.683455,40.951823],[116.683264,40.952205],[116.683056,40.952509],[116.682908,40.952843],[116.68283,40.952999],[116.6827,40.95332],[116.682604,40.953681],[116.682474,40.954319],[116.682439,40.954761],[116.682387,40.955022],[116.682396,40.955421],[116.682457,40.955734],[116.682526,40.956033],[116.682465,40.956276],[116.682274,40.956458],[116.68178,40.956675],[116.681467,40.956923],[116.681328,40.957114],[116.681311,40.957313],[116.681302,40.9576],[116.681363,40.958559],[116.681363,40.958681],[116.681311,40.95898],[116.681285,40.959358],[116.68125,40.959722],[116.681224,40.960135],[116.681155,40.960482],[116.681181,40.960629],[116.681146,40.960968],[116.68099,40.96128],[116.680833,40.961623],[116.680486,40.961897],[116.679991,40.962214],[116.679687,40.962422],[116.67941,40.962587],[116.679132,40.9627],[116.678759,40.962839],[116.678177,40.963034],[116.677569,40.963186],[116.677135,40.963398],[116.67684,40.963615],[116.676519,40.963911],[116.676311,40.964136],[116.676042,40.964431],[116.675764,40.964905],[116.67559,40.965252],[116.675278,40.965768],[116.675182,40.965955],[116.674835,40.96651],[116.674514,40.967062],[116.674297,40.967374],[116.674045,40.967708],[116.673802,40.967956],[116.673733,40.968025],[116.673498,40.968277],[116.673203,40.968446],[116.672726,40.968655],[116.672474,40.96885],[116.672109,40.969132],[116.671849,40.969392],[116.671701,40.969627],[116.671615,40.969874],[116.671562,40.970247],[116.671554,40.970694],[116.671623,40.971376],[116.671649,40.971858],[116.671719,40.9723],[116.67178,40.972552],[116.671788,40.972999],[116.671788,40.973299],[116.671771,40.973437],[116.671797,40.973889],[116.671858,40.974392],[116.67217,40.974809],[116.672622,40.975217],[116.673108,40.975616],[116.673524,40.975916],[116.673854,40.976189],[116.674236,40.97648],[116.674444,40.97674],[116.674592,40.97704],[116.674644,40.977179],[116.674748,40.977439],[116.674826,40.977713],[116.674835,40.97803],[116.674931,40.978385],[116.67513,40.978915],[116.6752,40.979136],[116.675382,40.979314],[116.675634,40.979484],[116.675998,40.979609],[116.676476,40.979701],[116.676832,40.979805],[116.67717,40.980039],[116.677578,40.980299],[116.678273,40.98069],[116.678568,40.98079],[116.67901,40.980872],[116.679175,40.980924],[116.679219,40.981046],[116.678498,40.981727],[116.678186,40.98204],[116.677665,40.982504],[116.677483,40.982661],[116.677101,40.982982],[116.676875,40.983251],[116.676684,40.98365],[116.676562,40.983932],[116.676476,40.984414],[116.676458,40.984661],[116.676554,40.985],[116.676693,40.985273],[116.676771,40.985443],[116.676962,40.985742],[116.677057,40.98599],[116.677109,40.986341],[116.677222,40.986662],[116.677266,40.986962],[116.677257,40.987418],[116.6773,40.987704],[116.677318,40.98796],[116.67724,40.988225],[116.677153,40.988372],[116.677083,40.988628],[116.676953,40.98901],[116.676849,40.989353],[116.676797,40.989674],[116.676701,40.990174],[116.676675,40.990434],[116.676675,40.991128],[116.676641,40.991628],[116.676528,40.992088],[116.676502,40.992174],[116.676415,40.992413],[116.676233,40.992678],[116.676172,40.992938],[116.676224,40.99306],[116.676311,40.993108],[116.676536,40.993194],[116.676745,40.993286],[116.676797,40.993385],[116.676753,40.993581],[116.676667,40.993798],[116.676632,40.993932],[116.676623,40.994071],[116.676745,40.994436],[116.676762,40.99477],[116.676788,40.995208],[116.67678,40.995803],[116.676788,40.996163],[116.67678,40.996506],[116.676944,40.996628],[116.677179,40.996953],[116.677196,40.997053],[116.677257,40.997426],[116.677196,40.997674],[116.67717,40.997812],[116.677248,40.998142],[116.677205,40.99829],[116.677144,40.99839],[116.677014,40.998585],[116.676988,40.998872],[116.677118,40.999062],[116.6773,40.999323],[116.677465,40.999635],[116.677604,40.999857],[116.677865,41.000052],[116.677943,41.000087],[116.67809,41.000152],[116.678307,41.000252],[116.678576,41.000304],[116.678958,41.000286],[116.679201,41.000334],[116.679392,41.000365],[116.679866,41.000656],[116.680059,41.000647],[116.680207,41.000742],[116.68025,41.000939],[116.680773,41.001354],[116.681432,41.002066],[116.681814,41.002613],[116.682205,41.003294],[116.682839,41.003976],[116.684045,41.0049],[116.684844,41.005612],[116.685304,41.00622],[116.685599,41.00674],[116.685642,41.007144],[116.685582,41.007665],[116.685234,41.008125],[116.68474,41.008641],[116.684349,41.009219],[116.684045,41.009696],[116.683967,41.009952],[116.684002,41.01023],[116.684436,41.010968],[116.684766,41.011341],[116.68533,41.011706],[116.685825,41.011966],[116.686493,41.01204],[116.687292,41.012053],[116.687726,41.012036],[116.688411,41.012448],[116.688715,41.012869],[116.689062,41.01339],[116.689401,41.013837],[116.689852,41.014878],[116.690078,41.015543],[116.690304,41.01602],[116.690851,41.016641],[116.691441,41.017248],[116.69197,41.01793],[116.692335,41.018437],[116.692691,41.019158],[116.692726,41.019592],[116.692682,41.019635],[116.692535,41.019766],[116.691944,41.020356],[116.691215,41.021102],[116.690486,41.02207],[116.690009,41.022947],[116.689618,41.023728],[116.689271,41.024735],[116.68908,41.02553],[116.68908,41.025977],[116.689392,41.026901],[116.689731,41.027886],[116.689922,41.028681],[116.689922,41.029084],[116.689783,41.029388],[116.68947,41.030352],[116.689184,41.031159],[116.688976,41.031593],[116.688628,41.032083],[116.688281,41.0325],[116.687899,41.032773],[116.687483,41.03299],[116.68697,41.033303],[116.686667,41.033529],[116.686345,41.034097],[116.686181,41.034457],[116.686059,41.034805],[116.68579,41.035221],[116.685234,41.035842],[116.685139,41.036146],[116.685095,41.036749],[116.685078,41.037127],[116.685174,41.037457],[116.685686,41.038151],[116.686059,41.038628],[116.686137,41.038976],[116.686137,41.039149],[116.685616,41.039453],[116.685156,41.039783],[116.684983,41.040174],[116.684488,41.041224],[116.683793,41.042565],[116.683524,41.042843],[116.683247,41.042917],[116.682969,41.042973],[116.682517,41.04299],[116.681198,41.042543],[116.679939,41.042049],[116.67888,41.04138],[116.678047,41.040773],[116.677335,41.040382],[116.676788,41.040135],[116.676155,41.040074],[116.674957,41.04013],[116.67421,41.04023],[116.673394,41.04053],[116.672743,41.040803],[116.672153,41.041102],[116.671936,41.041115],[116.671632,41.041115],[116.671102,41.041072],[116.670911,41.041098],[116.670755,41.041185],[116.67053,41.041793],[116.670104,41.042339],[116.669696,41.042856],[116.669332,41.04332],[116.66855,41.04398],[116.66763,41.044475],[116.667205,41.04474],[116.667057,41.044757],[116.666476,41.044792],[116.666094,41.044657],[116.665859,41.044492],[116.665252,41.044145],[116.664983,41.044115],[116.664809,41.044184],[116.664453,41.044388],[116.664106,41.044531],[116.66342,41.044701],[116.662769,41.044844],[116.661832,41.045],[116.661285,41.045069],[116.660443,41.045082],[116.659679,41.045039],[116.659167,41.045065],[116.65895,41.045135],[116.658724,41.045339],[116.658533,41.045699],[116.658299,41.045955],[116.658012,41.046172],[116.6575,41.046285],[116.657248,41.046372],[116.656927,41.046645],[116.65658,41.046918],[116.656198,41.047179],[116.655686,41.047348],[116.654896,41.047478],[116.654462,41.047591],[116.654054,41.047921],[116.653594,41.048355],[116.652943,41.048915],[116.652413,41.049214],[116.651363,41.049557],[116.650998,41.049701],[116.65092,41.049891],[116.65092,41.050065],[116.650937,41.050321],[116.651102,41.050816],[116.651102,41.051059],[116.651007,41.051319],[116.650608,41.05191],[116.649774,41.053003],[116.649106,41.053711],[116.648594,41.054184],[116.647899,41.054657],[116.647439,41.054844],[116.646771,41.055061],[116.646415,41.05513],[116.646102,41.055317],[116.645365,41.056072],[116.645139,41.056176],[116.64474,41.056146],[116.643924,41.056068],[116.643455,41.056068],[116.642873,41.056089],[116.642648,41.056172],[116.642378,41.056332],[116.642222,41.056576],[116.642014,41.057096],[116.64184,41.057526],[116.641701,41.0577],[116.641441,41.057799],[116.641155,41.057799],[116.640807,41.057799],[116.640408,41.057695],[116.639818,41.057682],[116.638924,41.057752],[116.638281,41.057891],[116.637656,41.058134],[116.637274,41.058147],[116.636901,41.058047],[116.636406,41.057726],[116.635564,41.057031],[116.635174,41.05674],[116.634957,41.056697],[116.634523,41.057014],[116.633733,41.0574],[116.63316,41.057687],[116.632743,41.057977],[116.632431,41.058264],[116.63197,41.058911],[116.631589,41.05911],[116.631285,41.05911],[116.631059,41.059054],[116.630599,41.058676],[116.630373,41.058546],[116.630104,41.058485],[116.629262,41.058572],[116.628733,41.058598],[116.627812,41.058594],[116.627361,41.058668],[116.626727,41.058793],[116.626389,41.058776],[116.625851,41.058876],[116.62553,41.058976],[116.625278,41.059193],[116.625104,41.059236],[116.624896,41.059219],[116.624722,41.059076],[116.624462,41.058698],[116.624253,41.058368],[116.623793,41.057904],[116.623472,41.057513],[116.623056,41.057266],[116.622622,41.057118],[116.622161,41.057062],[116.62197,41.056914],[116.621745,41.05661],[116.621441,41.055916],[116.621163,41.055456],[116.620955,41.055165],[116.62033,41.054384],[116.619948,41.054023],[116.619358,41.053516],[116.618863,41.053181],[116.618142,41.052873],[116.61776,41.05283],[116.6173,41.052943],[116.616944,41.052973],[116.616345,41.052986],[116.615929,41.052982],[116.615356,41.05296],[116.614375,41.052786],[116.613872,41.05263],[116.612786,41.052339],[116.61178,41.052062],[116.61105,41.051914],[116.610521,41.051823],[116.610026,41.05168],[116.609757,41.051519],[116.609722,41.051419],[116.609818,41.051315],[116.610582,41.050946],[116.611198,41.050556],[116.611467,41.050239],[116.611736,41.049319],[116.611936,41.048494],[116.61197,41.047891],[116.611936,41.047483],[116.611884,41.047253],[116.611788,41.047092],[116.611406,41.046806],[116.611033,41.046471],[116.610764,41.04592],[116.610582,41.045299],[116.610434,41.044375],[116.610286,41.043681],[116.610148,41.043407],[116.609965,41.043177],[116.609566,41.042869],[116.609184,41.042682],[116.608741,41.042609],[116.608481,41.042435],[116.608446,41.042057],[116.608333,41.041424],[116.60796,41.040208],[116.607561,41.039232],[116.607561,41.038815],[116.607569,41.037652],[116.607656,41.036124],[116.607682,41.03566],[116.60776,41.03543],[116.607969,41.034983],[116.608186,41.034553],[116.608637,41.034293],[116.609141,41.034062],[116.610269,41.033607],[116.611276,41.033333],[116.611658,41.033164],[116.612066,41.032743],[116.612543,41.03201],[116.613368,41.030742],[116.613585,41.030525],[116.613828,41.030326],[116.613924,41.030195],[116.614019,41.030039],[116.614028,41.029822],[116.614028,41.029635],[116.614158,41.029418],[116.614332,41.029188],[116.614601,41.029002],[116.61487,41.028885],[116.615095,41.028841],[116.61559,41.028845],[116.615946,41.028819],[116.616076,41.028685],[116.61605,41.028589],[116.615703,41.028303],[116.615469,41.027891],[116.615278,41.027431],[116.615278,41.02701],[116.615304,41.026766],[116.615382,41.026593],[116.61572,41.02622],[116.615703,41.025885],[116.615712,41.025512],[116.61579,41.024961],[116.615964,41.024023],[116.615964,41.023793],[116.61605,41.022843],[116.615972,41.022713],[116.615781,41.022465],[116.615061,41.021753],[116.614835,41.021406],[116.614852,41.02125],[116.614931,41.021046],[116.615122,41.020829],[116.615547,41.020486],[116.616372,41.019926],[116.616832,41.01964],[116.616962,41.019479],[116.617023,41.019336],[116.616944,41.019162],[116.616606,41.018741],[116.615964,41.017917],[116.615738,41.01737],[116.61566,41.016936],[116.615668,41.016532],[116.615703,41.016215],[116.615807,41.015534],[116.616016,41.014657],[116.615998,41.01441],[116.615964,41.014223],[116.615703,41.014049],[116.615069,41.013641],[116.614601,41.013294],[116.614089,41.01306],[116.613516,41.012843],[116.613229,41.012695],[116.612943,41.012409],[116.6127,41.012062],[116.612569,41.011671],[116.612578,41.011159],[116.612587,41.010647],[116.612752,41.009939],[116.612752,41.009648],[116.612639,41.009362],[116.612335,41.009028],[116.611918,41.008724],[116.611406,41.00839],[116.611085,41.008086],[116.610955,41.007795],[116.610955,41.007609],[116.610955,41.007405],[116.611172,41.006411],[116.611172,41.006194],[116.610911,41.005356],[116.610642,41.004805],[116.610382,41.004084],[116.610182,41.003624],[116.610113,41.003511],[116.609401,41.002808],[116.608967,41.002057],[116.608759,41.001337],[116.608724,41.000916],[116.608681,41.000365],[116.608576,41.000095],[116.608516,40.999913],[116.608455,40.999479],[116.608576,40.998993],[116.608837,40.998598],[116.609314,40.998238],[116.609757,40.997995],[116.610356,40.997708],[116.610885,40.997409],[116.611137,40.997218],[116.611241,40.996879],[116.611285,40.996571],[116.611224,40.996328],[116.611137,40.996133],[116.611016,40.99589],[116.61092,40.995625],[116.610842,40.995295],[116.610851,40.994779],[116.610773,40.994145],[116.610686,40.993793],[116.610703,40.993351],[116.610677,40.992821],[116.610599,40.992174],[116.610538,40.991684],[116.610347,40.99112],[116.610017,40.990725],[116.609766,40.990321],[116.609601,40.989883],[116.609462,40.989375],[116.609401,40.988963],[116.609392,40.988798],[116.609427,40.988381],[116.60954,40.987878],[116.609826,40.987209],[116.610009,40.986879],[116.610069,40.986484],[116.610009,40.986072],[116.609931,40.985512],[116.609653,40.984987],[116.609505,40.984783],[116.609219,40.984397],[116.608889,40.983932],[116.608611,40.983368],[116.608672,40.982752],[116.608672,40.982283],[116.608585,40.981806],[116.608359,40.981428],[116.608134,40.98115],[116.607752,40.980981],[116.607335,40.980946],[116.607049,40.980703],[116.606545,40.980386],[116.605972,40.980043],[116.605365,40.979718],[116.60487,40.979492],[116.60428,40.97931],[116.603802,40.979067],[116.603264,40.978863],[116.602865,40.978659],[116.602517,40.978416],[116.602196,40.978277],[116.601788,40.978181],[116.601562,40.978082],[116.601276,40.977912],[116.600868,40.977661],[116.600304,40.977422],[116.599844,40.977205],[116.599366,40.976975],[116.598793,40.97661],[116.598385,40.976341],[116.597943,40.975937],[116.597656,40.975764],[116.597448,40.975612],[116.597109,40.975191],[116.59671,40.9748],[116.596207,40.974501],[116.595868,40.974258],[116.595469,40.974149],[116.594991,40.974049],[116.594444,40.973911],[116.593889,40.973685],[116.593359,40.97349],[116.592856,40.973242],[116.592266,40.973186],[116.591849,40.973264],[116.591337,40.973433],[116.590929,40.973602],[116.590278,40.973841],[116.589653,40.97408],[116.588941,40.974297],[116.588316,40.974527],[116.587847,40.974674],[116.5873,40.974931],[116.586884,40.975056],[116.586398,40.975226],[116.586137,40.975313],[116.585833,40.975447],[116.585512,40.975464],[116.5852,40.97543],[116.584878,40.975382],[116.584601,40.975356],[116.584401,40.975256],[116.583759,40.975208],[116.583151,40.975286],[116.582552,40.975503],[116.582109,40.975725],[116.581589,40.976089],[116.581059,40.976476],[116.580582,40.976836],[116.580226,40.977279],[116.579905,40.977769],[116.579609,40.978173],[116.579262,40.97849],[116.578845,40.978607],[116.578438,40.978655],[116.578073,40.97875],[116.577717,40.97875],[116.577405,40.978767],[116.576806,40.979067],[116.576302,40.979518],[116.575903,40.979931],[116.575512,40.980226],[116.574974,40.980629],[116.574618,40.980885],[116.57447,40.980977],[116.57408,40.981345],[116.573889,40.981458],[116.573681,40.981714],[116.573455,40.982023],[116.573264,40.982344],[116.573012,40.982795],[116.572778,40.983095],[116.572491,40.983333],[116.572075,40.983568],[116.571571,40.983863],[116.571128,40.983984],[116.570964,40.984002],[116.570512,40.984249],[116.56987,40.984431],[116.569392,40.984622],[116.568976,40.984792],[116.568715,40.98497],[116.568394,40.985265],[116.568177,40.985556],[116.568099,40.985799],[116.56816,40.986233],[116.568186,40.986406],[116.567899,40.986701],[116.567205,40.987135],[116.566684,40.987452],[116.566189,40.987786],[116.565903,40.988003],[116.56559,40.988199],[116.564974,40.988464],[116.564627,40.98875],[116.564245,40.989136],[116.564071,40.989362],[116.56375,40.989735],[116.563212,40.990104],[116.562786,40.990321],[116.562561,40.990417],[116.562144,40.990651],[116.561753,40.990851],[116.561241,40.991081],[116.560634,40.991354],[116.559931,40.991584],[116.559314,40.991762],[116.558915,40.991888],[116.558325,40.992023],[116.557856,40.99207],[116.557352,40.992101],[116.556858,40.992101],[116.556241,40.992118],[116.555877,40.992114],[116.555564,40.992053],[116.555252,40.991905],[116.554809,40.991476],[116.554384,40.990981],[116.554227,40.990773],[116.553915,40.990109],[116.553819,40.989388],[116.553733,40.988872],[116.553655,40.988368],[116.553385,40.987813],[116.553299,40.987626],[116.553021,40.987357],[116.552639,40.987083],[116.552066,40.986853],[116.551493,40.98661],[116.550703,40.986306],[116.550217,40.986128],[116.549618,40.985946],[116.549167,40.98589],[116.548628,40.985864],[116.548203,40.985868],[116.547865,40.985898],[116.547448,40.985938],[116.546953,40.985885],[116.546224,40.985951],[116.54553,40.986211],[116.544983,40.986502],[116.544358,40.986719],[116.54401,40.986758],[116.543663,40.986749],[116.543377,40.986688],[116.542847,40.986606],[116.5423,40.986484],[116.541823,40.986432],[116.541215,40.98651],[116.540278,40.986823],[116.539983,40.987001],[116.539609,40.987296],[116.53928,40.987691],[116.538967,40.98799],[116.538759,40.988125],[116.538377,40.988268],[116.537769,40.988372],[116.53717,40.988589],[116.536788,40.988668],[116.536484,40.988707],[116.536319,40.988689],[116.535964,40.988672],[116.535634,40.988516],[116.535347,40.988377],[116.535069,40.988181],[116.534783,40.988003],[116.534505,40.987856],[116.533785,40.987661],[116.533264,40.987561],[116.532378,40.987478],[116.532135,40.987461],[116.531432,40.987435],[116.530825,40.987357],[116.530313,40.987309],[116.529583,40.987079],[116.529488,40.986962],[116.529366,40.986649],[116.529236,40.986189],[116.528906,40.985781],[116.528472,40.985378],[116.528325,40.985208],[116.528299,40.985182],[116.528003,40.984848],[116.527882,40.984527],[116.527587,40.98424],[116.527361,40.984097],[116.52704,40.983967],[116.526797,40.983867],[116.526094,40.983451],[116.525694,40.983103],[116.525226,40.98286],[116.524653,40.9826],[116.524045,40.98237],[116.523472,40.982174],[116.52322,40.981953],[116.52309,40.981671],[116.522839,40.981272],[116.522613,40.981085],[116.522135,40.980794],[116.521571,40.98059],[116.52112,40.980443],[116.520512,40.980156],[116.520095,40.979935],[116.519714,40.979757],[116.519201,40.979583],[116.518637,40.979444],[116.517943,40.979401],[116.517595,40.97941],[116.517092,40.979384],[116.516519,40.979358],[116.515773,40.979384],[116.515321,40.979457],[116.514818,40.979536],[116.514184,40.979679],[116.513733,40.979826],[116.513472,40.979926],[116.513403,40.979679],[116.513377,40.979301],[116.513351,40.978455],[116.51342,40.977773],[116.513307,40.977305],[116.513177,40.977062],[116.51303,40.976797],[116.513003,40.97645],[116.512856,40.976159],[116.512587,40.97576],[116.512205,40.975499],[116.511962,40.975282],[116.511771,40.9751],[116.511727,40.97503],[116.511528,40.974735],[116.511354,40.974245],[116.511102,40.974006],[116.510938,40.973815],[116.510677,40.97365],[116.510174,40.973559],[116.509783,40.973581],[116.509219,40.973702],[116.508602,40.973867],[116.50822,40.973859],[116.507917,40.973832],[116.507587,40.973767],[116.507092,40.973563],[116.506736,40.97332],[116.506406,40.973238],[116.50599,40.97322],[116.505642,40.973329],[116.505165,40.973507],[116.50467,40.973793],[116.504236,40.973963],[116.503819,40.974115],[116.503273,40.974275],[116.502856,40.97441],[116.502526,40.974466],[116.502109,40.97444],[116.501693,40.974379],[116.501372,40.974314],[116.501259,40.974288],[116.500799,40.974154],[116.500616,40.974115],[116.500512,40.974102],[116.499835,40.974106],[116.499227,40.97411],[116.498863,40.974171],[116.498359,40.974236],[116.497569,40.974462],[116.496753,40.974735],[116.494835,40.975269],[116.494514,40.975421],[116.493785,40.975595],[116.492769,40.975747],[116.492361,40.975846],[116.492109,40.976007],[116.491363,40.976372],[116.490894,40.976645],[116.490547,40.976719],[116.490078,40.976727],[116.489158,40.976706],[116.488646,40.97668],[116.488142,40.976519],[116.487804,40.976332],[116.487535,40.976211],[116.487405,40.976202],[116.487326,40.976194],[116.487257,40.976202],[116.487066,40.976302],[116.486927,40.976424],[116.486858,40.976532],[116.486701,40.976654],[116.486432,40.976727],[116.485634,40.976966],[116.484965,40.97727],[116.484314,40.977574],[116.483594,40.977921],[116.483168,40.978099],[116.482995,40.978229],[116.482917,40.978355],[116.482856,40.978485],[116.482778,40.978715],[116.482682,40.97888],[116.482569,40.978954],[116.481901,40.979193],[116.481432,40.979523],[116.480851,40.979957],[116.480243,40.980317],[116.479653,40.980595],[116.479375,40.980716],[116.479123,40.980712],[116.479019,40.980712],[116.478698,40.980599],[116.478446,40.980408],[116.478255,40.980204],[116.477813,40.979852],[116.477413,40.979514],[116.477075,40.979323],[116.476467,40.979175],[116.476137,40.979115],[116.475495,40.979058],[116.474905,40.979023],[116.474644,40.979032],[116.474332,40.978885],[116.474106,40.978737],[116.473767,40.97842],[116.47329,40.97786],[116.472925,40.977539],[116.472682,40.977352],[116.472439,40.97724],[116.472118,40.977109],[116.471832,40.977031],[116.471545,40.976979],[116.471155,40.976914],[116.470425,40.976784],[116.469948,40.976723],[116.469271,40.976641],[116.468403,40.976662],[116.467925,40.976832],[116.467517,40.977114],[116.466979,40.977565],[116.466832,40.977765],[116.46651,40.978164],[116.466311,40.978468],[116.465851,40.97888],[116.465443,40.979102],[116.464696,40.979336],[116.463507,40.979527],[116.462752,40.979609],[116.462248,40.979727],[116.461979,40.979779],[116.461875,40.979852],[116.461797,40.979957],[116.461693,40.980178],[116.461623,40.980451],[116.461554,40.98082],[116.461424,40.98105],[116.461345,40.981207],[116.461155,40.981411],[116.460938,40.98151],[116.460469,40.981545],[116.459913,40.981532],[116.459653,40.981584],[116.459002,40.981966],[116.458655,40.982227],[116.458307,40.98247],[116.458108,40.982565],[116.45783,40.982695],[116.4575,40.982561],[116.457422,40.982478],[116.456207,40.98161],[116.455547,40.981176],[116.454757,40.98066],[116.45408,40.980391],[116.453385,40.980122],[116.452648,40.9798],[116.452109,40.979601],[116.451319,40.979557],[116.45072,40.979588],[116.450208,40.979583],[116.450043,40.979575],[116.449861,40.979505],[116.44967,40.979327],[116.449505,40.979097],[116.449366,40.978958],[116.449201,40.978663],[116.449201,40.978329],[116.44921,40.978064],[116.449236,40.977661],[116.44928,40.976992],[116.449444,40.976437],[116.44954,40.976076],[116.449653,40.975642],[116.449627,40.975443],[116.449488,40.975256],[116.449236,40.97503],[116.448984,40.974848],[116.448681,40.974644],[116.448073,40.974323],[116.447691,40.974028],[116.447526,40.973754],[116.447222,40.973333],[116.447083,40.972869],[116.446997,40.972365],[116.446953,40.971662],[116.446953,40.971302],[116.44704,40.970712],[116.447135,40.970339],[116.447153,40.970152],[116.447196,40.96997],[116.446849,40.969722],[116.446372,40.969253],[116.445833,40.968694],[116.445477,40.96832],[116.445339,40.967917],[116.445295,40.967552],[116.445295,40.967292],[116.445382,40.966858],[116.445477,40.966675],[116.445651,40.966337],[116.446033,40.965616],[116.446432,40.965139],[116.44697,40.964388],[116.447075,40.96408],[116.447127,40.963646],[116.447083,40.963181],[116.446962,40.962778],[116.446719,40.962435],[116.446241,40.962018],[116.445877,40.961606],[116.445469,40.961141],[116.445217,40.960807],[116.445,40.96043],[116.444844,40.960113],[116.444705,40.959648],[116.44467,40.959427],[116.444618,40.959084],[116.444358,40.958112],[116.444236,40.957496],[116.444097,40.956697],[116.443984,40.956211],[116.443707,40.955599],[116.443151,40.954696],[116.442448,40.953863],[116.441745,40.953199],[116.441476,40.952734],[116.441328,40.952352],[116.441189,40.952183],[116.441111,40.952031],[116.441276,40.951827],[116.441415,40.95174],[116.441771,40.951519],[116.442335,40.95112],[116.442969,40.950738],[116.443498,40.950347],[116.443906,40.950039],[116.444444,40.949813],[116.444905,40.949618],[116.446024,40.949084],[116.446918,40.948507],[116.447691,40.94803],[116.448003,40.947891],[116.448498,40.947739],[116.448255,40.947444],[116.448177,40.947322],[116.448108,40.947153],[116.448177,40.947062],[116.448307,40.946823],[116.448602,40.946389],[116.448802,40.946107],[116.44901,40.94572],[116.449063,40.945286],[116.448993,40.944891],[116.44901,40.94467],[116.448984,40.944102],[116.449045,40.943641],[116.449306,40.943281],[116.449722,40.942925],[116.449974,40.942804],[116.450304,40.942439],[116.450556,40.942131],[116.450799,40.941771],[116.450903,40.941463],[116.451094,40.940977],[116.451727,40.939987],[116.451962,40.939696],[116.452517,40.938872],[116.452639,40.938411],[116.452821,40.937982],[116.453099,40.937552],[116.453168,40.937439],[116.453385,40.937244],[116.453681,40.937083],[116.454054,40.936836],[116.45441,40.936545],[116.45474,40.936241],[116.45513,40.935777],[116.455347,40.935395],[116.455642,40.934883],[116.455946,40.934015],[116.456007,40.933477],[116.455885,40.932626],[116.455686,40.932031],[116.45546,40.93148],[116.455278,40.93105],[116.455243,40.93092],[116.455286,40.930825],[116.455339,40.930668],[116.455451,40.930582],[116.455729,40.930434],[116.45612,40.930395],[116.457083,40.930382],[116.457986,40.930334],[116.458984,40.930135],[116.4598,40.929974],[116.460564,40.929731],[116.460929,40.929579],[116.461128,40.928832],[116.461224,40.927899],[116.461302,40.927096],[116.461319,40.925829],[116.46145,40.925391],[116.461519,40.924905],[116.461693,40.924414],[116.461901,40.923867],[116.462144,40.923359],[116.462448,40.922999],[116.463316,40.921949],[116.463663,40.921615],[116.464444,40.920916],[116.464965,40.920308],[116.465512,40.919766],[116.466094,40.91928],[116.466519,40.91888],[116.466962,40.918451],[116.467335,40.918016],[116.467483,40.91763],[116.467578,40.917109],[116.467847,40.916107],[116.467865,40.915842],[116.46803,40.913702],[116.467995,40.913411],[116.467891,40.912561],[116.467891,40.912253],[116.467882,40.91194],[116.467934,40.911602],[116.468194,40.911237],[116.468455,40.910885],[116.468845,40.910313],[116.469149,40.909774],[116.469297,40.908841],[116.46928,40.908524],[116.46928,40.908138],[116.46928,40.907804],[116.469332,40.90737],[116.469436,40.906984],[116.469714,40.906471],[116.469939,40.906267],[116.470174,40.905985],[116.47053,40.905651],[116.470634,40.905395],[116.470642,40.905191],[116.470547,40.904857],[116.470382,40.904518],[116.470252,40.904158],[116.470139,40.90385],[116.470165,40.903507],[116.470191,40.903238],[116.470304,40.902891],[116.47046,40.902626],[116.470668,40.902322],[116.471137,40.901671],[116.471241,40.901354],[116.471363,40.900694],[116.471328,40.900052],[116.471068,40.899314],[116.470885,40.898893],[116.47053,40.898377],[116.470252,40.897964],[116.469757,40.897578],[116.469262,40.897218],[116.468863,40.896879],[116.468611,40.896589],[116.46822,40.896107],[116.468116,40.895712],[116.468073,40.895221],[116.468021,40.894579],[116.467977,40.894414],[116.467925,40.894358],[116.467865,40.894349],[116.467786,40.894314],[116.467682,40.894306],[116.467561,40.894306],[116.467326,40.894301],[116.467109,40.894301],[116.466597,40.894327],[116.466337,40.894334],[116.46474,40.894375],[116.463125,40.894436],[116.460616,40.894536],[116.459913,40.894566],[116.459123,40.894566],[116.458403,40.894596],[116.458047,40.894609],[116.457682,40.894696],[116.457509,40.894848],[116.457266,40.895061],[116.457083,40.895182],[116.456858,40.895434],[116.456649,40.89589],[116.456345,40.896437],[116.456128,40.896923],[116.455885,40.897283],[116.455703,40.897591],[116.455477,40.897795],[116.455295,40.897921],[116.454861,40.898151],[116.454036,40.898455],[116.453403,40.898615],[116.452882,40.898759],[116.45237,40.898859],[116.45105,40.898954],[116.450217,40.899032],[116.448472,40.899054],[116.447786,40.899154],[116.447144,40.899149],[116.446406,40.899214],[116.44592,40.899249],[116.445451,40.899271],[116.445087,40.899345],[116.44467,40.899514],[116.44441,40.899583],[116.444332,40.899575],[116.444132,40.899505],[116.44395,40.899323],[116.443733,40.899041],[116.443307,40.898702],[116.442856,40.898472],[116.442457,40.898247],[116.442153,40.898168],[116.441372,40.898121],[116.44066,40.898064],[116.439748,40.898077],[116.439453,40.898069],[116.438082,40.898038],[116.437309,40.898082],[116.436658,40.898173],[116.435981,40.898264],[116.435486,40.898273],[116.43526,40.898264],[116.43454,40.898112],[116.43401,40.897999],[116.433299,40.898021],[116.432648,40.898025],[116.43224,40.898016],[116.431832,40.897904],[116.431302,40.897756],[116.430929,40.897622],[116.430556,40.897613],[116.430365,40.897613],[116.430252,40.897613],[116.430052,40.897687],[116.42974,40.897891],[116.429349,40.898138],[116.428889,40.898481],[116.428299,40.898963],[116.427144,40.899731],[116.426667,40.900061],[116.426076,40.900538],[116.425642,40.900894],[116.424957,40.901319],[116.424531,40.901584],[116.424349,40.901662],[116.424045,40.901658],[116.423976,40.901658],[116.423637,40.901528],[116.423377,40.90138],[116.422977,40.901176],[116.422378,40.900981],[116.42197,40.900929],[116.421432,40.900877],[116.421024,40.900916],[116.420686,40.900924],[116.420174,40.900946],[116.419601,40.90089],[116.419262,40.900786],[116.41895,40.900608],[116.418767,40.90049],[116.418516,40.900295],[116.41842,40.900247],[116.418351,40.900226],[116.418281,40.900221],[116.417587,40.900451],[116.417378,40.900469],[116.416727,40.900595],[116.416363,40.900677],[116.415842,40.900751],[116.414757,40.900807],[116.41428,40.900786],[116.41388,40.900777],[116.413542,40.90076],[116.41309,40.900677],[116.412543,40.900538],[116.411441,40.9],[116.410651,40.899614],[116.410373,40.899484],[116.40974,40.899145],[116.408116,40.898238],[116.407778,40.898047],[116.407648,40.897995],[116.407561,40.897969],[116.407474,40.89796],[116.407344,40.897969],[116.407205,40.897995],[116.407014,40.89806],[116.406832,40.898138],[116.406415,40.898338],[116.406172,40.898459],[116.405599,40.898763],[116.404983,40.899054],[116.404575,40.899366],[116.403976,40.89987],[116.403759,40.900208],[116.403299,40.900747],[116.403168,40.900903],[116.402891,40.90125],[116.402587,40.901636],[116.402248,40.901892],[116.401875,40.902053],[116.401467,40.902231],[116.400842,40.902378],[116.400538,40.902509],[116.4002,40.90276],[116.399653,40.903203],[116.399332,40.903424],[116.398733,40.903785],[116.398377,40.903937],[116.398038,40.90395],[116.3975,40.903941],[116.396597,40.903893],[116.395851,40.903863],[116.395434,40.903885],[116.395035,40.903945],[116.394722,40.904097],[116.394358,40.904197],[116.394054,40.904223],[116.393038,40.904154],[116.392561,40.904154],[116.392413,40.904154],[116.392153,40.904227],[116.391997,40.904388],[116.391684,40.904861],[116.39125,40.905655],[116.390937,40.906107],[116.39046,40.906901],[116.3902,40.907344],[116.390174,40.907569],[116.390148,40.908047],[116.390156,40.908177],[116.390113,40.908689],[116.390043,40.909076],[116.389931,40.909466],[116.389731,40.909614],[116.389401,40.909852],[116.388898,40.910043],[116.388134,40.910299],[116.387656,40.91049],[116.387345,40.910697],[116.387049,40.910894],[116.386363,40.911332],[116.38592,40.911793],[116.385304,40.912378],[116.384896,40.912786],[116.384627,40.913181],[116.384123,40.914106],[116.383481,40.915243],[116.383325,40.915447],[116.383116,40.915703],[116.382639,40.916215],[116.381962,40.91694],[116.381398,40.917639],[116.381337,40.917739],[116.381267,40.917852],[116.38112,40.918047],[116.38072,40.918481],[116.380243,40.918993],[116.379644,40.919609],[116.379271,40.920061],[116.378872,40.920538],[116.378516,40.92105],[116.378247,40.921606],[116.378142,40.921949],[116.378142,40.92217],[116.378125,40.922461],[116.378203,40.922891],[116.37829,40.923472],[116.378203,40.924167],[116.37809,40.92497],[116.378073,40.925152],[116.37803,40.925521],[116.377951,40.925955],[116.37776,40.926532],[116.377648,40.926732],[116.377005,40.927148],[116.376389,40.927378],[116.375972,40.927444],[116.375573,40.927595],[116.375269,40.927869],[116.374844,40.92826],[116.374531,40.928694],[116.374227,40.929266],[116.374028,40.929857],[116.373932,40.9301],[116.373811,40.93049],[116.373628,40.930951],[116.373368,40.931424],[116.373264,40.93171],[116.373316,40.931806],[116.373351,40.932305],[116.373446,40.932869],[116.373464,40.933325],[116.373533,40.933715],[116.373568,40.933971],[116.373342,40.934084],[116.37283,40.934253],[116.372344,40.934405],[116.37197,40.934523],[116.371589,40.934761],[116.37138,40.935026],[116.371128,40.935486],[116.370816,40.936137],[116.370425,40.937144],[116.370252,40.937487],[116.370043,40.937873],[116.369722,40.938203],[116.369323,40.938433],[116.368906,40.938681],[116.367847,40.939067],[116.367066,40.939527],[116.36645,40.939961],[116.365955,40.940438],[116.365686,40.940807],[116.365252,40.94112],[116.364983,40.941315],[116.364349,40.941667],[116.363984,40.941862],[116.362986,40.941688],[116.36197,40.94158],[116.36072,40.941471],[116.36,40.941411],[116.359184,40.941506],[116.358845,40.941502],[116.358733,40.941441],[116.358455,40.941202],[116.358212,40.940625],[116.358151,40.939852],[116.35796,40.939201],[116.357517,40.939019],[116.356632,40.938997],[116.356068,40.938885],[116.35553,40.938477],[116.355252,40.938082],[116.354123,40.935564],[116.353333,40.934505],[116.352587,40.934297],[116.351875,40.934327],[116.350269,40.934505],[116.349679,40.934648],[116.347457,40.934852],[116.34625,40.934766],[116.343819,40.934288],[116.342639,40.93372],[116.342422,40.933507],[116.341953,40.93253],[116.341476,40.932057],[116.340712,40.931632],[116.340234,40.931476],[116.337821,40.930942],[116.336311,40.929939],[116.335634,40.929592],[116.333611,40.927687],[116.333203,40.926853],[116.332925,40.925942],[116.332543,40.924006],[116.332031,40.92306],[116.331137,40.922044],[116.330495,40.921467],[116.328273,40.920039],[116.327934,40.919531],[116.327847,40.91911],[116.327934,40.91829],[116.328186,40.917461],[116.328351,40.91592],[116.32829,40.913932],[116.328602,40.913446],[116.329115,40.912135],[116.329175,40.911185],[116.329158,40.908776],[116.328142,40.906324],[116.327895,40.905347],[116.327752,40.904779],[116.328168,40.902925],[116.330816,40.901146],[116.333273,40.900443],[116.333681,40.900247],[116.335946,40.898168],[116.336146,40.897834],[116.336267,40.897348],[116.336276,40.896354],[116.33638,40.896115],[116.337491,40.895152],[116.337986,40.894453],[116.338247,40.893924],[116.338394,40.892973],[116.338646,40.892708],[116.339427,40.892331],[116.340946,40.891979],[116.341797,40.891289],[116.342075,40.890777],[116.342196,40.890239],[116.3425,40.8898],[116.344002,40.888954],[116.345043,40.888524],[116.345503,40.888151],[116.345773,40.88773],[116.346467,40.886962],[116.347561,40.886063],[116.349983,40.884818],[116.351832,40.884076],[116.352682,40.883911],[116.354193,40.883142],[116.354575,40.882726],[116.354974,40.88194],[116.35533,40.88158],[116.355964,40.881398],[116.357257,40.880812],[116.35783,40.88043],[116.359635,40.878446],[116.359809,40.878025],[116.35987,40.876063],[116.360017,40.875373],[116.360269,40.8749],[116.363698,40.872023],[116.364931,40.871224],[116.365903,40.870751],[116.367708,40.870204],[116.368533,40.869792],[116.369514,40.86888],[116.370208,40.86776],[116.371128,40.865694],[116.371441,40.865391],[116.373559,40.864531],[116.374392,40.863893],[116.375069,40.862626],[116.375373,40.861714],[116.376285,40.861571],[116.378351,40.861636],[116.380009,40.861441],[116.380459,40.861303],[116.381753,40.860907],[116.382639,40.860495],[116.383333,40.860056],[116.38355,40.859627],[116.383601,40.85898],[116.383663,40.858177],[116.383628,40.857096],[116.383776,40.856654],[116.385052,40.85457],[116.385408,40.85309],[116.386484,40.852383],[116.387361,40.852105],[116.388186,40.851984],[116.388585,40.85178],[116.390703,40.849983],[116.392934,40.848741],[116.393602,40.848051],[116.393828,40.847609],[116.394106,40.846332],[116.394427,40.845933],[116.395486,40.845048],[116.395703,40.844661],[116.395842,40.844141],[116.396667,40.84286],[116.396804,40.842237],[116.396927,40.84168],[116.397352,40.840464],[116.398889,40.838854],[116.399106,40.838407],[116.399783,40.836185],[116.399905,40.83401],[116.400148,40.832383],[116.400087,40.831615],[116.400356,40.831276],[116.401285,40.830516],[116.403238,40.829167],[116.404549,40.828845],[116.406797,40.827999],[116.408628,40.827578],[116.409123,40.827339],[116.409418,40.827044],[116.409905,40.825777],[116.410495,40.825052],[116.411762,40.824323],[116.41349,40.823121],[116.414444,40.822201],[116.415781,40.821172],[116.41612,40.821046],[116.418611,40.821224],[116.419679,40.821146],[116.422613,40.820369],[116.425061,40.819579],[116.425425,40.819562],[116.426736,40.819792],[116.427448,40.819714],[116.429167,40.819089],[116.430477,40.819019],[116.431059,40.818676],[116.43145,40.818186],[116.431658,40.817674],[116.431745,40.814622],[116.431892,40.814253],[116.432066,40.813967],[116.433273,40.813559],[116.433559,40.813329],[116.434184,40.812005],[116.434323,40.811263],[116.434427,40.809601],[116.433663,40.808229],[116.433576,40.807873],[116.433655,40.807444],[116.434531,40.806233],[116.435356,40.80553],[116.436276,40.805117],[116.439123,40.804188],[116.440451,40.803589],[116.441858,40.802635],[116.44309,40.801549],[116.444019,40.800959],[116.44467,40.800252],[116.444861,40.799826],[116.444905,40.799245],[116.444601,40.798472],[116.444497,40.797643],[116.444818,40.797253],[116.445842,40.796398],[116.446649,40.796363],[116.448924,40.796918],[116.450269,40.796997],[116.450712,40.79684],[116.450938,40.796645],[116.451536,40.795725],[116.452193,40.795048],[116.452361,40.794874],[116.452752,40.794288],[116.452839,40.793971],[116.452839,40.790911],[116.452977,40.789913],[116.453108,40.789553],[116.453177,40.788733],[116.454679,40.7876],[116.455139,40.786905],[116.455122,40.786402],[116.45487,40.78556],[116.454792,40.783984],[116.455069,40.782383],[116.454384,40.780803],[116.45441,40.780634],[116.455295,40.779857],[116.455833,40.77829],[116.456502,40.777556],[116.457222,40.776953],[116.457752,40.776259],[116.45803,40.775534],[116.458385,40.774089],[116.459227,40.773329],[116.459575,40.772899],[116.459175,40.77112],[116.459089,40.770816],[116.458351,40.770295],[116.456693,40.769457],[116.455773,40.768398],[116.455408,40.768125],[116.455035,40.767995],[116.452561,40.7676],[116.450816,40.76694],[116.450182,40.766272],[116.448984,40.765308],[116.448481,40.764688],[116.448048,40.764451],[116.447656,40.764236],[116.44625,40.764727],[116.44487,40.76497],[116.442977,40.765625],[116.440356,40.766385],[116.439175,40.767201],[116.43809,40.767548],[116.437517,40.767548],[116.435903,40.767296],[116.434453,40.766914],[116.433872,40.766649],[116.432153,40.765421],[116.431389,40.765204],[116.430651,40.765378],[116.429063,40.76602],[116.425495,40.766571],[116.424557,40.766502],[116.421736,40.765872],[116.418498,40.765764],[116.417682,40.766068],[116.416997,40.766606],[116.416528,40.766862],[116.416128,40.766962],[116.414167,40.767131],[116.413212,40.767426],[116.411293,40.767509],[116.41013,40.767687],[116.409835,40.767921],[116.409757,40.768273],[116.409766,40.77013],[116.409523,40.770951],[116.409045,40.772131],[116.408759,40.772604],[116.408472,40.773516],[116.408073,40.775343],[116.408073,40.775911],[116.407934,40.77622],[116.407222,40.776849],[116.406181,40.777244],[116.403663,40.777773],[116.402474,40.77842],[116.401484,40.77872],[116.401163,40.778646],[116.400408,40.777977],[116.399514,40.777426],[116.398689,40.777148],[116.397795,40.777005],[116.396849,40.776936],[116.395773,40.7775],[116.395087,40.777617],[116.393385,40.7773],[116.392092,40.776632],[116.391684,40.776571],[116.38921,40.776654],[116.388177,40.776975],[116.387083,40.776901],[116.386267,40.776697],[116.385321,40.775356],[116.385069,40.775156],[116.383724,40.774709],[116.380781,40.773316],[116.379948,40.773216],[116.378151,40.77349],[116.377639,40.773494],[116.377057,40.773268],[116.376415,40.772622],[116.37625,40.772248],[116.375642,40.771515],[116.374418,40.770951],[116.37349,40.770655],[116.369089,40.770716],[116.365547,40.770595],[116.364644,40.770786],[116.363802,40.770425],[116.362023,40.769444],[116.361363,40.769219],[116.359766,40.769909],[116.358655,40.770278],[116.358212,40.770386],[116.357014,40.770464],[116.354887,40.771003],[116.353993,40.77069],[116.352691,40.769813],[116.351858,40.769549],[116.347326,40.768672],[116.346814,40.768598],[116.345747,40.768646],[116.345356,40.768698],[116.344444,40.769041],[116.342179,40.770434],[116.34066,40.77066],[116.339123,40.771332],[116.337622,40.77151],[116.336667,40.771484],[116.335087,40.771176],[116.334661,40.770707],[116.334488,40.770668],[116.333906,40.771337],[116.333229,40.77151],[116.329965,40.771454],[116.328446,40.771298],[116.327656,40.771124],[116.326884,40.771102],[116.325286,40.771467],[116.323915,40.772174],[116.323255,40.772161],[116.322483,40.771988],[116.321172,40.771471],[116.320226,40.771241],[116.316207,40.770838],[116.315764,40.770846],[116.315095,40.771111],[116.314523,40.771124],[116.313984,40.77092],[116.313142,40.770425],[116.312535,40.769926],[116.312344,40.769926],[116.311823,40.770148],[116.311354,40.770612],[116.310799,40.770664],[116.310174,40.770378],[116.309271,40.769653],[116.30855,40.769319],[116.307448,40.76898],[116.30697,40.768641],[116.306623,40.767808],[116.306172,40.767057],[116.305009,40.765964],[116.304531,40.765282],[116.302865,40.763685],[116.301753,40.762196],[116.301632,40.761645],[116.301875,40.760872],[116.302899,40.759944],[116.302934,40.759457],[116.302778,40.758073],[116.302821,40.757413],[116.302934,40.757088],[116.30362,40.755686],[116.304592,40.754661],[116.304922,40.753563],[116.304531,40.751589],[116.304436,40.750421],[116.304141,40.750278],[116.302708,40.750382],[116.301745,40.750586],[116.301068,40.751341],[116.300582,40.752214],[116.300148,40.752773],[116.298576,40.754119],[116.298168,40.754297],[116.296571,40.754527],[116.294045,40.754566],[116.293064,40.754787],[116.291693,40.755286],[116.290434,40.756493],[116.289557,40.756766],[116.288481,40.757339],[116.288064,40.757799],[116.287726,40.758589],[116.287405,40.758898],[116.286936,40.75967],[116.285964,40.760495],[116.285512,40.760998],[116.284757,40.762292],[116.284045,40.762778],[116.283437,40.762817],[116.282786,40.762643],[116.282222,40.762374],[116.281684,40.761988],[116.281172,40.761367],[116.280781,40.76125],[116.280226,40.761302],[116.279019,40.762001],[116.277865,40.7624],[116.27658,40.762535],[116.275252,40.762426],[116.274453,40.76207],[116.273299,40.761359],[116.272118,40.760378],[116.271224,40.760122],[116.270417,40.760482],[116.26954,40.761319],[116.268958,40.761389],[116.2677,40.761293],[116.2673,40.761389],[116.267891,40.762478],[116.268073,40.763086],[116.268142,40.763637],[116.268012,40.764835],[116.267865,40.765074],[116.266858,40.765898],[116.265642,40.766623],[116.265043,40.767114],[116.264366,40.76832],[116.26395,40.768811],[116.263741,40.769201],[116.263655,40.769991],[116.263707,40.772079],[116.263446,40.772808],[116.263403,40.773273],[116.263429,40.773824],[116.263759,40.774627],[116.263776,40.774852],[116.26375,40.775178],[116.263429,40.775655],[116.261571,40.776137],[116.260694,40.776567],[116.26,40.77704],[116.258802,40.778194],[116.258542,40.778837],[116.258437,40.779358],[116.258411,40.780456],[116.258212,40.781115],[116.257951,40.781437],[116.257708,40.781467],[116.256328,40.78112],[116.256024,40.781115],[116.255417,40.781198],[116.254861,40.781432],[116.25467,40.781658],[116.254609,40.781884],[116.254618,40.782743],[116.254505,40.783134],[116.254089,40.783711],[116.252595,40.784549],[116.252396,40.785078],[116.252361,40.785959],[116.252118,40.786228],[116.251693,40.78638],[116.25105,40.786324],[116.249722,40.786385],[116.249227,40.786502],[116.248854,40.786697],[116.248186,40.787622],[116.247752,40.788012],[116.24684,40.788507],[116.246085,40.788798],[116.24401,40.78934],[116.241788,40.790308],[116.241484,40.790286],[116.241111,40.790087],[116.240451,40.788889],[116.239063,40.786871],[116.238038,40.786306],[116.237691,40.78625],[116.235495,40.786463],[116.234627,40.785421],[116.233247,40.783095],[116.232804,40.782799],[116.228863,40.78161],[116.228837,40.781319],[116.229201,40.780799],[116.229488,40.779926],[116.22987,40.77796],[116.229696,40.775074],[116.229462,40.773624],[116.229123,40.772973],[116.228351,40.772066],[116.227274,40.771107],[116.225582,40.769978],[116.225165,40.769353],[116.225304,40.767834],[116.22526,40.767526],[116.224609,40.76678],[116.224453,40.766263],[116.224531,40.765434],[116.225052,40.764258],[116.225113,40.763542],[116.225043,40.763164],[116.223924,40.761341],[116.223802,40.760903],[116.226337,40.759592],[116.227491,40.75839],[116.227726,40.757869],[116.227648,40.757591],[116.227396,40.757383],[116.226215,40.757018],[116.223021,40.754978],[116.2223,40.754644],[116.220668,40.754149],[116.219479,40.753663],[116.217752,40.752752],[116.217135,40.752292],[116.216823,40.75181],[116.216354,40.750599],[116.215573,40.74934],[116.215104,40.748971],[116.214297,40.747674],[116.213819,40.745356],[116.213828,40.744358],[116.214167,40.743173],[116.214089,40.742769],[116.213628,40.742461],[116.212639,40.741302],[116.21197,40.740816],[116.211102,40.74046],[116.209896,40.739648],[116.207847,40.738845],[116.207049,40.738633],[116.206007,40.739358],[116.204358,40.740195],[116.202457,40.738707],[116.199852,40.73839],[116.198898,40.738494],[116.19849,40.738416],[116.198403,40.738073],[116.198411,40.737426],[116.198576,40.736354],[116.198377,40.736094],[116.198168,40.735551],[116.19822,40.735087],[116.198481,40.734614],[116.199193,40.733967],[116.199609,40.733229],[116.199688,40.732135],[116.199479,40.731519],[116.19895,40.731042],[116.197569,40.730161],[116.196901,40.729479],[116.196415,40.728806],[116.196155,40.72862],[116.194123,40.727878],[116.193411,40.726975],[116.191858,40.725551],[116.191528,40.725378],[116.189071,40.724792],[116.188646,40.724536],[116.188021,40.72398],[116.187413,40.723711],[116.186493,40.723485],[116.186033,40.723242],[116.185677,40.722682],[116.184983,40.720543],[116.184523,40.719666],[116.183967,40.719136],[116.180859,40.716992],[116.179905,40.715903],[116.179592,40.715265],[116.178958,40.714735],[116.178663,40.714306],[116.178611,40.713997],[116.179149,40.713411],[116.179436,40.713299],[116.17947,40.712886],[116.17934,40.712648],[116.178637,40.712135],[116.1752,40.711107],[116.174844,40.710894],[116.174783,40.710408],[116.174905,40.70954],[116.174809,40.709097],[116.174653,40.708876],[116.174089,40.708355],[116.173411,40.707925],[116.171623,40.70635],[116.171571,40.706146],[116.17191,40.704978],[116.171849,40.704023],[116.171328,40.702595],[116.170547,40.701662],[116.170321,40.701163],[116.170165,40.699783],[116.169922,40.699006],[116.169392,40.698429],[116.16829,40.697526],[116.167873,40.69724],[116.166389,40.69651],[116.165729,40.695621],[116.165035,40.694436],[116.165052,40.694171],[116.165217,40.69395],[116.167274,40.691858],[116.167422,40.690243],[116.167396,40.687496],[116.167231,40.686953],[116.166684,40.685799],[116.165885,40.684735],[116.16526,40.683559],[116.165069,40.682257],[116.165061,40.681836],[116.165243,40.681085],[116.165182,40.680126],[116.163776,40.678902],[116.163516,40.678563],[116.163481,40.678303],[116.162101,40.67737],[116.161884,40.677092],[116.161936,40.676194],[116.161563,40.675907],[116.161753,40.675768],[116.161866,40.67549],[116.161502,40.674175],[116.161293,40.671085],[116.160608,40.669136],[116.159323,40.667023],[116.158533,40.66526],[116.158394,40.664857],[116.158446,40.662096],[116.158316,40.661832],[116.157986,40.661515],[116.156858,40.661029],[116.156354,40.660898],[116.155677,40.660859],[116.154913,40.660894],[116.153446,40.661168],[116.153307,40.661194],[116.152971,40.661237],[116.148403,40.661832],[116.147795,40.661984],[116.146233,40.661636],[116.145686,40.661658],[116.145087,40.661775],[116.144036,40.662174],[116.141979,40.663155],[116.139757,40.663594],[116.138177,40.664084],[116.137908,40.664288],[116.137474,40.664861],[116.136806,40.665326],[116.136476,40.665391],[116.134957,40.665273],[116.133724,40.665313],[116.13171,40.665738],[116.131172,40.666102],[116.130981,40.66612],[116.130547,40.666063],[116.129922,40.665616],[116.128464,40.665499],[116.128003,40.665195],[116.127856,40.664774],[116.127483,40.664397],[116.127135,40.663811],[116.126363,40.663281],[116.126432,40.66299],[116.127023,40.66227],[116.126997,40.662166],[116.126858,40.662109],[116.126484,40.662231],[116.126345,40.662188],[116.125903,40.660868],[116.12487,40.659657],[116.12296,40.656814],[116.12138,40.655221],[116.120017,40.654688],[116.119783,40.654475],[116.118819,40.652504],[116.118307,40.652383],[116.117335,40.652335],[116.116988,40.652174],[116.116458,40.651745],[116.114141,40.651198],[116.113785,40.651042],[116.112396,40.649388],[116.111319,40.649106],[116.110859,40.648698],[116.109219,40.647869],[116.107873,40.647626],[116.106814,40.647253],[116.106163,40.646918],[116.10553,40.646411],[116.105139,40.645842],[116.104175,40.645339],[116.105113,40.644692],[116.1052,40.643598],[116.105599,40.641393],[116.106319,40.639362],[116.106797,40.638537],[116.107734,40.637153],[116.108403,40.636411],[116.109453,40.635625],[116.111102,40.634588],[116.11237,40.633082],[116.112743,40.632522],[116.114002,40.631701],[116.114384,40.631063],[116.114722,40.630122],[116.115668,40.62842],[116.11559,40.627882],[116.115313,40.627574],[116.115046,40.627469],[116.113446,40.62684],[116.111927,40.62638],[116.110503,40.626263],[116.108689,40.626298],[116.106823,40.625829],[116.104948,40.625938],[116.10401,40.626159],[116.102387,40.626128],[116.100842,40.62589],[116.099306,40.625499],[116.097969,40.625408],[116.096363,40.625586],[116.095712,40.625742],[116.094609,40.626198],[116.094253,40.626493],[116.09408,40.626793],[116.094019,40.627674],[116.09408,40.628381],[116.094002,40.62852],[116.093655,40.62875],[116.092943,40.629002],[116.092448,40.628997],[116.091337,40.628446],[116.089366,40.627899],[116.087804,40.627018],[116.086233,40.62678],[116.085356,40.626385],[116.08322,40.625703],[116.082075,40.625052],[116.081545,40.624475],[116.080842,40.623238],[116.080182,40.622626],[116.07941,40.622253],[116.077049,40.621636],[116.074444,40.619809],[116.073602,40.61931],[116.071545,40.618976],[116.070278,40.618329],[116.069818,40.617917],[116.069685,40.617629],[116.069549,40.617331],[116.069271,40.617014],[116.068377,40.616419],[116.068047,40.616098],[116.067969,40.615903],[116.067986,40.614757],[116.067873,40.614206],[116.067396,40.613442],[116.067083,40.612487],[116.067075,40.610573],[116.066615,40.609974],[116.066128,40.609714],[116.063411,40.60872],[116.062118,40.608589],[116.059948,40.608468],[116.058099,40.608694],[116.056943,40.608753],[116.056328,40.608785],[116.055894,40.608581],[116.055399,40.607717],[116.054974,40.607352],[116.053377,40.606758],[116.052526,40.605812],[116.051901,40.605486],[116.049905,40.604991],[116.04454,40.604618],[116.043828,40.604397],[116.043108,40.603967],[116.04224,40.603281],[116.041892,40.602856],[116.040451,40.602231],[116.039705,40.60207],[116.038967,40.601003],[116.03855,40.60074],[116.038229,40.600538],[116.037274,40.600221],[116.035686,40.599865],[116.033984,40.599701],[116.031094,40.598919],[116.0302,40.598524],[116.029444,40.598372],[116.028333,40.599158],[116.027587,40.599149],[116.026901,40.598919],[116.02605,40.598416],[116.025755,40.598108],[116.025512,40.597613],[116.024787,40.597123],[116.024375,40.596845],[116.023741,40.59592],[116.023003,40.596276],[116.022517,40.596662],[116.022179,40.597105],[116.022031,40.597461],[116.022005,40.597826],[116.022127,40.598199],[116.023082,40.599319],[116.023628,40.600109],[116.023828,40.600586],[116.023924,40.601089],[116.023646,40.602652],[116.023828,40.603503],[116.023741,40.603941],[116.023533,40.604323],[116.022899,40.604887],[116.022465,40.605677],[116.022205,40.605877],[116.021771,40.605621],[116.021641,40.605408],[116.021493,40.604266],[116.02138,40.604067],[116.02066,40.603329],[116.02026,40.603355],[116.019939,40.603615],[116.019609,40.605082],[116.019531,40.605217],[116.019271,40.605282],[116.018984,40.605104],[116.018611,40.604319],[116.018264,40.60388],[116.018099,40.603429],[116.017908,40.603242],[116.017708,40.603147],[116.017049,40.603377],[116.016137,40.602457],[116.013177,40.599978],[116.012161,40.599388],[116.011571,40.599184],[116.009592,40.599154],[116.009418,40.599071],[116.009531,40.598411],[116.009149,40.597652],[116.009948,40.597483],[116.010651,40.59635],[116.01053,40.595638],[116.010408,40.59543],[116.009332,40.595009],[116.00888,40.594249],[116.007726,40.592934],[116.006979,40.592517],[116.006198,40.590547],[116.005417,40.589909],[116.005035,40.58974],[116.004418,40.589275],[116.004245,40.589045],[116.004158,40.588394],[116.003715,40.58783],[116.003403,40.587665],[116.001884,40.587526],[116.001372,40.587235],[116.000616,40.586415],[115.999748,40.585725],[115.999462,40.585404],[115.99901,40.584358],[115.99888,40.583772],[115.998889,40.582734],[115.998776,40.582552],[115.998108,40.582535],[115.99599,40.582782],[115.993516,40.582803],[115.992925,40.582808],[115.99171,40.583021],[115.990877,40.582917],[115.989922,40.582582],[115.989948,40.582357],[115.990512,40.581089],[115.990547,40.58043],[115.99046,40.580078],[115.990217,40.579674],[115.989062,40.578537],[115.988646,40.57842],[115.98803,40.578455],[115.987066,40.579019],[115.986406,40.579227],[115.98566,40.579049],[115.984696,40.578403],[115.984097,40.57822],[115.98204,40.577999],[115.980651,40.577964],[115.97901,40.578303],[115.9773,40.57747],[115.976641,40.577483],[115.976016,40.577713],[115.975295,40.578342],[115.974783,40.579271],[115.974045,40.581771],[115.973542,40.582786],[115.973359,40.583073],[115.972144,40.584184],[115.971797,40.584735],[115.971458,40.586185],[115.971311,40.586406],[115.970122,40.587066],[115.969583,40.587826],[115.96901,40.589497],[115.969027,40.590119],[115.969071,40.591771],[115.968993,40.592578],[115.968655,40.593498],[115.968342,40.595022],[115.967986,40.596272],[115.967682,40.596853],[115.966102,40.599028],[115.965764,40.599683],[115.965712,40.600065],[115.965877,40.601085],[115.965625,40.601102],[115.965252,40.600951],[115.964653,40.600881],[115.962786,40.600143],[115.961441,40.599896],[115.959783,40.599744],[115.959601,40.599805],[115.959705,40.60036],[115.961155,40.60224],[115.961493,40.602752],[115.961623,40.603138],[115.961701,40.603681],[115.961484,40.604314],[115.961302,40.604622],[115.96072,40.605017],[115.958437,40.605998],[115.957405,40.606645],[115.956901,40.606862],[115.955903,40.60694],[115.954722,40.606662],[115.954332,40.606467],[115.953863,40.606411],[115.953411,40.606536],[115.950174,40.607982],[115.949028,40.60829],[115.947795,40.60832],[115.945877,40.608194],[115.945122,40.608316],[115.944375,40.608312],[115.943333,40.608069],[115.942682,40.607635],[115.942266,40.607578],[115.940139,40.609132],[115.93862,40.609861],[115.93809,40.610013],[115.936441,40.610191],[115.934948,40.610738],[115.934358,40.610747],[115.932431,40.610516],[115.931519,40.61059],[115.930269,40.611536],[115.9298,40.611797],[115.928993,40.612096],[115.928247,40.612248],[115.927231,40.6124],[115.924948,40.612153],[115.923932,40.612174],[115.922257,40.611545],[115.921606,40.611497],[115.921085,40.611628],[115.919887,40.612361],[115.919358,40.612526],[115.918767,40.612522],[115.918481,40.612613],[115.918125,40.612865],[115.917526,40.61352],[115.916424,40.61388],[115.915278,40.614822],[115.914349,40.615421],[115.912769,40.615872],[115.911111,40.616046],[115.909618,40.616076],[115.903932,40.615386],[115.903689,40.615425],[115.902595,40.615955],[115.901771,40.616098],[115.901016,40.615664],[115.899852,40.614779],[115.899757,40.614049],[115.899523,40.613346],[115.899332,40.612921],[115.898707,40.612214],[115.897708,40.61161],[115.896589,40.61125],[115.895035,40.609779],[115.894175,40.608741],[115.893333,40.608108],[115.892734,40.607474],[115.891823,40.606905],[115.890469,40.606445],[115.888698,40.605686],[115.887734,40.604974],[115.887405,40.60444],[115.887318,40.603377],[115.887161,40.603155],[115.886866,40.602865],[115.885668,40.602101],[115.884887,40.601198],[115.88454,40.600178],[115.884219,40.599579],[115.883984,40.599332],[115.883385,40.597574],[115.882873,40.596636],[115.882092,40.595833],[115.880061,40.5949],[115.879349,40.594032],[115.879141,40.594093],[115.878628,40.594579],[115.876536,40.5948],[115.875625,40.594592],[115.875252,40.594427],[115.87467,40.593945],[115.874089,40.593863],[115.870477,40.594019],[115.869314,40.594497],[115.86888,40.594549],[115.867752,40.593793],[115.867352,40.59362],[115.866658,40.593602],[115.865451,40.593876],[115.862813,40.594722],[115.861962,40.594735],[115.861684,40.594562],[115.860148,40.592157],[115.859505,40.591641],[115.858238,40.590938],[115.857196,40.590577],[115.854974,40.590048],[115.851727,40.590182],[115.851094,40.590126],[115.850408,40.589935],[115.849705,40.589579],[115.848767,40.588924],[115.846892,40.589158],[115.842734,40.590286],[115.840035,40.591797],[115.838125,40.590004],[115.837231,40.589614],[115.833003,40.589358],[115.832109,40.58921],[115.829878,40.588086],[115.825538,40.587075],[115.824983,40.587027],[115.823186,40.586628],[115.821545,40.586059],[115.821172,40.585747],[115.820877,40.584193],[115.819609,40.582938],[115.819514,40.582639],[115.819349,40.580907],[115.81908,40.579596],[115.818264,40.578316],[115.818012,40.577561],[115.817752,40.574618],[115.8173,40.573867],[115.816771,40.573281],[115.816493,40.5725],[115.816398,40.571302],[115.816458,40.569635],[115.816337,40.569327],[115.814444,40.566949],[115.814323,40.566649],[115.814193,40.566159],[115.814297,40.565651],[115.815113,40.563685],[115.815234,40.563177],[115.815321,40.562023],[115.814809,40.559883],[115.814392,40.558872],[115.813819,40.558212],[115.813585,40.558064],[115.811163,40.557331],[115.808802,40.556124],[115.807917,40.555959],[115.805885,40.555872],[115.804531,40.555977],[115.802083,40.55661],[115.800434,40.557209],[115.798993,40.557339],[115.798663,40.557339],[115.796059,40.55661],[115.793932,40.556589],[115.792813,40.55638],[115.791667,40.556944],[115.789219,40.559371],[115.788698,40.559622],[115.787847,40.559878],[115.78592,40.559974],[115.784358,40.559609],[115.782161,40.558533],[115.779592,40.557613],[115.778403,40.55704],[115.775243,40.55464],[115.774644,40.554045],[115.772292,40.552747],[115.770694,40.551567],[115.770009,40.550816],[115.769245,40.548641],[115.76855,40.547648],[115.768082,40.547387],[115.767587,40.547253],[115.765495,40.547283],[115.765165,40.547218],[115.763854,40.546662],[115.762639,40.545438],[115.761528,40.54395],[115.76092,40.543581],[115.760113,40.542882],[115.759384,40.542209],[115.759141,40.541866],[115.758932,40.540451],[115.758533,40.54],[115.757561,40.539236],[115.755313,40.538181],[115.753238,40.537587],[115.752899,40.537613],[115.750738,40.538177],[115.750069,40.538724],[115.749436,40.538815],[115.748724,40.538702],[115.746875,40.537418],[115.74658,40.536367],[115.746545,40.535464],[115.746641,40.534952],[115.747127,40.534288],[115.748281,40.533303],[115.748724,40.532578],[115.749149,40.53092],[115.749306,40.529692],[115.749184,40.52957],[115.748819,40.52947],[115.7473,40.529275],[115.746892,40.529093],[115.745634,40.527895],[115.744358,40.526966],[115.743264,40.525911],[115.74237,40.524753],[115.741727,40.52329],[115.740651,40.522044],[115.739818,40.520104],[115.739375,40.519288],[115.738186,40.518168],[115.737465,40.51714],[115.73717,40.515408],[115.737144,40.514327],[115.736849,40.513355],[115.736762,40.512535],[115.735521,40.512118],[115.733377,40.511602],[115.733116,40.511497],[115.734653,40.509822],[115.734653,40.50951],[115.734115,40.508715],[115.733524,40.507296],[115.732969,40.506597],[115.732491,40.505686],[115.730295,40.503359],[115.729722,40.502682],[115.729714,40.502517],[115.730043,40.502092],[115.730582,40.501766],[115.732057,40.500234],[115.732405,40.499145],[115.732795,40.498511],[115.734462,40.496597],[115.734922,40.496302],[115.735599,40.495677],[115.736155,40.494835],[115.73645,40.494023],[115.736753,40.493655],[115.736918,40.494392],[115.736806,40.494748],[115.736858,40.495451],[115.737023,40.495907],[115.737708,40.496936],[115.738394,40.497383],[115.739557,40.497478],[115.741398,40.497218],[115.743238,40.497218],[115.745017,40.497101],[115.747743,40.497335],[115.750608,40.497448],[115.751493,40.497843],[115.752648,40.49803],[115.754523,40.497378],[115.75526,40.497365],[115.755859,40.497396],[115.757543,40.497908],[115.758003,40.497925],[115.759722,40.497127],[115.761016,40.497148],[115.761771,40.49704],[115.763229,40.495473],[115.763602,40.495304],[115.764557,40.495126],[115.764905,40.494952],[115.76526,40.494722],[115.766094,40.493798],[115.766988,40.492999],[115.767483,40.492756],[115.768212,40.492604],[115.769531,40.49273],[115.770226,40.492869],[115.771311,40.493255],[115.771806,40.493251],[115.772344,40.493112],[115.774774,40.491997],[115.775469,40.491463],[115.775911,40.490768],[115.775842,40.488928],[115.775694,40.488468],[115.775417,40.488008],[115.773559,40.486506],[115.77217,40.485877],[115.771771,40.485525],[115.770868,40.48398],[115.770677,40.483108],[115.769887,40.481402],[115.770608,40.479857],[115.770668,40.479392],[115.770313,40.478281],[115.770564,40.476814],[115.770373,40.476215],[115.769679,40.475417],[115.769028,40.474931],[115.768411,40.473828],[115.767934,40.473264],[115.76717,40.472769],[115.766424,40.472491],[115.765538,40.471875],[115.765243,40.471549],[115.764566,40.470269],[115.763637,40.467843],[115.763524,40.466766],[115.763819,40.464939],[115.763837,40.464349],[115.764063,40.463641],[115.766102,40.461393],[115.766554,40.461011],[115.767266,40.460829],[115.768212,40.460794],[115.769818,40.460994],[115.773238,40.462782],[115.773741,40.462739],[115.774063,40.462326],[115.774115,40.462066],[115.774097,40.461085],[115.772335,40.46066],[115.772075,40.460399],[115.771762,40.459705],[115.771247,40.458962],[115.77072,40.45895],[115.770538,40.458793],[115.770469,40.458537],[115.770469,40.458299],[115.770599,40.458242],[115.770859,40.458368],[115.770955,40.457795],[115.771224,40.457743],[115.771327,40.456933],[115.771345,40.456788],[115.771163,40.45671],[115.771198,40.456441],[115.7727,40.45645],[115.772665,40.455395],[115.769661,40.456871],[115.768255,40.456432],[115.767552,40.456771],[115.767092,40.456111],[115.767804,40.455738],[115.768576,40.453164],[115.767708,40.453438],[115.767474,40.453129],[115.767769,40.452661],[115.768932,40.451298],[115.769158,40.450747],[115.766163,40.451536],[115.767109,40.450347],[115.766806,40.450122],[115.767248,40.448976],[115.766458,40.448542],[115.766432,40.448403],[115.767986,40.44622],[115.767795,40.446146],[115.767248,40.446832],[115.764557,40.445855],[115.764644,40.444097],[115.763828,40.44385],[115.763854,40.443702],[115.764115,40.442873],[115.765191,40.443012],[115.765451,40.442509],[115.764227,40.442001],[115.764531,40.441311],[115.765851,40.441645],[115.765712,40.442348],[115.767977,40.442947],[115.769115,40.440868],[115.769392,40.440551],[115.769766,40.44046],[115.771571,40.440894],[115.771189,40.441584],[115.771736,40.441649],[115.771962,40.441428],[115.772378,40.441515],[115.772474,40.441372],[115.77296,40.44135],[115.774288,40.438967],[115.774549,40.439032],[115.774262,40.439627],[115.774531,40.439722],[115.77526,40.438663],[115.77546,40.438194],[115.776007,40.438199],[115.776753,40.437127],[115.777309,40.437166],[115.777951,40.436315],[115.779045,40.436385],[115.779852,40.435768],[115.780391,40.435799],[115.782396,40.432878],[115.783655,40.431211],[115.786059,40.43145],[115.786146,40.431363],[115.790616,40.431267],[115.791259,40.429049],[115.79178,40.427609],[115.788915,40.426884],[115.788793,40.427457],[115.78855,40.427448],[115.788698,40.426849],[115.78842,40.42671],[115.78862,40.426111],[115.789019,40.426211],[115.7898,40.42543],[115.790182,40.425573],[115.79044,40.425309],[115.80499,40.410458],[115.806218,40.409205],[115.821895,40.393204],[115.826757,40.388241],[115.830408,40.384514],[115.831311,40.380091],[115.834497,40.379935],[115.835304,40.376706],[115.838021,40.37704],[115.838342,40.375595],[115.839366,40.375629],[115.83941,40.375313],[115.839731,40.375365],[115.839974,40.374579],[115.840634,40.374631],[115.840755,40.373937],[115.842899,40.374089],[115.842769,40.37569],[115.843082,40.375725],[115.84572,40.375764],[115.849878,40.375985],[115.849965,40.37467],[115.850818,40.374717],[115.853177,40.374848],[115.853281,40.374488],[115.85434,40.374544],[115.854497,40.372192],[115.854696,40.370655],[115.854939,40.370668],[115.855078,40.369918],[115.855356,40.369952],[115.854965,40.372604],[115.855313,40.372635],[115.855365,40.372283],[115.85579,40.3723],[115.856207,40.369553],[115.856207,40.368155],[115.852161,40.36776],[115.85217,40.367313],[115.855981,40.367266],[115.856007,40.366701],[115.853012,40.366636],[115.853021,40.365825],[115.855807,40.365924],[115.855894,40.364301],[115.855842,40.363689],[115.852005,40.363641],[115.851988,40.363264],[115.855955,40.363351],[115.855964,40.362856],[115.851953,40.362795],[115.851944,40.36224],[115.855833,40.3623],[115.855833,40.361693],[115.853021,40.361641],[115.853212,40.361276],[115.853724,40.360998],[115.857196,40.361081],[115.858507,40.362799],[115.858342,40.360799],[115.857266,40.36079],[115.856858,40.360707],[115.856675,40.360534],[115.856458,40.359735],[115.8584494,40.3579912],[115.8590744,40.3582992],[115.8600994,40.3583302],[115.8619744,40.3585732],[115.8638054,40.3590552],[115.8652656,40.3591174],[115.8657193,40.35895],[115.8670526,40.3581091],[115.8703533,40.3610159],[115.87033,40.35941],[115.871997,40.359431],[115.872031,40.358264],[115.873527,40.35832],[115.877153,40.358455],[115.877378,40.356892],[115.877656,40.356788],[115.879028,40.356719],[115.879359,40.3557991],[115.8849481,40.3564686],[115.8860083,40.3555423],[115.886988,40.35447],[115.897153,40.35599],[115.898353,40.3560056],[115.8990381,40.355758],[115.899609,40.355604],[115.9003556,40.355758],[115.9008827,40.3561127],[115.9011005,40.3564374],[115.90355,40.356541],[115.903828,40.356315],[115.905087,40.355712],[115.905174,40.355239],[115.90939,40.353864],[115.911615,40.353138],[115.912318,40.352812],[115.912682,40.351432],[115.912743,40.350573],[115.913238,40.35],[115.913628,40.349744],[115.913724,40.349566],[115.913802,40.349206],[115.913715,40.34832],[115.913776,40.347457],[115.913845,40.346862],[115.914036,40.34638],[115.914583,40.345395],[115.915208,40.344852],[115.915668,40.344314],[115.916545,40.342973],[115.917145,40.342405],[115.9177,40.341879],[115.918264,40.340673],[115.918238,40.340278],[115.918108,40.339978],[115.916354,40.338694],[115.915547,40.337943],[115.915434,40.337582],[115.915668,40.337088],[115.916068,40.336671],[115.916354,40.335838],[115.916432,40.335295],[115.916736,40.334583],[115.916819,40.333121],[115.916892,40.331827],[115.917049,40.331497],[115.917509,40.331133],[115.918342,40.330846],[115.919193,40.33069],[115.919688,40.330434],[115.920868,40.329115],[115.921224,40.328524],[115.921128,40.328025],[115.92092,40.327765],[115.920747,40.327257],[115.920712,40.326632],[115.919036,40.325586],[115.918082,40.325191],[115.916684,40.324818],[115.916563,40.324614],[115.916762,40.323668],[115.917118,40.323186],[115.918637,40.321923],[115.919167,40.320738],[115.920217,40.319796],[115.920365,40.319236],[115.920241,40.318914],[115.920191,40.318785],[115.920227,40.318729],[115.920399,40.318518],[115.92053,40.318472],[115.920588,40.318484],[115.920807,40.318529],[115.921693,40.319466],[115.922161,40.319757],[115.922665,40.319935],[115.923247,40.319974],[115.924349,40.319384],[115.926563,40.318537],[115.926806,40.317643],[115.92691,40.316767],[115.928411,40.316217],[115.928984,40.316007],[115.929714,40.315629],[115.930149,40.313329],[115.930165,40.313242],[115.930197,40.313141],[115.930373,40.312587],[115.930582,40.312283],[115.931181,40.311966],[115.933273,40.311289],[115.934149,40.311107],[115.935243,40.310673],[115.937127,40.310273],[115.937549,40.310014],[115.937804,40.309857],[115.937578,40.309479],[115.937674,40.309175],[115.936884,40.308069],[115.936519,40.307795],[115.936467,40.307504],[115.936693,40.306927],[115.936354,40.306454],[115.93678,40.30579],[115.936137,40.304657],[115.935703,40.304206],[115.934965,40.304023],[115.934523,40.303446],[115.93375,40.303316],[115.933698,40.302765],[115.933585,40.302509],[115.934245,40.302361],[115.93467,40.302131],[115.934861,40.301675],[115.935677,40.300603],[115.936076,40.299245],[115.937622,40.297799],[115.937943,40.297248],[115.938776,40.296545],[115.93987,40.2951],[115.939931,40.294575],[115.939531,40.293941],[115.9398,40.292878],[115.939731,40.292439],[115.939444,40.292318],[115.93921,40.292044],[115.938845,40.291497],[115.938698,40.291072],[115.939193,40.290846],[115.939905,40.290339],[115.939974,40.290191],[115.940104,40.287947],[115.941163,40.288051],[115.941571,40.288216],[115.942049,40.288277],[115.943915,40.288199],[115.944063,40.288121],[115.94434,40.287079],[115.944809,40.286845],[115.945009,40.286519],[115.944939,40.28622],[115.944219,40.285616],[115.944149,40.285339],[115.944297,40.284731],[115.944609,40.284679],[115.9452,40.284349],[115.945564,40.283129],[115.945755,40.282934],[115.945799,40.281671],[115.945686,40.280911],[115.94638,40.279957],[115.947352,40.279527],[115.947648,40.279145],[115.948516,40.278446],[115.948776,40.278459],[115.949097,40.278312],[115.949201,40.277127],[115.948898,40.276788],[115.949054,40.276359],[115.949054,40.276016],[115.949193,40.275872],[115.949757,40.275773],[115.950521,40.27526],[115.950781,40.275178],[115.951432,40.275191],[115.951667,40.2751],[115.952396,40.274727],[115.952839,40.274371],[115.954193,40.273798],[115.954219,40.273668],[115.953924,40.273181],[115.953325,40.272821],[115.953533,40.272726],[115.954045,40.272044],[115.954115,40.271189],[115.955165,40.269661],[115.955434,40.268937],[115.955582,40.268099],[115.955781,40.267904],[115.957014,40.267726],[115.957274,40.2676],[115.957439,40.267439],[115.957899,40.266563],[115.959045,40.265694],[115.959392,40.265035],[115.95967,40.264826],[115.960634,40.264718],[115.960955,40.264479],[115.961424,40.263872],[115.96283,40.263134],[115.962925,40.263034],[115.962882,40.262808],[115.962805,40.262776],[115.96178,40.262357],[115.960234,40.26102],[115.960148,40.260781],[115.960078,40.259362],[115.959766,40.258568],[115.959566,40.258286],[115.958394,40.257418],[115.957899,40.256879],[115.957344,40.256593],[115.955894,40.256489],[115.954714,40.255816],[115.953976,40.255543],[115.952717,40.255699],[115.951866,40.255686],[115.950686,40.25543],[115.949852,40.255352],[115.947595,40.255725],[115.946285,40.255538],[115.944253,40.255069],[115.943819,40.254887],[115.943733,40.25464],[115.943854,40.25375],[115.943455,40.253312],[115.942786,40.252986],[115.942344,40.252964],[115.940556,40.253238],[115.938924,40.253194],[115.937648,40.252669],[115.93671,40.252483],[115.936189,40.252543],[115.935304,40.252951],[115.933698,40.253268],[115.931823,40.253997],[115.931198,40.254071],[115.929826,40.254505],[115.929497,40.254453],[115.928767,40.254145],[115.928021,40.254288],[115.927682,40.254271],[115.92704,40.25388],[115.926085,40.253711],[115.925564,40.253529],[115.925148,40.253529],[115.924705,40.253707],[115.924384,40.253611],[115.924089,40.253459],[115.923802,40.252943],[115.923325,40.252513],[115.923203,40.252227],[115.922882,40.251914],[115.922289,40.25167],[115.921363,40.251289],[115.920938,40.251029],[115.920859,40.250846],[115.920521,40.250612],[115.919531,40.250399],[115.918741,40.250738],[115.91849,40.250664],[115.918373,40.250161],[115.918359,40.250104],[115.918073,40.249696],[115.91776,40.249466],[115.917535,40.249362],[115.915859,40.249132],[115.915538,40.248659],[115.914696,40.248116],[115.913793,40.247587],[115.913151,40.247339],[115.912717,40.246966],[115.911406,40.246124],[115.910998,40.24602],[115.910521,40.245135],[115.909905,40.244896],[115.909679,40.244345],[115.909609,40.243885],[115.909462,40.243854],[115.90928,40.243971],[115.909271,40.243902],[115.909418,40.243433],[115.909679,40.243121],[115.910495,40.242513],[115.910651,40.241766],[115.910642,40.241337],[115.91033,40.240998],[115.909549,40.240608],[115.90875,40.240013],[115.908142,40.239206],[115.907951,40.238485],[115.908134,40.237079],[115.907934,40.236497],[115.907613,40.234727],[115.907309,40.234249],[115.906953,40.233937],[115.90599,40.233433],[115.905026,40.233134],[115.903837,40.232969],[115.902622,40.233121],[115.900712,40.233073],[115.900026,40.233338],[115.899245,40.233885],[115.898307,40.234115],[115.897682,40.234479],[115.896241,40.235026],[115.894497,40.23503],[115.892101,40.235369],[115.892092,40.23497],[115.892526,40.23408],[115.8925,40.233451],[115.891658,40.232339],[115.890078,40.230799],[115.889227,40.230161],[115.888194,40.228971],[115.887101,40.227895],[115.885998,40.227101],[115.885903,40.226814],[115.885833,40.225877],[115.885477,40.225095],[115.885365,40.224332],[115.884609,40.223993],[115.884115,40.223511],[115.883576,40.222556],[115.883394,40.222023],[115.883134,40.221836],[115.882161,40.221458],[115.881901,40.221263],[115.881771,40.220825],[115.881788,40.220226],[115.880556,40.219049],[115.880191,40.21855],[115.878872,40.216115],[115.878759,40.216107],[115.878021,40.216602],[115.877483,40.216315],[115.8773,40.216016],[115.877457,40.215464],[115.877422,40.215326],[115.877109,40.215052],[115.877543,40.214826],[115.877708,40.214622],[115.877639,40.213867],[115.877691,40.213672],[115.878854,40.211949],[115.878984,40.211632],[115.879063,40.21099],[115.878585,40.210621],[115.877422,40.2102],[115.877083,40.209991],[115.877057,40.209323],[115.87717,40.208542],[115.877891,40.207773],[115.879783,40.206337],[115.88033,40.205608],[115.880278,40.205247],[115.879731,40.204679],[115.878056,40.203624],[115.877344,40.202496],[115.876745,40.201957],[115.876033,40.20161],[115.875668,40.201528],[115.874401,40.201497],[115.873533,40.201276],[115.872934,40.200777],[115.872413,40.200113],[115.871293,40.199792],[115.871198,40.199701],[115.871189,40.19941],[115.871476,40.198863],[115.871493,40.198472],[115.871016,40.196918],[115.870938,40.19625],[115.870972,40.195009],[115.870799,40.194049],[115.87046,40.193008],[115.870321,40.192852],[115.868481,40.192079],[115.867682,40.191615],[115.86737,40.191098],[115.867326,40.190833],[115.867682,40.189783],[115.867604,40.189414],[115.867214,40.189063],[115.866328,40.188702],[115.866241,40.188529],[115.866233,40.187908],[115.866467,40.187114],[115.866372,40.186445],[115.866068,40.186124],[115.865191,40.185668],[115.864288,40.185009],[115.863264,40.184883],[115.861224,40.185087],[115.859514,40.184748],[115.85875,40.184714],[115.857865,40.184792],[115.857031,40.185017],[115.854774,40.18628],[115.853116,40.186749],[115.850885,40.187166],[115.849436,40.187769],[115.849089,40.187778],[115.848455,40.187257],[115.847977,40.186185],[115.847569,40.185764],[115.846345,40.185122],[115.843898,40.184149],[115.841997,40.182878],[115.842014,40.182743],[115.846519,40.179891],[115.847726,40.179497],[115.848012,40.179266],[115.848142,40.178841],[115.846884,40.177209],[115.846406,40.176897],[115.845608,40.176567],[115.845391,40.175898],[115.844679,40.1752],[115.844297,40.173928],[115.844236,40.173056],[115.843993,40.172491],[115.843264,40.171602],[115.841814,40.170443],[115.841536,40.170052],[115.84112,40.168898],[115.840781,40.168351],[115.838333,40.166914],[115.838203,40.166493],[115.838229,40.166237],[115.838533,40.165707],[115.838507,40.16428],[115.838698,40.163919],[115.839201,40.163472],[115.840512,40.16263],[115.840668,40.16207],[115.842153,40.162387],[115.843359,40.163186],[115.843576,40.163194],[115.843776,40.16309],[115.843811,40.162817],[115.844505,40.162496],[115.844696,40.162153],[115.844783,40.161949],[115.844731,40.16184],[115.843073,40.161172],[115.842517,40.160807],[115.842231,40.160104],[115.842283,40.159926],[115.842561,40.159635],[115.843585,40.158872],[115.843724,40.158516],[115.843767,40.157109],[115.845026,40.155738],[115.846693,40.15424],[115.8475,40.153073],[115.847587,40.152613],[115.847509,40.152131],[115.847031,40.151163],[115.847014,40.150768],[115.84717,40.150043],[115.847509,40.149657],[115.847674,40.14924],[115.84763,40.148867],[115.847274,40.148242],[115.84704,40.147695],[115.845842,40.146949],[115.844983,40.146732],[115.843655,40.146723],[115.843142,40.146615],[115.841736,40.145981],[115.841241,40.145942],[115.840304,40.145985],[115.836094,40.146784],[115.832821,40.147869],[115.832335,40.147934],[115.830477,40.148602],[115.828116,40.149115],[115.82803,40.14908],[115.828281,40.148824],[115.828811,40.147969],[115.829592,40.146549],[115.829852,40.145894],[115.829983,40.144831],[115.829852,40.144466],[115.829635,40.14431],[115.828872,40.14444],[115.828194,40.144779],[115.82643,40.146085],[115.825122,40.147053],[115.822917,40.148837],[115.822309,40.148867],[115.821667,40.148429],[115.821267,40.148494],[115.820434,40.148867],[115.81855,40.149948],[115.81612,40.151454],[115.815469,40.151654],[115.814566,40.151762],[115.813316,40.151528],[115.812821,40.151541],[115.811319,40.151784],[115.810043,40.151632],[115.809705,40.151662],[115.808941,40.152027],[115.808194,40.152062],[115.806068,40.151628],[115.803307,40.152148],[115.801293,40.151936],[115.800799,40.151949],[115.800365,40.152083],[115.796901,40.155117],[115.795877,40.155573],[115.795703,40.155729],[115.79553,40.156419],[115.794861,40.157109],[115.794748,40.157287],[115.794705,40.157635],[115.794575,40.157769],[115.793542,40.158247],[115.792752,40.158954],[115.791814,40.160135],[115.790286,40.161597],[115.788056,40.163381],[115.784748,40.166306],[115.784401,40.167005],[115.783594,40.167743],[115.780694,40.169214],[115.78066,40.17105],[115.780807,40.173411],[115.78072,40.175161],[115.780764,40.177509],[115.780174,40.177201],[115.77901,40.176836],[115.777969,40.176276],[115.776884,40.176059],[115.775286,40.176029],[115.774531,40.176228],[115.773435,40.176687],[115.772104,40.176656],[115.770781,40.176359],[115.76849,40.175425],[115.767326,40.175295],[115.766762,40.174974],[115.766797,40.174536],[115.766675,40.173954],[115.765686,40.173043],[115.765668,40.171966],[115.76546,40.171515],[115.764627,40.17072],[115.763602,40.168898],[115.763151,40.167591],[115.762977,40.166402],[115.762648,40.165538],[115.761936,40.164336],[115.76033,40.16372],[115.758429,40.163325],[115.757214,40.162578],[115.755946,40.161393],[115.755651,40.161424],[115.752222,40.162652],[115.750616,40.163086],[115.749002,40.162661],[115.748368,40.162344],[115.748038,40.162027],[115.747231,40.160269],[115.747344,40.15908],[115.74724,40.158173],[115.74704,40.157687],[115.746406,40.156719],[115.744618,40.154757],[115.744297,40.153459],[115.743264,40.151771],[115.743299,40.151502],[115.743663,40.151259],[115.743759,40.151037],[115.74375,40.15013],[115.744071,40.149627],[115.745295,40.148772],[115.74645,40.148203],[115.74783,40.147361],[115.748021,40.14694],[115.747812,40.145946],[115.747873,40.145477],[115.748472,40.144635],[115.748594,40.144384],[115.748568,40.14424],[115.748142,40.14362],[115.747457,40.142261],[115.746615,40.141228],[115.746241,40.140977],[115.744766,40.138893],[115.743385,40.137248],[115.742977,40.136497],[115.742517,40.136246],[115.741536,40.136029],[115.74099,40.135755],[115.740078,40.134653],[115.739219,40.133928],[115.737925,40.13339],[115.735938,40.132812],[115.735443,40.13253],[115.735191,40.132144],[115.735347,40.131558],[115.735304,40.131345],[115.734826,40.131003],[115.733819,40.130851],[115.732561,40.130477],[115.731641,40.130009],[115.730495,40.129115],[115.729826,40.128724],[115.728559,40.128299],[115.727847,40.128168],[115.72658,40.12822],[115.724948,40.128598],[115.722604,40.128733],[115.721727,40.128668],[115.720486,40.128429],[115.718576,40.127609],[115.71796,40.127609],[115.71737,40.127878],[115.71566,40.128989],[115.71263,40.13033],[115.711224,40.131398],[115.7102,40.131979],[115.709644,40.132196],[115.707925,40.132561],[115.705495,40.133238],[115.704375,40.133411],[115.703628,40.133394],[115.702448,40.133116],[115.700009,40.13201],[115.697934,40.131302],[115.694878,40.131411],[115.693516,40.131228],[115.69355,40.13099],[115.694531,40.130256],[115.695903,40.129779],[115.696832,40.129232],[115.697778,40.129097],[115.698542,40.12849],[115.699401,40.128212],[115.700356,40.128199],[115.70158,40.127734],[115.702682,40.127821],[115.704123,40.127717],[115.7048,40.127756],[115.7052,40.127378],[115.70599,40.126879],[115.706007,40.126688],[115.705807,40.126328],[115.705911,40.125916],[115.705816,40.125716],[115.704474,40.125621],[115.70342,40.125547],[115.703281,40.12556],[115.70283,40.125994],[115.702161,40.126289],[115.701762,40.126298],[115.701372,40.126532],[115.700816,40.126701],[115.699462,40.126615],[115.698976,40.126984],[115.698759,40.127036],[115.698229,40.126975],[115.695946,40.127027],[115.693811,40.126454],[115.693021,40.126155],[115.692057,40.125625],[115.690998,40.125564],[115.690625,40.125634],[115.690156,40.125955],[115.689705,40.126554],[115.689115,40.126727],[115.688689,40.127018],[115.688568,40.127383],[115.688568,40.127556],[115.688698,40.127756],[115.688637,40.128433],[115.687431,40.129609],[115.686875,40.130773],[115.686632,40.130946],[115.686076,40.131089],[115.684826,40.130734],[115.683281,40.130755],[115.682891,40.130608],[115.68276,40.130473],[115.682535,40.129896],[115.68151,40.129766],[115.680781,40.129392],[115.678559,40.130725],[115.678064,40.13115],[115.677578,40.131224],[115.675911,40.13115],[115.675304,40.131484],[115.675009,40.131549],[115.674158,40.130794],[115.672483,40.129822],[115.667812,40.128672],[115.664748,40.128841],[115.661649,40.128416],[115.657274,40.128034],[115.655538,40.12763],[115.653212,40.127348],[115.651597,40.127018],[115.651467,40.12714],[115.651467,40.127287],[115.651806,40.128359],[115.651658,40.128563],[115.649314,40.129861],[115.648663,40.130191],[115.648385,40.130226],[115.647083,40.129488],[115.643385,40.127886],[115.642014,40.127418],[115.640651,40.127105],[115.640026,40.126545],[115.638472,40.125577],[115.638377,40.125312],[115.638611,40.124787],[115.638672,40.12434],[115.638507,40.123251],[115.638316,40.122886],[115.637509,40.122461],[115.637561,40.121931],[115.637222,40.121155],[115.63651,40.120564],[115.635833,40.120152],[115.635755,40.119996],[115.635781,40.11977],[115.636858,40.118069],[115.637604,40.116445],[115.637656,40.11599],[115.637587,40.115755],[115.637187,40.115326],[115.635677,40.114822],[115.634974,40.114779],[115.633924,40.114896],[115.632318,40.114857],[115.63184,40.114935],[115.629835,40.114753],[115.629488,40.114874],[115.629076,40.115149],[115.628845,40.115304],[115.626866,40.116337],[115.625582,40.116806],[115.625373,40.116801],[115.624575,40.116215],[115.623637,40.115747],[115.62303,40.115582],[115.621528,40.11546],[115.62026,40.115208],[115.618967,40.11526],[115.618368,40.115443],[115.618056,40.11579],[115.617804,40.116771],[115.617587,40.117053],[115.617075,40.117378],[115.615894,40.117682],[115.615312,40.117674],[115.613229,40.11717],[115.612231,40.117053],[115.610694,40.116155],[115.610139,40.116115],[115.608976,40.116645],[115.608646,40.116936],[115.607717,40.1174],[115.60671,40.117812],[115.60546,40.118073],[115.604905,40.118394],[115.60395,40.118628],[115.602005,40.118585],[115.600903,40.119028],[115.599679,40.118811],[115.598568,40.118424],[115.596458,40.118398],[115.593898,40.118507],[115.59303,40.118989],[115.59053,40.116528],[115.588767,40.115256],[115.588377,40.114605],[115.58829,40.114093],[115.588516,40.113016],[115.588576,40.112326],[115.588524,40.111445],[115.588223,40.110591],[115.587951,40.109818],[115.587951,40.109332],[115.588351,40.108381],[115.588351,40.107951],[115.587925,40.107834],[115.587439,40.108086],[115.586762,40.108937],[115.586311,40.109154],[115.586233,40.108832],[115.586241,40.107031],[115.586302,40.106736],[115.586571,40.106272],[115.586727,40.105477],[115.586441,40.104596],[115.585365,40.102739],[115.585286,40.101997],[115.585373,40.101224],[115.586024,40.099418],[115.586007,40.098932],[115.585616,40.097995],[115.585599,40.09684],[115.585512,40.09651],[115.585247,40.096024],[115.585139,40.095825],[115.584618,40.095365],[115.583828,40.095152],[115.582656,40.095035],[115.580191,40.094167],[115.578854,40.093885],[115.577943,40.09385],[115.575816,40.094197],[115.574392,40.094996],[115.572439,40.09533],[115.572023,40.09592],[115.571788,40.096723],[115.57066,40.097904],[115.570495,40.098368],[115.570564,40.099102],[115.570443,40.099484],[115.570095,40.099783],[115.56947,40.099935],[115.568229,40.099774],[115.5673,40.099284],[115.567083,40.09852],[115.566519,40.098047],[115.565998,40.09701],[115.565608,40.096697],[115.564479,40.096324],[115.562847,40.096111],[115.561641,40.095495],[115.561528,40.095495],[115.561345,40.095681],[115.560946,40.096441],[115.560807,40.096936],[115.560599,40.097166],[115.560304,40.0973],[115.558255,40.097244],[115.557786,40.097109],[115.557283,40.096862],[115.555087,40.094722],[115.55421,40.094128],[115.553342,40.093919],[115.552752,40.093919],[115.55171,40.094141],[115.55145,40.094019],[115.549809,40.091437],[115.54888,40.090894],[115.548194,40.090664],[115.547569,40.090586],[115.547422,40.089878],[115.547691,40.088889],[115.548394,40.087626],[115.548924,40.08691],[115.549497,40.085764],[115.549722,40.084227],[115.549384,40.083472],[115.549323,40.081554],[115.548958,40.081146],[115.548021,40.080699],[115.546606,40.08049],[115.546293,40.080117],[115.546172,40.078507],[115.546007,40.078164],[115.545321,40.077921],[115.54454,40.077795],[115.541293,40.076684],[115.540538,40.076536],[115.538524,40.075069],[115.538064,40.074818],[115.537734,40.07477],[115.536198,40.074783],[115.535842,40.074887],[115.535391,40.075356],[115.535139,40.076055],[115.534861,40.076298],[115.531675,40.076658],[115.529826,40.076484],[115.528542,40.075907],[115.527891,40.075729],[115.526068,40.075577],[115.523906,40.075582],[115.523273,40.075373],[115.521771,40.075165],[115.521076,40.074922],[115.519262,40.073932],[115.518281,40.072595],[115.517717,40.072174],[115.515469,40.070877],[115.514314,40.070095],[115.512092,40.068924],[115.511094,40.068294],[115.509826,40.067105],[115.509089,40.066076],[115.508655,40.065755],[115.506224,40.065139],[115.503385,40.064275],[115.503247,40.064223],[115.503316,40.063885],[115.503932,40.062747],[115.504036,40.062387],[115.504106,40.061719],[115.504019,40.061389],[115.503776,40.061059],[115.503116,40.060564],[115.502804,40.060156],[115.502326,40.05944],[115.501979,40.058672],[115.501675,40.058307],[115.501293,40.058047],[115.500781,40.057478],[115.500634,40.057174],[115.499835,40.05671],[115.499297,40.056181],[115.499036,40.055677],[115.49901,40.055126],[115.499115,40.054796],[115.499106,40.054431],[115.498828,40.054206],[115.498229,40.054488],[115.497708,40.054609],[115.497387,40.054583],[115.496363,40.054214],[115.495043,40.05401],[115.495078,40.053659],[115.4948,40.052739],[115.494601,40.051263],[115.493142,40.051454],[115.492448,40.051315],[115.491901,40.051098],[115.491458,40.050833],[115.490113,40.049696],[115.487413,40.048008],[115.486007,40.047309],[115.484297,40.046736],[115.483628,40.046289],[115.481927,40.044874],[115.482352,40.043984],[115.482179,40.043255],[115.481502,40.042101],[115.480182,40.040573],[115.478698,40.039167],[115.477413,40.038177],[115.476563,40.037808],[115.473993,40.037322],[115.473299,40.037092],[115.472882,40.036827],[115.4725,40.036224],[115.472109,40.034883],[115.47191,40.034683],[115.471163,40.034253],[115.468663,40.033112],[115.461936,40.03059],[115.461354,40.030469],[115.459861,40.03046],[115.456536,40.030885],[115.455165,40.030938],[115.454167,40.030851],[115.45375,40.03059],[115.453438,40.029562],[115.453177,40.02928],[115.452708,40.029097],[115.452257,40.02908],[115.451658,40.029262],[115.451068,40.029306],[115.449609,40.029193],[115.448759,40.028911],[115.448012,40.028364],[115.447943,40.027782],[115.448125,40.027335],[115.44822,40.026389],[115.447804,40.025625],[115.447674,40.023845],[115.447535,40.023125],[115.44737,40.022765],[115.446398,40.021701],[115.446198,40.021363],[115.44579,40.019948],[115.445556,40.019449],[115.444557,40.018472],[115.442188,40.016923],[115.440851,40.01572],[115.440104,40.015165],[115.439444,40.014284],[115.438854,40.01273],[115.438628,40.012391],[115.437387,40.011124],[115.436832,40.010178],[115.436085,40.009887],[115.435625,40.009527],[115.435547,40.009188],[115.435599,40.008811],[115.436233,40.007799],[115.436467,40.007227],[115.436285,40.005985],[115.43658,40.005269],[115.436858,40.004987],[115.437309,40.004744],[115.438273,40.004596],[115.439141,40.004214],[115.439679,40.003759],[115.440885,40.002283],[115.441458,40.00122],[115.442092,40.000851],[115.442674,40.000638],[115.44191,39.999935],[115.441864,39.999843],[115.441641,39.999397],[115.441727,39.999119],[115.442413,39.998342],[115.442457,39.997778],[115.442231,39.997057],[115.442196,39.996298],[115.443082,39.994683],[115.443481,39.992826],[115.443828,39.991905],[115.443793,39.991697],[115.443576,39.991554],[115.442057,39.991827],[115.441068,39.991706],[115.440729,39.991745],[115.440469,39.991975],[115.440191,39.992691],[115.439106,39.99326],[115.438637,39.993351],[115.437361,39.993286],[115.435582,39.992582],[115.434748,39.992357],[115.434288,39.992053],[115.433775,39.991582],[115.433455,39.991289],[115.431111,39.990104],[115.430269,39.990065],[115.430035,39.989692],[115.428811,39.988928],[115.42809,39.987891],[115.427865,39.987769],[115.427014,39.987595],[115.426623,39.9874],[115.426285,39.987023],[115.425981,39.986311],[115.424818,39.984553],[115.422648,39.983438],[115.421962,39.98296],[115.422274,39.982127],[115.422266,39.981254],[115.421806,39.980174],[115.421094,39.978828],[115.421076,39.97809],[115.419957,39.977956],[115.419679,39.977804],[115.419323,39.977439],[115.419253,39.976949],[115.41941,39.976263],[115.419418,39.975764],[115.419323,39.9751],[115.418932,39.974158],[115.419019,39.973372],[115.418733,39.972973],[115.418255,39.971892],[115.417752,39.971411],[115.417483,39.97089],[115.417378,39.970078],[115.41691,39.969054],[115.416849,39.968446]]],[[[117.499269,39.2238271],[117.499706,39.2209516],[117.5011271,39.2165543],[117.5012826,39.215254],[117.5353892,39.1916756],[117.542711,39.1867975],[117.5427778,39.186592],[117.5425211,39.1859659],[117.5427193,39.1857537],[117.5430352,39.1858245],[117.544529,39.187149],[117.54475,39.1871752],[117.547408,39.1864174],[117.5477406,39.1865398],[117.54799,39.1865398],[117.5481978,39.1864818],[117.548921,39.1863014],[117.5490125,39.1861854],[117.5491621,39.1846776],[117.5492619,39.1845358],[117.5495279,39.1843747],[117.5507167,39.1841943],[117.5562129,39.1832346],[117.5573861,39.1830406],[117.5590443,39.1825799],[117.5777061,39.1772931],[117.5790826,39.1771597],[117.5902207,39.1787833],[117.5918944,39.1792491],[117.5953128,39.1799183],[117.6102827,39.1851638],[117.6114087,39.185914],[117.6116365,39.2039347],[117.6221802,39.2063919],[117.6226162,39.207344],[117.6272539,39.2084804],[117.6274125,39.2092176],[117.6291169,39.2096475],[117.6290492,39.2118137],[117.6292024,39.2118638],[117.6275101,39.2143161],[117.6261197,39.2162646],[117.6252399,39.217518],[117.624476,39.2185986],[117.6242529,39.2190574],[117.6239482,39.2197224],[117.6238409,39.2200782],[117.6236747,39.2202609],[117.622963,39.219843],[117.6225577,39.219723],[117.6220689,39.2199585],[117.5765924,39.2191174],[117.5663357,39.2176213],[117.557458,39.2173358],[117.5573061,39.2247562],[117.5249768,39.2242387],[117.499269,39.2238271]]],[[[117.5983616,39.256563],[117.6036236,39.2526283],[117.6046363,39.2518812],[117.6055047,39.2511564],[117.6061496,39.250522],[117.6082753,39.2482033],[117.6102721,39.2463643],[117.6119685,39.2448363],[117.6135349,39.2433195],[117.6152255,39.2412635],[117.6167703,39.2392075],[117.6201346,39.2343893],[117.6224844,39.2314202],[117.6242764,39.2293958],[117.6256008,39.2280792],[117.6264784,39.2272143],[117.6278434,39.2255499],[117.6293105,39.2239567],[117.6307364,39.2228655],[117.633443,39.2208135],[117.6343163,39.2200251],[117.6350453,39.2192758],[117.6353989,39.2189124],[117.6357309,39.2183364],[117.6364671,39.2166757],[117.6370445,39.2149198],[117.637282,39.2141202],[117.63793,39.213433],[117.6397399,39.2100775],[117.6435452,39.2063304],[117.6458046,39.2057161],[117.6461681,39.2043978],[117.6540161,39.1960137],[117.6608998,39.187855],[117.6746939,39.1877321],[117.6747018,39.1875789],[117.6739012,39.1707096],[117.6750374,39.1718115],[117.6772749,39.1725069],[117.6891464,39.1724932],[117.7126903,39.1723194],[117.7136433,39.1926549],[117.7100514,39.1934932],[117.7144116,39.2059645],[117.7192474,39.2135814],[117.7280471,39.2243296],[117.734191,39.2319137],[117.7371243,39.2369489],[117.719406,39.2450536],[117.7215861,39.246128],[117.7194456,39.2501492],[117.7154025,39.2491669],[117.7121918,39.2560732],[117.709655,39.2557355],[117.7045211,39.2665558],[117.7030636,39.2665775],[117.7029733,39.2706485],[117.702892,39.2752313],[117.7028944,39.2765443],[117.6976749,39.2766387],[117.6739605,39.2767956],[117.6739899,39.2685174],[117.6739669,39.2662512],[117.6738784,39.2590914],[117.6584851,39.2590639],[117.6449633,39.2590878],[117.6449421,39.2597003],[117.6069457,39.259331],[117.6023819,39.2592877],[117.6019805,39.2592633],[117.6017713,39.2591901],[117.6013441,39.258935],[117.5983616,39.256563]]]]}}]}
