{"type":"FeatureCollection","features":[{"type":"Feature","properties":{"place_id":228846632,"osm_type":"relation","osm_id":3202711,"place_rank":10,"category":"boundary","type":"administrative","importance":0.6306202907090427,"addresstype":"region","name":"长沙市","display_name":"长沙市, 湖南省, 中国"},"bbox":[111.8908381,27.8512095,114.2560358,28.6644154],"geometry":{"type":"Polygon","coordinates":[[[111.8908381,28.0169176],[111.8914497,28.0159325],[111.8912619,28.0153547],[111.8912888,28.0146254],[111.8918306,28.0136214],[111.8919486,28.0131194],[111.8921202,28.0122291],[111.8921524,28.0117744],[111.8920451,28.0115613],[111.8926513,28.0106378],[111.8926191,28.0097569],[111.8931287,28.0089801],[111.8936276,28.0088475],[111.8938744,28.0086439],[111.8940836,28.0083408],[111.8943357,28.0081655],[111.8946683,28.0081182],[111.8948561,28.0086439],[111.8950009,28.0089328],[111.8979728,28.0079192],[111.898697,28.0071046],[111.9002098,28.0062426],[111.900816,28.0050396],[111.9015509,28.0048691],[111.9022536,28.0048596],[111.904217,28.005087],[111.9033962,28.0047176],[111.9031602,28.0043623],[111.9028651,28.0030849],[111.9023824,28.0015442],[111.9013417,28.0012363],[111.9007301,28.0008574],[111.8995446,27.9998864],[111.8992603,27.9996259],[111.89955,27.9995549],[111.9000918,27.9997491],[111.9007838,28.000289],[111.901406,28.0006158],[111.9017172,28.000739],[111.9020981,28.0006822],[111.9020498,28.0003317],[111.9012129,27.9991286],[111.901803,27.9982807],[111.9020605,27.9976318],[111.9008964,27.9973334],[111.8996787,27.997215],[111.8994373,27.9964382],[111.8991262,27.9962108],[111.8987346,27.9962677],[111.8981337,27.9957609],[111.8979996,27.9953535],[111.8973613,27.9947425],[111.8971896,27.9943019],[111.8968034,27.9942688],[111.8960631,27.9945956],[111.8953228,27.9943919],[111.8947595,27.9938662],[111.8944323,27.9933214],[111.8946469,27.9928667],[111.8952101,27.9918483],[111.8946361,27.9905741],[111.8947112,27.9902709],[111.8950868,27.9899488],[111.8944859,27.989333],[111.8936705,27.9890582],[111.8934452,27.9886224],[111.8934131,27.9881677],[111.891911,27.9865666],[111.8919432,27.9862539],[111.8929088,27.9861165],[111.8935472,27.9853396],[111.8937939,27.985098],[111.8941373,27.9851644],[111.8944859,27.985316],[111.8949848,27.9853254],[111.8953389,27.9851454],[111.89587,27.9842785],[111.8964386,27.9838664],[111.8968087,27.9836295],[111.8988258,27.9830895],[111.8997806,27.982971],[111.9008964,27.9828479],[111.9009447,27.982322],[111.9012558,27.9816825],[111.9021249,27.9806166],[111.9025165,27.9793375],[111.9036323,27.9787311],[111.9043618,27.97803],[111.9053167,27.9768693],[111.9065881,27.9768835],[111.9071352,27.9762629],[111.9077843,27.9762629],[111.9094902,27.976964],[111.9097477,27.9773715],[111.9098496,27.97812],[111.9117057,27.9785653],[111.9121671,27.9786222],[111.9129825,27.9792286],[111.9156378,27.9801571],[111.9170487,27.9801334],[111.9178319,27.9805455],[111.9181967,27.9807682],[111.9181645,27.9809956],[111.9173706,27.981313],[111.9172525,27.981493],[111.917333,27.9816967],[111.9189584,27.9822273],[111.9216031,27.9833216],[111.9220912,27.9837574],[111.9235074,27.9846243],[111.9237274,27.9854628],[111.9248593,27.9861544],[111.925149,27.986666],[111.9268495,27.9872913],[111.9270694,27.9875755],[111.9270587,27.9880966],[111.9269407,27.9884566],[111.926989,27.9890961],[111.9270801,27.989423],[111.9274878,27.9899725],[111.928212,27.9903419],[111.9286036,27.9905788],[111.928727,27.9909577],[111.928888,27.9915404],[111.929006,27.9919525],[111.9289684,27.9922841],[111.928845,27.9929046],[111.9291508,27.9933309],[111.9295317,27.9938188],[111.9295907,27.9941362],[111.9296497,27.9945388],[111.9301218,27.9946335],[111.9304115,27.9947472],[111.9307011,27.9950409],[111.9309211,27.9951782],[111.9315487,27.9951356],[111.9318169,27.9950503],[111.9319242,27.9946904],[111.9322514,27.9943683],[111.9326967,27.9940983],[111.9333619,27.991962],[111.9339144,27.9917014],[111.9340754,27.9918909],[111.9341612,27.9921988],[111.9344294,27.9927199],[111.9347727,27.9929993],[111.9350356,27.9930135],[111.9351375,27.9928478],[111.9353253,27.9928856],[111.9354057,27.9932456],[111.9356686,27.993492],[111.9361407,27.9937951],[111.9360763,27.9946809],[111.9365001,27.9950077],[111.9370848,27.9945483],[111.937471,27.9945104],[111.9386244,27.9934399],[111.938839,27.9933593],[111.939193,27.9934588],[111.9398045,27.9936625],[111.9408989,27.9935062],[111.9414407,27.9932172],[111.9427711,27.9926251],[111.9439673,27.9922651],[111.9447184,27.9918625],[111.945346,27.9918293],[111.9460916,27.9911899],[111.9463491,27.9909435],[111.9475883,27.9890203],[111.9491547,27.9875519],[111.9502229,27.9870744],[111.9513273,27.9865808],[111.952824,27.9844585],[111.9528562,27.984018],[111.9534838,27.9836153],[111.9543207,27.9813556],[111.9549751,27.9783663],[111.9553024,27.9776841],[111.9562465,27.9770777],[111.9562787,27.9763529],[111.9560785,27.9756479],[111.9562063,27.9755809],[111.9562865,27.9754872],[111.9566196,27.9749884],[111.9568142,27.9744161],[111.9568441,27.974089],[111.9567917,27.9735502],[111.9568408,27.9733728],[111.9567434,27.9728089],[111.9567336,27.9727112],[111.956745,27.9726504],[111.9567712,27.9725762],[111.9569155,27.9723849],[111.9569704,27.9721735],[111.9569991,27.9713698],[111.9570455,27.9712064],[111.9573835,27.970309],[111.9576898,27.9699078],[111.9579026,27.9697107],[111.9581137,27.9696538],[111.9583414,27.9696623],[111.9588516,27.9697406],[111.9592914,27.9696081],[111.9598864,27.9695984],[111.9602884,27.9695692],[111.9603953,27.9695314],[111.9605466,27.9694537],[111.9610148,27.9691343],[111.9611414,27.9689696],[111.9611912,27.9688714],[111.9611875,27.9687843],[111.9611631,27.9687263],[111.9610067,27.9685556],[111.9609854,27.9685134],[111.9609878,27.9684421],[111.96102,27.9683758],[111.9611055,27.96829],[111.9620788,27.9680262],[111.963222,27.9677769],[111.9641062,27.9675188],[111.9646367,27.9672006],[111.965008,27.9670658],[111.9651328,27.9670332],[111.9653144,27.9670161],[111.965625,27.9669659],[111.965827,27.9668984],[111.9661174,27.9667113],[111.9666984,27.9659579],[111.9670041,27.9654016],[111.9673113,27.9647453],[111.9674422,27.9643876],[111.9675016,27.9643687],[111.9676141,27.9642834],[111.9677796,27.9639372],[111.9679161,27.9635424],[111.9679337,27.9635132],[111.9680375,27.9634544],[111.968061,27.9634119],[111.9680718,27.9631211],[111.9680948,27.9630258],[111.9682983,27.9627105],[111.9685113,27.9622095],[111.9685433,27.9621194],[111.9685582,27.9617819],[111.9686251,27.9615964],[111.9686695,27.9615617],[111.9688951,27.9614676],[111.968999,27.9613893],[111.96917,27.9611846],[111.9700371,27.960752],[111.9707238,27.960127],[111.9711841,27.9596216],[111.9712701,27.9595682],[111.9715908,27.9594523],[111.9717398,27.9593449],[111.9718616,27.9592991],[111.9721298,27.9593131],[111.9730538,27.9594653],[111.9739803,27.9594534],[111.9740516,27.9594318],[111.9742768,27.9592875],[111.9743482,27.9592711],[111.9746703,27.9592501],[111.9748165,27.9592702],[111.9749271,27.9593091],[111.9750463,27.9593109],[111.9751266,27.9592918],[111.9753856,27.9591676],[111.9759073,27.9588652],[111.9759751,27.9587908],[111.9760421,27.9586211],[111.9760341,27.9583447],[111.9760975,27.9580973],[111.9761237,27.9580578],[111.9762738,27.957982],[111.9767043,27.9578997],[111.9768632,27.9578238],[111.9769425,27.9577603],[111.9770575,27.9574839],[111.9771176,27.9572672],[111.9771917,27.957129],[111.9772796,27.9570419],[111.9776456,27.9568269],[111.9777644,27.9567238],[111.9782259,27.9561844],[111.9785111,27.9557522],[111.9785673,27.9555945],[111.9785752,27.9554844],[111.9785551,27.955225],[111.9785764,27.9551304],[111.9786375,27.9550199],[111.9787167,27.9549604],[111.978898,27.954908],[111.9792086,27.9549372],[111.9798483,27.9550821],[111.9799546,27.9550813],[111.9800844,27.9550322],[111.9805909,27.9546668],[111.9811504,27.9541257],[111.9814307,27.9537462],[111.9814924,27.9537103],[111.981603,27.953682],[111.9818999,27.953676],[111.9820726,27.9536551],[111.9821919,27.953611],[111.9822975,27.9535198],[111.9824197,27.9533066],[111.9824099,27.9532083],[111.9822464,27.9528537],[111.9817831,27.952102],[111.9816382,27.9517974],[111.9814809,27.9510749],[111.9814483,27.9508904],[111.9814835,27.9503761],[111.981581,27.94988],[111.9816854,27.9496629],[111.9821739,27.9491544],[111.983339,27.9479928],[111.9836659,27.9473309],[111.9836863,27.9471303],[111.9837638,27.9468741],[111.984022,27.946454],[111.984381,27.945956],[111.9845288,27.9456364],[111.9847621,27.9453531],[111.9852509,27.9450035],[111.9853476,27.9449084],[111.9854125,27.9447349],[111.985415,27.9445226],[111.9854582,27.9443553],[111.9856679,27.9440116],[111.9857237,27.9438146],[111.9857141,27.9437321],[111.9856824,27.9436576],[111.9854792,27.9434325],[111.9853499,27.943343],[111.9852432,27.9433083],[111.9847548,27.9432174],[111.9843013,27.9430673],[111.9840925,27.9430138],[111.9837374,27.9429652],[111.9835773,27.9429034],[111.9835054,27.9427977],[111.98346,27.9426762],[111.9834404,27.9424679],[111.9836843,27.94146],[111.9839468,27.9410846],[111.9840642,27.9408321],[111.9840664,27.9405882],[111.9840155,27.9403468],[111.9839975,27.9398279],[111.9840396,27.9395814],[111.9840255,27.939495],[111.9839849,27.9394127],[111.9839168,27.9392401],[111.9840036,27.939035],[111.9840138,27.9389406],[111.9839504,27.9387916],[111.9838878,27.9387213],[111.9838784,27.9386702],[111.9839134,27.938611],[111.9839126,27.9385323],[111.9838503,27.9384974],[111.9837391,27.9384628],[111.9833398,27.9384184],[111.9832373,27.9383523],[111.9831921,27.9382583],[111.9831868,27.9381639],[111.9832217,27.9381008],[111.9835522,27.93789],[111.9836598,27.9375564],[111.9836851,27.9374147],[111.9836705,27.9372654],[111.983625,27.937132],[111.9835214,27.9369558],[111.983226,27.9366394],[111.983212,27.9365529],[111.9832228,27.9362791],[111.9833301,27.9358929],[111.9835841,27.9354453],[111.983923,27.9351833],[111.9842241,27.9349138],[111.9842766,27.9348347],[111.9842893,27.9347639],[111.9842906,27.9344217],[111.9843473,27.9343151],[111.9845643,27.9340501],[111.9847574,27.9338482],[111.9848841,27.9336468],[111.9849142,27.9335443],[111.9849162,27.9332729],[111.9849716,27.9330287],[111.9850066,27.9329734],[111.9851624,27.9329233],[111.9855251,27.9328499],[111.9857059,27.9327464],[111.9858159,27.9326591],[111.9859771,27.9323512],[111.986041,27.9320676],[111.9862523,27.9317927],[111.9865509,27.9314917],[111.9866466,27.9312904],[111.9868666,27.9306109],[111.9868669,27.9301508],[111.9869097,27.9299129],[111.987137,27.9295691],[111.9876262,27.9291557],[111.9886423,27.9288063],[111.9887669,27.9287494],[111.9892778,27.9283997],[111.989565,27.9280426],[111.9898625,27.9276197],[111.9899191,27.9275014],[111.9899489,27.9273714],[111.989952,27.9272298],[111.9900073,27.9269699],[111.9900594,27.9268154],[111.990809,27.9254743],[111.9910131,27.924942],[111.9916519,27.9243588],[111.9918832,27.9240285],[111.9921599,27.923849],[111.9923164,27.9236726],[111.9924501,27.9231489],[111.992444,27.9230175],[111.9924175,27.9228232],[111.9922039,27.9221485],[111.9921433,27.9220043],[111.992142,27.9218641],[111.9923997,27.9208606],[111.9926987,27.9200697],[111.9930376,27.9184923],[111.9930127,27.9179289],[111.9929612,27.9176926],[111.9927815,27.9174836],[111.9927111,27.9173526],[111.9926703,27.9172039],[111.9926302,27.9166756],[111.9921843,27.9162893],[111.9916334,27.9156697],[111.9912826,27.9154228],[111.9912088,27.9153435],[111.991208,27.9152488],[111.9912689,27.9151486],[111.9917291,27.9149093],[111.9919846,27.9145733],[111.9923209,27.9144661],[111.9923428,27.9144011],[111.9925978,27.9140052],[111.9930165,27.9135662],[111.9936815,27.9131324],[111.9937483,27.9130671],[111.9938208,27.9129649],[111.993986,27.9125846],[111.9940864,27.912504],[111.9941929,27.9124683],[111.9943781,27.9124321],[111.9945966,27.9123607],[111.9947195,27.91227],[111.9947862,27.9121847],[111.9950771,27.9112168],[111.9951826,27.9110713],[111.995454,27.910892],[111.998475,27.9117322],[112.000758,27.9116212],[112.002017,27.9110272],[112.002096,27.9110152],[112.003683,27.9110052],[112.004986,27.9113782],[112.005706,27.9118862],[112.006799,27.9123912],[112.007155,27.9124512],[112.007946,27.9119982],[112.008154,27.9109722],[112.00851,27.9098792],[112.009292,27.9093602],[112.010593,27.9090962],[112.011965,27.9095972],[112.012564,27.9113872],[112.013293,27.9125362],[112.014672,27.9136802],[112.01627,27.9146292],[112.018085,27.9151292],[112.019664,27.9151172],[112.02068,27.9152382],[112.021408,27.9156812],[112.021921,27.9165102],[112.022867,27.9172092],[112.024022,27.9175842],[112.02489,27.9176432],[112.02568,27.9172522],[112.025888,27.9162892],[112.025489,27.9121242],[112.025698,27.9115472],[112.026629,27.9116502],[112.026782,27.9116662],[112.027867,27.9124272],[112.028379,27.9131292],[112.028683,27.9141542],[112.029196,27.9154942],[112.029707,27.9163882],[112.03022,27.9167052],[112.031305,27.9168252],[112.034047,27.9166122],[112.036557,27.9155032],[112.037347,27.9152422],[112.038431,27.9153622],[112.038805,27.9159352],[112.039386,27.9167642],[112.040254,27.9172722],[112.041703,27.9174522],[112.042928,27.9176992],[112.04344,27.9180812],[112.043952,27.9187172],[112.045541,27.9223912],[112.046487,27.9232172],[112.047494,27.9234022],[112.048284,27.9230762],[112.049291,27.9220442],[112.05022,27.9213952],[112.051661,27.9214472],[112.053405,27.9225232],[112.054499,27.9232202],[112.055358,27.9233412],[112.056443,27.9229482],[112.057225,27.9219182],[112.05851,27.9206892],[112.060167,27.9201012],[112.061513,27.9198222],[112.061712,27.9196832],[112.062476,27.9191592],[112.065576,27.9183372],[112.075784,27.9142112],[112.079073,27.9128732],[112.082017,27.9115342],[112.083259,27.9102102],[112.083797,27.9074762],[112.084682,27.9046372],[112.0868,27.9000692],[112.087356,27.8990542],[112.088822,27.8978302],[112.089152,27.8975982],[112.089378,27.8975612],[112.091401,27.8970602],[112.093302,27.8968402],[112.095394,27.8967342],[112.096962,27.8968152],[112.097616,27.8968492],[112.099474,27.8972552],[112.101852,27.8982122],[112.105455,27.8994802],[112.107564,27.8997632],[112.109413,27.9001132],[112.11128,27.9005192],[112.112547,27.9007712],[112.113345,27.9017672],[112.114022,27.9029882],[112.115047,27.9052782],[112.115628,27.9062962],[112.117512,27.9087122],[112.121947,27.9144012],[112.123328,27.9158042],[112.125037,27.9162972],[112.128457,27.9161692],[112.129247,27.9157572],[112.130037,27.9150432],[112.130254,27.9139302],[112.130012,27.9123132],[112.130108,27.9105932],[112.130776,27.9093762],[112.131905,27.9088592],[112.133849,27.9095502],[112.135568,27.9107512],[112.136826,27.9113482],[112.137624,27.9114412],[112.139213,27.9110242],[112.140536,27.9108662],[112.141036,27.9108072],[112.141262,27.9108052],[112.143883,27.9111872],[112.145489,27.9119832],[112.146747,27.9130852],[112.147789,27.9147952],[112.148379,27.9166102],[112.148822,27.9173092],[112.149499,27.9175692],[112.151557,27.9185732],[112.154212,27.9193942],[112.15502,27.9200952],[112.155028,27.9211062],[112.154698,27.9221202],[112.153344,27.9232432],[112.151547,27.9252822],[112.151113,27.9272062],[112.151816,27.9294242],[112.153205,27.9315362],[112.155385,27.9333392],[112.158023,27.9351362],[112.160662,27.9370352],[112.163179,27.9380252],[112.164203,27.9378142],[112.165106,27.9369982],[112.165896,27.9364862],[112.166921,27.9362752],[112.167155,27.9366772],[112.167268,27.9370802],[112.166747,27.9413322],[112.166877,27.9429482],[112.167225,27.9436542],[112.167797,27.9439532],[112.168709,27.9437432],[112.172329,27.9419942],[112.174039,27.9415732],[112.175289,27.9413602],[112.176426,27.9416552],[112.177007,27.9427622],[112.177033,27.9448842],[112.176729,27.9485282],[112.177433,27.9503432],[112.182588,27.9556442],[112.183136,27.9562082],[112.185567,27.9602332],[112.187311,27.9632522],[112.187147,27.9649062],[112.187268,27.9658892],[112.18732,27.9674112],[112.187476,27.9684212],[112.187936,27.9691882],[112.188561,27.9695092],[112.189551,27.9701792],[112.190289,27.9713082],[112.191235,27.9728862],[112.192138,27.9736322],[112.192607,27.9737042],[112.19324,27.9732462],[112.193665,27.9727512],[112.193822,27.9719572],[112.193726,27.9707882],[112.193258,27.9671632],[112.193292,27.9661822],[112.1935,27.9655002],[112.19383,27.9651192],[112.194517,27.9650382],[112.194889,27.9646952],[112.194924,27.9639382],[112.195176,27.9631812],[112.195975,27.9625692],[112.197207,27.9622952],[112.198274,27.9624742],[112.199551,27.9625022],[112.200731,27.9618862],[112.201599,27.9610672],[112.202346,27.9598132],[112.203605,27.9582542],[112.204655,27.9573002],[112.205549,27.9570282],[112.206955,27.9571282],[112.20763,27.9573782],[112.20785,27.9574602],[112.208449,27.9578702],[112.208969,27.9584322],[112.209621,27.9595222],[112.210028,27.9602162],[112.210315,27.9605612],[112.211634,27.9621062],[112.212841,27.9638252],[112.213222,27.9646502],[112.213648,27.9653872],[112.214213,27.9660122],[112.215236,27.9664582],[112.21587,27.9668372],[112.2162,27.9674302],[112.216166,27.9684802],[112.215515,27.9699222],[112.214863,27.9712212],[112.214733,27.9721152],[112.214837,27.9726922],[112.215254,27.9736972],[112.216096,27.9742962],[112.216877,27.9746692],[112.21758,27.9747672],[112.218275,27.9746912],[112.219273,27.9740462],[112.220133,27.9732912],[112.221061,27.9725342],[112.221738,27.9716682],[112.222407,27.9707482],[112.222746,27.9695542],[112.222841,27.9683672],[112.223127,27.9675142],[112.22317,27.9668352],[112.223899,27.9658572],[112.224829,27.9651562],[112.225914,27.9650702],[112.227068,27.9652682],[112.228735,27.9657352],[112.231478,27.9660002],[112.234091,27.9663862],[112.237675,27.9668032],[112.239777,27.9670282],[112.240783,27.9668352],[112.241903,27.9659022],[112.243223,27.9652492],[112.244412,27.9648772],[112.245489,27.9646292],[112.246634,27.9647092],[112.248301,27.9651192],[112.249125,27.9649842],[112.249812,27.9647392],[112.25048,27.9637622],[112.251348,27.9628382],[112.252164,27.9624792],[112.253691,27.9626072],[112.25502,27.9626292],[112.256756,27.9629832],[112.257971,27.9632892],[112.259777,27.9640882],[112.260714,27.9645632],[112.264415,27.9658192],[112.269455,27.9675292],[112.272632,27.9684262],[112.283552,27.9715072],[112.287354,27.9729662],[112.289134,27.9736972],[112.291079,27.9742012],[112.292927,27.9745562],[112.29613,27.9748992],[112.299499,27.9750922],[112.301096,27.9749282],[112.301843,27.9743242],[112.302503,27.9731982],[112.303657,27.9707962],[112.304047,27.9694852],[112.30528,27.9649452],[112.307754,27.9624082],[112.308639,27.9618962],[112.310011,27.9616682],[112.311148,27.9619462],[112.312528,27.9625062],[112.318154,27.9659722],[112.320349,27.9668112],[112.322615,27.9672222],[112.32456,27.9672022],[112.326738,27.9669662],[112.32762,27.9665902],[112.327945,27.9664512],[112.328822,27.9655812],[112.331773,27.9619632],[112.332475,27.9615972],[112.332709,27.9614742],[112.333457,27.9610842],[112.335149,27.9606382],[112.337008,27.9604032],[112.338787,27.9605312],[112.339537,27.9606812],[112.340489,27.9608722],[112.342111,27.9613602],[112.343423,27.9622802],[112.346964,27.9643632],[112.347381,27.9650062],[112.34739,27.9658672],[112.347493,27.9680202],[112.348397,27.9688732],[112.349533,27.9691512],[112.351069,27.9694932],[112.352207,27.9699142],[112.354004,27.9705952],[112.354638,27.9706912],[112.356565,27.9713702],[112.35686,27.9713882],[112.35936,27.9721412],[112.363657,27.9731052],[112.365436,27.9732312],[112.36605,27.9728852],[112.366478,27.9726442],[112.367841,27.9715552],[112.36929,27.9708222],[112.371799,27.9707982],[112.374551,27.9714162],[112.376252,27.9714702],[112.377059,27.9711032],[112.377615,27.9702362],[112.378318,27.9684352],[112.37903,27.9674212],[112.380323,27.9672642],[112.382034,27.9678222],[112.382841,27.9678132],[112.383318,27.9675232],[112.383544,27.9662282],[112.384099,27.9652882],[112.384829,27.9649922],[112.386089,27.9652302],[112.386287,27.9652662],[112.388153,27.9656782],[112.391313,27.9661492],[112.393223,27.9669542],[112.394203,27.9679512],[112.395106,27.9688752],[112.396651,27.9695062],[112.39778,27.9693502],[112.398422,27.9688422],[112.40041,27.9662362],[112.40113,27.9659412],[112.401625,27.9661512],[112.401712,27.9666552],[112.400402,27.9715512],[112.40041,27.9723402],[112.40074,27.9729112],[112.401634,27.9730462],[112.403162,27.9724552],[112.403639,27.9720192],[112.404039,27.9713712],[112.404099,27.9699322],[112.404125,27.9659822],[112.404203,27.9654072],[112.404524,27.9651902],[112.405253,27.9655412],[112.405592,27.9663982],[112.405879,27.9699142],[112.405896,27.9712792],[112.406365,27.9731462],[112.406981,27.9742572],[112.406914,27.9748772],[112.406834,27.9756132],[112.406183,27.9766502],[112.405836,27.9777312],[112.405956,27.9793642],[112.406122,27.9821082],[112.40666,27.9832992],[112.409074,27.9895672],[112.410176,27.9942372],[112.410089,27.9950752],[112.409672,27.9952882],[112.408917,27.9951292],[112.407164,27.9946042],[112.406035,27.9945742],[112.405523,27.9950792],[112.405011,27.9958802],[112.404056,27.9980632],[112.403501,27.9988202],[112.40284,27.9992052],[112.401903,27.9994242],[112.400774,27.9993942],[112.399126,27.9992012],[112.397702,27.9989232],[112.396104,27.9988962],[112.394551,27.9989972],[112.393379,27.9991332],[112.392762,27.9993442],[112.392441,28.0000152],[112.392398,28.0010632],[112.392511,28.0024992],[112.392233,28.0039852],[112.392363,28.0049042],[112.392867,28.0055372],[112.394281,28.0058372],[112.396487,28.0055652],[112.399663,28.0046152],[112.401408,28.0042852],[112.402823,28.0048712],[112.403848,28.0061392],[112.404342,28.0079772],[112.404326,28.0083572],[112.404264,28.0098692],[112.40495,28.0117072],[112.406035,28.0137212],[112.407112,28.0152792],[112.408327,28.0164342],[112.40916,28.0173582],[112.409342,28.0183912],[112.408613,28.0199912],[112.407424,28.0220462],[112.406504,28.0237582],[112.406165,28.0246742],[112.406348,28.0261672],[112.406782,28.0281762],[112.406634,28.0300102],[112.406547,28.0315552],[112.405957,28.0328142],[112.404386,28.0347522],[112.404458,28.0351762],[112.404629,28.0361862],[112.405584,28.0377992],[112.4064,28.0401552],[112.406903,28.0416502],[112.406956,28.0427382],[112.407589,28.0438342],[112.409307,28.0457962],[112.410975,28.0478132],[112.41258,28.0489162],[112.413743,28.0490382],[112.415566,28.0474472],[112.416217,28.0471082],[112.41699,28.0478032],[112.417085,28.0506132],[112.417189,28.0525032],[112.417962,28.0535432],[112.419959,28.0546492],[112.422339,28.0555252],[112.425046,28.0564632],[112.426844,28.0572792],[112.428848,28.0574092],[112.431114,28.0573112],[112.43305,28.0575542],[112.434595,28.0582522],[112.436722,28.0596462],[112.438319,28.0605182],[112.439621,28.0605842],[112.442023,28.0601902],[112.443631,28.0599262],[112.446427,28.0589712],[112.44831,28.0573792],[112.449942,28.0557882],[112.451696,28.0549392],[112.453502,28.0551252],[112.455628,28.0565172],[112.457438,28.0576782],[112.460055,28.0593582],[112.463067,28.0621312],[112.465194,28.0629472],[112.46752,28.0634222],[112.469847,28.0634422],[112.471591,28.0629952],[112.4735641,28.0615286],[112.474637,28.0594457],[112.4765253,28.054939],[112.4775123,28.0522121],[112.4784565,28.0492201],[112.4798727,28.0452053],[112.4806881,28.0435008],[112.4827051,28.0421373],[112.4863529,28.0402813],[112.4906444,28.0370237],[112.4936914,28.0342585],[112.4964648,28.0325776],[112.4995976,28.0295471],[112.5052624,28.026668],[112.511571,28.0218947],[112.510026,28.0209476],[112.5056916,28.0205309],[112.5033742,28.0166287],[112.5027304,28.0129537],[112.5029879,28.0099605],[112.5040128,28.0050354],[112.5063782,28.0002606],[112.5064641,27.9980629],[112.5086957,27.9968503],[112.513073,27.9984797],[112.5164633,27.9979492],[112.5219755,27.9977492],[112.5258618,27.9976082],[112.5280934,27.9965472],[112.5287801,27.9948798],[112.5289946,27.9898019],[112.5311833,27.9821468],[112.5333613,27.9804698],[112.5351868,27.9799709],[112.5389832,27.9790675],[112.5429528,27.9766609],[112.5440501,27.9765129],[112.5485748,27.9759028],[112.552523,27.9775326],[112.5539392,27.9789727],[112.5558167,27.9833974],[112.5559884,27.9840417],[112.5571525,27.984397],[112.5580215,27.984397],[112.5593197,27.9824073],[112.5606501,27.9785037],[112.5610792,27.9758128],[112.5618088,27.9746569],[112.5647485,27.9727428],[112.5689113,27.9713215],[112.569791,27.9704687],[112.5701558,27.9694264],[112.5701558,27.967247],[112.5697052,27.9653897],[112.5703918,27.9636461],[112.5715076,27.9626606],[112.5756061,27.9616561],[112.5782883,27.9618456],[112.5793987,27.9621725],[112.5806432,27.9621441],[112.5827461,27.9614997],[112.5917583,27.956714],[112.593432,27.954667],[112.593947,27.9518618],[112.5923162,27.9467819],[112.5887328,27.9400904],[112.5893336,27.9345929],[112.5932818,27.9304222],[112.5934207,27.925272],[112.5964576,27.9214735],[112.5976163,27.9212839],[112.5987195,27.9219443],[112.600277,27.9228765],[112.6016718,27.9219096],[112.6023799,27.9141548],[112.6064139,27.9123345],[112.6071435,27.9109693],[112.6045256,27.9078595],[112.6041394,27.9049393],[112.6051694,27.904067],[112.6072722,27.9035361],[112.6102254,27.9037209],[112.6121217,27.9038395],[112.6169496,27.9021897],[112.6208764,27.89944],[112.6260048,27.8925181],[112.6267987,27.8880612],[112.628687,27.8835852],[112.6352959,27.8832818],[112.6384449,27.8830874],[112.6432514,27.8835615],[112.6437664,27.8839978],[112.6460838,27.8868806],[112.6464915,27.8891565],[112.6464855,27.8907009],[112.64647,27.8947322],[112.6472854,27.8979371],[112.6504612,27.9009713],[112.6509547,27.9033417],[112.6505685,27.9043467],[112.6483798,27.9071342],[112.6460409,27.9142828],[112.6455688,27.9194022],[112.6457405,27.9202554],[112.6452899,27.9218101],[112.644453,27.9224168],[112.6438093,27.922322],[112.6420498,27.9203502],[112.64014,27.9201606],[112.6379943,27.9215446],[112.6360631,27.9230424],[112.6353764,27.9242558],[112.6353979,27.9258484],[112.6378441,27.9304174],[112.6395607,27.9336403],[112.6424145,27.9362943],[112.6445174,27.9390052],[112.6455903,27.9427017],[112.6462984,27.9438201],[112.6480794,27.9448816],[112.6516413,27.9454503],[112.6542163,27.9451849],[112.6557612,27.9445214],[112.6579284,27.9409767],[112.6603746,27.939081],[112.6634431,27.9384175],[112.666018,27.9381521],[112.6677775,27.9374318],[112.6702451,27.9354223],[112.6731205,27.9332232],[112.6770687,27.9316687],[112.680974,27.930607],[112.6817465,27.9298487],[112.6817035,27.9288249],[112.6788068,27.9268153],[112.6768112,27.925583],[112.676146,27.9245402],[112.6766395,27.9240094],[112.6792788,27.9237439],[112.6841497,27.9244075],[112.6851363,27.9245247],[112.6903724,27.9251469],[112.6958012,27.9256399],[112.6977968,27.9265309],[112.6995992,27.9268153],[112.7014923,27.9250529],[112.7047491,27.9216963],[112.7063799,27.9199141],[112.7079892,27.9193453],[112.7162075,27.9188523],[112.7204346,27.919459],[112.7256703,27.9202554],[112.7275371,27.9221513],[112.7271938,27.9238008],[112.7238464,27.9250142],[112.7231598,27.9266257],[112.7237177,27.9281993],[112.725327,27.9300383],[112.7260136,27.9321616],[112.7266788,27.932427],[112.7286315,27.9313843],[112.7311849,27.9315739],[112.7332663,27.9314601],[112.7361846,27.9326545],[112.7376652,27.9350621],[112.737987,27.9378867],[112.739017,27.9430618],[112.7384376,27.9473648],[112.7388238,27.9502459],[112.7400255,27.952293],[112.7426433,27.954795],[112.7449607,27.9584341],[112.7483081,27.9618835],[112.753458,27.9678724],[112.7543592,27.9737852],[112.7530288,27.9762866],[112.7551317,27.9800766],[112.7550888,27.9838664],[112.7587366,27.9884519],[112.7607536,27.9946288],[112.7605208,28.0000119],[112.7581358,28.0056554],[112.7596164,28.0064131],[112.7626419,28.0080424],[112.7635002,28.0102021],[112.7642297,28.0184235],[112.7654314,28.020924],[112.7678775,28.0224015],[112.7704525,28.0228939],[112.7744007,28.024826],[112.7753877,28.0262656],[112.7750444,28.0281597],[112.7674913,28.033804],[112.7664184,28.037554],[112.7659034,28.0380086],[112.7665413,28.0390671],[112.7669763,28.0397889],[112.7700662,28.0395805],[112.7710104,28.0411714],[112.7725339,28.0411903],[112.7723837,28.039751],[112.7738857,28.0392396],[112.7748942,28.0407547],[112.7761388,28.0397888],[112.7761602,28.0370616],[112.7764037,28.0354392],[112.7765894,28.0342017],[112.7788424,28.0322698],[112.779057,28.0312849],[112.7800655,28.0298643],[112.7807522,28.0345047],[112.7801299,28.0354328],[112.7797651,28.0378381],[112.7824473,28.038179],[112.7842498,28.0379328],[112.7844429,28.0354896],[112.7853012,28.0347509],[112.786181,28.0325918],[112.7848935,28.0316069],[112.7844,28.0302242],[112.7847218,28.0294476],[112.7845716,28.0285195],[112.7854751,28.0283635],[112.7855587,28.0283491],[112.7857518,28.0276861],[112.785387,28.0267959],[112.785902,28.0254132],[112.7871251,28.0260382],[112.7881551,28.0268338],[112.7884555,28.026777],[112.7887344,28.0268717],[112.7884769,28.0272505],[112.7888632,28.0276483],[112.7899146,28.0272884],[112.7910411,28.0282354],[112.793498,28.0289173],[112.7948499,28.0283017],[112.7966094,28.027743],[112.7975643,28.0276104],[112.798841,28.0263887],[112.79971,28.0265212],[112.7998924,28.0267864],[112.7995169,28.0290499],[112.7983475,28.0312186],[112.7984011,28.0316637],[112.7992165,28.0320993],[112.8010082,28.0322982],[112.8017592,28.0326959],[112.8024888,28.0361335],[112.8038943,28.039126],[112.804302,28.040821],[112.7980256,28.0435008],[112.798069,28.0441726],[112.7982187,28.046493],[112.7973389,28.0463226],[112.7955365,28.0454325],[112.7947855,28.0476482],[112.7933478,28.0501669],[112.792468,28.0499207],[112.7906227,28.0500722],[112.7893781,28.0513031],[112.7895927,28.0526098],[112.7892601,28.053282],[112.7880478,28.0531211],[112.7848506,28.05403],[112.7815461,28.0541626],[112.7808936,28.0537714],[112.7792716,28.0527991],[112.7787351,28.0539543],[112.777791,28.0545413],[112.7737999,28.0610174],[112.7715254,28.0644446],[112.7716756,28.0670386],[112.771697,28.0689131],[112.7734351,28.0714502],[112.7734351,28.073495],[112.7729845,28.0752936],[112.7738304,28.0758478],[112.7759027,28.0762024],[112.7772331,28.0772437],[112.7782631,28.0765242],[112.7803929,28.0757533],[112.7807736,28.0756155],[112.7816534,28.0757669],[112.7832413,28.0733435],[112.7844,28.0719803],[112.7856231,28.0714313],[112.7885628,28.0726241],[112.7904296,28.0727566],[112.7906441,28.07376],[112.7922964,28.0764106],[112.794013,28.0755776],[112.794764,28.0743091],[112.7957511,28.0738358],[112.7963519,28.0730974],[112.7965021,28.072075],[112.7968454,28.0712987],[112.7977037,28.071223],[112.7992916,28.0724537],[112.7997637,28.0739872],[112.8004718,28.0742523],[112.8013944,28.0743848],[112.802124,28.0729648],[112.8031325,28.0718099],[112.803905,28.0719235],[112.8043985,28.0714691],[112.8049993,28.0714881],[112.8069949,28.071223],[112.8073597,28.0730027],[112.8081536,28.0737032],[112.8087759,28.0736464],[112.8090763,28.0733056],[112.8110504,28.0734571],[112.8127026,28.0743659],[112.8119945,28.071791],[112.8105783,28.0701438],[112.8113293,28.0684965],[112.8108358,28.0679853],[112.8110933,28.0668682],[112.8115439,28.0659026],[112.8107285,28.0653535],[112.8108144,28.0650126],[112.810785,28.0647732],[112.8106212,28.063441],[112.8109431,28.0627783],[112.8112006,28.0614718],[112.8108895,28.0612351],[112.8107679,28.0612848],[112.8104496,28.061415],[112.8102779,28.0609227],[112.8107071,28.060544],[112.8105676,28.0603452],[112.8102779,28.0605061],[112.8101921,28.0601085],[112.8109216,28.0597487],[112.8106102,28.0593394],[112.810323,28.058962],[112.8099131,28.0584232],[112.8102135,28.0582907],[112.812166,28.0584298],[112.8136682,28.0585368],[112.8149342,28.0588019],[112.8158784,28.057893],[112.8167581,28.0576658],[112.8165436,28.056719],[112.8168654,28.0563024],[112.8170585,28.0552988],[112.8178954,28.0549579],[112.8179598,28.0542005],[112.8190541,28.0534998],[112.8194403,28.0527234],[112.8194109,28.0525786],[112.8194013,28.0525314],[112.8190326,28.0507161],[112.8189043,28.0503765],[112.818625,28.0496367],[112.8175306,28.0490117],[112.8177612,28.0487734],[112.8183889,28.0481974],[112.8183933,28.0478701],[112.8183939,28.0478248],[112.8184104,28.0466067],[112.8201484,28.0466256],[112.8207493,28.0462658],[112.8216358,28.0457993],[112.8218651,28.0456787],[112.8221011,28.0446371],[112.8230023,28.0450727],[112.8258347,28.0460007],[112.827208,28.044353],[112.8275943,28.0434819],[112.827649,28.0433787],[112.8274441,28.0421562],[112.826221,28.0405275],[112.8259635,28.0394101],[112.8271007,28.038804],[112.828474,28.0383873],[112.8282809,28.0374593],[112.8273797,28.0358116],[112.827723,28.0333115],[112.8262424,28.0313985],[112.825191,28.0309818],[112.8253412,28.0301295],[112.8259849,28.0293719],[112.8270149,28.0289362],[112.8282809,28.0298833],[112.8287101,28.0295613],[112.8287959,28.0283112],[112.8308558,28.0269095],[112.8326797,28.0263034],[112.832787,28.02547],[112.8341388,28.0233296],[112.8360486,28.023538],[112.8379369,28.0232349],[112.8396749,28.0245229],[112.8416919,28.0249207],[112.8435159,28.0257352],[112.8445244,28.0259057],[112.8455543,28.0252427],[112.8462195,28.0252238],[112.8466272,28.026114],[112.8468847,28.0260761],[112.8469062,28.0246934],[112.8473568,28.0235001],[112.8472495,28.0226666],[112.8468203,28.0223446],[112.8467345,28.0211323],[112.8470993,28.0203178],[112.846756,28.0199389],[112.8473139,28.0181962],[112.8487301,28.0178174],[112.8494167,28.0167376],[112.8478074,28.014616],[112.8483653,28.0140098],[112.8485584,28.0127595],[112.8498029,28.011907],[112.8509617,28.011585],[112.8516912,28.0112061],[112.851541,28.0098421],[112.8526568,28.0099747],[112.852807,28.0095011],[112.8518629,28.0084971],[112.8530001,28.0087055],[112.8534722,28.0080992],[112.8547597,28.0075498],[112.854824,28.0056175],[112.8560042,28.0047649],[112.8558755,28.0038935],[112.8526354,28.0018663],[112.8519702,28.0009948],[112.8523564,28.0006538],[112.8526139,28.0006538],[112.8530431,28.0011842],[112.8538155,28.0012411],[112.854073,28.0009569],[112.8550172,27.9997254],[112.8546095,27.9986644],[112.8543949,27.997395],[112.8546953,27.9972245],[112.854824,27.9963151],[112.8542876,27.9955572],[112.8547168,27.9947993],[112.853837,27.992753],[112.8520775,27.9915972],[112.8526997,27.9908583],[112.8530431,27.9899677],[112.8546953,27.9902709],[112.8554034,27.9912562],[112.8561973,27.9912562],[112.8564334,27.9911236],[112.856133,27.9903278],[112.8580642,27.9890204],[112.8590512,27.9891151],[112.8600597,27.9898541],[112.8613686,27.9897025],[112.8621626,27.9914267],[112.8640294,27.9927151],[112.8650916,27.9923078],[112.8660035,27.9922225],[112.8660492,27.9922478],[112.8672695,27.9929236],[112.8675484,27.9944583],[112.8684068,27.9950646],[112.8686642,27.9958035],[112.8678703,27.9961635],[112.8673768,27.9980392],[112.8684497,27.9997822],[112.8682351,28.0010895],[112.8672695,28.0015821],[112.868557,28.0021884],[112.8681063,28.0026241],[112.8669476,28.0027567],[112.865746,28.0029272],[112.8646517,28.0025862],[112.863729,28.0041966],[112.8639221,28.0053712],[112.8650594,28.0052196],[112.8663254,28.0059964],[112.8683638,28.0057311],[112.868514,28.0070383],[112.8680634,28.0076256],[112.8686428,28.0087433],[112.8692436,28.0079477],[112.8696728,28.0084781],[112.8699732,28.0084592],[112.8701019,28.0063374],[112.8708529,28.0062426],[112.871561,28.0071899],[112.8720975,28.0070004],[112.872591,28.0075688],[112.8730416,28.0074172],[112.8729558,28.0066594],[112.8737926,28.0046892],[112.8748011,28.0046702],[112.8751445,28.0042913],[112.8746938,28.0031735],[112.8763246,28.0023399],[112.8761744,28.0013547],[112.8772688,28.0007295],[112.8774619,27.9995928],[112.8758526,27.9992896],[112.8756809,27.9987213],[112.8763032,27.9972434],[112.8762603,27.9968835],[112.8773975,27.9957467],[112.8788352,27.9962203],[112.8790712,27.9969782],[112.8799939,27.9972245],[112.880466,27.9969403],[112.8805303,27.999877],[112.8818178,28.0003127],[112.8825044,27.9999528],[112.883985,27.9994412],[112.8846931,27.9987591],[112.8853043,27.9986354],[112.8857231,27.9985507],[112.8854871,27.9975466],[112.8855414,27.9975111],[112.8865599,27.9968456],[112.8861529,27.995898],[112.8860879,27.9957467],[112.8862166,27.9936814],[112.8864527,27.9930751],[112.885766,27.9925446],[112.8843927,27.9919572],[112.8841781,27.9905551],[112.8846931,27.9904035],[112.8848004,27.9896456],[112.8852725,27.9893993],[112.885251,27.9887172],[112.8861952,27.9886035],[112.8862166,27.9883193],[112.8822684,27.9878266],[112.8814959,27.987315],[112.8809166,27.987334],[112.8806805,27.9864055],[112.8793072,27.9861971],[112.8782773,27.9867845],[112.8779983,27.9861592],[112.878685,27.9856476],[112.8790283,27.9846243],[112.8789639,27.9835064],[112.8793072,27.9830516],[112.8785133,27.9826158],[112.8792214,27.9820094],[112.8796291,27.981422],[112.880187,27.9812893],[112.8805089,27.9804555],[112.8788352,27.9797734],[112.8785348,27.9790154],[112.8792858,27.9783142],[112.8805089,27.9769309],[112.8812814,27.976495],[112.8816461,27.9766845],[112.8824615,27.976495],[112.8826761,27.9766845],[112.8841352,27.9768172],[112.8844142,27.9775941],[112.8839206,27.9777836],[112.8839636,27.978409],[112.8834057,27.979148],[112.883749,27.9794702],[112.8836846,27.9803419],[112.8840494,27.980285],[112.8859591,27.980645],[112.8875255,27.9824642],[112.8894675,27.9824642],[112.8908086,27.9831084],[112.8918278,27.9829758],[112.8930509,27.98308],[112.8941989,27.9822083],[112.8960979,27.9811377],[112.8969562,27.9802566],[112.8982544,27.9802281],[112.8984219,27.9797489],[112.8990161,27.9780489],[112.8981686,27.9773383],[112.8983188,27.9759076],[112.8993702,27.9754717],[112.9014087,27.9759929],[112.9019022,27.975936],[112.9020417,27.9753296],[112.9026317,27.9750927],[112.9034899,27.9756678],[112.9038334,27.9758981],[112.904638,27.9768646],[112.9053891,27.9768646],[112.9057646,27.9773099],[112.9057002,27.9775847],[112.9052603,27.9779731],[112.9055285,27.9785227],[112.9063761,27.9787027],[112.9068696,27.9796597],[112.907213,27.9799155],[112.9071593,27.9808914],[112.9076314,27.9812893],[112.9080927,27.9813272],[112.9085004,27.9807114],[112.9088867,27.9806829],[112.9094231,27.9815262],[112.9097021,27.9816304],[112.9112363,27.981403],[112.9116118,27.9808345],[112.9124379,27.9802755],[112.9127598,27.9802566],[112.9133177,27.9811851],[112.9138219,27.9811756],[112.9143155,27.981422],[112.9143909,27.9813427],[112.9147661,27.9809482],[112.915442,27.9807682],[112.9159891,27.9797449],[112.9159248,27.9791954],[112.9172337,27.9777647],[112.918489,27.9775941],[112.9190683,27.978011],[112.9202485,27.9783711],[112.9208278,27.9788448],[112.9224372,27.9793375],[112.9228449,27.9806071],[112.924819,27.9807208],[112.9253769,27.9812893],[112.9253769,27.9820283],[112.9248833,27.9822747],[112.9249048,27.9840559],[112.9229522,27.9839043],[112.9211926,27.9839232],[112.9209351,27.9860076],[112.9232955,27.9865571],[112.9235959,27.9874098],[112.9240465,27.9875992],[112.9248619,27.9871255],[112.9256558,27.9871255],[112.9258489,27.9878077],[112.9270291,27.9882814],[112.9285311,27.9877129],[112.9303336,27.9881487],[112.9308057,27.9889067],[112.9310846,27.989153],[112.9308486,27.9897025],[112.9310632,27.989873],[112.9314923,27.989892],[112.9320717,27.9895319],[112.9324579,27.9881298],[112.9318142,27.9849086],[112.9333806,27.9848707],[112.9353547,27.985496],[112.9348612,27.9866329],[112.9360842,27.9875045],[112.9369211,27.9886982],[112.9367065,27.9892477],[112.936602,27.9892722],[112.9346895,27.9897214],[112.9344535,27.9909909],[112.9338956,27.9909909],[112.9337024,27.9916162],[112.9337507,27.9917261],[112.9341101,27.9925446],[112.9339599,27.9932836],[112.9333162,27.9935109],[112.9328441,27.9952161],[112.9320931,27.9955382],[112.9308486,27.9955951],[112.9292607,27.9964287],[112.927823,27.9952919],[112.9269862,27.9953677],[112.9266214,27.9960688],[112.9244756,27.9955193],[112.9234242,27.9957467],[112.9228449,27.9971677],[112.9221153,27.9975087],[112.9219007,27.9982665],[112.9225874,27.9986644],[112.9239392,27.9987402],[112.9244005,27.9995246],[112.9245186,27.9997254],[112.9252117,28.0000008],[112.9265435,28.00053],[112.9266643,28.000578],[112.9269433,28.0014305],[112.9276943,28.0024725],[112.9284239,28.0025862],[112.9299044,28.0014116],[112.9305696,28.0016389],[112.9311275,28.0020178],[112.9307091,28.002482],[112.9300868,28.0025957],[112.930119,28.0027378],[112.9306233,28.0027662],[112.9305053,28.0033061],[112.9294753,28.0032114],[112.9286814,28.004064],[112.9295826,28.0045565],[112.9300332,28.0041018],[112.9309559,28.0043102],[112.9314494,28.0055038],[112.9306125,28.0062805],[112.9303765,28.0070573],[112.9319429,28.0078719],[112.9320931,28.0099937],[112.9319215,28.010562],[112.9311919,28.0107135],[112.9305482,28.0114713],[112.9305696,28.0124943],[112.9290676,28.0133657],[112.928853,28.0146728],[112.9287885,28.0148015],[112.9282737,28.0158283],[112.9272222,28.0166618],[112.9262781,28.0169081],[112.9259348,28.01759],[112.9260736,28.0179031],[112.9261279,28.0180257],[112.9269862,28.0178363],[112.9275441,28.0180826],[112.9275334,28.0186698],[112.9270935,28.018916],[112.9270613,28.0192475],[112.9273617,28.0196169],[112.9272866,28.0199863],[112.9284346,28.0204788],[112.9286384,28.0204598],[112.9285741,28.0196453],[112.9289174,28.018916],[112.9291963,28.0200242],[112.9295289,28.0200526],[112.9298079,28.0195885],[112.9312992,28.0211702],[112.9326296,28.0215774],[112.9332518,28.0215111],[112.9336595,28.0218995],[112.9339492,28.02189],[112.9344749,28.0216722],[112.9342067,28.0208671],[112.9342925,28.0204598],[112.9346895,28.0203746],[112.9359126,28.0208955],[112.9363739,28.0209239],[112.9367816,28.0205356],[112.9362774,28.019579],[112.9364276,28.019096],[112.9370606,28.0190392],[112.9381656,28.0197116],[112.9384231,28.0188308],[112.9385626,28.0183383],[112.9389167,28.0184425],[112.9391205,28.0190202],[112.939657,28.0192002],[112.9400647,28.0189066],[112.9403758,28.0180826],[112.9422948,28.0173353],[112.9460188,28.0098765],[112.9493793,28.0039427],[112.9566622,28.0003506],[112.9631424,27.9942878],[112.9672193,27.991332],[112.9786348,27.9844349],[112.9862308,27.9792428],[112.9895052,27.977131],[112.9906768,27.9763754],[112.9945564,27.9727618],[112.9974371,27.9690355],[112.9996178,27.9703171],[113.0006102,27.9705185],[113.0017072,27.9712362],[113.0027586,27.9712244],[113.0034184,27.9716058],[113.0039227,27.971601],[113.0044645,27.9722738],[113.0039334,27.9728897],[113.0039415,27.9732687],[113.0046549,27.9739273],[113.0047274,27.9746521],[113.00484,27.9747729],[113.0049339,27.9749743],[113.0073854,27.9759076],[113.0077583,27.9763624],[113.0085334,27.9764927],[113.0086407,27.9758697],[113.0105665,27.9754859],[113.0114248,27.9748416],[113.011972,27.9751282],[113.0121168,27.9753983],[113.0121571,27.97618],[113.0123234,27.9767106],[113.0129027,27.9774046],[113.0135599,27.977741],[113.0141661,27.977073],[113.0144745,27.976135],[113.0149251,27.9754741],[113.0152068,27.9752798],[113.0156493,27.9752941],[113.0160838,27.9757962],[113.0162072,27.9761752],[113.0157244,27.9771725],[113.0158451,27.9777434],[113.0161589,27.9780655],[113.0165935,27.9789822],[113.0170789,27.9794228],[113.0177227,27.9797781],[113.0181411,27.9799889],[113.0183932,27.9806356],[113.0189994,27.9813912],[113.0192059,27.9824215],[113.0197075,27.9831937],[113.0192086,27.9834448],[113.0179131,27.9831676],[113.0175832,27.9833713],[113.0174893,27.9839351],[113.0178407,27.9846812],[113.0176154,27.9855907],[113.0172345,27.9857352],[113.0177253,27.9862563],[113.017661,27.9865144],[113.0172265,27.9865168],[113.0165666,27.9858134],[113.016623,27.9848707],[113.0164245,27.9847072],[113.0161267,27.9847285],[113.0146435,27.9857068],[113.0151102,27.9867987],[113.0166364,27.9881369],[113.0175912,27.9883808],[113.0176932,27.9887337],[113.018074,27.9890701],[113.0184281,27.9891672],[113.0187151,27.988999],[113.0187097,27.9891435],[113.0186507,27.9893851],[113.0189337,27.9893863],[113.0195412,27.9897498],[113.0213316,27.9883678],[113.0217728,27.9882529],[113.0226526,27.987675],[113.0229154,27.9874216],[113.02278,27.9867762],[113.0230629,27.9864161],[113.0232105,27.9864244],[113.0236544,27.9867501],[113.0238126,27.9867513],[113.0249257,27.9863936],[113.0255252,27.9860242],[113.0253978,27.9850305],[113.0250598,27.9847747],[113.0243625,27.985008],[113.023653,27.984648],[113.0219123,27.985374],[113.0213799,27.98459],[113.021168,27.9845367],[113.0197853,27.9857376],[113.0194312,27.9857245],[113.0190584,27.9854356],[113.0191255,27.9850601],[113.0196042,27.9851904],[113.0197464,27.9851987],[113.0201031,27.9850649],[113.0206463,27.984224],[113.0207495,27.9835442],[113.020775,27.9832257],[113.0209655,27.983183],[113.0212216,27.9830267],[113.0217393,27.9827958],[113.0217849,27.9822498],[113.0231769,27.9819229],[113.0227438,27.9807303],[113.0234545,27.9796312],[113.023645,27.9784516],[113.0252007,27.9784871],[113.0255789,27.9780039],[113.0261233,27.9778689],[113.027223,27.9786719],[113.0281484,27.9786672],[113.0285534,27.9789561],[113.0291596,27.9801002],[113.0294198,27.9821041],[113.0304551,27.9825186],[113.0307582,27.9833832],[113.028996,27.9836769],[113.028599,27.9848446],[113.026979,27.9856641],[113.0267724,27.986711],[113.0272257,27.9874476],[113.0273116,27.9878456],[113.0272579,27.9881298],[113.0267242,27.9885656],[113.0267215,27.9897025],[113.0260187,27.9900719],[113.0257559,27.990593],[113.025375,27.9908962],[113.0242699,27.991313],[113.0245703,27.9922343],[113.0244899,27.9934896],[113.0242056,27.9939538],[113.024978,27.9948467],[113.0247608,27.9952469],[113.0247554,27.995723],[113.0237174,27.9965329],[113.0245596,27.9974471],[113.0240875,27.9987828],[113.0242109,27.9993512],[113.0255011,28.0006301],[113.0262253,28.0011369],[113.0286875,28.0016887],[113.0298677,28.0021789],[113.0314958,28.0036211],[113.0322817,28.0040142],[113.0327752,28.0054872],[113.0326357,28.0062639],[113.0320188,28.0064723],[113.0318901,28.0067115],[113.0317989,28.0073912],[113.0319276,28.0075996],[113.0327082,28.0082792],[113.0345535,28.0094017],[113.0351275,28.0101073],[113.0375361,28.0105004],[113.0389792,28.0102778],[113.041656,28.0111445],[113.0416158,28.011154],[113.0447218,28.0111776],[113.0457357,28.0109408],[113.0464438,28.0111113],[113.0475971,28.0109977],[113.0502713,28.0118241],[113.0517733,28.0119236],[113.0537179,28.0126126],[113.0572021,28.0130128],[113.0592942,28.0135622],[113.0613327,28.0137043],[113.0618423,28.014005],[113.0626577,28.0140429],[113.0639908,28.0129726],[113.066394,28.0129252],[113.0670807,28.0123356],[113.0677083,28.0126482],[113.0681428,28.0130981],[113.0694679,28.0126126],[113.0690119,28.0111255],[113.0691138,28.0093614],[113.0693498,28.0086865],[113.0702001,28.0081323],[113.0718202,28.0079003],[113.072429,28.0076469],[113.073695,28.0062616],[113.0738184,28.0056174],[113.075366,28.0054493],[113.0760124,28.0030859],[113.0766803,28.0023612],[113.0766213,28.0014802],[113.0770639,28.0004524],[113.0770156,27.9999906],[113.0778819,27.9990007],[113.0775547,27.9980155],[113.0776298,27.9977739],[113.0796361,27.9969711],[113.0804595,27.9959645],[113.0815136,27.9951688],[113.0822754,27.9950717],[113.0833107,27.9954435],[113.0842173,27.9952232],[113.0847269,27.9946027],[113.085427,27.992168],[113.0850461,27.991988],[113.0852982,27.9916991],[113.0852285,27.9912467],[113.083646,27.9909767],[113.0836299,27.9903514],[113.0823103,27.9889872],[113.0820715,27.9890393],[113.08157,27.9896906],[113.0805132,27.9896006],[113.0803764,27.989288],[113.080548,27.988928],[113.081114,27.988549],[113.0811878,27.9883299],[113.0804166,27.9869171],[113.0804864,27.9859886],[113.0797192,27.9853467],[113.078126,27.9845059],[113.0774045,27.983909],[113.0761358,27.9836698],[113.0747384,27.9828739],[113.0738988,27.9828384],[113.0733114,27.9824665],[113.0720454,27.9810311],[113.0713159,27.9805894],[113.0710275,27.9805846],[113.0702054,27.9808156],[113.0698501,27.9803478],[113.0696422,27.9807291],[113.0694249,27.9805751],[113.0689958,27.980587],[113.0689998,27.979829],[113.0686377,27.9803442],[113.0684701,27.9801547],[113.0680892,27.9802045],[113.0679202,27.9798657],[113.0675742,27.9796904],[113.0674803,27.979482],[113.067129,27.9783024],[113.0671799,27.9780821],[113.0675662,27.9776605],[113.0676681,27.9766798],[113.0680597,27.9767461],[113.0680275,27.9765377],[113.0677593,27.9763576],[113.0679363,27.9754812],[113.0667025,27.9747232],[113.0661768,27.9741736],[113.0659461,27.9736146],[113.0663806,27.9731503],[113.0673999,27.9731219],[113.0685693,27.9718711],[113.0730808,27.9722501],[113.0737084,27.9708809],[113.0746955,27.9699949],[113.0754036,27.9690047],[113.0755055,27.9681377],[113.0760097,27.9672991],[113.0756235,27.9666216],[113.0760741,27.9667305],[113.0765408,27.9664368],[113.0761385,27.9661715],[113.0760956,27.9658587],[113.0756825,27.9655745],[113.075704,27.9654513],[113.0766803,27.9660672],[113.0769968,27.9660767],[113.0776942,27.9666452],[113.0781153,27.967446],[113.078641,27.9676639],[113.0789468,27.9682585],[113.07962,27.9679103],[113.0799687,27.9680264],[113.0805427,27.9678818],[113.0813661,27.9684551],[113.082439,27.9683959],[113.082785,27.9680998],[113.0842629,27.9674033],[113.0840886,27.9665529],[113.0832142,27.9657735],[113.0830908,27.9653755],[113.0831122,27.9650438],[113.0840027,27.9643473],[113.0839786,27.9636176],[113.0834717,27.9630301],[113.0820823,27.9627577],[113.0818194,27.9622104],[113.0817443,27.961187],[113.0811757,27.9601256],[113.0816799,27.9589268],[113.081401,27.9574485],[113.082101,27.9567614],[113.0822325,27.9559464],[113.0816746,27.9550745],[113.080827,27.9541505],[113.080722,27.952639],[113.0813393,27.9515988],[113.0836835,27.9506155],[113.0846626,27.949573],[113.0849308,27.9490186],[113.0851143,27.9479484],[113.0847704,27.9470309],[113.0855369,27.9465174],[113.0861688,27.9458526],[113.0862749,27.9448853],[113.0868779,27.9441822],[113.0866126,27.9438881],[113.087271,27.9437752],[113.088079,27.9439542],[113.0876377,27.9430721],[113.0891813,27.9426672],[113.0890269,27.9415294],[113.0894201,27.9410948],[113.0901774,27.9410479],[113.0904282,27.9407773],[113.0913568,27.9408966],[113.0921479,27.9406324],[113.0924156,27.9402765],[113.093337,27.9397353],[113.093725,27.9388835],[113.0941857,27.9370573],[113.0948446,27.9362951],[113.0961203,27.9354966],[113.0966675,27.9358556],[113.0975648,27.936173],[113.0986284,27.9363222],[113.1000632,27.937233],[113.1011076,27.9374312],[113.1019397,27.9374291],[113.1024775,27.9366875],[113.1030467,27.9364233],[113.104086,27.9348817],[113.104443,27.93303],[113.103992,27.932493],[113.1044141,27.9313316],[113.104367,27.9304537],[113.1052245,27.9301298],[113.1057106,27.9297457],[113.1066234,27.9296013],[113.1079183,27.9290217],[113.1082391,27.9284788],[113.1092722,27.9274077],[113.1092987,27.927137],[113.1087934,27.926632],[113.1091938,27.9253374],[113.1088959,27.924096],[113.108592,27.9239969],[113.1086065,27.9235941],[113.1088935,27.9231423],[113.1096171,27.923121],[113.1095471,27.9227907],[113.1101252,27.9220467],[113.110241,27.9213775],[113.1105955,27.9210834],[113.1103037,27.9207531],[113.110458,27.9203844],[113.1103567,27.9199305],[113.111746,27.9199241],[113.1121368,27.9193545],[113.1131558,27.9191712],[113.1139192,27.9194504],[113.1148621,27.9187177],[113.1156266,27.9185323],[113.1166276,27.9178567],[113.1169592,27.9178279],[113.1172354,27.9179888],[113.1177817,27.9173345],[113.1174476,27.9168998],[113.1177322,27.9167389],[113.1190624,27.9168582],[113.1193012,27.9169595],[113.1194459,27.9172376],[113.119593,27.9169381],[113.1199946,27.9168117],[113.1202515,27.9171612],[113.1209497,27.9172411],[113.1213742,27.9167232],[113.1218337,27.9166316],[113.12262,27.9158835],[113.1224801,27.9154871],[113.1219639,27.9150161],[113.1219736,27.9140123],[113.122497,27.9141721],[113.1230758,27.9155297],[113.1234641,27.9153251],[113.1239224,27.9154796],[113.1239405,27.9152868],[113.124986,27.9159155],[113.1252222,27.9158742],[113.125233,27.915725],[113.1252595,27.9157218],[113.1252559,27.9156834],[113.1246752,27.9151054],[113.1245534,27.9145981],[113.1241361,27.9141186],[113.124118,27.913946],[113.1250197,27.9146017],[113.1255053,27.9153991],[113.1254407,27.9157978],[113.1257725,27.9159792],[113.1260957,27.915919],[113.1266589,27.9146785],[113.1279203,27.9147787],[113.1281169,27.9150398],[113.1270496,27.9159616],[113.1270146,27.9165008],[113.1275115,27.9166915],[113.1280433,27.9161193],[113.128598,27.9158752],[113.1291552,27.9163441],[113.1292492,27.9167938],[113.1283279,27.9174502],[113.1278938,27.918324],[113.1290394,27.9180129],[113.1297678,27.9174928],[113.1303611,27.9177038],[113.1306168,27.9184135],[113.1312945,27.9185457],[113.1316202,27.9188398],[113.1310847,27.9199096],[113.1310437,27.9203849],[113.1300886,27.9208556],[113.1292324,27.920926],[113.1285209,27.9212456],[113.1286101,27.9216591],[113.1282073,27.9223001],[113.1283813,27.9223756],[113.1290408,27.92193],[113.129245,27.9224502],[113.128999,27.9228272],[113.1292206,27.9247999],[113.1298356,27.9257205],[113.1301974,27.9259187],[113.130675,27.9265196],[113.1306219,27.9274211],[113.1299514,27.9280028],[113.1297777,27.9285313],[113.1298935,27.9289682],[113.130564,27.9290257],[113.1309596,27.9285761],[113.1316518,27.9284866],[113.1321921,27.9290875],[113.1326383,27.929324],[113.1327296,27.9300069],[113.1336494,27.9304335],[113.1342167,27.931549],[113.133621,27.9314659],[113.1330735,27.931696],[113.131923,27.9316023],[113.1313055,27.9321968],[113.1303046,27.9327018],[113.1301599,27.9332175],[113.1298873,27.9331685],[113.1297863,27.9327823],[113.1293688,27.9325122],[113.1290745,27.9320285],[113.1291927,27.9328683],[113.1286066,27.9329874],[113.1285878,27.9336624],[113.1281947,27.9336326],[113.127748,27.9331493],[113.1272656,27.9339335],[113.1262504,27.9347695],[113.1261684,27.935543],[113.1265013,27.9370027],[113.1261433,27.9386072],[113.1244656,27.9394593],[113.1245549,27.9401944],[113.1250083,27.9399579],[113.1253653,27.9399834],[113.1266966,27.9391908],[113.1268028,27.9396553],[113.1266749,27.940221],[113.1268703,27.9402146],[113.1271015,27.9405128],[113.1268612,27.9410799],[113.1269556,27.9415832],[113.126733,27.941973],[113.1267934,27.9426152],[113.1257915,27.943666],[113.1254107,27.9438437],[113.1245095,27.9437987],[113.1243968,27.9443366],[113.1239811,27.944628],[113.124083,27.9453223],[113.1247053,27.9458625],[113.1247857,27.9463601],[113.1249842,27.9466421],[113.1263843,27.9465615],[113.1274947,27.9462796],[113.1291926,27.9469643],[113.1298149,27.9469098],[113.1303728,27.9456801],[113.1308341,27.9450617],[113.1317165,27.9455735],[113.1321242,27.9452488],[113.1323335,27.9453199],[113.1323254,27.9456374],[113.1318426,27.9458294],[113.1318292,27.9460616],[113.1323066,27.9467321],[113.1321189,27.9473529],[113.1323415,27.9478434],[113.1323227,27.9483978],[113.1327787,27.9487461],[113.132996,27.949528],[113.1321725,27.9500564],[113.1312901,27.9510894],[113.1307912,27.9509259],[113.1305042,27.9510491],[113.1305283,27.9514519],[113.1308958,27.9516793],[113.1300697,27.9524446],[113.1303969,27.9536435],[113.1301635,27.9542192],[113.1294018,27.9545604],[113.1291094,27.955039],[113.1292596,27.9554749],[113.1292623,27.9558493],[113.1296432,27.9564795],[113.1297746,27.957266],[113.1305686,27.9564534],[113.1322396,27.9559606],[113.1324729,27.9557142],[113.1338757,27.9547452],[113.1344095,27.9547476],[113.1347233,27.9550366],[113.1353241,27.9545841],[113.1354341,27.9546504],[113.1353402,27.9549418],[113.1347689,27.9553991],[113.1348762,27.9555815],[113.1356111,27.9554394],[113.1360161,27.955084],[113.1361771,27.9552214],[113.1357291,27.955578],[113.1358579,27.9559914],[113.1351283,27.956406],[113.1349875,27.9567922],[113.1346415,27.9570872],[113.1348883,27.957529],[113.135076,27.9574319],[113.1352302,27.9573821],[113.1352276,27.9574556],[113.1351672,27.9575574],[113.1353241,27.9579081],[113.1350425,27.9583724],[113.1355494,27.9589316],[113.1365848,27.958588],[113.1356648,27.9574769],[113.1356272,27.9574011],[113.136228,27.957465],[113.1364453,27.9574982],[113.1372499,27.9573774],[113.1375343,27.9571073],[113.1376174,27.9571097],[113.1377247,27.9571689],[113.1377971,27.957176],[113.1379124,27.9571499],[113.1380305,27.9570481],[113.138233,27.9568881],[113.1392468,27.9568799],[113.1397404,27.9572269],[113.1398275,27.9570149],[113.1400824,27.9571831],[113.1404485,27.9569948],[113.1406094,27.9571357],[113.14082,27.9570587],[113.1409138,27.9567768],[113.1411204,27.9568005],[113.1413189,27.9571772],[113.1412277,27.9575195],[113.1414463,27.9575326],[113.1416166,27.9580076],[113.1418473,27.9578086],[113.1418848,27.9574793],[113.1420967,27.9574911],[113.1424105,27.9587112],[113.1426868,27.9587065],[113.1427807,27.9593533],[113.1436658,27.9596944],[113.1437945,27.9600095],[113.1444007,27.9599621],[113.1453502,27.9604999],[113.1452563,27.9610851],[113.1461576,27.9608245],[113.1469113,27.961457],[113.1473538,27.9623194],[113.1484187,27.9623857],[113.1487861,27.9625776],[113.1488317,27.9631083],[113.148255,27.963511],[113.1482175,27.9642549],[113.1474879,27.9660743],[113.1482282,27.9675502],[113.1500119,27.96683],[113.1504893,27.9671238],[113.1504155,27.9677304],[113.150876,27.9682756],[113.1524291,27.9685759],[113.1528747,27.9683426],[113.153223,27.9684024],[113.1536356,27.9673995],[113.1538831,27.9671765],[113.1541076,27.9690642],[113.1542726,27.9691735],[113.1548519,27.9689957],[113.155083,27.9691706],[113.1549642,27.970054],[113.1550896,27.9710014],[113.1552547,27.971016],[113.1557234,27.9697799],[113.156443,27.9709286],[113.1565816,27.9721909],[113.1527394,27.9755011],[113.1525743,27.9754997],[113.1526734,27.9750434],[113.1523746,27.975437],[113.1518217,27.9751192],[113.1523895,27.9745041],[113.1519174,27.9736587],[113.1511945,27.973768],[113.1503545,27.9734867],[113.1504172,27.9738292],[113.1513447,27.9743671],[113.1516385,27.9750609],[113.1513497,27.9746674],[113.1507935,27.9743117],[113.150635,27.9746353],[113.1502406,27.9746703],[113.1498494,27.9750974],[113.1500483,27.975455],[113.1487329,27.9764021],[113.1481441,27.9764902],[113.1473107,27.9768447],[113.1468625,27.976717],[113.1466872,27.9779478],[113.146186,27.9784786],[113.1461371,27.9788349],[113.1468665,27.9800909],[113.1465955,27.9807405],[113.1472761,27.9809798],[113.1472476,27.9815574],[113.1464264,27.9830491],[113.1447943,27.9835421],[113.1443766,27.9847009],[113.144829,27.9849564],[113.1462186,27.9851669],[113.1470193,27.9857031],[113.1472394,27.9861241],[113.1472109,27.9873944],[113.1459476,27.9876751],[113.1431908,27.987443],[113.1429157,27.9876229],[113.143042,27.9882689],[113.1433232,27.988537],[113.1443807,27.9888212],[113.1448819,27.9891775],[113.1460148,27.9892782],[113.1460902,27.9897263],[113.1460495,27.9901455],[113.1458437,27.9902264],[113.1459435,27.9908328],[113.1457988,27.9909821],[113.1459598,27.9910865],[113.1459435,27.9916442],[113.1457194,27.9918853],[113.1459517,27.9925042],[113.1440037,27.9924251],[113.1432458,27.9928641],[113.1425,27.993832],[113.1402057,27.9943538],[113.1408618,27.9951994],[113.1411674,27.9958903],[113.1413203,27.9978009],[113.141522,27.9979934],[113.1421597,27.9979665],[113.1422657,27.998571],[113.1442258,27.9985764],[113.1450388,27.9983155],[113.1472639,27.9971784],[113.1472903,27.9976768],[113.1468136,27.9983353],[113.1477406,27.9985602],[113.1475532,27.9991449],[113.1480341,27.9992528],[113.1481359,27.9995173],[113.1486168,27.9994687],[113.1514042,28.0002261],[113.152747,28.0001406],[113.153508,28.0006741],[113.1544137,28.0008054],[113.154591,28.0009961],[113.1546276,28.0016132],[113.1549516,28.0021133],[113.1547244,28.0029022],[113.15481,28.0032494],[113.1562516,28.0036515],[113.1565531,28.0035093],[113.1572907,28.0027124],[113.1577655,28.0015988],[113.1571481,28.001552],[113.156655,28.0008576],[113.156219,28.0009277],[113.1559256,28.0011652],[113.1556423,28.001104],[113.155897,28.0007496],[113.1562964,28.0006255],[113.1564818,28.0002387],[113.1572826,27.9995407],[113.1579285,27.998436],[113.1584338,27.9987886],[113.1589758,27.998409],[113.1596543,27.9983964],[113.1605773,27.998776],[113.1608382,27.9990207],[113.1613883,27.9987095],[113.1613598,27.9983569],[113.162134,27.9991341],[113.1625253,27.9989002],[113.1627392,27.9989739],[113.1626088,27.9985781],[113.1630856,27.9989236],[113.163216,27.998848],[113.1637478,27.9980996],[113.1640616,27.9979071],[113.1642246,27.998803],[113.1638171,27.9992564],[113.1633444,27.999359],[113.1635522,27.9996774],[113.1632995,27.9999886],[113.1628187,27.9999814],[113.1621931,27.9995892],[113.162185,27.9996972],[113.1622522,27.9999472],[113.1625884,28.0002243],[113.1623256,28.000872],[113.1629633,28.0018381],[113.1628879,28.0024245],[113.1630754,28.0025972],[113.1634829,28.0026926],[113.1636867,28.0022842],[113.1635603,28.0020018],[113.1636419,28.001991],[113.1637641,28.0020395],[113.1638639,28.0020359],[113.1639108,28.00191],[113.1639475,28.0018686],[113.1641838,28.001865],[113.164681,28.0024641],[113.1647299,28.0028239],[113.1655164,28.002752],[113.1654802,28.0033464],[113.1646219,28.0044784],[113.1640264,28.0041492],[113.1623688,28.0041421],[113.1617331,28.005653],[113.1621006,28.0057737],[113.1619343,28.0064415],[113.1606844,28.0062426],[113.1601667,28.0064605],[113.1594291,28.0062403],[113.1587237,28.007107],[113.1587425,28.0080376],[113.1591368,28.0082531],[113.1588471,28.0089304],[113.1583911,28.0087978],[113.1583241,28.0088025],[113.1583133,28.0089683],[113.1581926,28.0096574],[113.1576186,28.0100244],[113.1573585,28.0104341],[113.1586754,28.0106378],[113.1591234,28.0109361],[113.1594104,28.011746],[113.1593715,28.0125854],[113.1599428,28.0134012],[113.1601949,28.0140417],[113.1602794,28.0149498],[113.1606469,28.0151535],[113.160958,28.0157644],[113.1619397,28.0157005],[113.1627551,28.0153405],[113.1628811,28.0162972],[113.1631011,28.0165387],[113.1636295,28.0168749],[113.1644288,28.0171307],[113.1652978,28.0180447],[113.1660461,28.0191528],[113.1678379,28.0183359],[113.1694633,28.0185987],[113.1706005,28.0186224],[113.1715363,28.0183102],[113.1723693,28.0160941],[113.1740235,28.0154451],[113.1801805,28.0158508],[113.1831167,28.0145678],[113.1878592,28.0137028],[113.1929545,28.015156],[113.2027139,28.0143602],[113.2064374,28.0221108],[113.2066726,28.0262972],[113.2082011,28.027612],[113.2102001,28.0249825],[113.2122774,28.0219032],[113.216628,28.0219724],[113.2209785,28.0231141],[113.222272,28.0175781],[113.22772,28.0162979],[113.2324264,28.0159705],[113.23356,28.0151127],[113.234579,28.0131145],[113.2380281,28.0130107],[113.2402771,28.0183057],[113.2441132,28.022602],[113.2454359,28.0226298],[113.248689,28.022353],[113.2497243,28.0217175],[113.2507835,28.0183563],[113.2503254,28.0165619],[113.2507718,28.016444],[113.2512867,28.0159988],[113.2515979,28.0159515],[113.2528317,28.0170502],[113.2533145,28.0172206],[113.2542479,28.0168607],[113.2547951,28.0140855],[113.2537436,28.0101831],[113.2526278,28.0080708],[113.2522738,28.0057595],[113.252821,28.0045186],[113.2526493,28.0019042],[113.252778,28.0003222],[113.2525012,27.9996024],[113.2520914,27.9981623],[113.2520056,27.9980676],[113.2511365,27.9976887],[113.2510507,27.9975087],[113.2512116,27.9972908],[113.2517695,27.9973003],[113.2531106,27.997916],[113.2535612,27.9979066],[113.2545268,27.9976508],[113.2547843,27.9982286],[113.2546878,27.9987876],[113.2538402,27.9997728],[113.2538724,28.0006159],[113.2540977,28.0019421],[113.2540471,28.0055171],[113.2558772,28.0125997],[113.2577395,28.0143154],[113.258404,28.0145188],[113.262112,28.0085965],[113.2626836,28.0066527],[113.2632051,28.004879],[113.2610189,28.0041284],[113.2640553,27.9993384],[113.2625978,27.9983017],[113.2613833,27.9969791],[113.2622528,27.9958134],[113.2657018,27.9932618],[113.2644273,27.9859244],[113.2633544,27.9806219],[113.2671332,27.9776892],[113.2718282,27.9734923],[113.2717137,27.9708123],[113.2667914,27.9669714],[113.264929,27.9609639],[113.2660389,27.9550603],[113.2656956,27.951459],[113.264929,27.9503785],[113.2596016,27.9528806],[113.2574773,27.953108],[113.2563615,27.9523688],[113.2542417,27.9494512],[113.2532728,27.9474199],[113.2533105,27.9448376],[113.2559826,27.9422267],[113.259181,27.9386858],[113.2623388,27.9349302],[113.2649299,27.930316],[113.2649704,27.9275975],[113.2663469,27.9229472],[113.2681688,27.9218024],[113.2730676,27.9230187],[113.2788166,27.921552],[113.2818125,27.9201926],[113.2827437,27.9186186],[113.284768,27.9143972],[113.2843631,27.9127516],[113.279019,27.9128947],[113.2751728,27.9132882],[113.2688284,27.9128228],[113.2667899,27.9120074],[113.2655239,27.9109456],[113.2656956,27.90977],[113.2679057,27.9084237],[113.271772,27.9071346],[113.2752943,27.8988697],[113.2754967,27.8930731],[113.2754668,27.8878194],[113.275373,27.8850978],[113.2745361,27.8832391],[113.2721329,27.8813614],[113.2700515,27.8773404],[113.2686567,27.8736606],[113.2675409,27.8671923],[113.2679593,27.8663481],[113.269043,27.8658739],[113.2722401,27.8663197],[113.275094,27.867363],[113.2802224,27.8678372],[113.2823896,27.8678372],[113.2837629,27.8682545],[113.2841062,27.8689185],[113.2837844,27.8723139],[113.282969,27.8751401],[113.2819819,27.8794078],[113.2822394,27.8802424],[113.2827329,27.8805648],[113.2869708,27.8802362],[113.2895297,27.8807308],[113.2904523,27.8813471],[113.291595,27.8818308],[113.2932257,27.8813946],[113.2943308,27.8805031],[113.294599,27.8777766],[113.2943201,27.8741158],[113.2948994,27.8721242],[113.295629,27.871612],[113.3025173,27.8696071],[113.3083193,27.8681964],[113.3134613,27.8656159],[113.3180923,27.8639604],[113.3219505,27.8605161],[113.3253918,27.8598003],[113.3328007,27.8610888],[113.336242,27.8619478],[113.338833,27.8610172],[113.3433675,27.858118],[113.3470112,27.8553618],[113.3491164,27.8541806],[113.3532865,27.8512095],[113.356161,27.8523192],[113.3628816,27.855326],[113.3713836,27.8564714],[113.3792378,27.8575453],[113.3894807,27.8566504],[113.3944523,27.8560188],[113.3962419,27.8569726],[113.405756,27.8596929],[113.4088734,27.8637374],[113.4093997,27.8711461],[113.4102499,27.8756197],[113.4099665,27.8823834],[113.4090758,27.8893256],[113.4096426,27.8920809],[113.4183066,27.9005968],[113.4235293,27.9013124],[113.4288734,27.9007042],[113.4337317,27.8993445],[113.4415454,27.8991298],[113.4476993,27.8997739],[113.4506142,27.9012051],[113.4533673,27.9030656],[113.4523956,27.9086827],[113.4532458,27.913763],[113.4561203,27.9201666],[113.4636375,27.9241312],[113.4699928,27.9267618],[113.4746305,27.9286841],[113.477436,27.9340462],[113.4782376,27.9391045],[113.4840204,27.9426452],[113.4896315,27.9417854],[113.4945298,27.9411354],[113.5017928,27.9417364],[113.508354,27.9426958],[113.513736,27.9444661],[113.5160835,27.945326],[113.5183165,27.948917],[113.5185455,27.9549356],[113.5178584,27.9598918],[113.5189751,27.9624648],[113.5196686,27.9629733],[113.5203016,27.9632955],[113.5221577,27.9627932],[113.5238206,27.9622815],[113.5256816,27.9617782],[113.5277259,27.9619404],[113.5301902,27.9630996],[113.5326397,27.9641483],[113.534807,27.9646885],[113.536831,27.9653433],[113.5415489,27.9654673],[113.5497497,27.9644432],[113.5571357,27.9666177],[113.5602004,27.9678506],[113.5624015,27.9682609],[113.5639036,27.9681093],[113.5658884,27.9671238],[113.5679239,27.9656919],[113.5691178,27.9645274],[113.5702336,27.963286],[113.5707228,27.9620003],[113.5714567,27.959865],[113.5718918,27.9583264],[113.5716213,27.9571609],[113.5710833,27.9502984],[113.5721366,27.9419877],[113.5667546,27.9408749],[113.5648573,27.9347704],[113.5635483,27.9310111],[113.5660103,27.9245865],[113.5685868,27.9207417],[113.5658385,27.9158342],[113.5668333,27.9129454],[113.5689303,27.9075873],[113.5710488,27.9028311],[113.5758583,27.9005035],[113.5862215,27.8942289],[113.5904584,27.9049056],[113.5913745,27.9099147],[113.5893133,27.9139623],[113.5927486,27.915986],[113.5961267,27.9164414],[113.5976198,27.9158164],[113.6004781,27.91462],[113.6030428,27.9113424],[113.6126163,27.9069801],[113.6209183,27.9028816],[113.6273882,27.9000987],[113.6296212,27.8971132],[113.6312816,27.8930144],[113.6368354,27.8890672],[113.638553,27.8834498],[113.6431907,27.8813749],[113.6489163,27.8806158],[113.6494888,27.8851705],[113.6528473,27.8877544],[113.6554434,27.8877009],[113.6656349,27.8801603],[113.6749675,27.8775791],[113.6800633,27.8769212],[113.6868795,27.8735692],[113.6911431,27.872951],[113.6947789,27.8737102],[113.6968687,27.8757853],[113.7010197,27.8789485],[113.7048272,27.8804161],[113.7109536,27.8849456],[113.7133583,27.8867928],[113.7148756,27.8886399],[113.7175093,27.8889182],[113.7248468,27.8884358],[113.7251901,27.8917358],[113.7293529,27.9021281],[113.729267,27.9045554],[113.7333869,27.9123678],[113.7376784,27.9156291],[113.7399959,27.9208621],[113.740425,27.9245024],[113.7450599,27.9333749],[113.7453722,27.9338128],[113.7490081,27.9389104],[113.7573337,27.9450523],[113.7651443,27.9557427],[113.7667322,27.9566335],[113.7686588,27.9571276],[113.7709271,27.9576571],[113.7828254,27.9579413],[113.790121,27.959685],[113.7878036,27.9648401],[113.7904643,27.9709047],[113.7959575,27.9768173],[113.8030814,27.9787122],[113.8146901,27.9855339],[113.8175654,27.9856286],[113.8197112,27.9843022],[113.8204193,27.9788259],[113.8214707,27.9768172],[113.8238954,27.9748085],[113.828659,27.9747516],[113.8331866,27.9758886],[113.8351393,27.9758697],[113.839817,27.9752443],[113.8430786,27.976116],[113.8455891,27.9776131],[113.8463616,27.9790343],[113.8468981,27.9813083],[113.8468766,27.9919762],[113.8479924,27.9948372],[113.8532281,28.0000664],[113.8532281,28.0023589],[113.8544726,28.0051438],[113.8572258,28.0074008],[113.8586253,28.0082994],[113.8595274,28.0085658],[113.8604888,28.0085161],[113.8618541,28.0083644],[113.8630255,28.0080466],[113.864193,28.0076635],[113.864783,28.0073225],[113.8661027,28.0060532],[113.8699221,28.0013169],[113.8733554,27.9954246],[113.8746428,27.9948751],[113.8769603,27.9953298],[113.8798999,27.9951214],[113.881917,27.9934162],[113.8832902,27.9932267],[113.889513,27.9912941],[113.8933324,27.9908394],[113.8989973,27.9922036],[113.9089965,27.9948183],[113.9101446,27.9958319],[113.9105287,27.9965277],[113.9105726,27.9970047],[113.9106076,27.9973368],[113.9106425,27.998646],[113.9110674,28.0000039],[113.913202,28.004248],[113.9138099,28.0044956],[113.9137489,28.0046037],[113.9137059,28.0049127],[113.9148246,28.005713],[113.9149116,28.0057369],[113.9157794,28.0061622],[113.9181917,28.0068882],[113.9200489,28.0076624],[113.9221147,28.0100535],[113.9245529,28.0144062],[113.9254039,28.0188378],[113.9265151,28.0196985],[113.9290838,28.0218533],[113.9302727,28.0224026],[113.9313577,28.0220569],[113.9322428,28.0217635],[113.9335095,28.0209063],[113.9355663,28.0196727],[113.9378746,28.0181444],[113.9387944,28.0176566],[113.9408516,28.0175057],[113.9427429,28.017402],[113.9431862,28.0173841],[113.9438452,28.0173488],[113.945894,28.0172225],[113.9484367,28.017311],[113.9499541,28.0176327],[113.9520463,28.0176859],[113.9548848,28.0182133],[113.9566383,28.0186071],[113.9589814,28.0195274],[113.9602657,28.0202842],[113.9609861,28.0212175],[113.9611077,28.0218903],[113.9610209,28.0226907],[113.9605518,28.023308],[113.9596327,28.0246725],[113.9583133,28.0261221],[113.9563342,28.0278682],[113.9541813,28.0294007],[113.9526631,28.0309955],[113.9522638,28.0313145],[113.9516908,28.0318569],[113.9512226,28.0328271],[113.950953,28.0340579],[113.9513531,28.0355552],[113.9518561,28.0368702],[113.9526545,28.0382566],[113.9536435,28.0394454],[113.9549978,28.0409494],[113.9565167,28.0422889],[113.9580525,28.0430672],[113.9593458,28.043484],[113.9606041,28.0437938],[113.9623573,28.0442883],[113.9635207,28.0445573],[113.9648317,28.0445718],[113.9672702,28.0444312],[113.9686589,28.0444154],[113.9707759,28.0443845],[113.9730684,28.044172],[113.9758625,28.0436989],[113.978848,28.0430931],[113.9818773,28.042396],[113.9839,28.0420809],[113.9857751,28.0423713],[113.9896458,28.0431747],[113.9920075,28.0435756],[113.9939174,28.0436408],[113.9951839,28.043758],[113.9967727,28.0432551],[113.9984304,28.0422459],[113.9994547,28.0415187],[114.0005578,28.0413103],[114.0027101,28.0415119],[114.0047757,28.0413596],[114.0095764,28.0396331],[114.0124323,28.0381095],[114.0141601,28.0367293],[114.0144125,28.0366016],[114.0156445,28.036191],[114.0168077,28.0357506],[114.0190952,28.0355331],[114.0200021,28.0346575],[114.0213749,28.0350507],[114.02206,28.0377412],[114.0223642,28.0394627],[114.0222345,28.0398551],[114.0219481,28.040669],[114.0218692,28.0410902],[114.021956,28.041374],[114.0221385,28.0418036],[114.0224427,28.043078],[114.0225036,28.0434918],[114.0223379,28.0441064],[114.0221563,28.0445749],[114.0220695,28.0448832],[114.0220954,28.0450392],[114.0222859,28.0451007],[114.0225982,28.0451348],[114.0230502,28.0452306],[114.0236667,28.045413],[114.0242654,28.0455544],[114.0245258,28.0457237],[114.0263226,28.0477442],[114.0275129,28.0493893],[114.027903,28.0500704],[114.0281554,28.0507259],[114.0283629,28.0512964],[114.0284766,28.0517942],[114.0286322,28.0524339],[114.0287799,28.0528185],[114.0289794,28.0530631],[114.0293876,28.0534671],[114.0298825,28.0538039],[114.0304553,28.0540704],[114.031063,28.0542959],[114.0317755,28.0545242],[114.0323314,28.0546348],[114.0328603,28.0546595],[114.0333992,28.0547002],[114.0339112,28.054753],[114.034554,28.0548415],[114.0350999,28.0549282],[114.0356908,28.0551388],[114.0361429,28.0552687],[114.0366459,28.0554216],[114.0373406,28.055647],[114.0378008,28.055743],[114.0384696,28.0558554],[114.0390775,28.0559531],[114.0395975,28.0560119],[114.0399889,28.056034],[114.0402145,28.0560855],[114.0401885,28.0562596],[114.039867,28.0569014],[114.0396154,28.0575491],[114.0395285,28.0579153],[114.0395195,28.0581694],[114.0395544,28.0587074],[114.0396672,28.0591192],[114.0398498,28.0595628],[114.0400325,28.0599465],[114.0402581,28.060192],[114.0405875,28.0603263],[114.0411954,28.060424],[114.0415079,28.0605173],[114.0416207,28.0606461],[114.0416117,28.0607741],[114.0415078,28.0610694],[114.041369,28.0614897],[114.0410386,28.0620475],[114.0409177,28.0624689],[114.0406741,28.0630715],[114.0404055,28.0636601],[114.0397016,28.0650009],[114.0391286,28.0660623],[114.03886,28.067088],[114.0387381,28.0675244],[114.0385644,28.0680868],[114.0383388,28.0685904],[114.0380353,28.0691062],[114.0374622,28.0709447],[114.0372625,28.0711532],[114.0368633,28.0712572],[114.0364121,28.0713612],[114.0360118,28.0715782],[114.0357523,28.0717838],[114.0352742,28.072211],[114.0346493,28.0728346],[114.0341283,28.0734179],[114.033764,28.0738069],[114.0335035,28.0740535],[114.0330254,28.0747218],[114.0325653,28.075178],[114.0321401,28.0755511],[114.0319574,28.0758435],[114.0319404,28.0762666],[114.0320622,28.0766944],[114.0322448,28.076925],[114.0325481,28.0770872],[114.0326519,28.077187],[114.0326519,28.077272],[114.0322786,28.077589],[114.0321918,28.0778142],[114.0321229,28.0780254],[114.0319493,28.0783459],[114.0318794,28.0785561],[114.0319582,28.0786559],[114.0321917,28.0787043],[114.0324702,28.0787106],[114.032574,28.0788414],[114.032566,28.0790384],[114.0323833,28.0793729],[114.032019,28.0798609],[114.0316447,28.0802909],[114.0311936,28.0809151],[114.0308293,28.081375],[114.030482,28.0816189],[114.0302215,28.0816856],[114.029544,28.0817133],[114.0292576,28.0817071],[114.029032,28.0818026],[114.0285281,28.082087],[114.0280511,28.0823322],[114.0274693,28.0824188],[114.0269135,28.0824772],[114.0264625,28.0825094],[114.025794,28.0826352],[114.0250736,28.0827051],[114.024413,28.0829309],[114.0237794,28.0833126],[114.0234063,28.0836857],[114.0230939,28.0840746],[114.0229373,28.0845231],[114.0227816,28.0848185],[114.02259,28.084899],[114.0222518,28.084834],[114.0218179,28.0844861],[114.020906,28.0840286],[114.0203244,28.0838311],[114.0198815,28.0837784],[114.0193517,28.0838658],[114.0187182,28.0841777],[114.0179719,28.0847268],[114.0171379,28.0853172],[114.0163657,28.0857945],[114.0157752,28.0862892],[114.0153851,28.0867344],[114.0151327,28.0871662],[114.0147855,28.0874982],[114.0143256,28.0880126],[114.0139525,28.0883857],[114.0136392,28.0887177],[114.0135524,28.0889279],[114.0135963,28.0890278],[114.0138656,28.0890911],[114.0141689,28.0890972],[114.0146028,28.0890059],[114.0151156,28.0888194],[114.0156453,28.0886329],[114.0160184,28.0884158],[114.0163915,28.0881687],[114.0166868,28.0880058],[114.0168773,28.0879693],[114.016999,28.088069],[114.0171387,28.0882856],[114.0175985,28.0891154],[114.0177631,28.0892889],[114.0180065,28.0893083],[114.018215,28.0891717],[114.0183976,28.0888631],[114.018658,28.0886004],[114.0191259,28.088414],[114.0196476,28.0882125],[114.0202283,28.0879559],[114.0209407,28.0875619],[114.0213747,28.0873877],[114.0218526,28.0872703],[114.0222347,28.0872513],[114.022538,28.0873575],[114.0228852,28.0874636],[114.0230418,28.0876792],[114.0230767,28.0880321],[114.0230507,28.0884992],[114.0229987,28.0896145],[114.0229378,28.0901917],[114.0227901,28.0910102],[114.0226075,28.0916568],[114.0224338,28.0921883],[114.0221305,28.0928332],[114.0217832,28.0934473],[114.0216615,28.0936836],[114.0215487,28.094029],[114.0214529,28.0944803],[114.0214269,28.0949614],[114.0214618,28.0952783],[114.0215655,28.0956391],[114.0214358,28.0957565],[114.0212533,28.095849],[114.0211146,28.0959144],[114.0208452,28.0960271],[114.0203673,28.0961725],[114.0198206,28.096372],[114.0192828,28.0966585],[114.0189097,28.0969606],[114.0184927,28.0974308],[114.0181365,28.0979189],[114.017894,28.0983666],[114.0175987,28.0990955],[114.0174679,28.09977],[114.0174938,28.100469],[114.0174339,28.1011462],[114.0172603,28.1018208],[114.0170338,28.1023425],[114.0166866,28.1026935],[114.0162097,28.1030779],[114.016105,28.1031142],[114.0146556,28.1032144],[114.0129019,28.1037695],[114.0119122,28.1060486],[114.011487,28.1087352],[114.0112006,28.1107402],[114.0111566,28.1119244],[114.0110966,28.1140538],[114.0108011,28.116916],[114.0105147,28.119082],[114.0102373,28.120799],[114.0102373,28.120838],[114.0104108,28.1212156],[114.0106102,28.121804],[114.0110351,28.1224718],[114.0114001,28.1229388],[114.0115916,28.1232773],[114.0116345,28.1234532],[114.0115048,28.1237196],[114.0112354,28.1243884],[114.010992,28.1247442],[114.0105232,28.1252776],[114.010185,28.1256726],[114.0100463,28.1258401],[114.009369,28.1266191],[114.0087436,28.126888],[114.0083187,28.1271533],[114.0080055,28.1272782],[114.007789,28.1272809],[114.0076155,28.1273334],[114.0071207,28.1273939],[114.0063737,28.1272521],[114.005506,28.1271727],[114.0042383,28.1270945],[114.0037785,28.1270548],[114.0024759,28.1275348],[114.0017906,28.128741],[114.0019291,28.1304077],[114.0018509,28.1352624],[114.0020683,28.1354857],[114.0020773,28.1358748],[114.0020862,28.1366038],[114.0020861,28.1375279],[114.0021379,28.1378447],[114.0023114,28.1385553],[114.0026066,28.1396315],[114.0027362,28.1402691],[114.0026843,28.1406533],[114.002798,28.14089],[114.0027191,28.1413563],[114.002381,28.1419033],[114.0020508,28.1422504],[114.0017207,28.1425764],[114.0016688,28.1429126],[114.0015471,28.143281],[114.0013126,28.1437867],[114.0005663,28.1481683],[113.9985007,28.1489646],[113.9944993,28.1505748],[113.9922421,28.1532709],[113.9904457,28.1559725],[113.9892906,28.1582252],[113.9887009,28.1606472],[113.988657,28.1608683],[113.9876157,28.1622145],[113.9872594,28.1647858],[113.9877193,28.1655842],[113.9887184,28.1673185],[113.9902462,28.1681379],[113.993345,28.1679755],[113.99482,28.1677651],[113.9963479,28.1682555],[114.0005666,28.1692447],[114.0019469,28.1698786],[114.0046115,28.1745558],[114.0058271,28.1777173],[114.0069212,28.1784011],[114.0107494,28.1772447],[114.0117738,28.1770283],[114.0136053,28.1766413],[114.0169042,28.1759278],[114.0195608,28.1754374],[114.0218265,28.1753511],[114.0236323,28.1759412],[114.0263322,28.1772261],[114.0283298,28.1772959],[114.0309863,28.1768671],[114.0338944,28.1767239],[114.0355183,28.176624],[114.0378968,28.1772175],[114.0392423,28.1782655],[114.0403972,28.179247],[114.0425156,28.1798954],[114.0443478,28.1782515],[114.0453373,28.1766044],[114.0466485,28.1750726],[114.0479507,28.174281],[114.0548009,28.1741777],[114.0631372,28.1748262],[114.0669317,28.1758926],[114.0698922,28.1770114],[114.0720884,28.1773203],[114.0748587,28.178436],[114.0757445,28.1795823],[114.0763784,28.1808469],[114.0782362,28.1823577],[114.0804944,28.1826604],[114.0837851,28.1830369],[114.0864951,28.183295],[114.0877806,28.1841067],[114.0899768,28.1846403],[114.0950917,28.1841193],[114.0972797,28.1841396],[114.0997972,28.1846713],[114.1000758,28.1848818],[114.1017253,28.186128],[114.1022898,28.1875563],[114.1022717,28.1890533],[114.1018551,28.1905312],[114.1011351,28.192185],[114.101178,28.1937911],[114.1020549,28.1961995],[114.1024201,28.1982097],[114.1010913,28.2013453],[114.1007528,28.2028252],[114.1011091,28.2047804],[114.1022923,28.2062329],[114.1039222,28.2080686],[114.106101,28.2091178],[114.1078374,28.2104528],[114.109687,28.2122411],[114.111676,28.2138626],[114.1145056,28.21532],[114.1157127,28.2163011],[114.1167203,28.2190631],[114.1174144,28.2204937],[114.1186907,28.221829],[114.1207486,28.2233872],[114.1222765,28.225124],[114.1224151,28.2253484],[114.1231622,28.226558],[114.1238393,28.2299998],[114.1241519,28.2313242],[114.1299954,28.2344047],[114.1318536,28.2355703],[114.1332689,28.2367813],[114.1348656,28.2382857],[114.136724,28.2399025],[114.1383209,28.2413519],[114.139216,28.2425073],[114.1394414,28.2451997],[114.1389721,28.2469129],[114.1384947,28.2483991],[114.1386079,28.2498792],[114.1395712,28.2509818],[114.1412996,28.2518565],[114.1433048,28.2524398],[114.1451797,28.252688],[114.1466576,28.2527535],[114.1482269,28.2522543],[114.1498383,28.2520981],[114.1505693,28.2521294],[114.1533839,28.2532205],[114.1604585,28.2562525],[114.1625333,28.2567923],[114.1653112,28.2567595],[114.1668656,28.2564845],[114.1682887,28.2559832],[114.1718649,28.2542359],[114.1737573,28.2535615],[114.1751814,28.2530601],[114.1755016,28.2531095],[114.1767958,28.2533091],[114.1770996,28.2546856],[114.1767695,28.25605],[114.1772036,28.2576647],[114.1783406,28.2600777],[114.1780456,28.2625871],[114.1779672,28.2646509],[114.1785575,28.2688368],[114.1793124,28.2709011],[114.1811264,28.2708574],[114.1833315,28.2701343],[114.1855965,28.2706683],[114.1877231,28.2712],[114.1893293,28.2714397],[114.1909524,28.2715724],[114.1930707,28.2730768],[114.1935448,28.2747882],[114.1938164,28.2757688],[114.1932086,28.2783457],[114.1925318,28.2801165],[114.1934871,28.281841],[114.1930879,28.2834362],[114.1911258,28.2852549],[114.1908308,28.2877093],[114.1914563,28.2898972],[114.1924626,28.2926486],[114.1928355,28.2940271],[114.1946329,28.2951829],[114.196715,28.2944042],[114.1993543,28.2952242],[114.2011594,28.2963897],[114.2028262,28.297433],[114.2051433,28.2980211],[114.207808,28.2975796],[114.2103944,28.2973168],[114.2137438,28.2991785],[114.2155321,28.3004493],[114.2166861,28.3016654],[114.2181005,28.3027647],[114.2195159,28.3036329],[114.2218937,28.3043399],[114.2233078,28.3058909],[114.2237944,28.308706],[114.22566,28.3100332],[114.2277169,28.3105086],[114.228611,28.3122289],[114.2298865,28.3142495],[114.232786,28.3146678],[114.2347211,28.3152576],[114.2364568,28.316364],[114.2373415,28.3180871],[114.2387648,28.3189544],[114.2403101,28.3192556],[114.2428179,28.3203058],[114.2453955,28.3215317],[114.2475216,28.3229694],[114.2488582,28.324241],[114.2498125,28.3256867],[114.2504466,28.3269424],[114.2506286,28.3284342],[114.2502903,28.3299251],[114.2493618,28.3314571],[114.2478,28.3327702],[114.2466192,28.3343591],[114.2451782,28.336406],[114.2428704,28.3398225],[114.2418806,28.3414152],[114.2422537,28.342964],[114.2426269,28.3444598],[114.2432602,28.3457267],[114.2442848,28.3469916],[114.2456996,28.3484893],[114.2469662,28.350049],[114.2477905,28.3518876],[114.2484937,28.3530914],[114.2504205,28.3539679],[114.2526253,28.3532994],[114.2545077,28.3534267],[114.2560358,28.3555598],[114.2556967,28.3573286],[114.2548984,28.3590337],[114.2534579,28.3608639],[114.250976,28.3630153],[114.2463506,28.3657806],[114.2453699,28.3672044],[114.2446233,28.3693161],[114.2453866,28.3714427],[114.248216,28.3733021],[114.2503338,28.3745165],[114.2528415,28.3762526],[114.2540487,28.3785507],[114.2542306,28.3799874],[114.2541836,28.3802074],[114.2538924,28.3815872],[114.2526339,28.3832923],[114.2511233,28.3851744],[114.2508631,28.3865392],[114.2508626,28.3920931],[114.2507593,28.3954195],[114.2497778,28.3972383],[114.2484682,28.3980874],[114.2472265,28.3990553],[114.2441196,28.3995424],[114.2420461,28.3993563],[114.2399624,28.399684],[114.2374462,28.3997774],[114.235302,28.4003836],[114.232586,28.4004195],[114.230894,28.4002418],[114.2295922,28.4012619],[114.2280902,28.4021058],[114.2259733,28.4010607],[114.2239684,28.3999565],[114.2228919,28.3987459],[114.2211911,28.4001002],[114.220592,28.4014764],[114.2196723,28.4026653],[114.2186825,28.4038632],[114.217251,28.4049336],[114.2154977,28.4056107],[114.2137535,28.4054228],[114.2120612,28.405405],[114.2093356,28.4063605],[114.2087373,28.4076735],[114.2084983,28.4085917],[114.2084847,28.408644],[114.208199,28.4097814],[114.2066886,28.411717],[114.2054999,28.413657],[114.2048924,28.4153128],[114.2027223,28.418786],[114.201394,28.4218064],[114.1992157,28.4250534],[114.196924,28.4277213],[114.1901887,28.4326503],[114.188045,28.4341213],[114.1860918,28.4345578],[114.1837401,28.43504],[114.1824349,28.4346583],[114.1810321,28.4344429],[114.1800684,28.4345691],[114.177404,28.4350011],[114.1759108,28.4357912],[114.1733064,28.4365121],[114.1697564,28.4361406],[114.1669695,28.4360014],[114.1664319,28.4378289],[114.1678377,28.4393831],[114.1700951,28.4402591],[114.1734024,28.4401204],[114.1754763,28.4400182],[114.1776122,28.4401012],[114.1792266,28.440682],[114.1821866,28.4421969],[114.1836014,28.4432991],[114.1841471,28.4439358],[114.1846862,28.4445647],[114.1856846,28.4479505],[114.1860575,28.4495537],[114.1868214,28.4508777],[114.1884275,28.452325],[114.1898331,28.4531931],[114.1916387,28.4538979],[114.1930532,28.4552259],[114.1943383,28.4567205],[114.1951542,28.4586222],[114.1958477,28.4603408],[114.1969944,28.4625279],[114.1995103,28.4630686],[114.2011251,28.4631349],[114.2027398,28.463665],[114.2058896,28.4658037],[114.2096303,28.4680167],[114.2116092,28.4696896],[114.2132763,28.4719338],[114.2140306,28.473832],[114.2143259,28.4766424],[114.2144299,28.4793857],[114.2141351,28.4823654],[114.2137272,28.4839084],[114.2135106,28.4859045],[114.2131485,28.4870793],[114.2129113,28.4878492],[114.2116006,28.4889784],[114.2095184,28.4895927],[114.2077647,28.4904412],[114.2055519,28.4910452],[114.2040505,28.4919518],[114.2023981,28.4931402],[114.2020889,28.4933626],[114.2005874,28.4944961],[114.1991378,28.4959725],[114.1971239,28.4967062],[114.1953626,28.4976631],[114.193991,28.4989675],[114.1919598,28.5007206],[114.1902583,28.5017954],[114.1885659,28.5023553],[114.1870819,28.5026857],[114.1852741,28.5020017],[114.1844055,28.5014764],[114.1836303,28.5011809],[114.1828644,28.5007705],[114.182332,28.500754],[114.1817436,28.5004668],[114.1816782,28.5003026],[114.1813046,28.5002451],[114.1810337,28.500081],[114.1803332,28.5002369],[114.1797448,28.500319],[114.1790303,28.5004596],[114.1785586,28.5004498],[114.1778695,28.500464],[114.1772658,28.5004763],[114.1769265,28.5004833],[114.1746611,28.5001192],[114.1718051,28.5003748],[114.1692699,28.500586],[114.1664839,28.5012475],[114.1634803,28.5025384],[114.1607464,28.5040578],[114.1591749,28.5051335],[114.1576033,28.50667],[114.1559626,28.5085383],[114.1545214,28.5099601],[114.1520475,28.5102765],[114.1491917,28.5107132],[114.147881,28.5121384],[114.1461622,28.5144106],[114.1448425,28.5164546],[114.1434617,28.5186184],[114.1418122,28.5208358],[114.1401198,28.5215668],[114.1393306,28.5219178],[114.1383572,28.5223507],[114.1371852,28.5233725],[114.1361866,28.5248484],[114.1351269,28.5265561],[114.1341894,28.5295195],[114.1335646,28.5330162],[114.13261,28.5368353],[114.1314201,28.538486],[114.1297271,28.5393263],[114.1281645,28.539662],[114.125638,28.5396358],[114.1240837,28.5395029],[114.1225295,28.5392072],[114.1208542,28.5386236],[114.1198904,28.537521],[114.1176761,28.5378416],[114.1168865,28.5392672],[114.1157664,28.5406866],[114.1129614,28.5420965],[114.1114078,28.5422522],[114.1091323,28.5422306],[114.1062151,28.5419689],[114.10388,28.5416668],[114.1013529,28.5417007],[114.0990783,28.5420218],[114.0971933,28.5426311],[114.0951013,28.5434145],[114.0934079,28.544371],[114.0917675,28.5459024],[114.0900482,28.5480566],[114.0890665,28.5493062],[114.0877637,28.5501531],[114.086323,28.5509961],[114.0847422,28.5528188],[114.0837437,28.5544115],[114.081825,28.557706],[114.0811907,28.5589727],[114.0698382,28.5592755],[114.0649449,28.5550035],[114.062341,28.551768],[114.0596083,28.5494154],[114.0555941,28.54913],[114.0510658,28.5482684],[114.0473085,28.5477709],[114.0411008,28.5515525],[114.0362904,28.5546769],[114.0283508,28.5510884],[114.0239563,28.5487424],[114.0201033,28.5463979],[114.0172198,28.5472814],[114.010981,28.5490833],[114.009658,28.5565378],[114.0082842,28.5593796],[114.0031968,28.5615484],[113.9999998,28.5656319],[113.9938583,28.5678484],[113.9904938,28.5681974],[113.9852001,28.5667565],[113.9782342,28.5666767],[113.9717388,28.5681277],[113.9701029,28.5678656],[113.969121,28.5673927],[113.9626083,28.5570299],[113.9603274,28.5531251],[113.9586945,28.5459944],[113.9491808,28.5428199],[113.9442213,28.5370274],[113.9395828,28.5326044],[113.937369,28.5306474],[113.9359571,28.5298079],[113.9353292,28.5297218],[113.9345173,28.5299102],[113.9303499,28.5350971],[113.9258578,28.5342369],[113.9184965,28.5314848],[113.911386,28.5295669],[113.8985647,28.5326365],[113.8922808,28.5292224],[113.8877894,28.5250552],[113.8844961,28.5191169],[113.8804093,28.5202294],[113.8770828,28.5214919],[113.8682478,28.5258382],[113.8619181,28.5305434],[113.8574054,28.5340977],[113.8509025,28.5360864],[113.8431917,28.5338272],[113.8406068,28.5326289],[113.840162,28.5282753],[113.8347473,28.5243399],[113.835461,28.5191537],[113.8341971,28.5148216],[113.8313673,28.5127544],[113.8331121,28.5076254],[113.8272754,28.5027565],[113.8267823,28.4977684],[113.8289622,28.4925159],[113.8193663,28.4837954],[113.8178633,28.4790289],[113.8149873,28.4731619],[113.8111878,28.4696204],[113.8057642,28.4644302],[113.7993735,28.4607798],[113.7965822,28.4594235],[113.7919199,28.4592825],[113.7879004,28.4609487],[113.7819678,28.4623624],[113.7758659,28.4573251],[113.7714515,28.453875],[113.7609863,28.4532109],[113.7551969,28.4536483],[113.7545019,28.4533565],[113.7534064,28.4528299],[113.7524341,28.4523325],[113.7517048,28.4523217],[113.7515098,28.4522003],[113.7461088,28.4521124],[113.7389385,28.4504525],[113.7340767,28.4459062],[113.7288504,28.4461291],[113.7262778,28.445156],[113.7251208,28.4447183],[113.7232062,28.4442798],[113.7228732,28.4440143],[113.722757,28.4438242],[113.7224481,28.4437897],[113.7183075,28.4384723],[113.7161338,28.4347401],[113.715744,28.4340708],[113.7148933,28.4290796],[113.7132417,28.427971],[113.7121733,28.4273715],[113.7030488,28.4258004],[113.7013795,28.4260686],[113.6994323,28.4263814],[113.6966093,28.4273949],[113.6926268,28.4314289],[113.6858598,28.4373934],[113.6803283,28.4417074],[113.6742103,28.4446659],[113.6680528,28.4467089],[113.6604003,28.4501744],[113.6521656,28.4521498],[113.6541213,28.4554309],[113.6568248,28.4583929],[113.6556928,28.4615764],[113.6512223,28.4665414],[113.6482163,28.4691659],[113.6464463,28.4703714],[113.6447298,28.4727229],[113.6435698,28.4759749],[113.6421957,28.4778577],[113.6418533,28.4783269],[113.6401368,28.4811364],[113.6376114,28.4808189],[113.6340483,28.4845519],[113.6297303,28.4869859],[113.6260389,28.4870224],[113.6216278,28.4923039],[113.6150968,28.4980239],[113.6103133,28.5016269],[113.6011871,28.508472],[113.5964266,28.5136599],[113.5921021,28.5180335],[113.5820204,28.5287314],[113.5786641,28.5354416],[113.5759009,28.5383019],[113.5710384,28.5403363],[113.5653228,28.5376599],[113.5589368,28.5363464],[113.5527481,28.5367186],[113.5467354,28.5287047],[113.5384522,28.5299073],[113.5309005,28.532279],[113.5224076,28.5326721],[113.5163292,28.5393545],[113.5109729,28.5406395],[113.5064493,28.5415993],[113.4993923,28.5472348],[113.4974351,28.5525901],[113.4971313,28.5589904],[113.4958722,28.5642337],[113.4912851,28.5708078],[113.4867068,28.5747233],[113.4819802,28.5766089],[113.4773796,28.5787289],[113.4753795,28.5797822],[113.4701254,28.5825493],[113.4674528,28.5904559],[113.4622423,28.5968149],[113.4568633,28.5990504],[113.4526978,28.5991819],[113.4481733,28.5968019],[113.4437103,28.5962544],[113.4368973,28.5953214],[113.4308473,28.5939064],[113.4282303,28.5937574],[113.4247216,28.5933978],[113.4224392,28.5889634],[113.4233398,28.5826699],[113.419986,28.582122],[113.415206,28.5925748],[113.4116288,28.5913283],[113.409484,28.5952148],[113.4100116,28.5977283],[113.4109121,28.6010317],[113.4111633,28.6030139],[113.4126349,28.6089167],[113.4162293,28.6122609],[113.4135262,28.6185973],[113.4141268,28.6241536],[113.4188044,28.6239253],[113.4205406,28.6287184],[113.4201888,28.6323304],[113.4215121,28.6387341],[113.4199681,28.6397473],[113.4071305,28.6359245],[113.3998454,28.6384062],[113.3973313,28.6406174],[113.3927383,28.6430549],[113.3836138,28.6493054],[113.3792268,28.6505889],[113.3734208,28.6489334],[113.3681418,28.6472604],[113.3625183,28.6437644],[113.3597338,28.6392614],[113.3571127,28.6367401],[113.3560825,28.6357492],[113.3560743,28.6301191],[113.3548648,28.6271493],[113.3485793,28.6214789],[113.342496,28.6183649],[113.3399606,28.6188938],[113.338939,28.6205118],[113.3321822,28.6212954],[113.3310579,28.6202894],[113.3275688,28.620994],[113.3263779,28.620994],[113.3249617,28.6197037],[113.3214135,28.6189808],[113.3196401,28.6174811],[113.3180201,28.6170949],[113.3140075,28.6174717],[113.3132458,28.6186583],[113.3129714,28.6218958],[113.3111081,28.6251954],[113.3111244,28.6306374],[113.3111326,28.6333511],[113.3074263,28.6353609],[113.3044203,28.6382064],[113.3018418,28.6389734],[113.2969588,28.6407279],[113.2907488,28.6418344],[113.2889783,28.6432649],[113.2830428,28.6445924],[113.2777708,28.6433734],[113.2726898,28.6400889],[113.2677993,28.6351869],[113.2608873,28.6317234],[113.2564318,28.6311704],[113.2531498,28.6293355],[113.252072,28.6288768],[113.2512167,28.6292816],[113.2505644,28.6288423],[113.2500157,28.6291365],[113.2495372,28.6295211],[113.2463419,28.6320896],[113.2460231,28.6328099],[113.2472832,28.6347724],[113.2455522,28.6355464],[113.2457757,28.6388812],[113.2437469,28.6400811],[113.2435599,28.6416521],[113.2419922,28.642426],[113.240681,28.6452406],[113.2412061,28.6463731],[113.2425917,28.6465758],[113.2430536,28.648035],[113.241908,28.649091],[113.2416767,28.6505353],[113.2421692,28.6509253],[113.2400137,28.653992],[113.2383153,28.6544792],[113.2391668,28.6576921],[113.2387084,28.6583996],[113.2383799,28.6587104],[113.2380795,28.6588563],[113.2377684,28.6590352],[113.2373983,28.6593129],[113.23713,28.6596142],[113.2368296,28.6600661],[113.2365346,28.660518],[113.236143,28.6607486],[113.2357246,28.6608286],[113.2352525,28.6608334],[113.2345927,28.660711],[113.2342815,28.6606498],[113.2339007,28.6606121],[113.2336217,28.6606733],[113.233391,28.6608381],[113.2331657,28.6611252],[113.2329673,28.6616336],[113.2329351,28.6619725],[113.2330584,28.6624008],[113.2332784,28.6626409],[113.233493,28.6630598],[113.2335252,28.6635023],[113.2333428,28.6638318],[113.2329297,28.6641048],[113.2323879,28.6643072],[113.2320017,28.6643825],[113.2316047,28.6644154],[113.2312989,28.6644013],[113.2309878,28.6643072],[113.2307732,28.6642177],[113.2307839,28.6641377],[113.2305747,28.6638694],[113.2302743,28.6635023],[113.2301778,28.6633705],[113.2300705,28.6633563],[113.2296077,28.663535],[113.2289882,28.6634485],[113.228547,28.6624997],[113.2286543,28.6624338],[113.2291478,28.6623585],[113.2295716,28.6622784],[113.2297808,28.6621749],[113.2296681,28.6621466],[113.2292926,28.6621655],[113.2289278,28.6621655],[113.228724,28.6621278],[113.2286918,28.6619442],[113.228842,28.6616618],[113.2292497,28.6612711],[113.2300436,28.6607157],[113.2304567,28.6604662],[113.230564,28.6603956],[113.2300705,28.6598166],[113.2286382,28.6600284],[113.228032,28.6600943],[113.2278442,28.6601179],[113.2278442,28.6602779],[113.2274634,28.6602967],[113.2275867,28.659633],[113.2273883,28.6595671],[113.2277101,28.6589693],[113.2269537,28.6586822],[113.2271683,28.6583527],[113.2273775,28.6580043],[113.2273829,28.6577643],[113.2273668,28.6576466],[113.2276511,28.6574112],[113.2276618,28.6573312],[113.2276082,28.6572465],[113.227576,28.657157],[113.2275867,28.657077],[113.2276565,28.6569876],[113.2277799,28.6569122],[113.227973,28.6568793],[113.2280213,28.6567946],[113.2283163,28.6566863],[113.2286811,28.6566204],[113.2288367,28.6565733],[113.2289976,28.6564462],[113.2291102,28.6564368],[113.2291961,28.6563756],[113.2292765,28.6562815],[113.229416,28.6561732],[113.229754,28.6561685],[113.2294106,28.6543091],[113.2297647,28.6536406],[113.2293463,28.6526332],[113.2295823,28.6513057],[113.2282197,28.6493096],[113.2281232,28.648048],[113.2278335,28.647822],[113.22734,28.6476902],[113.2254946,28.6475019],[113.2249689,28.6470876],[113.2241857,28.6470688],[113.223027,28.6471629],[113.2223296,28.6467392],[113.2192612,28.6460519],[113.2178557,28.6454775],[113.2166111,28.644084],[113.2148087,28.6424833],[113.2135212,28.6421726],[113.2117832,28.6409391],[113.2111287,28.6397527],[113.2104099,28.6394984],[113.2081139,28.638924],[113.2076204,28.6359014],[113.2075238,28.6348279],[113.2077062,28.633745],[113.2076526,28.6332647],[113.2081354,28.6329351],[113.2082212,28.6326338],[113.2083821,28.6324078],[113.209101,28.630289],[113.2094014,28.6299217],[113.2096696,28.6297522],[113.2097983,28.6296016],[113.2097769,28.6292625],[113.2098412,28.6289612],[113.2099378,28.6288293],[113.2097447,28.6286033],[113.2083607,28.6276145],[113.2082212,28.6274073],[113.208071,28.6273885],[113.2080388,28.6267858],[113.2078028,28.6266257],[113.2078242,28.6264939],[113.2081568,28.626362],[113.2093155,28.6259382],[113.2096589,28.6258252],[113.2098386,28.6257617],[113.2099244,28.6255921],[113.2098922,28.6252955],[113.2099137,28.6251307],[113.210367,28.6242243],[113.2105118,28.6238899],[113.2106298,28.6236875],[113.2107156,28.6236215],[113.2109892,28.6236074],[113.211472,28.6236215],[113.212105,28.6234991],[113.2124591,28.6234709],[113.2125342,28.6233296],[113.212502,28.6231036],[113.2122767,28.6227739],[113.2120407,28.6225668],[113.2113433,28.6224067],[113.211,28.6224067],[113.210721,28.6223219],[113.2102275,28.6216815],[113.2100665,28.6211635],[113.2101309,28.6206644],[113.2087576,28.6206644],[113.2078671,28.6207397],[113.207674,28.6205608],[113.2068372,28.6205984],[113.2067835,28.6197508],[113.2053995,28.6196849],[113.2049382,28.6193176],[113.2038546,28.6191952],[113.2032537,28.6190445],[113.2023525,28.6172362],[113.202095,28.6163509],[113.2016551,28.6159647],[113.200475,28.6155221],[113.2001531,28.6153243],[113.200196,28.6149852],[113.2001853,28.6147121],[113.2000565,28.6143071],[113.1997561,28.6140716],[113.1997561,28.6136572],[113.1997239,28.6133464],[113.1993914,28.6132711],[113.1992626,28.6127907],[113.1987905,28.6127154],[113.1981361,28.6123857],[113.1979966,28.6117076],[113.1977069,28.611604],[113.1972027,28.6120749],[113.1967091,28.6123292],[113.1960869,28.6122162],[113.1959689,28.613224],[113.1944561,28.6129132],[113.1935763,28.6130262],[113.1931472,28.6128849],[113.1930613,28.6124799],[113.1932652,28.6122727],[113.1930935,28.61183],[113.1926966,28.6118018],[113.1927502,28.6108505],[113.1925678,28.6100875],[113.1914306,28.609626],[113.1912696,28.6097861],[113.1900251,28.6095601],[113.1895745,28.6090421],[113.1895316,28.608298],[113.1891024,28.608006],[113.1883728,28.6079306],[113.1882441,28.6068474],[113.1882012,28.6064236],[113.187933,28.6061598],[113.1873107,28.6061598],[113.1868386,28.6062823],[113.1857121,28.6065648],[113.1851649,28.6058113],[113.1849074,28.6049259],[113.1839311,28.6052367],[113.1838775,28.6057171],[113.1835449,28.6058772],[113.183105,28.606028],[113.1829333,28.6060374],[113.1829548,28.6057831],[113.1828689,28.6053498],[113.1828475,28.604794],[113.1824505,28.6045962],[113.1816137,28.6043513],[113.1811416,28.6044644],[113.1807768,28.604502],[113.1801224,28.6043419],[113.1795859,28.6045868],[113.179661,28.6052462],[113.1799185,28.6059526],[113.1801009,28.6064424],[113.1797147,28.606659],[113.179425,28.6065931],[113.1790602,28.6066308],[113.1786096,28.6066025],[113.1784165,28.6061975],[113.1783414,28.605444],[113.1776118,28.6047846],[113.1775796,28.604568],[113.1769037,28.6043136],[113.176378,28.6045303],[113.1760883,28.6044926],[113.1756592,28.6041158],[113.1741464,28.6034094],[113.1743824,28.602637],[113.1785023,28.6008661],[113.1787491,28.6006777],[113.1790173,28.6004234],[113.1790388,28.6002161],[113.1790602,28.5997452],[113.179028,28.599472],[113.1791675,28.599001],[113.1793177,28.5988126],[113.1794894,28.5987467],[113.1795967,28.5986148],[113.1796288,28.5983604],[113.179661,28.5981438],[113.1797469,28.5979177],[113.1798971,28.5976822],[113.1799292,28.5975786],[113.1799614,28.5972866],[113.1800473,28.5970511],[113.1803262,28.5967591],[113.1805891,28.596387],[113.1807017,28.5962457],[113.1808305,28.5960667],[113.1808627,28.5959301],[113.1808841,28.5957228],[113.1809807,28.5955627],[113.1811148,28.5955015],[113.1812113,28.5954449],[113.1814474,28.5952895],[113.1815064,28.5950352],[113.1815064,28.5948232],[113.1815761,28.5946913],[113.181839,28.5944935],[113.1820214,28.5943805],[113.1822896,28.5941497],[113.1823379,28.5940178],[113.1823325,28.5939471],[113.1822199,28.5938812],[113.1819999,28.5937776],[113.1818551,28.5936834],[113.1818175,28.5935797],[113.1818443,28.5933913],[113.1819195,28.5932406],[113.1821018,28.5926707],[113.1822145,28.5924823],[113.1823218,28.5923127],[113.1823593,28.5921902],[113.1822842,28.5920489],[113.1821608,28.591917],[113.1821448,28.5918181],[113.1821769,28.5916815],[113.1822789,28.5914696],[113.1824022,28.5912812],[113.1824291,28.5912152],[113.1823969,28.5911446],[113.1822789,28.5911069],[113.1821179,28.5910739],[113.1819463,28.5910645],[113.1818336,28.5909656],[113.1814957,28.5896231],[113.1813562,28.5894771],[113.1799614,28.5891851],[113.180353,28.5885633],[113.179248,28.5877531],[113.1789315,28.5876683],[113.1786954,28.5875082],[113.178556,28.5873527],[113.1784862,28.587202],[113.1785452,28.5870607],[113.1786311,28.5868958],[113.1786793,28.5868063],[113.1786793,28.586698],[113.1785828,28.5865944],[113.1784594,28.586486],[113.1782716,28.5864389],[113.1781268,28.5864248],[113.178041,28.5863353],[113.17729,28.5854733],[113.1771558,28.5851105],[113.1768984,28.5849033],[113.1768554,28.5847384],[113.1767428,28.5846725],[113.176555,28.5846301],[113.1764209,28.5845971],[113.1764156,28.5843898],[113.1763941,28.5840931],[113.176319,28.5839565],[113.1762332,28.5837586],[113.1762814,28.5836126],[113.176673,28.5834006],[113.1768125,28.5832075],[113.1768984,28.5829578],[113.1768823,28.58276],[113.1767803,28.5826987],[113.1767321,28.5826375],[113.1766945,28.582515],[113.1768233,28.5823784],[113.1770164,28.5820487],[113.1775528,28.5809746],[113.1776172,28.5807721],[113.1778157,28.5806354],[113.1779766,28.5804706],[113.1780678,28.5802303],[113.1780946,28.57991],[113.1781483,28.5797922],[113.1781858,28.5796085],[113.1782395,28.5794577],[113.1781912,28.5792929],[113.1780839,28.5791044],[113.177762,28.5782141],[113.1773651,28.5783366],[113.1772792,28.5783083],[113.1771719,28.5765559],[113.1770915,28.5764664],[113.1770325,28.5763486],[113.1770754,28.5761554],[113.1771076,28.5759811],[113.1771558,28.5759058],[113.1772149,28.5757173],[113.1772202,28.5755289],[113.1773651,28.5754488],[113.1778371,28.5754629],[113.1779551,28.5753828],[113.1780732,28.5752038],[113.1781322,28.5750248],[113.1781644,28.5749165],[113.1784621,28.5749188],[113.1788054,28.5751143],[113.1788617,28.5752556],[113.1790468,28.5753734],[113.1791407,28.5751991],[113.1792533,28.5749094],[113.1793043,28.5747751],[113.1794223,28.5746032],[113.1795135,28.574516],[113.1795511,28.5743865],[113.1795511,28.5742334],[113.1795859,28.574158],[113.1797039,28.5739978],[113.1797951,28.5738659],[113.1798541,28.5736398],[113.1799132,28.5734655],[113.17994,28.5733335],[113.1799293,28.5732158],[113.179822,28.5731263],[113.1797576,28.5730415],[113.179763,28.5729378],[113.1800312,28.5725892],[113.1801921,28.5723536],[113.180294,28.5722123],[113.1804764,28.5721134],[113.1806052,28.5720097],[113.1806588,28.571892],[113.1806803,28.5717271],[113.1807446,28.5716281],[113.1809056,28.5715292],[113.1809914,28.5714397],[113.1810933,28.5712701],[113.181265,28.5711476],[113.1815922,28.5710439],[113.1816888,28.5709497],[113.1817371,28.5708555],[113.1820643,28.5705493],[113.1822145,28.5704268],[113.1821769,28.5700546],[113.1833303,28.5705917],[113.1840223,28.570375],[113.1851649,28.570375],[113.185637,28.5701724],[113.1863344,28.5701818],[113.1863505,28.5700263],[113.1862485,28.5696589],[113.186447,28.5695364],[113.1869191,28.569282],[113.1870264,28.5691406],[113.1870478,28.5689475],[113.1869674,28.568792],[113.1868279,28.5684151],[113.1869888,28.568335],[113.1873,28.5683774],[113.1879008,28.5679487],[113.1885016,28.5676424],[113.1891614,28.5670111],[113.1897032,28.5663986],[113.1902826,28.5662196],[113.1908083,28.5663468],[113.1914306,28.5668132],[113.1914413,28.5669169],[113.1908995,28.5671053],[113.191275,28.5679392],[113.1913018,28.5691783],[113.1918275,28.5690605],[113.192364,28.5685564],[113.1927717,28.5683067],[113.1930238,28.5684009],[113.1931043,28.5684151],[113.1934261,28.568302],[113.1936836,28.5684104],[113.1940699,28.5682078],[113.1943113,28.5679345],[113.1950837,28.5676848],[113.1950623,28.5671383],[113.1952715,28.5668886],[113.1951642,28.5664599],[113.1948477,28.5659039],[113.1949979,28.5657767],[113.1951481,28.5657249],[113.195588,28.565169],[113.1952769,28.564679],[113.1950837,28.5645376],[113.1944025,28.5641324],[113.1941342,28.5634775],[113.1940055,28.5630441],[113.1945795,28.5625541],[113.1947565,28.5619416],[113.1952071,28.561706],[113.1952447,28.5616118],[113.1953359,28.5613338],[113.1952929,28.5608485],[113.1958938,28.5604904],[113.1961781,28.5603019],[113.196398,28.559859],[113.1962693,28.5597318],[113.1958508,28.5596423],[113.1956041,28.5595292],[113.1949979,28.5574042],[113.192895,28.5561933],[113.1922996,28.5548504],[113.1912589,28.5539457],[113.1898266,28.5533944],[113.1891936,28.5521222],[113.1889737,28.5519714],[113.188684,28.5519856],[113.1883889,28.5516887],[113.1879759,28.5516651],[113.1878257,28.5514814],[113.1878149,28.55085],[113.1876057,28.5505767],[113.1873751,28.5504212],[113.1872678,28.5501997],[113.1872624,28.5496908],[113.1873912,28.5493044],[113.1874931,28.5490028],[113.1876969,28.5487389],[113.1881797,28.5486117],[113.1887108,28.5484609],[113.1890488,28.54823],[113.1892365,28.5479567],[113.1895906,28.5474855],[113.1896657,28.5472404],[113.189891,28.5469671],[113.18995,28.5467928],[113.1898963,28.5462132],[113.1900251,28.5456995],[113.1903094,28.5453037],[113.1903148,28.5451246],[113.1901431,28.5450257],[113.1895101,28.5447712],[113.1887054,28.543301],[113.188464,28.5429569],[113.1884372,28.5426318],[113.188464,28.5422878],[113.1885338,28.5421087],[113.1886786,28.5419673],[113.1889361,28.5418118],[113.1889468,28.5415856],[113.1887323,28.5413547],[113.188507,28.5411285],[113.1878686,28.5408505],[113.1874931,28.5405677],[113.1871659,28.540153],[113.1865382,28.5395215],[113.186093,28.538923],[113.1857443,28.5387581],[113.1856692,28.5384848],[113.1856906,28.538301],[113.1853741,28.5379145],[113.1854492,28.5375328],[113.1855404,28.5373961],[113.1854439,28.5370945],[113.1851649,28.5367364],[113.1848162,28.536595],[113.1846231,28.5364489],[113.1845695,28.5362651],[113.1843281,28.5359965],[113.1841564,28.5358834],[113.1838828,28.5358692],[113.1837004,28.535987],[113.1835502,28.5359116],[113.1834429,28.5357278],[113.1829923,28.5350822],[113.1830835,28.5343564],[113.1827402,28.5340642],[113.1824076,28.5338522],[113.182252,28.5336684],[113.1821984,28.5334704],[113.1825149,28.5331735],[113.182531,28.5328719],[113.1824559,28.5323158],[113.1824934,28.531901],[113.1824398,28.5315004],[113.1823003,28.5311092],[113.1817746,28.5301337],[113.1811202,28.5295775],[113.1805515,28.5290827],[113.1802297,28.5287056],[113.1800097,28.5284794],[113.1799078,28.5283568],[113.1799185,28.5280694],[113.1799078,28.5279562],[113.1796503,28.5277913],[113.1791407,28.527353],[113.1788295,28.5272021],[113.1785721,28.5271644],[113.1784165,28.5270607],[113.1782931,28.5268628],[113.178336,28.5266366],[113.1783253,28.5263019],[113.178336,28.5260616],[113.1782287,28.52584],[113.1781322,28.5255808],[113.1781429,28.5253593],[113.1782663,28.5251943],[113.1784165,28.5250529],[113.1784165,28.524921],[113.1783307,28.524756],[113.1780356,28.5246429],[113.1777674,28.5246099],[113.1775367,28.5244826],[113.1774831,28.5243931],[113.1774348,28.5243271],[113.1773543,28.5242941],[113.1771183,28.5243412],[113.1769949,28.5243412],[113.1769198,28.5242705],[113.1767589,28.5238982],[113.1766194,28.5237662],[113.1763995,28.5237568],[113.1762385,28.5237474],[113.1760293,28.5235918],[113.1760186,28.5234457],[113.1757933,28.5232148],[113.1757182,28.5230215],[113.1757557,28.5226209],[113.1757772,28.5223664],[113.175509,28.5221543],[113.1752247,28.522027],[113.1750101,28.5216405],[113.1751281,28.5214095],[113.1750637,28.5212352],[113.1748652,28.5211597],[113.1746346,28.5210183],[113.1745005,28.5208157],[113.1745595,28.520646],[113.174817,28.5204292],[113.1749296,28.5202595],[113.1750852,28.5200191],[113.1750852,28.5197127],[113.1751925,28.5194676],[113.1753963,28.5193074],[113.175627,28.5190198],[113.175745,28.5188407],[113.1757665,28.5186475],[113.1756967,28.5184354],[113.1757665,28.5181855],[113.1759381,28.518063],[113.1760991,28.517964],[113.1761527,28.5178603],[113.1760991,28.5177142],[113.1758845,28.5175257],[113.1756163,28.5173937],[113.1755304,28.5172805],[113.1754446,28.5170826],[113.1754446,28.5169506],[113.1753909,28.5167432],[113.1753266,28.5164698],[113.1754768,28.5162718],[113.1756163,28.516121],[113.175627,28.5159136],[113.1758201,28.5157533],[113.1760454,28.5156119],[113.1763351,28.5154517],[113.1765818,28.5153291],[113.1767106,28.5150369],[113.176775,28.5145749],[113.1767857,28.5140564],[113.1768608,28.5136133],[113.1770432,28.5134342],[113.1773221,28.5132362],[113.1777191,28.5131702],[113.1779444,28.5131797],[113.1782985,28.5133588],[113.1789315,28.5142638],[113.1790709,28.514311],[113.1792319,28.5141036],[113.1792319,28.5138584],[113.1792104,28.5137076],[113.1794357,28.5135756],[113.1811523,28.5131608],[113.1817639,28.5130854],[113.181324,28.5111527],[113.1811738,28.5098988],[113.1811201,28.5086072],[113.1806266,28.5084564],[113.1799185,28.5079378],[113.1795645,28.5079473],[113.1791246,28.5081358],[113.1782234,28.507655],[113.178277,28.5072967],[113.1783414,28.5070705],[113.1782073,28.5066792],[113.1776923,28.5056515],[113.1772417,28.504902],[113.1755841,28.503846],[113.174715,28.5035914],[113.1739318,28.50312],[113.1729019,28.5028089],[113.1726873,28.5026298],[113.1721938,28.50246],[113.1719792,28.5022715],[113.1717324,28.5021018],[113.1711423,28.5018],[113.1711101,28.5016586],[113.1709599,28.5016115],[113.1708634,28.5013663],[113.1707936,28.5005602],[113.1707776,28.4999426],[113.1709063,28.4997305],[113.1711852,28.499424],[113.1712764,28.499226],[113.1708312,28.4986886],[113.1705844,28.4985849],[113.170048,28.498764],[113.1696403,28.498764],[113.169415,28.4987074],[113.169018,28.4984623],[113.1687713,28.498236],[113.1684494,28.4981606],[113.1679451,28.4981229],[113.1676769,28.4981229],[113.1674302,28.4978966],[113.1672585,28.4975383],[113.1669581,28.4971045],[113.1666899,28.4969065],[113.1662714,28.4968122],[113.1650913,28.4964822],[113.1647587,28.4958693],[113.1644046,28.4954733],[113.1641149,28.4950867],[113.1641686,28.4946813],[113.1645548,28.4942098],[113.1651342,28.4937195],[113.165338,28.4933706],[113.1653488,28.4932103],[113.1650484,28.4923711],[113.1657457,28.4922862],[113.16625,28.4921448],[113.1667328,28.4920128],[113.1671083,28.4912584],[113.1676555,28.490985],[113.1681275,28.4903909],[113.1681597,28.4901646],[113.1682187,28.4898063],[113.1686586,28.4896743],[113.168782,28.4897073],[113.1688839,28.4895658],[113.1684601,28.4891651],[113.1678808,28.4891556],[113.1676769,28.4890991],[113.1677735,28.4889293],[113.1682509,28.4887596],[113.1683153,28.4886417],[113.168149,28.4885333],[113.1680095,28.4884908],[113.1677681,28.4885191],[113.1674409,28.4886511],[113.1669822,28.4889694],[113.1669179,28.4889718],[113.166773,28.4888303],[113.1667355,28.4887478],[113.1667945,28.4886582],[113.1670251,28.4885922],[113.1673175,28.48838],[113.1673363,28.488281],[113.1672665,28.4882315],[113.1670117,28.4882009],[113.1669125,28.4880877],[113.1671378,28.487918],[113.1675187,28.4877459],[113.1676742,28.4876516],[113.1676823,28.4874984],[113.1676528,28.4873993],[113.1675428,28.4873593],[113.1672853,28.487331],[113.1672209,28.4872885],[113.1671646,28.4871023],[113.1669876,28.4869019],[113.1669822,28.4866308],[113.1668293,28.4865648],[113.1667355,28.4865459],[113.1666416,28.486487],[113.1665772,28.486388],[113.1665853,28.4862819],[113.1667381,28.4861169],[113.1667542,28.4859919],[113.1667355,28.4858128],[113.1665665,28.4857397],[113.1663036,28.4856972],[113.1660515,28.4857279],[113.1659389,28.4857185],[113.1658772,28.4856642],[113.1658611,28.4855699],[113.1658986,28.485511],[113.165971,28.4854049],[113.1660193,28.4853295],[113.1659925,28.4852257],[113.1658503,28.4850772],[113.1657672,28.4849641],[113.1658208,28.4848273],[113.1657726,28.4847118],[113.1656384,28.4845987],[113.1654882,28.4844478],[113.1654185,28.4843983],[113.1650966,28.4842757],[113.1648016,28.4842427],[113.1646943,28.4841295],[113.1652468,28.4831676],[113.1652522,28.4829366],[113.1651664,28.482682],[113.1648606,28.4825358],[113.1646299,28.4822529],[113.1645495,28.4820124],[113.1645065,28.4817625],[113.1644583,28.4816399],[113.1643993,28.4815173],[113.1642759,28.4813853],[113.1641632,28.4812863],[113.164131,28.4811778],[113.1641203,28.4809138],[113.1640613,28.4807205],[113.1640533,28.4806332],[113.1640747,28.4805649],[113.1640747,28.4804918],[113.1641096,28.480381],[113.1641579,28.4803244],[113.1641927,28.4802796],[113.1641954,28.480223],[113.1641471,28.4801617],[113.1641069,28.4801122],[113.1639943,28.4800509],[113.1631708,28.4795275],[113.1631279,28.4794709],[113.1631011,28.4792116],[113.1630689,28.4791597],[113.162967,28.4791031],[113.1620336,28.4788061],[113.1619048,28.4788297],[113.1618029,28.4789523],[113.1614596,28.4797774],[113.1613576,28.4798246],[113.1611001,28.4798482],[113.1602687,28.4798293],[113.1601399,28.4798623],[113.1600648,28.4799377],[113.1594264,28.4806639],[113.158949,28.4810175],[113.1586647,28.4811684],[113.1583965,28.4812297],[113.1580263,28.4812721],[113.1576294,28.481291],[113.1574845,28.4812627],[113.157329,28.481159],[113.1571412,28.4811165],[113.1566799,28.4811448],[113.1565672,28.4810835],[113.1563955,28.4808761],[113.1562936,28.4804328],[113.1561381,28.4803055],[113.1559316,28.4801795],[113.1558537,28.4801971],[113.1554782,28.4802395],[113.155328,28.4801641],[113.1550866,28.4800085],[113.155041,28.4799614],[113.1549954,28.4799142],[113.1549042,28.4799],[113.1543249,28.4798953],[113.1540996,28.4794709],[113.153488,28.4775188],[113.1537509,28.4774669],[113.1538421,28.4765946],[113.1536061,28.4760995],[113.1534558,28.4758118],[113.1532949,28.4756657],[113.1531769,28.4755431],[113.1531662,28.475444],[113.1532198,28.4753403],[113.1540137,28.4747226],[113.1539226,28.4735437],[113.1534988,28.4731146],[113.1533539,28.4730438],[113.15359,28.4726524],[113.1542069,28.4728033],[113.1545448,28.4725063],[113.1546897,28.4721762],[113.1548184,28.4719357],[113.1553924,28.4717188],[113.155607,28.4714547],[113.1548935,28.4710209],[113.1551456,28.4707662],[113.1541049,28.470653],[113.1538528,28.4708464],[113.1536221,28.4708558],[113.1534076,28.4710114],[113.1525975,28.4706436],[113.1523132,28.4708464],[113.1513047,28.4710161],[113.1507039,28.4713038],[113.1501621,28.4712661],[113.1499314,28.4713227],[113.1497115,28.4711812],[113.1491858,28.4711387],[113.1489658,28.4711293],[113.1489122,28.4707756],[113.1489927,28.4704597],[113.149175,28.4701296],[113.1492501,28.469724],[113.1493092,28.4692949],[113.1497276,28.4685923],[113.1497705,28.4683942],[113.1492609,28.468149],[113.1488317,28.4679792],[113.148644,28.4678283],[113.1485635,28.467701],[113.1485581,28.4675925],[113.148365,28.4675831],[113.1482255,28.4676161],[113.1480217,28.4676821],[113.1479573,28.4677434],[113.1479359,28.4679321],[113.1479949,28.468083],[113.1479895,28.4682009],[113.1479278,28.4683023],[113.1478044,28.4682928],[113.1477454,28.4685616],[113.1482738,28.4687597],[113.1478956,28.4699905],[113.1471848,28.4697571],[113.1472653,28.4696415],[113.1469166,28.4695331],[113.146643,28.4697335],[113.1464955,28.4696203],[113.1462112,28.469691],[113.1459725,28.4697335],[113.1457096,28.4699245],[113.1450042,28.470073],[113.1448165,28.4700329],[113.1447011,28.4699339],[113.1444758,28.4699268],[113.1444517,28.4700801],[113.1445107,28.4702451],[113.144736,28.4705587],[113.1447977,28.4712849],[113.1449318,28.471384],[113.1452027,28.4713651],[113.1453958,28.471325],[113.1452027,28.4716433],[113.1451678,28.4717188],[113.1453583,28.4719475],[113.1454012,28.4723094],[113.1454682,28.4724379],[113.1455527,28.4725334],[113.1455219,28.4728057],[113.1454682,28.4728694],[113.1454146,28.473091],[113.1453019,28.4732631],[113.1453046,28.4733763],[113.1451195,28.4736993],[113.1443739,28.4741661],[113.1431032,28.4747244],[113.141402,28.4747131],[113.1412142,28.4746896],[113.1408977,28.4745434],[113.1408602,28.4744208],[113.1407744,28.4744491],[113.1404096,28.4746471],[113.1393796,28.4749065],[113.13887,28.4753309],[113.1385857,28.4754817],[113.1383443,28.4755336],[113.1378722,28.4754676],[113.1376684,28.4752035],[113.1370407,28.475246],[113.1368422,28.4752083],[113.1365633,28.4757977],[113.1358445,28.475925],[113.1354475,28.4759061],[113.1349218,28.4753309],[113.1341386,28.4751705],[113.1331301,28.4743406],[113.1310165,28.4738125],[113.1306946,28.4735673],[113.1301689,28.473473],[113.1298792,28.4726902],[113.1294179,28.4724827],[113.1290531,28.4716905],[113.1282163,28.4715207],[113.127991,28.4712472],[113.126961,28.4712849],[113.1266069,28.4712944],[113.1259525,28.4722281],[113.1253624,28.4731617],[113.1252122,28.4734635],[113.1252658,28.474897],[113.1263173,28.4757647],[113.126961,28.4775942],[113.1275618,28.4785656],[113.1294072,28.4801311],[113.1277549,28.4808761],[113.128624,28.4828564],[113.1285274,28.4835071],[113.1275028,28.4841248],[113.1274599,28.4847566],[113.1269127,28.4850489],[113.1267893,28.4850867],[113.1266445,28.4853224],[113.1267679,28.4855534],[113.1267089,28.4858269],[113.1265694,28.4862418],[113.1265479,28.4866426],[113.1267464,28.4868123],[113.1268966,28.4867133],[113.1270522,28.4865813],[113.1271917,28.4866285],[113.127256,28.486784],[113.1271809,28.4869491],[113.1269342,28.4872838],[113.1270522,28.4876563],[113.1272668,28.4879533],[113.1270093,28.4881325],[113.1269127,28.488241],[113.1268913,28.488307],[113.1265962,28.488901],[113.1261563,28.4890189],[113.1256896,28.4896554],[113.1257915,28.4900703],[113.1265587,28.4900986],[113.1269342,28.4900844],[113.1273687,28.490207],[113.1274706,28.4903249],[113.1275564,28.4906361],[113.1274867,28.4907917],[113.1272989,28.4908105],[113.1271595,28.4906785],[113.1269878,28.4907021],[113.1270522,28.4909142],[113.1272024,28.4910368],[113.1275886,28.4910651],[113.1276691,28.4912679],[113.1276369,28.4919751],[113.1275618,28.492588],[113.1274974,28.4929321],[113.1274116,28.4933517],[113.1269771,28.4936535],[113.1271326,28.4946435],[113.127476,28.4949453],[113.1277496,28.495445],[113.1278837,28.4957892],[113.1275618,28.4964586],[113.1270575,28.4967509],[113.126741,28.4978306],[113.1270897,28.4984717],[113.126682,28.4988913],[113.1264031,28.4988442],[113.1261885,28.4988394],[113.1260222,28.4990327],[113.1262314,28.4992072],[113.1261563,28.4993533],[113.1259739,28.4993392],[113.125872,28.4994947],[113.1260383,28.4995702],[113.1261992,28.4995749],[113.1263709,28.4996173],[113.1265318,28.4998813],[113.126564,28.5000039],[113.1262261,28.5003198],[113.1264192,28.5007488],[113.1262314,28.5010552],[113.1261402,28.5013098],[113.1264192,28.5024695],[113.1262046,28.5025119],[113.1259364,28.5025355],[113.125754,28.5025166],[113.1256574,28.5024035],[113.1256896,28.5023045],[113.1256896,28.5021159],[113.1256252,28.501866],[113.1255931,28.5017529],[113.1254858,28.5017105],[113.1253087,28.5017293],[113.1252283,28.5017812],[113.1251317,28.5021395],[113.1247348,28.5026957],[113.1245041,28.5032945],[113.1242949,28.5034029],[113.1240481,28.5036244],[113.1239784,28.503747],[113.1237799,28.5038224],[113.1236458,28.5038177],[113.1233346,28.5036952],[113.1231362,28.5036244],[113.1229675,28.5035142],[113.1222618,28.5022243],[113.1221759,28.5021253],[113.122074,28.5020405],[113.1216717,28.5018048],[113.1215161,28.5017105],[113.1213927,28.5016209],[113.1213337,28.50147],[113.1212908,28.5013475],[113.1213258,28.5011887],[113.1212211,28.50114],[113.1210869,28.5011542],[113.1207544,28.501371],[113.1206524,28.5013946],[113.1205344,28.5011165],[113.1193221,28.5017058],[113.1192765,28.501727],[113.1192621,28.50176],[113.1193638,28.5019333],[113.119447,28.5021987],[113.1195302,28.502372],[113.119599,28.5025406],[113.1190726,28.503146],[113.1189063,28.503054],[113.1187668,28.5031742],[113.1184235,28.5031342],[113.1183645,28.5027523],[113.1181553,28.5022455],[113.1176484,28.5023492],[113.1171736,28.50213],[113.1168008,28.5021843],[113.1162268,28.5021183],[113.1159854,28.5016209],[113.1158888,28.5014088],[113.1156528,28.5013899],[113.1154972,28.5014512],[113.1146657,28.502559],[113.1149715,28.5032897],[113.114714,28.503516],[113.1137699,28.50345],[113.1130242,28.5032285],[113.111828,28.502922],[113.1117529,28.5030022],[113.1119031,28.5031577],[113.1124073,28.5036009],[113.1122732,28.5043033],[113.1126702,28.5044494],[113.1127292,28.5047558],[113.1129062,28.5048926],[113.1131047,28.5050057],[113.113271,28.5051283],[113.1134641,28.5051141],[113.1137055,28.505067],[113.1140971,28.5050481],[113.1144994,28.5049161],[113.1147945,28.5047606],[113.1153899,28.5046521],[113.1155938,28.5048171],[113.1155992,28.5050953],[113.1155831,28.5052225],[113.1157654,28.5055101],[113.1158352,28.5056562],[113.1157386,28.5058542],[113.1153417,28.5060569],[113.1148535,28.5062408],[113.1145906,28.5063068],[113.1142902,28.5063115],[113.1137109,28.5063869],[113.1132603,28.5064718],[113.1125629,28.5066698],[113.1121176,28.5066415],[113.111726,28.5066839],[113.1112271,28.5066509],[113.1111145,28.5065849],[113.1110662,28.5055761],[113.111431,28.5045437],[113.1115222,28.5042656],[113.1114954,28.5035302],[113.1114793,28.5033133],[113.1114203,28.5031907],[113.1113237,28.5031059],[113.1113076,28.5029456],[113.1112271,28.5028513],[113.1110984,28.5027146],[113.1108195,28.5027853],[113.1102616,28.5034359],[113.1099504,28.5036904],[113.109929,28.504011],[113.1088668,28.5038507],[113.1086039,28.5035019],[113.1081963,28.5033746],[113.1082606,28.5030163],[113.1080997,28.502592],[113.1072789,28.502691],[113.1069142,28.5025779],[113.1065172,28.5043221],[113.1062704,28.5043599],[113.1061417,28.504242],[113.1057608,28.5042514],[113.105675,28.5039827],[113.1058681,28.5038602],[113.105852,28.5033557],[113.1044197,28.5031342],[113.1043231,28.5031577],[113.1043071,28.5032332],[113.1041837,28.503285],[113.1040978,28.5033322],[113.1040013,28.5034453],[113.1038672,28.5039167],[113.1037921,28.5040016],[113.1035829,28.5040817],[113.1032127,28.503945],[113.1029123,28.503846],[113.1027943,28.50378],[113.1030357,28.503318],[113.1030625,28.5031012],[113.1030464,28.5029409],[113.1027728,28.502856],[113.1025153,28.5029362],[113.1021827,28.5030587],[113.1019413,28.503714],[113.098948,28.5050387],[113.0988729,28.5051895],[113.0985296,28.505265],[113.0987281,28.5057835],[113.0982614,28.505595],[113.0982023,28.5054865],[113.0981326,28.5053781],[113.0979609,28.5053922],[113.0977893,28.5055101],[113.0978,28.5056987],[113.0975962,28.5059674],[113.0974138,28.5061088],[113.098712,28.5069526],[113.0988032,28.5074051],[113.0990928,28.5076786],[113.0989265,28.5089325],[113.0984652,28.5090645],[113.0979985,28.5090268],[113.0978537,28.5087392],[113.0977464,28.5085789],[113.0973118,28.5084941],[113.0970383,28.5085129],[113.0968398,28.5086402],[113.0966681,28.5088288],[113.0965984,28.5090268],[113.0964267,28.5089796],[113.0963141,28.5085789],[113.0960566,28.5085082],[113.0959922,28.5085931],[113.0960029,28.5090692],[113.0960566,28.5093756],[113.0966842,28.5098234],[113.0966681,28.509913],[113.0963731,28.5099177],[113.096137,28.5100025],[113.0959171,28.5102524],[113.0958098,28.5104174],[113.0957186,28.5104786],[113.0956006,28.5104692],[113.0955148,28.5103655],[113.0954343,28.5102477],[113.0952251,28.5100921],[113.0950159,28.5100308],[113.0948013,28.5100308],[113.0946886,28.5101298],[113.0945492,28.5103796],[113.0944151,28.5106201],[113.094238,28.5107285],[113.0938089,28.5105871],[113.0935943,28.5104786],[113.0932671,28.5101958],[113.0932027,28.5101628],[113.0931169,28.5102241],[113.0929613,28.5103231],[113.0928647,28.5103467],[113.0928218,28.5108275],[113.0927199,28.5109265],[113.0927253,28.5111669],[113.0927092,28.5114733],[113.092618,28.5115723],[113.0923927,28.5115958],[113.0921996,28.5115393],[113.0921674,28.5113837],[113.0922049,28.5112517],[113.0923068,28.511181],[113.0923122,28.5110773],[113.09228,28.5108935],[113.092162,28.5108369],[113.0920118,28.5108086],[113.0918616,28.510752],[113.091588,28.5105211],[113.0914271,28.5105305],[113.0912876,28.5106295],[113.0910408,28.5107615],[113.0909496,28.5111951],[113.0908638,28.511379],[113.0897319,28.511412],[113.0888843,28.5109265],[113.0887073,28.5109925],[113.0882728,28.5113696],[113.0880582,28.5114261],[113.0872482,28.5112564],[113.0867386,28.5108086],[113.0861109,28.5105352],[113.085714,28.5102524],[113.0851507,28.5101817],[113.0843782,28.5096396],[113.0830854,28.5097668],[113.0830479,28.5105116],[113.083182,28.5109547],[113.0792928,28.5117467],[113.0790031,28.5122558],[113.0787992,28.5127837],[113.0789494,28.5135002],[113.0787992,28.5139339],[113.0790299,28.5144382],[113.0791855,28.5143864],[113.079502,28.5146221],[113.0793732,28.5149473],[113.0790943,28.515084],[113.0791694,28.5154517],[113.0790192,28.5156591],[113.0788422,28.5158853],[113.0787456,28.5161776],[113.0786115,28.5162765],[113.0784184,28.5163708],[113.0782896,28.5166065],[113.0782789,28.5173041],[113.0777425,28.5171627],[113.0766588,28.5171627],[113.0756235,28.5176435],[113.0761063,28.5182845],[113.0783325,28.5186475],[113.0786008,28.518935],[113.0782092,28.5191047],[113.0775869,28.5192037],[113.0773294,28.5189727],[113.076632,28.5188784],[113.0765569,28.5189114],[113.0763584,28.5191471],[113.0763799,28.5192885],[113.0761975,28.5195147],[113.075999,28.5196514],[113.0758756,28.5197033],[113.0755967,28.5197127],[113.0753285,28.519807],[113.0751193,28.5200049],[113.074969,28.5201322],[113.0749154,28.5203066],[113.0742985,28.5200615],[113.073467,28.5200992],[113.0740678,28.5212964],[113.0728233,28.5213624],[113.0723834,28.5215981],[113.0723727,28.5218903],[113.0722976,28.5221354],[113.072201,28.5224276],[113.0722976,28.5225973],[113.072319,28.5229838],[113.0723834,28.5234928],[113.0724692,28.5236908],[113.0723619,28.5241244],[113.072319,28.5242941],[113.072598,28.5244732],[113.0726623,28.5246994],[113.0727374,28.5252368],[113.0720615,28.5255478],[113.0710637,28.5256327],[113.0704093,28.5256044],[113.0702376,28.525463],[113.0698299,28.5250859],[113.0694973,28.5249822],[113.068918,28.5251331],[113.0682421,28.5245109],[113.068124,28.5239736],[113.0679631,28.5235871],[113.0678022,28.5232572],[113.0675232,28.5229084],[113.0669868,28.5231912],[113.0664396,28.5226916],[113.0661499,28.5222957],[113.0659783,28.5218903],[113.0660105,28.521551],[113.0656886,28.5213247],[113.0641115,28.5210042],[113.0633819,28.5209948],[113.0628776,28.5211173],[113.0625343,28.5213624],[113.0627274,28.5216924],[113.0631244,28.5217395],[113.0640256,28.522258],[113.0642939,28.5237002],[113.0626845,28.5233892],[113.0620408,28.5226256],[113.0623519,28.5220694],[113.0620086,28.5217583],[113.0611825,28.5214944],[113.0606568,28.5211927],[113.059541,28.5179122],[113.0616331,28.5191471],[113.061676,28.519741],[113.061322,28.5204763],[113.061161,28.5207025],[113.0612039,28.5208911],[113.0616009,28.5208628],[113.0619657,28.5205234],[113.0619979,28.519873],[113.0619979,28.5193639],[113.0622446,28.5187417],[113.0615151,28.5180064],[113.0611396,28.5178179],[113.0608499,28.5172428],[113.0597234,28.5166489],[113.0595088,28.516187],[113.059026,28.5161116],[113.0586827,28.5151029],[113.0585968,28.5144618],[113.0588436,28.5137359],[113.058114,28.5125009],[113.057481,28.5123406],[113.0571055,28.511049],[113.0579424,28.511115],[113.0591118,28.5115958],[113.0592191,28.5114638],[113.059026,28.5110867],[113.0589509,28.5107096],[113.0585968,28.5087204],[113.0582106,28.5081358],[113.0578673,28.5078153],[113.057642,28.507523],[113.0569017,28.507259],[113.0563331,28.5070987],[113.0561936,28.5065896],[113.056097,28.5064765],[113.0556357,28.5065708],[113.0551207,28.506731],[113.0549705,28.5066462],[113.0551851,28.5064011],[113.0550885,28.5060805],[113.0546594,28.5057977],[113.0544126,28.5055148],[113.0543482,28.5050528],[113.0545521,28.5048077],[113.0548203,28.5044871],[113.0547666,28.5040252],[113.0535543,28.5031672],[113.0528998,28.5021206],[113.0527067,28.50147],[113.0527711,28.5009232],[113.052578,28.500546],[113.0524063,28.5003763],[113.0519986,28.5004612],[113.0518806,28.5008666],[113.051945,28.5016775],[113.0519557,28.5024035],[113.051784,28.5024412],[113.0508292,28.5010835],[113.0492198,28.5007346],[113.0492949,28.4996032],[113.0485332,28.4988112],[113.0478787,28.4969537],[113.0466449,28.4964634],[113.0463445,28.4957468],[113.0452931,28.4955959],[113.0436408,28.4938421],[113.0429864,28.4933706],[113.0425787,28.4930594],[113.0398214,28.4922768],[113.0393708,28.4920316],[113.0393064,28.4916167],[113.0386519,28.4912679],[113.0383193,28.4910698],[113.0382335,28.4906078],[113.0381369,28.4901646],[113.0376756,28.4897403],[113.037461,28.4891651],[113.0373645,28.4887879],[113.0371821,28.4882127],[113.0367958,28.4877789],[113.035444,28.4875337],[113.0349398,28.4875809],[113.0344891,28.4878732],[113.0339098,28.4886087],[113.0344462,28.4890331],[113.0347681,28.4891273],[113.0349934,28.4893254],[113.0351221,28.4896083],[113.0352616,28.4897591],[113.0353367,28.490042],[113.0352187,28.4902212],[113.035047,28.4902212],[113.0349183,28.490042],[113.0348539,28.4896177],[113.0343711,28.4893537],[113.0340063,28.4892782],[113.0339527,28.4889388],[113.0335557,28.4887973],[113.0333626,28.488439],[113.0330086,28.4880901],[113.0327403,28.4885144],[113.0329335,28.4889293],[113.0329442,28.4893442],[113.0327725,28.489514],[113.0325472,28.4895045],[113.0314314,28.489514],[113.0311096,28.4882692],[113.0307019,28.4883447],[113.0302191,28.4888162],[113.0300045,28.4891273],[113.0297363,28.4890048],[113.0288136,28.4877883],[113.0278587,28.4871754],[113.027612,28.4865436],[113.026346,28.4857515],[113.0255735,28.4834977],[113.0238676,28.4823944],[113.0232561,28.4815456],[113.0233741,28.4803385],[113.0214,28.4795275],[113.0211532,28.4791975],[113.0208421,28.4786505],[113.0207455,28.4784147],[113.0202091,28.4775565],[113.0199516,28.4770095],[113.0198121,28.4768587],[113.0194259,28.4766983],[113.0192113,28.4763117],[113.019104,28.4761702],[113.0190074,28.4760853],[113.018825,28.4760099],[113.0183959,28.475991],[113.0180526,28.4759439],[113.0177092,28.4758213],[113.0169153,28.47551],[113.0164647,28.4755289],[113.015821,28.4756704],[113.0153704,28.4756044],[113.0150163,28.4755383],[113.0147588,28.4754157],[113.0143618,28.4754157],[113.0138576,28.4752648],[113.0136859,28.4750008],[113.0134606,28.4747556],[113.0115831,28.4743689],[113.0101776,28.4743689],[113.0095017,28.4743783],[113.0083966,28.4746047],[113.0074632,28.4748027],[113.0065942,28.4749536],[113.0058646,28.4754629],[113.0055106,28.4756987],[113.004899,28.4753874],[113.004384,28.4750668],[113.0042767,28.4746047],[113.0038047,28.4743218],[113.0028927,28.4741331],[113.002646,28.4738502],[113.0020344,28.4733126],[113.0014765,28.4730486],[113.0007255,28.472511],[113.0002212,28.4720583],[112.9996419,28.4717754],[112.9991269,28.4710492],[112.998687,28.4703041],[112.9980433,28.4698042],[112.9980218,28.4689554],[112.997818,28.4687385],[112.9963159,28.468729],[112.9936337,28.4687951],[112.9931402,28.4685593],[112.9920459,28.4671823],[112.9912519,28.4668993],[112.9905224,28.4665975],[112.9893422,28.4664843],[112.9885483,28.4662202],[112.987411,28.4649564],[112.9865956,28.4644282],[112.9853725,28.464315],[112.984128,28.4634661],[112.982701,28.4636265],[112.9814565,28.4638906],[112.9811668,28.464249],[112.9812956,28.4648338],[112.9802978,28.4652205],[112.9805446,28.4654185],[112.9805875,28.4656072],[112.9804158,28.4658807],[112.9796111,28.4670691],[112.9795146,28.4672483],[112.979536,28.4673615],[112.9796755,28.4673803],[112.9799652,28.4673615],[112.9803514,28.4674746],[112.9806304,28.4674086],[112.9808128,28.4675029],[112.9808557,28.4676821],[112.9808557,28.4678708],[112.9806089,28.4681066],[112.9805338,28.4683518],[112.9806626,28.4686159],[112.9809308,28.4689177],[112.980963,28.46921],[112.980963,28.4694553],[112.9811132,28.4694647],[112.981317,28.4693515],[112.9814243,28.4692572],[112.9816174,28.4693704],[112.981832,28.4694364],[112.9820573,28.4695401],[112.9822183,28.4697099],[112.9822826,28.4699457],[112.9824328,28.4701249],[112.9825079,28.4703135],[112.9823899,28.4704078],[112.9822612,28.4702946],[112.9820788,28.4700589],[112.9820359,28.4699268],[112.9818106,28.4699551],[112.9816389,28.4699268],[112.9812312,28.4698231],[112.9810595,28.4697759],[112.9807269,28.4696062],[112.9804158,28.4694458],[112.9801154,28.4690591],[112.9798257,28.4689365],[112.9795146,28.469078],[112.9790854,28.469427],[112.9788387,28.4699645],[112.9790318,28.4703135],[112.9790318,28.4706908],[112.9788065,28.4709265],[112.9788279,28.4715019],[112.9783773,28.4717565],[112.9780662,28.4721809],[112.9774761,28.4727751],[112.9772293,28.4730014],[112.9765963,28.4722186],[112.9760599,28.4718508],[112.9758668,28.4714547],[112.975899,28.4708605],[112.9758453,28.4703701],[112.9755127,28.4698797],[112.9752338,28.4686913],[112.9746008,28.4682952],[112.9742575,28.4681443],[112.9740858,28.4675407],[112.9736566,28.4671162],[112.9727232,28.4669276],[112.972455,28.4669276],[112.972101,28.4670031],[112.9723263,28.4680594],[112.97194,28.4682952],[112.9717362,28.4686253],[112.9714036,28.4684555],[112.970556,28.4682858],[112.9703629,28.4683612],[112.9697943,28.4686441],[112.9695368,28.4686253],[112.9690432,28.4687856],[112.968775,28.4681443],[112.9685926,28.4682292],[112.968421,28.4685687],[112.9685122,28.4686724],[112.96848,28.4689412],[112.9685631,28.4690544],[112.9686597,28.4691275],[112.9687268,28.4693539],[112.968826,28.4696934],[112.9684746,28.4697901],[112.9683244,28.4697099],[112.9681528,28.4698467],[112.9680026,28.4699127],[112.9677826,28.4699787],[112.9679167,28.4711906],[112.9644298,28.4714924],[112.9636681,28.4718225],[112.9613078,28.4728411],[112.9615116,28.4757647],[112.9621768,28.4765757],[112.9614472,28.4775754],[112.9612756,28.4783487],[112.9604387,28.4781978],[112.9601598,28.4780281],[112.9596877,28.4781035],[112.9594731,28.4793484],[112.9593444,28.4800651],[112.9593444,28.48048],[112.9585719,28.4805932],[112.9580569,28.4805743],[112.9576921,28.4800085],[112.9572844,28.4795935],[112.9567265,28.4794049],[112.9567909,28.4799142],[112.9570913,28.4805932],[112.9569626,28.4808006],[112.9559541,28.4809704],[112.9554605,28.4811213],[112.9546237,28.4820266],[112.9539585,28.4823849],[112.9536581,28.4827999],[112.9552245,28.483724],[112.9568124,28.4842144],[112.9575848,28.4842521],[112.9580998,28.4843087],[112.9586577,28.4845539],[112.959044,28.4846859],[112.95928,28.4845727],[112.9597091,28.4847048],[112.9600954,28.4845916],[112.9610824,28.4845727],[112.9613399,28.4848556],[112.9615545,28.4853083],[112.9618549,28.4857798],[112.9623914,28.4859684],[112.9630995,28.4864965],[112.9628849,28.4871943],[112.9631209,28.4875903],[112.9633355,28.488175],[112.9632711,28.4886653],[112.962048,28.4898912],[112.9621124,28.490853],[112.9618335,28.4916639],[112.9615545,28.4918336],[112.9605031,28.4921165],[112.959044,28.4917016],[112.958529,28.4917016],[112.9589367,28.4919656],[112.9589367,28.4922674],[112.9595375,28.492456],[112.9606533,28.4928143],[112.9607177,28.4924183],[112.9612541,28.4923051],[112.9625845,28.4927011],[112.9624772,28.4933612],[112.9621339,28.4938138],[112.9612541,28.4936629],[112.9603314,28.4936252],[112.9602885,28.4941344],[112.9624557,28.4943984],[112.9632711,28.4958882],[112.9657602,28.4964351],[112.9668331,28.4962088],[112.9673695,28.4956242],[112.9690218,28.4959448],[112.9696226,28.4963597],[112.9708028,28.4986603],[112.9709315,28.5009043],[112.9697728,28.5019226],[112.9703307,28.5044117],[112.9702663,28.5065048],[112.970953,28.5078059],[112.969687,28.5087486],[112.9690432,28.5092766],[112.9686034,28.50955],[112.9690003,28.5104551],[112.9687857,28.5111527],[112.9692149,28.5114827],[112.9688072,28.5120295],[112.9690432,28.5124255],[112.9697728,28.5124066],[112.9704594,28.514179],[112.9720258,28.5141978],[112.9736566,28.5174597],[112.9738712,28.5184966],[112.9748368,28.5196279],[112.974236,28.5205517],[112.9736566,28.5218526],[112.9727125,28.5227199],[112.9696204,28.5239143],[112.9695582,28.5231252],[112.9687214,28.5225502],[112.9679489,28.5225031],[112.9669833,28.5225313],[112.9667902,28.5229367],[112.9660499,28.5234834],[112.9653096,28.5232006],[112.9647946,28.5228801],[112.9645264,28.5224371],[112.9640543,28.5228141],[112.9634857,28.5228236],[112.9629922,28.5226445],[112.9627454,28.5228236],[112.9617154,28.5228707],[112.9611897,28.5224842],[112.9606748,28.5224465],[112.9602563,28.5226539],[112.9596019,28.522701],[112.9593229,28.5224748],[112.9577351,28.5224559],[112.9575741,28.5217583],[112.9572844,28.521221],[112.9566407,28.5209194],[112.955085,28.5206648],[112.9547632,28.5200332],[112.9536581,28.5199295],[112.9527676,28.5193168],[112.952317,28.5193639],[112.9521239,28.5191377],[112.951448,28.5190717],[112.9511154,28.5192979],[112.9508901,28.5193545],[112.9505575,28.5199955],[112.9493987,28.520316],[112.9483151,28.5197033],[112.9471242,28.5197033],[112.9462123,28.5189868],[112.9453969,28.5189774],[112.9446888,28.5183835],[112.9447317,28.5178745],[112.9433584,28.5166018],[112.9425752,28.5166772],[112.9413092,28.5163284],[112.9408157,28.5159325],[112.9401398,28.5158193],[112.9395604,28.515216],[112.9387557,28.5150086],[112.9379725,28.515282],[112.9376185,28.5150934],[112.9375434,28.5135096],[112.9381227,28.5123218],[112.9377901,28.5121615],[112.9367065,28.5121709],[112.9363203,28.5114261],[112.934432,28.511643],[112.9331875,28.5128026],[112.9331875,28.513585],[112.9327154,28.5135756],[112.9323614,28.5131325],[112.932415,28.5121426],[112.9330695,28.5112847],[112.9323721,28.5109406],[112.931385,28.5119682],[112.9303229,28.5125386],[112.9308271,28.5144241],[112.930854,28.5176388],[112.9302907,28.5176765],[112.9276085,28.5184024],[112.926541,28.5201841],[112.9260796,28.5202642],[112.925334,28.519774],[112.9230756,28.5208958],[112.9226518,28.5216876],[112.9216593,28.522668],[112.9210424,28.522668],[112.9197711,28.522833],[112.9169869,28.5230498],[112.9166222,28.5232666],[112.9165524,28.5236107],[112.9151201,28.5235965],[112.9138219,28.5229791],[112.9131299,28.5226397],[112.9123628,28.5218762],[112.9122931,28.5215698],[112.9121,28.5215745],[112.9120195,28.5217301],[112.9115474,28.521829],[112.9113918,28.521928],[112.9111558,28.5218573],[112.9109198,28.521518],[112.9108554,28.5211503],[112.9106891,28.5209853],[112.9106462,28.5205187],[112.9104423,28.5203537],[112.910378,28.519741],[112.9101634,28.5195053],[112.9079425,28.5195195],[112.9069877,28.5200144],[112.9064298,28.5200851],[112.9054052,28.5201699],[112.9049814,28.5203679],[112.9045737,28.5204574],[112.904284,28.5204056],[112.9040962,28.5201605],[112.9035866,28.5197221],[112.9032701,28.5195289],[112.9030609,28.5195383],[112.9028839,28.519807],[112.9026586,28.519939],[112.9023904,28.5196891],[112.902208,28.5196514],[112.902165,28.5198541],[112.9020095,28.519906],[112.9018646,28.5201888],[112.901575,28.5202878],[112.9015428,28.5204339],[112.9011887,28.5204622],[112.9011619,28.52025],[112.9006898,28.5202218],[112.9002875,28.5197221],[112.9000568,28.519774],[112.8998154,28.5199672],[112.8998101,28.5202406],[112.8995633,28.5202312],[112.8994507,28.5204103],[112.8991234,28.5204904],[112.8990912,28.5202406],[112.8988391,28.5202123],[112.8987962,28.5200662],[112.8984904,28.5200002],[112.8974551,28.5199013],[112.8965914,28.5203773],[112.8962159,28.5206413],[112.8958726,28.5206271],[112.8958243,28.520448],[112.895261,28.520415],[112.8949284,28.520481],[112.8942043,28.5210372],[112.8936195,28.5213341],[112.893303,28.5215132],[112.8928578,28.5216028],[112.8927559,28.5217489],[112.8925627,28.5217631],[112.892434,28.5215651],[112.891919,28.5214944],[112.8918976,28.521353],[112.8917634,28.5213294],[112.8917474,28.5217112],[112.8919297,28.5218196],[112.8919619,28.5220788],[112.8921604,28.5220364],[112.8922141,28.5221118],[112.892096,28.5222014],[112.8918278,28.5223428],[112.891286,28.5223098],[112.8910929,28.5226162],[112.8910124,28.522965],[112.8910661,28.523276],[112.891404,28.5237615],[112.8915703,28.5242045],[112.8913987,28.5242281],[112.891286,28.5245533],[112.8908193,28.5246005],[112.8906691,28.5248314],[112.8907388,28.5252085],[112.8913504,28.5251095],[112.8914577,28.5252462],[112.8915328,28.525463],[112.8913987,28.5256986],[112.8907227,28.5262218],[112.8906584,28.5263773],[112.8907067,28.5267214],[112.8909481,28.5268958],[112.8914952,28.5269476],[112.8914469,28.5276122],[112.8910929,28.5278855],[112.8895372,28.5279327],[112.8890812,28.5282296],[112.8884858,28.5282909],[112.888003,28.5280175],[112.8875363,28.5278384],[112.8870642,28.5276028],[112.8868711,28.5275556],[112.8864634,28.527697],[112.8863454,28.528206],[112.8857982,28.5281589],[112.8856051,28.5277819],[112.8856051,28.5270655],[112.8852296,28.5262925],[112.8849184,28.5255195],[112.8846717,28.5246052],[112.8841889,28.5241998],[112.8831375,28.5242187],[112.8828263,28.5243318],[112.8821182,28.5243695],[112.8820002,28.5241244],[112.8804123,28.5233797],[112.8795218,28.5232006],[112.8790283,28.5230616],[112.8764856,28.5230215],[112.8761315,28.5231441],[112.8755522,28.523276],[112.8751337,28.5230498],[112.8744256,28.5232101],[112.8733957,28.5233892],[112.8715181,28.5243884],[112.8707993,28.5240679],[112.8694475,28.5232478],[112.8684497,28.5231535],[112.8679669,28.5230121],[112.8675699,28.5223051],[112.8671408,28.521551],[112.8663254,28.5208062],[112.8660357,28.520382],[112.8659499,28.5198636],[112.8658104,28.5193168],[112.8667974,28.5177802],[112.8667867,28.5171674],[112.8665507,28.5167715],[112.8664863,28.5164604],[112.8662824,28.5160833],[112.8661752,28.51548],[112.8654027,28.514952],[112.8669905,28.5139716],[112.8672051,28.5130288],[112.8656387,28.5118032],[112.8658318,28.5114073],[112.8664541,28.5110113],[112.8655743,28.5097103],[112.8669476,28.5096537],[112.867248,28.509748],[112.8681922,28.509748],[112.8689003,28.510012],[112.8700804,28.5096726],[112.8701448,28.5091258],[112.8692436,28.5085978],[112.8691578,28.5080321],[112.8699517,28.5066556],[112.870059,28.5062597],[112.8690934,28.505958],[112.8683209,28.5054111],[112.867248,28.5053734],[112.8666258,28.5050151],[112.8666472,28.5044683],[112.8663683,28.5044117],[112.8656387,28.5051094],[112.8636217,28.5062408],[112.8628278,28.5061654],[112.8622484,28.5060899],[112.8608537,28.5058825],[112.8599095,28.5068442],[112.8604674,28.5072213],[112.8604674,28.5080698],[112.8611111,28.5089372],[112.8609395,28.5107473],[112.8605962,28.5107662],[112.860167,28.5105022],[112.8593731,28.5104079],[112.8585148,28.5107096],[112.8574633,28.5106342],[112.8563475,28.5108228],[112.8545236,28.5109736],[112.8542232,28.5124255],[112.8527427,28.5140847],[112.8528499,28.5151594],[112.8520989,28.5156119],[112.8514766,28.5155742],[112.8510475,28.5145749],[112.8504252,28.5144618],[112.8495884,28.5150463],[112.8487301,28.5161776],[112.8483653,28.5161776],[112.8481078,28.5158948],[112.846756,28.5159136],[112.8457045,28.5161587],[112.8451681,28.5157251],[112.8452539,28.5151594],[112.8450393,28.5145561],[112.8450393,28.5135756],[112.8446317,28.5129723],[112.8439879,28.5129723],[112.8428077,28.5142167],[112.8420782,28.514179],[112.841649,28.5134059],[112.8410268,28.5131797],[112.8408551,28.5136888],[112.8405118,28.5136888],[112.8392243,28.5132551],[112.8378081,28.5133494],[112.8366494,28.5122935],[112.8352761,28.5126517],[112.8349113,28.5132928],[112.834568,28.5136699],[112.8337741,28.5136699],[112.8334093,28.5131797],[112.8330016,28.5130854],[112.8324866,28.5133682],[112.8316498,28.5133682],[112.831521,28.5144807],[112.8298902,28.5154234],[112.8273153,28.5164038],[112.8264999,28.5160644],[112.8250408,28.5161964],[112.8249764,28.5159325],[112.8235173,28.5156874],[112.8231525,28.514952],[112.8220796,28.5144241],[112.8217149,28.513651],[112.8205347,28.5135568],[112.8187322,28.5143298],[112.8183245,28.5151971],[112.8181743,28.5160833],[112.8184104,28.516253],[112.819097,28.5177048],[112.8189039,28.5184401],[112.817316,28.5182327],[112.8169727,28.5189114],[112.8159642,28.5199673],[112.8161359,28.5215133],[112.8178096,28.5236625],[112.8191614,28.524756],[112.8203201,28.5248691],[112.8211355,28.5266978],[112.8209263,28.5272351],[112.8197676,28.527664],[112.8192848,28.5276782],[112.8192419,28.5278431],[112.8194779,28.5278761],[112.8195155,28.5283851],[112.8198695,28.5288847],[112.8198373,28.5297331],[112.8194618,28.5307888],[112.8183889,28.5322027],[112.8175306,28.5322121],[112.8171658,28.532033],[112.8165758,28.5312224],[112.8162861,28.5310716],[112.8152561,28.5311941],[112.8148806,28.531524],[112.8149128,28.5323912],[112.813459,28.5333337],[112.812767,28.5336966],[112.8120214,28.5337343],[112.8119677,28.533461],[112.8117317,28.5331169],[112.8112543,28.5330415],[112.8109753,28.5326645],[112.8109485,28.5323582],[112.811029,28.5321602],[112.8113991,28.5319246],[112.8115171,28.5317172],[112.811619,28.5312176],[112.8118122,28.530949],[112.8117317,28.5306615],[112.8115815,28.530539],[112.8110343,28.5303835],[112.8107768,28.5302185],[112.8107017,28.5298556],[112.8108305,28.5295068],[112.8109699,28.5290638],[112.8110075,28.5286019],[112.811147,28.5282343],[112.8114366,28.5278761],[112.8119945,28.5275273],[112.8122842,28.5271126],[112.8122198,28.5265187],[112.8115761,28.5259155],[112.81075,28.5256609],[112.8098595,28.5247183],[112.8094089,28.523917],[112.8074348,28.5239076],[112.8071129,28.5234928],[112.8066409,28.5234363],[112.8064585,28.523276],[112.8055572,28.5232383],[112.8053212,28.5230215],[112.8041518,28.5229838],[112.8039479,28.5232006],[112.8035509,28.5231912],[112.80339,28.5233986],[112.8030896,28.5234269],[112.8028536,28.5235965],[112.8020811,28.5235683],[112.8000212,28.5217206],[112.7991092,28.5217395],[112.7985191,28.5233326],[112.797929,28.523408],[112.7969956,28.521287],[112.7966845,28.5211267],[112.7964377,28.5213247],[112.7958047,28.5213907],[112.7945924,28.5206271],[112.7940023,28.5206366],[112.7938306,28.5208062],[112.7931762,28.5208157],[112.7920282,28.521796],[112.7915132,28.521796],[112.7914274,28.5215604],[112.7907836,28.5214755],[112.789818,28.5221166],[112.7893138,28.5221543],[112.7886593,28.523276],[112.7869427,28.5242375],[112.786535,28.5256421],[112.7864921,28.5282532],[112.7861273,28.5283003],[112.7862024,28.52847],[112.7859771,28.5285265],[112.7858913,28.5282249],[112.7856231,28.5282532],[112.7854299,28.5280269],[112.7850866,28.5283757],[112.785269,28.5303175],[112.7851295,28.5309867],[112.7849042,28.5335788],[112.7852046,28.535775],[112.7846428,28.5363895],[112.7844447,28.5374067],[112.7840757,28.539844],[112.7819967,28.5395168],[112.7806449,28.5399504],[112.7801084,28.5403557],[112.7800977,28.5409966],[112.7811384,28.5417223],[112.7833485,28.5420899],[112.7844548,28.5427979],[112.785859,28.5443272],[112.7867165,28.5448326],[112.7878654,28.5452943],[112.790415,28.5471382],[112.791522,28.5469676],[112.7958866,28.5519072],[112.7985408,28.5544328],[112.8003004,28.5570466],[112.8008714,28.557495],[112.7981651,28.5588272],[112.7932006,28.5610586],[112.7909016,28.5592324],[112.7884984,28.5581393],[112.7754422,28.5554173],[112.7639407,28.548081],[112.7494239,28.5263963],[112.7498891,28.518832],[112.7451476,28.5187955],[112.7404463,28.5196399],[112.7401769,28.5168701],[112.7417167,28.5135998],[112.7409696,28.5132928],[112.738923,28.5126114],[112.7384805,28.5108982],[112.7368429,28.5097965],[112.7312064,28.5092766],[112.7262711,28.5085978],[112.7237401,28.5086092],[112.7209067,28.5096443],[112.7201806,28.5111167],[112.7162134,28.5133458],[112.7079715,28.5139493],[112.7054474,28.5151322],[112.6992722,28.5202568],[112.6927301,28.5238871],[112.6873619,28.5264243],[112.681659,28.5275899],[112.6804507,28.5286217],[112.6800138,28.528714],[112.6758085,28.5285139],[112.674594,28.5276347],[112.6741933,28.525223],[112.6738373,28.5245481],[112.6711656,28.5238551],[112.6663104,28.5203378],[112.6523957,28.4943728],[112.6499992,28.4883549],[112.6457161,28.4853433],[112.6392661,28.4765396],[112.6329784,28.4719294],[112.6313151,28.4711599],[112.6237948,28.4719391],[112.621946,28.471755],[112.622007,28.471091],[112.62173,28.46827],[112.621634,28.467265],[112.62151,28.466835],[112.621454,28.465999],[112.620999,28.462956],[112.620332,28.458502],[112.618923,28.44957],[112.618756,28.449022],[112.618159,28.448042],[112.612763,28.438849],[112.610142,28.434549],[112.607509,28.430229],[112.607008,28.428893],[112.606912,28.428534],[112.606793,28.428057],[112.606315,28.427722],[112.605735,28.42756],[112.605054,28.427061],[112.601565,28.425379],[112.598396,28.423869],[112.595418,28.422756],[112.593812,28.422228],[112.592033,28.421152],[112.590844,28.420208],[112.590688,28.419713],[112.590054,28.41932],[112.5894248,28.4180982],[112.5890171,28.4110964],[112.5876653,28.408992],[112.5852299,28.407435],[112.5810295,28.4065668],[112.5788999,28.4059439],[112.577996,28.404485],[112.577059,28.402375],[112.577085,28.396533],[112.576643,28.394728],[112.575419,28.391608],[112.574932,28.390247],[112.574264,28.387924],[112.574307,28.386061],[112.574324,28.384763],[112.574489,28.383129],[112.574785,28.380874],[112.574871,28.379746],[112.57514,28.378508],[112.575106,28.377323],[112.574992,28.376418],[112.574498,28.375676],[112.573682,28.375101],[112.572224,28.374349],[112.570835,28.373482],[112.570088,28.372569],[112.569975,28.3711],[112.569949,28.369348],[112.569992,28.367147],[112.570227,28.364724],[112.57008,28.362351],[112.569941,28.359582],[112.569837,28.358114],[112.569568,28.357387],[112.569289,28.356638],[112.568834,28.355928],[112.568049,28.354704],[112.566859,28.353501],[112.565479,28.352467],[112.563257,28.351363],[112.560219,28.350021],[112.558691,28.349437],[112.557119,28.348231],[112.557006,28.347608],[112.557163,28.346253],[112.55784,28.344008],[112.558447,28.342265],[112.558864,28.340748],[112.558812,28.339617],[112.558777,28.338376],[112.558925,28.337363],[112.559064,28.336629],[112.559386,28.336238],[112.560036,28.335683],[112.56107,28.33519],[112.563899,28.334157],[112.565774,28.332601],[112.566564,28.331314],[112.567172,28.329969],[112.566998,28.328836],[112.566052,28.328485],[112.565253,28.328513],[112.563517,28.329704],[112.560713,28.330604],[112.559247,28.33062],[112.5587,28.330479],[112.558343,28.330522],[112.557519,28.330342],[112.556321,28.329704],[112.555123,28.328897],[112.553192,28.32637],[112.552944,28.326045],[112.551885,28.324845],[112.55106,28.323817],[112.550054,28.323068],[112.548544,28.322428],[112.547267,28.32241],[112.545852,28.322673],[112.544507,28.323105],[112.541798,28.32414],[112.540896,28.32486],[112.539603,28.325576],[112.538578,28.326126],[112.537163,28.326501],[112.53639,28.326659],[112.534289,28.326855],[112.533135,28.326952],[112.532042,28.327163],[112.531017,28.327601],[112.530566,28.32782],[112.530175,28.328321],[112.530349,28.328889],[112.53198,28.330492],[112.533239,28.331414],[112.534176,28.332273],[112.534558,28.332842],[112.534541,28.333632],[112.534264,28.334533],[112.533943,28.334867],[112.533292,28.335363],[112.532397,28.335748],[112.531556,28.335963],[112.5306,28.335834],[112.529142,28.335421],[112.526868,28.334203],[112.524976,28.332823],[112.523344,28.331164],[112.522541,28.330638],[112.522024,28.330299],[112.520505,28.329374],[112.519429,28.329076],[112.519177,28.328903],[112.516955,28.328365],[112.516206,28.328329],[112.513699,28.328207],[112.510653,28.327655],[112.507727,28.326598],[112.50475,28.325427],[112.502545,28.32438],[112.500531,28.324118],[112.500089,28.324027],[112.499759,28.324081],[112.499359,28.324997],[112.498508,28.326827],[112.496789,28.329795],[112.495227,28.330756],[112.494697,28.330651],[112.494055,28.330522],[112.493551,28.329544],[112.493751,28.328684],[112.495791,28.325661],[112.49698,28.323203],[112.497641,28.321373],[112.497805,28.318795],[112.497562,28.316846],[112.496338,28.315515],[112.495436,28.315225],[112.493682,28.315958],[112.491729,28.316345],[112.489403,28.316158],[112.487458,28.315856],[112.485071,28.314867],[112.482944,28.313534],[112.48133,28.312546],[112.479645,28.312708],[112.478611,28.313303],[112.476,28.314804],[112.475001,28.315641],[112.471842,28.316336],[112.470253,28.317583],[112.469359,28.318747],[112.468803,28.319751],[112.468162,28.320528],[112.467432,28.320959],[112.467319,28.320999],[112.46639,28.321008],[112.465956,28.320861],[112.465427,28.320212],[112.464784,28.319789],[112.464489,28.318966],[112.462493,28.317059],[112.460366,28.316127],[112.458022,28.316855],[112.455679,28.318156],[112.453995,28.317916],[112.453404,28.317285],[112.451903,28.317533],[112.450878,28.31792],[112.450366,28.318382],[112.449281,28.319146],[112.448387,28.319593],[112.44744,28.320437],[112.445566,28.321073],[112.443552,28.32108],[112.441867,28.320627],[112.440244,28.320403],[112.438821,28.320466],[112.438048,28.32035],[112.437267,28.319495],[112.436746,28.318292],[112.436607,28.317318],[112.436155,28.316347],[112.435244,28.315433],[112.433621,28.314463],[112.432632,28.31382],[112.430384,28.314076],[112.429654,28.315159],[112.429576,28.317106],[112.42994,28.319059],[112.429593,28.32089],[112.428682,28.321974],[112.42797,28.32191],[112.427259,28.321102],[112.426434,28.31932],[112.424723,28.316384],[112.423578,28.314311],[112.421382,28.313035],[112.419957,28.312909],[112.418785,28.313761],[112.417925,28.31513],[112.417136,28.315983],[112.415442,28.316717],[112.41461,28.316365],[112.414349,28.315732],[112.414566,28.314189],[112.414713,28.312813],[112.415504,28.31104],[112.416485,28.309902],[112.416953,28.308759],[112.416571,28.307783],[112.415217,28.306682],[112.413741,28.305694],[112.410973,28.304358],[112.409167,28.303197],[112.40711,28.301519],[112.405199,28.299269],[112.404045,28.297713],[112.402743,28.29753],[112.401771,28.297982],[112.401172,28.298893],[112.400573,28.301127],[112.400044,28.301752],[112.399071,28.30186],[112.398238,28.301395],[112.397274,28.300241],[112.396007,28.298169],[112.395781,28.297626],[112.394401,28.297556],[112.392891,28.297572],[112.391511,28.297468],[112.390434,28.296929],[112.389931,28.296106],[112.38934,28.294657],[112.38803,28.293453],[112.386337,28.292958],[112.383907,28.292553],[112.381936,28.292559],[112.37921,28.292765],[112.377387,28.293667],[112.376718,28.295784],[112.376181,28.297615],[112.3752,28.298583],[112.374228,28.298574],[112.373516,28.298053],[112.373134,28.297249],[112.373021,28.29541],[112.372275,28.293227],[112.37118,28.291727],[112.369653,28.290284],[112.367396,28.28872],[112.364627,28.287606],[112.362804,28.28788],[112.361624,28.288958],[112.360322,28.28998],[112.358889,28.290371],[112.357197,28.290701],[112.354983,28.291661],[112.351606,28.292893],[112.347119,28.294464],[112.344474,28.294743],[112.343091,28.29489],[112.341415,28.294531],[112.340191,28.293604],[112.339619,28.292741],[112.339948,28.292055],[112.340739,28.291259],[112.341242,28.290781],[112.342831,28.289269],[112.34336,28.288242],[112.342977,28.287553],[112.342578,28.287064],[112.342613,28.286417],[112.342917,28.285773],[112.343221,28.285358],[112.343482,28.285081],[112.34395,28.285122],[112.347179,28.285236],[112.350382,28.286118],[112.352961,28.286712],[112.353421,28.286371],[112.35362,28.285914],[112.353438,28.285111],[112.353004,28.283674],[112.351858,28.281371],[112.351233,28.280611],[112.351128,28.280517],[112.349254,28.27939],[112.347951,28.278672],[112.346285,28.278001],[112.344575,28.277697],[112.34112,28.278043],[112.340946,28.278132],[112.339505,28.279096],[112.338073,28.280115],[112.33671,28.280908],[112.33546,28.281584],[112.334349,28.28301],[112.331866,28.284538],[112.329645,28.286357],[112.3273,28.287654],[112.324246,28.288032],[112.321207,28.287377],[112.318429,28.287238],[112.316476,28.288026],[112.314592,28.288297],[112.312318,28.288162],[112.3112403,28.2873426],[112.3111295,28.2860915],[112.3121166,28.2842397],[112.3125028,28.2825013],[112.3135328,28.2778905],[112.315138,28.2756812],[112.316113,28.2740902],[112.317242,28.2711752],[112.317276,28.2683672],[112.316851,28.2665292],[112.31614,28.2657792],[112.314655,28.2651362],[112.312581,28.2653462],[112.310827,28.2656172],[112.308891,28.2655442],[112.304941,28.2652272],[112.303057,28.2650972],[112.29995,28.2644892],[112.298405,28.2632542],[112.297103,28.2620642],[112.296487,28.2612652],[112.296096,28.2599952],[112.296148,28.2583872],[112.296053,28.2569822],[112.294985,28.2560542],[112.29423,28.2558612],[112.290167,28.2513452],[112.288562,28.2504222],[112.287589,28.2507682],[112.286695,28.2519142],[112.285436,28.2544702],[112.28475,28.2555832],[112.282746,28.2574142],[112.280732,28.2582012],[112.278709,28.2583542],[112.278665,28.2580702],[112.276782,28.2572282],[112.275792,28.2564732],[112.27515,28.2559802],[112.274161,28.2546132],[112.274013,28.2531272],[112.274395,28.2522602],[112.27475,28.2520262],[112.275106,28.2517972],[112.273926,28.2510612],[112.273023,28.2507822],[112.271599,28.2509112],[112.270619,28.2506892],[112.269577,28.2496112],[112.268258,28.2477292],[112.267039,28.2466742],[112.266556,28.2462552],[112.264994,28.2455812],[112.263761,28.2449602],[112.263362,28.2439902],[112.263032,28.2431912],[112.26192,28.2423972],[112.261261,28.2414882],[112.260471,28.2401192],[112.25975,28.2394962],[112.258899,28.2390442],[112.257997,28.2389392],[112.257025,28.2394052],[112.255922,28.2388422],[112.255141,28.2381022],[112.25494,28.2380492],[112.253448,28.2376602],[112.251894,28.2374452],[112.251122,28.2371632],[112.250202,28.2368292],[112.248561,28.2351822],[112.247303,28.2322672],[112.246947,28.2315792],[112.246921,28.2299372],[112.246166,28.2277512],[112.244186,28.2258972],[112.240332,28.2232262],[112.237902,28.2207982],[112.237008,28.2196442],[112.236903,28.2179202],[112.236148,28.2163102],[112.235861,28.2160532],[112.234281,28.2146322],[112.232416,28.2138122],[112.231565,28.2143792],[112.231296,28.2154072],[112.230636,28.2167222],[112.230549,28.2167902],[112.230445,28.2172952],[112.229603,28.2184392],[112.228536,28.2190192],[112.227393,28.2193092],[112.226478,28.2195422],[112.225836,28.2197362],[112.223926,28.2210832],[112.2239,28.2210962],[112.222971,28.2221962],[112.221712,28.2246082],[112.2216,28.2268852],[112.22114,28.2305352],[112.220653,28.2311252],[112.219681,28.2337252],[112.219056,28.2353752],[112.218353,28.2366442],[112.21772,28.2372822],[112.216018,28.2381832],[112.21304,28.2394092],[112.212459,28.2396632],[112.211704,28.2396572],[112.209872,28.2406152],[112.209604,28.2408722],[112.209107,28.2410942],[112.207789,28.2416832],[112.205263,28.2423692],[112.204525,28.2425692],[112.201408,28.2425972],[112.200011,28.2425602],[112.198718,28.2420962],[112.195366,28.2394052],[112.194672,28.2392722],[112.193458,28.2381742],[112.191851,28.2373562],[112.189915,28.2365362],[112.188293,28.2365792],[112.186209,28.2374212],[112.184846,28.2377512],[112.183231,28.2373932],[112.181617,28.2373222],[112.177728,28.2376862],[112.175063,28.2380082],[112.172329,28.2390092],[112.170297,28.2404842],[112.167537,28.2437252],[112.166478,28.2461252],[112.16535,28.2478922],[112.163848,28.2488512],[112.160332,28.2497372],[112.158075,28.2500582],[112.156374,28.2505012],[112.153839,28.2517402],[112.150254,28.2530812],[112.147317,28.2546482],[112.144126,28.2563502],[112.14048,28.2577492],[112.139291,28.2591122],[112.138631,28.2607112],[112.138345,28.2620852],[112.13801,28.2635062],[112.137806,28.2643732],[112.137655,28.2646902],[112.136939,28.2662012],[112.135298,28.2677902],[112.133336,28.2691462],[112.131582,28.2698172],[112.129117,28.2699102],[112.125558,28.2697022],[112.122133,28.2692722],[112.120124,28.2690212],[112.117398,28.2693392],[112.116226,28.2699012],[112.114907,28.2709762],[112.112155,28.2739312],[112.110523,28.2748892],[112.1089,28.2751042],[112.107155,28.2748582],[112.103222,28.2733282],[112.099212,28.2723142],[112.097928,28.2719592],[112.097208,28.2721822],[112.096236,28.2726892],[112.094863,28.2731332],[112.093301,28.2732332],[112.092017,28.2727602],[112.091053,28.2720072],[112.090037,28.2706762],[112.089021,28.2691182],[112.087676,28.2681892],[112.086113,28.2679442],[112.084568,28.2679862],[112.082806,28.2686002],[112.081114,28.2693292],[112.07831,28.2702752],[112.076486,28.2710582],[112.075523,28.2707052],[112.075402,28.2701322],[112.07561,28.2691602],[112.075896,28.2671552],[112.075974,28.2656662],[112.075532,28.2646842],[112.074899,28.2639902],[112.073041,28.2627102],[112.071053,28.2616032],[112.069308,28.2606122],[112.068214,28.2600822],[112.06686,28.2594982],[112.065255,28.2589642],[112.063241,28.2587172],[112.061305,28.2585802],[112.059621,28.2583332],[112.058536,28.2574652],[112.057181,28.2568182],[112.056018,28.2566362],[112.054386,28.2573632],[112.052503,28.2578032],[112.050949,28.2580152],[112.049725,28.2571442],[112.0489,28.2562192],[112.047355,28.2548842],[112.046,28.2545262],[112.045479,28.2546372],[112.045028,28.2549782],[112.042164,28.2559812],[112.040541,28.2563052],[112.038735,28.2554862],[112.037381,28.2548972],[112.035697,28.2547082],[112.032841,28.2554252],[112.029282,28.2549882],[112.027017,28.2551362],[112.025012,28.2548282],[112.022876,28.2544642],[112.020949,28.2536972],[112.019343,28.2524782],[112.018388,28.2513782],[112.017485,28.2507352],[112.016262,28.2504942],[112.014508,28.2505922],[112.01199,28.2503952],[112.010176,28.2498582],[112.008579,28.2488672],[112.005541,28.2478602],[112.004065,28.2473862],[112.003102,28.2465752],[112.001764,28.2449542],[111.999976,28.2428142],[111.998717,28.2404512],[111.998406,28.2392422],[111.998423,28.2383832],[111.9993,28.2360972],[112.000159,28.2346742],[112.001279,28.2336542],[112.002199,28.2324582],[112.002537,28.2313162],[112.002363,28.2302842],[112.001469,28.2292992],[111.999855,28.2284782],[111.997928,28.2278852],[111.99469,28.2275082],[111.990679,28.2273502],[111.985618,28.2276972],[111.981088,28.2275932],[111.979612,28.2271182],[111.978822,28.2265382],[111.978197,28.2260722],[111.97627,28.2249602],[111.97246,28.2238322],[111.970532,28.2231222],[111.969508,28.2222502],[111.969265,28.2213882],[111.96916,28.2198392],[111.969134,28.2196032],[111.9684291,28.2184053],[111.9668627,28.2173654],[111.9670558,28.2170818],[111.9669485,28.2164389],[111.9660044,28.2157204],[111.9637513,28.2150019],[111.9607901,28.2144347],[111.95858,28.2135838],[111.9566703,28.2122602],[111.9564128,28.2094617],[111.9554257,28.2073061],[111.9557476,28.2025408],[111.9557476,28.2015574],[111.9553399,28.2010279],[111.9545889,28.2005174],[111.9533872,28.1994016],[111.9517135,28.1970378],[111.9507479,28.1960355],[111.9498682,28.1956761],[111.9488811,28.1958463],[111.9475293,28.1963759],[111.9464135,28.1965271],[111.9453406,28.1961489],[111.9445681,28.1954492],[111.9431305,28.1939552],[111.9420361,28.1923855],[111.9404912,28.1909482],[111.9393325,28.1902673],[111.9376373,28.1903619],[111.9348478,28.1907212],[111.9336462,28.1902862],[111.9336462,28.1899647],[111.9336462,28.1892839],[111.9334316,28.1886408],[111.9338822,28.1879789],[111.9344401,28.1875061],[111.9353628,28.1866739],[111.9363284,28.1858984],[111.9373154,28.18535],[111.9387102,28.1842719],[111.9394398,28.183364],[111.939547,28.1825318],[111.9385385,28.1799406],[111.9375944,28.1773304],[111.9364142,28.1757794],[111.9346118,28.1746067],[111.9332599,28.1740203],[111.9316506,28.1741149],[111.9300413,28.1740014],[111.9288397,28.1730556],[111.9278312,28.171618],[111.9277239,28.1697075],[111.9282818,28.1670592],[111.9285393,28.1640325],[111.9287753,28.1622921],[111.9283676,28.1605707],[111.9277239,28.1577897],[111.9273162,28.1566168],[111.9262862,28.1550465],[111.9256854,28.1539493],[111.9255996,28.151906],[111.9259,28.1505816],[111.9279599,28.1470247],[111.9279814,28.1458328],[111.9278312,28.1433542],[111.9278097,28.1425784],[111.9278312,28.140989],[111.9275522,28.1391348],[111.9271445,28.137867],[111.926479,28.1368642],[111.925011,28.1353572],[111.92278,28.1332672],[111.920983,28.1317582],[111.918553,28.1300112],[111.916566,28.1286132],[111.914204,28.1270392],[111.910679,28.1247612],[111.907789,28.1232962],[111.905611,28.1215512],[111.903529,28.1196622],[111.903466,28.1196052],[111.901687,28.1162612],[111.899465,28.1112502],[111.89752,28.1072542],[111.897668,28.1069872],[111.89759,28.1066362],[111.89726,28.1060582],[111.894126,28.1039602],[111.893796,28.1033532],[111.89383,28.1026152],[111.894039,28.1018122],[111.895376,28.0994592],[111.896452,28.0976212],[111.896817,28.0970352],[111.900254,28.0949432],[111.902937,28.0927952],[111.904638,28.0914392],[111.907268,28.0888302],[111.90989,28.0863362],[111.910168,28.0852522],[111.909273,28.0843232],[111.908509,28.0836262],[111.908718,28.0828842],[111.909951,28.0821502],[111.911652,28.0812542],[111.911921,28.0804532],[111.911687,28.0788452],[111.911696,28.0779832],[111.912164,28.0773022],[111.913023,28.0763382],[111.914004,28.0749722],[111.914873,28.0734332],[111.915853,28.0724712],[111.917485,28.0717992],[111.919499,28.0712472],[111.920793,28.0710342],[111.921513,28.0705272],[111.92153,28.0697812],[111.920888,28.0690292],[111.9194197,28.0681179],[111.9172096,28.0673226],[111.9153642,28.0665842],[111.9138193,28.0653913],[111.9126606,28.0636872],[111.9121241,28.0618694],[111.9111585,28.0607144],[111.9095707,28.0593889],[111.9069528,28.0574007],[111.9057512,28.0559237],[111.9053221,28.054636],[111.9051933,28.0530453],[111.9046998,28.0508865],[111.9026184,28.0476293],[111.9022536,28.0466256],[111.9022321,28.0453378],[111.9024682,28.0439364],[111.9026613,28.0427622],[111.90279,28.0409631],[111.9031977,28.0400161],[111.9039058,28.0389176],[111.9051504,28.0377245],[111.9066524,28.0367586],[111.9070172,28.0359063],[111.9075107,28.035054],[111.9080472,28.0336145],[111.908133,28.0324213],[111.9077897,28.0315311],[111.9072962,28.0310765],[111.9054508,28.0297886],[111.9025969,28.0286332],[111.8996143,28.0272126],[111.8967475,28.0258579],[111.8955749,28.0251527],[111.8940782,28.0228276],[111.8944967,28.0224488],[111.8943572,28.0219563],[111.8930053,28.0200952],[111.8932629,28.019598],[111.8932199,28.0187882],[111.8916428,28.0178458],[111.8911171,28.0178363],[111.890924,28.0176184],[111.8908381,28.0169176]]]}}]}
