{"type":"FeatureCollection","features":[{"type":"Feature","properties":{"place_id":423106180,"osm_type":"relation","osm_id":2110264,"place_rank":10,"category":"boundary","type":"administrative","importance":0.6720593380878446,"addresstype":"city","name":"成都市","display_name":"成都市, 四川省, 中国"},"bbox":[102.989623,30.0916339,104.8948475,31.4370968],"geometry":{"type":"MultiPolygon","coordinates":[[[[102.989623,30.768977],[102.98972,30.768618],[102.991481,30.76679],[102.992611,30.765964],[102.994765,30.765321],[102.995121,30.764922],[102.997525,30.760595],[102.997346,30.75966],[102.997564,30.757834],[102.998389,30.755988],[102.998566,30.755727],[102.998945,30.755381],[102.998985,30.755338],[103.001037,30.754755],[103.002972,30.753189],[103.003657,30.752052],[103.003639,30.75153],[103.001978,30.749325],[103.001892,30.749092],[103.001961,30.748802],[103.003327,30.747587],[103.004879,30.74564],[103.007093,30.743745],[103.012978,30.740026],[103.014845,30.739705],[103.015313,30.739686],[103.016111,30.739735],[103.01646,30.73969],[103.020112,30.738312],[103.020401,30.738144],[103.021084,30.737361],[103.023487,30.734268],[103.024001,30.733411],[103.024929,30.730144],[103.025504,30.729368],[103.031271,30.724982],[103.032488,30.724334],[103.033009,30.723953],[103.033167,30.723757],[103.031958,30.721487],[103.031907,30.721185],[103.031856,30.71975],[103.031763,30.71928],[103.031489,30.718738],[103.031388,30.718388],[103.031389,30.716052],[103.031496,30.715283],[103.031579,30.714857],[103.031493,30.714619],[103.030084,30.711261],[103.02871,30.706713],[103.028997,30.706079],[103.029396,30.705799],[103.030092,30.705494],[103.031003,30.705301],[103.03282,30.705146],[103.033499,30.705166],[103.034521,30.705392],[103.035179,30.705596],[103.035824,30.705842],[103.037019,30.706539],[103.040629,30.706294],[103.041913,30.706297],[103.042315,30.706408],[103.042812,30.706666],[103.043237,30.707076],[103.043576,30.707566],[103.044089,30.708407],[103.044502,30.708881],[103.044891,30.709092],[103.045567,30.709238],[103.047161,30.709404],[103.050111,30.711342],[103.052406,30.712104],[103.05339,30.712562],[103.054514,30.713101],[103.055628,30.713849],[103.057892,30.715318],[103.060218,30.71625],[103.060739,30.716455],[103.062935,30.717621],[103.065191,30.718098],[103.066841,30.718606],[103.068085,30.719131],[103.068533,30.71927],[103.068836,30.71926],[103.070277,30.7188],[103.072379,30.717881],[103.075086,30.716814],[103.076802,30.714162],[103.076824,30.71324],[103.075689,30.709998],[103.074615,30.708665],[103.074516,30.708442],[103.07446,30.708102],[103.074442,30.706735],[103.074567,30.705687],[103.075052,30.704964],[103.075162,30.704782],[103.075518,30.703032],[103.075917,30.701488],[103.076027,30.701258],[103.07612,30.70123],[103.079443,30.700495],[103.080129,30.700115],[103.080662,30.69973],[103.083863,30.696765],[103.086364,30.695208],[103.088728,30.694176],[103.0901,30.692569],[103.091136,30.689805],[103.092746,30.688552],[103.092948,30.687564],[103.091705,30.685587],[103.091826,30.685236],[103.092807,30.684243],[103.093073,30.683508],[103.09348,30.68285],[103.095243,30.68046],[103.096236,30.679302],[103.098493,30.677004],[103.098699,30.676704],[103.098799,30.676239],[103.098985,30.676058],[103.099838,30.675589],[103.100903,30.675107],[103.10335,30.674204],[103.106008,30.673279],[103.10634,30.673254],[103.106972,30.673263],[103.109759,30.673634],[103.110572,30.673799],[103.112056,30.674279],[103.112642,30.674366],[103.113997,30.674464],[103.11479,30.673875],[103.116173,30.673449],[103.116523,30.673312],[103.118009,30.672265],[103.118846,30.671745],[103.120854,30.670807],[103.12116,30.668912],[103.121285,30.668607],[103.122061,30.667776],[103.122313,30.665045],[103.122827,30.663773],[103.123054,30.663093],[103.123429,30.660893],[103.12376,30.660304],[103.124132,30.660032],[103.12442,30.659928],[103.127022,30.659361],[103.127869,30.659293],[103.132996,30.659382],[103.132948,30.659107],[103.132054,30.656751],[103.13106,30.65442],[103.129815,30.65255],[103.130701,30.651557],[103.131095,30.650864],[103.131284,30.649634],[103.131244,30.649265],[103.130998,30.648479],[103.130675,30.647983],[103.12979,30.647067],[103.129376,30.646353],[103.129433,30.645902],[103.129561,30.645409],[103.129977,30.64474],[103.130054,30.644474],[103.130063,30.643981],[103.130051,30.643406],[103.129871,30.642849],[103.129808,30.642651],[103.129819,30.642094],[103.1297647,30.6420192],[103.129954,30.641641],[103.130883,30.639729],[103.131398,30.63893],[103.133116,30.636655],[103.133242,30.635862],[103.133196,30.635707],[103.132806,30.634993],[103.132981,30.63327],[103.133306,30.631832],[103.133943,30.629174],[103.133804,30.628102],[103.132036,30.624815],[103.13158,30.623911],[103.129789,30.619756],[103.129307,30.619233],[103.128545,30.618674],[103.127691,30.618098],[103.126062,30.617649],[103.12505,30.617299],[103.124437,30.616967],[103.124373,30.616891],[103.12431,30.616154],[103.124867,30.611874],[103.124047,30.608759],[103.12536,30.607419],[103.125701,30.606996],[103.125999,30.606372],[103.12596,30.603385],[103.125684,30.602183],[103.125196,30.600867],[103.124138,30.598354],[103.124095,30.598106],[103.124393,30.597167],[103.125087,30.596058],[103.125656,30.594851],[103.12584,30.594246],[103.126068,30.592815],[103.126338,30.590724],[103.126349,30.590668],[103.126861,30.589975],[103.128505,30.588599],[103.129327,30.588048],[103.130874,30.587201],[103.13184,30.585436],[103.132938,30.584396],[103.134045,30.584309],[103.137276,30.585876],[103.141166,30.586743],[103.145149,30.588337],[103.146331,30.588476],[103.147348,30.587834],[103.149008,30.585571],[103.149318,30.584469],[103.148639,30.581915],[103.147315,30.578955],[103.147224,30.57849],[103.147295,30.57659],[103.147072,30.575158],[103.14708,30.574973],[103.147244,30.574745],[103.147903,30.574374],[103.148574,30.574078],[103.149446,30.57374],[103.150227,30.573248],[103.150595,30.572932],[103.152056,30.571387],[103.152227,30.571327],[103.156182,30.569463],[103.158055,30.568195],[103.160152,30.567251],[103.160964,30.566693],[103.161551,30.565861],[103.161846,30.565634],[103.162742,30.565291],[103.163791,30.565368],[103.164043,30.564381],[103.163408,30.55779],[103.163333,30.556161],[103.163426,30.555096],[103.163404,30.554153],[103.163308,30.55357],[103.162137,30.55148],[103.162116,30.550812],[103.16225,30.548315],[103.162322,30.547309],[103.161101,30.545723],[103.158948,30.54315],[103.158014,30.542192],[103.15786,30.541912],[103.15464,30.534542],[103.154338,30.533623],[103.153692,30.53154],[103.153821,30.531423],[103.155656,30.531127],[103.158599,30.52989],[103.16068,30.5289],[103.16255,30.527798],[103.163502,30.527384],[103.164902,30.52684],[103.165417,30.526737],[103.16644,30.526799],[103.172788,30.52698],[103.173401,30.526943],[103.17542,30.52746],[103.177739,30.527553],[103.17796,30.527369],[103.178499,30.526868],[103.178542,30.526788],[103.178422,30.525918],[103.178122,30.525052],[103.176971,30.522666],[103.177622,30.522176],[103.179901,30.522974],[103.180027,30.522992],[103.180504,30.522777],[103.180585,30.522254],[103.18044,30.521866],[103.180725,30.520942],[103.180712,30.520666],[103.180435,30.520247],[103.180403,30.519801],[103.180537,30.519404],[103.181106,30.518589],[103.181662,30.517949],[103.182296,30.51725],[103.182424,30.516967],[103.182644,30.516034],[103.183405,30.514736],[103.183766,30.514212],[103.184877,30.513012],[103.184662,30.51202],[103.183171,30.509701],[103.18274,30.508949],[103.181668,30.50745],[103.181518,30.507243],[103.180342,30.506207],[103.177916,30.505231],[103.177387,30.504918],[103.176982,30.504612],[103.176637,30.504235],[103.176464,30.503824],[103.176486,30.502476],[103.175821,30.501593],[103.174249,30.501269],[103.173999,30.500353],[103.173403,30.498636],[103.173207,30.497919],[103.172978,30.496648],[103.172197,30.495475],[103.171145,30.494108],[103.171004,30.493965],[103.170898,30.493782],[103.170954,30.493107],[103.169138,30.492015],[103.168776,30.49138],[103.16786,30.490397],[103.16757,30.49001],[103.167171,30.489005],[103.167102,30.488586],[103.167257,30.487369],[103.166819,30.486647],[103.16588,30.486291],[103.164101,30.486181],[103.163611,30.485907],[103.164082,30.484229],[103.164167,30.48383],[103.164129,30.483525],[103.163959,30.483178],[103.162957,30.482107],[103.162812,30.481002],[103.161721,30.479986],[103.161472,30.478582],[103.161302,30.478265],[103.160987,30.478071],[103.160756,30.478057],[103.159376,30.478352],[103.158478,30.478159],[103.158243,30.477793],[103.158522,30.477588],[103.158844,30.477421],[103.159715,30.477282],[103.160437,30.476347],[103.160463,30.474949],[103.160074,30.47457],[103.157617,30.474842],[103.15731,30.47479],[103.156145,30.474454],[103.155523,30.476425],[103.15541,30.478834],[103.154966,30.479607],[103.14858,30.47883],[103.146546,30.4783],[103.145355,30.477743],[103.139927,30.47263],[103.134607,30.466262],[103.132953,30.464622],[103.130609,30.461575],[103.126881,30.45792],[103.125721,30.457173],[103.124896,30.456275],[103.12304,30.455866],[103.122979,30.455422],[103.123129,30.454826],[103.122852,30.45267],[103.125527,30.45217],[103.127924,30.451055],[103.130342,30.448758],[103.132361,30.447925],[103.133259,30.447149],[103.134248,30.44672],[103.136854,30.446158],[103.138565,30.445154],[103.140173,30.442455],[103.140294,30.442189],[103.140404,30.44175],[103.139722,30.441654],[103.137413,30.441965],[103.137098,30.441858],[103.136763,30.440682],[103.136971,30.440169],[103.138017,30.439444],[103.138249,30.438708],[103.137939,30.438343],[103.137189,30.438093],[103.135658,30.43826],[103.134149,30.439305],[103.132935,30.439476],[103.132559,30.439072],[103.13154,30.439526],[103.129459,30.439342],[103.129376,30.439313],[103.128375,30.43898],[103.127353,30.438987],[103.126133,30.439258],[103.123107,30.443018],[103.121139,30.444796],[103.120589,30.444694],[103.119761,30.443951],[103.11689,30.439603],[103.11635,30.437502],[103.115747,30.436585],[103.115681,30.435686],[103.115925,30.434492],[103.116336,30.433961],[103.119969,30.431669],[103.12187,30.431194],[103.12214,30.430779],[103.122067,30.430239],[103.12074,30.428891],[103.120547,30.42816],[103.120564,30.427275],[103.120133,30.426706],[103.118477,30.425282],[103.117989,30.424079],[103.117108,30.420358],[103.116359,30.419809],[103.115263,30.419384],[103.114802,30.418935],[103.114942,30.417419],[103.114516,30.416587],[103.113977,30.41591],[103.113407,30.415399],[103.113488,30.414801],[103.115565,30.413756],[103.116378,30.413073],[103.11724,30.412033],[103.117689,30.410962],[103.117979,30.409482],[103.118007,30.408023],[103.117657,30.406881],[103.11505,30.403902],[103.114844,30.403109],[103.115228,30.402517],[103.116843,30.401811],[103.118837,30.400727],[103.119334,30.40004],[103.119381,30.399024],[103.118914,30.396708],[103.118302,30.396257],[103.118023,30.395715],[103.118212,30.395179],[103.118773,30.394708],[103.118966,30.394016],[103.118027,30.391884],[103.117243,30.391026],[103.116709,30.390097],[103.116594,30.388157],[103.116037,30.387011],[103.115398,30.385771],[103.114888,30.38434],[103.114299,30.384078],[103.113155,30.383298],[103.113086,30.382603],[103.113296,30.38172],[103.113798,30.379981],[103.114267,30.379645],[103.114275,30.379641],[103.116733,30.37952],[103.120512,30.380305],[103.121423,30.380282],[103.122117,30.380077],[103.12272,30.37957],[103.124535,30.376308],[103.126467,30.374556],[103.1264,30.374001],[103.124851,30.370617],[103.124461,30.370036],[103.123605,30.369366],[103.121466,30.366489],[103.120741,30.364731],[103.119987,30.363776],[103.119542,30.362502],[103.119523,30.361327],[103.119251,30.360438],[103.118424,30.359673],[103.117695,30.359566],[103.116794,30.359075],[103.115258,30.357128],[103.112248,30.354315],[103.108379,30.349946],[103.106577,30.348092],[103.102962,30.343724],[103.100447,30.342176],[103.098996,30.340466],[103.095256,30.337419],[103.094428,30.336829],[103.093724,30.3365],[103.093434,30.336169],[103.093318,30.335735],[103.093239,30.335101],[103.09288,30.334196],[103.089665,30.331497],[103.088721,30.330674],[103.088219,30.330413],[103.087862,30.329666],[103.087311,30.32897],[103.085984,30.327494],[103.084143,30.326238],[103.081934,30.325734],[103.081157,30.325658],[103.080576,30.325701],[103.079984,30.325909],[103.078753,30.326515],[103.07843,30.326878],[103.078082,30.327767],[103.077804,30.328101],[103.077612,30.328168],[103.077531,30.328148],[103.077004,30.326573],[103.075508,30.325321],[103.074729,30.324568],[103.074349,30.324106],[103.074267,30.322319],[103.074004,30.321856],[103.072782,30.321254],[103.072268,30.320097],[103.071282,30.319829],[103.070872,30.317865],[103.069673,30.316822],[103.067985,30.316408],[103.067431,30.316217],[103.065912,30.315385],[103.063398,30.3155],[103.062637,30.314965],[103.059753,30.311114],[103.059609,30.310602],[103.059568,30.308932],[103.059651,30.308449],[103.059896,30.30796],[103.060041,30.305453],[103.060445,30.304699],[103.061873,30.304542],[103.062479,30.304102],[103.065089,30.301953],[103.065777,30.30132],[103.06693,30.300189],[103.06721,30.299754],[103.067477,30.298898],[103.068333,30.295693],[103.06819,30.294377],[103.066394,30.292733],[103.065898,30.291923],[103.065402,30.29132],[103.064432,30.290523],[103.064424,30.290174],[103.064898,30.289606],[103.065202,30.289108],[103.065351,30.288633],[103.065122,30.288329],[103.063448,30.287545],[103.062547,30.286723],[103.062437,30.286334],[103.062517,30.285238],[103.061569,30.28418],[103.061136,30.283383],[103.060969,30.282921],[103.060708,30.281667],[103.060696,30.281115],[103.060792,30.280356],[103.060719,30.279967],[103.060056,30.278237],[103.059232,30.277567],[103.05877,30.276434],[103.058387,30.272011],[103.058715,30.270278],[103.058731,30.269469],[103.058681,30.268996],[103.057964,30.268143],[103.057875,30.267447],[103.059017,30.26684],[103.060508,30.266053],[103.061541,30.264674],[103.061938,30.264308],[103.06276,30.263883],[103.063285,30.263314],[103.063947,30.262802],[103.064581,30.2624],[103.065715,30.262192],[103.066715,30.262508],[103.06712,30.262442],[103.067878,30.261563],[103.069535,30.261299],[103.069967,30.260987],[103.070722,30.258765],[103.070821,30.25728],[103.070781,30.255029],[103.070649,30.252335],[103.070643,30.251804],[103.07044,30.250985],[103.070464,30.250536],[103.070799,30.248922],[103.070862,30.248731],[103.070784,30.247652],[103.070537,30.243881],[103.069314,30.240818],[103.070563,30.239122],[103.07271,30.237245],[103.073688,30.236326],[103.074394,30.235466],[103.074478,30.235364],[103.074933,30.23364],[103.074868,30.231755],[103.075104,30.230825],[103.076259,30.229072],[103.076196,30.228541],[103.073648,30.226203],[103.073296,30.225876],[103.073347,30.22533],[103.073341,30.225025],[103.073078,30.224353],[103.072783,30.22378],[103.072041,30.222899],[103.072043,30.222819],[103.072095,30.22268],[103.072464,30.222642],[103.072678,30.222656],[103.074597,30.221759],[103.07572,30.221613],[103.076516,30.221825],[103.077434,30.222315],[103.078418,30.222343],[103.079425,30.221945],[103.07973,30.221848],[103.080403,30.221776],[103.081173,30.221731],[103.083876,30.221126],[103.087146,30.221274],[103.090181,30.220769],[103.09216,30.220754],[103.093596,30.220232],[103.094885,30.220182],[103.096817,30.219117],[103.098001,30.218811],[103.102144,30.218221],[103.103893,30.21757],[103.104762,30.217616],[103.105147,30.217898],[103.109074,30.217917],[103.109803,30.217802],[103.110905,30.217248],[103.113071,30.216548],[103.11577,30.216144],[103.118984,30.214624],[103.120733,30.214447],[103.124665,30.213467],[103.125281,30.213113],[103.125391,30.212829],[103.125368,30.212498],[103.12505,30.211565],[103.125095,30.211154],[103.125455,30.210902],[103.12704,30.208624],[103.127807,30.20771],[103.1281,30.207799],[103.129461,30.208176],[103.130364,30.208343],[103.131725,30.208786],[103.132452,30.209109],[103.132528,30.209192],[103.132546,30.209541],[103.132587,30.209627],[103.133655,30.210316],[103.133803,30.21034],[103.135171,30.210137],[103.135631,30.21012],[103.136151,30.210213],[103.136423,30.210134],[103.13746,30.209413],[103.138619,30.208842],[103.139321,30.208615],[103.139641,30.208631],[103.140809,30.208869],[103.14093,30.208936],[103.141319,30.209496],[103.141509,30.209729],[103.141705,30.209776],[103.142496,30.209964],[103.143506,30.210287],[103.143924,30.210338],[103.145128,30.21026],[103.147082,30.210206],[103.147465,30.210235],[103.147765,30.21038],[103.149995,30.212074],[103.150784,30.212543],[103.153518,30.21382],[103.155744,30.215966],[103.155809,30.216063],[103.156504,30.218361],[103.156793,30.219096],[103.156893,30.219195],[103.157651,30.220655],[103.158291,30.222036],[103.158905,30.222223],[103.159412,30.224629],[103.159552,30.224826],[103.162473,30.228299],[103.163245,30.229223],[103.166169,30.233508],[103.166821,30.234581],[103.167001,30.235036],[103.167437,30.235657],[103.167938,30.236079],[103.168306,30.236585],[103.169118,30.238011],[103.170263,30.240294],[103.170646,30.240945],[103.171785,30.242408],[103.173246,30.244275],[103.173402,30.244436],[103.17592,30.248376],[103.175963,30.248503],[103.176655,30.24944],[103.176866,30.249711],[103.177559,30.250489],[103.177682,30.250529],[103.178474,30.250401],[103.179201,30.250226],[103.179819,30.24994],[103.181001,30.249312],[103.181968,30.248591],[103.183334,30.247612],[103.18433,30.246294],[103.184468,30.246213],[103.185408,30.245739],[103.185511,30.245735],[103.186523,30.246293],[103.186735,30.246352],[103.188001,30.246266],[103.189945,30.245147],[103.191769,30.244103],[103.191807,30.244008],[103.191543,30.243144],[103.191506,30.242494],[103.191582,30.241703],[103.191491,30.241214],[103.19141,30.241001],[103.191172,30.240871],[103.190982,30.240858],[103.190862,30.240734],[103.190756,30.24025],[103.191087,30.240158],[103.191379,30.240014],[103.191314,30.239688],[103.191399,30.238971],[103.191523,30.238596],[103.191712,30.238276],[103.19182,30.238246],[103.192776,30.238621],[103.193126,30.23881],[103.193448,30.239108],[103.193919,30.23985],[103.194567,30.240566],[103.196119,30.24183],[103.197295,30.241708],[103.19857,30.241774],[103.199341,30.24195],[103.199673,30.24208],[103.200554,30.242773],[103.200628,30.242807],[103.202434,30.242697],[103.202763,30.242622],[103.202883,30.242474],[103.203586,30.241499],[103.204726,30.24139],[103.204893,30.241304],[103.208029,30.238119],[103.209122,30.237059],[103.21118,30.235405],[103.211861,30.233404],[103.211897,30.233174],[103.211496,30.231877],[103.211374,30.231641],[103.211055,30.231365],[103.210862,30.231008],[103.210538,30.230004],[103.210528,30.229711],[103.210711,30.227793],[103.210805,30.227517],[103.211173,30.22698],[103.211393,30.226687],[103.211938,30.225381],[103.212059,30.225291],[103.212314,30.225354],[103.212517,30.225276],[103.213365,30.224434],[103.213486,30.224371],[103.213943,30.224303],[103.21408,30.224152],[103.214449,30.223623],[103.214547,30.223395],[103.214562,30.222321],[103.214452,30.222088],[103.212408,30.217973],[103.212962,30.216927],[103.212619,30.216169],[103.212524,30.21564],[103.212301,30.214608],[103.21211,30.213548],[103.212099,30.213071],[103.212182,30.213058],[103.212506,30.213027],[103.212843,30.212932],[103.213011,30.212828],[103.21302,30.212685],[103.212837,30.212365],[103.212885,30.212213],[103.213194,30.212018],[103.213474,30.212006],[103.21496,30.212111],[103.215982,30.211746],[103.21626,30.210525],[103.216477,30.210158],[103.216906,30.209801],[103.217202,30.209726],[103.218362,30.209507],[103.218925,30.209301],[103.219939,30.208635],[103.220284,30.208456],[103.220621,30.208437],[103.220838,30.208565],[103.221009,30.208904],[103.221198,30.208978],[103.223857,30.209381],[103.225128,30.209805],[103.225173,30.209723],[103.225486,30.209548],[103.22626,30.209402],[103.226495,30.20941],[103.227174,30.209634],[103.228193,30.210162],[103.228353,30.210291],[103.228856,30.21134],[103.22907,30.211605],[103.230635,30.213203],[103.230799,30.213404],[103.23079,30.213568],[103.230391,30.21421],[103.230265,30.214487],[103.230306,30.214577],[103.230748,30.214764],[103.230898,30.214736],[103.231134,30.214503],[103.231356,30.214209],[103.231474,30.214227],[103.231876,30.214543],[103.231884,30.214636],[103.231713,30.214914],[103.23176,30.215026],[103.231876,30.215097],[103.231923,30.215162],[103.23149,30.215993],[103.231517,30.216159],[103.231813,30.216326],[103.232639,30.217014],[103.232782,30.217201],[103.233019,30.217881],[103.233115,30.218729],[103.233318,30.219481],[103.233717,30.22057],[103.233692,30.220745],[103.233674,30.22156],[103.233636,30.221657],[103.232745,30.222199],[103.232637,30.223325],[103.232676,30.223985],[103.232906,30.224879],[103.232878,30.225492],[103.232978,30.225756],[103.233328,30.22628],[103.233329,30.226361],[103.232682,30.226731],[103.232638,30.226861],[103.232739,30.227462],[103.232853,30.22777],[103.232983,30.22785],[103.233786,30.228591],[103.234068,30.228773],[103.235241,30.229009],[103.235263,30.229489],[103.235222,30.229665],[103.235244,30.229852],[103.23583,30.231092],[103.235841,30.231215],[103.235523,30.232],[103.236141,30.233319],[103.236137,30.233434],[103.236048,30.233547],[103.235561,30.23371],[103.23486,30.233808],[103.234758,30.233886],[103.234708,30.234516],[103.234585,30.234649],[103.234311,30.234813],[103.234626,30.236547],[103.234603,30.236698],[103.233573,30.237837],[103.233551,30.237956],[103.233685,30.238288],[103.235376,30.238747],[103.236681,30.23925],[103.237464,30.238754],[103.237715,30.238479],[103.238272,30.237494],[103.238337,30.237492],[103.238891,30.237679],[103.239133,30.238195],[103.238581,30.239287],[103.238537,30.239645],[103.238615,30.239942],[103.238533,30.240161],[103.238406,30.240297],[103.238355,30.24052],[103.23857,30.241189],[103.238679,30.241269],[103.240085,30.242052],[103.240171,30.242153],[103.240155,30.24222],[103.239802,30.242364],[103.238563,30.242559],[103.238516,30.242626],[103.238656,30.242889],[103.238749,30.243671],[103.238704,30.244061],[103.238795,30.244248],[103.238903,30.244319],[103.23915,30.244615],[103.2392,30.244796],[103.239522,30.245176],[103.239904,30.245518],[103.239488,30.246105],[103.239307,30.24623],[103.239244,30.246375],[103.23931,30.246495],[103.239383,30.246885],[103.23933,30.246971],[103.239362,30.247205],[103.239421,30.247257],[103.240996,30.247697],[103.242918,30.248081],[103.243328,30.248201],[103.245633,30.249371],[103.24592,30.249505],[103.246296,30.249875],[103.246416,30.250133],[103.246356,30.250194],[103.247086,30.250862],[103.248054,30.251531],[103.248769,30.251625],[103.25,30.252405],[103.251797,30.253329],[103.252289,30.253469],[103.253164,30.25379],[103.253965,30.254025],[103.254317,30.254085],[103.255227,30.254085],[103.255416,30.25414],[103.256133,30.254522],[103.256358,30.254639],[103.257759,30.255393],[103.259285,30.256166],[103.261118,30.257649],[103.26132,30.25779],[103.26175,30.257856],[103.262327,30.258085],[103.26256,30.258303],[103.262814,30.258361],[103.264063,30.25832],[103.264513,30.258437],[103.265876,30.259143],[103.26628,30.259496],[103.266819,30.260282],[103.26711,30.260528],[103.269786,30.261707],[103.269849,30.261796],[103.269831,30.262289],[103.269948,30.262431],[103.270772,30.263015],[103.271103,30.263131],[103.272582,30.263106],[103.273362,30.263229],[103.274119,30.26355],[103.274638,30.263932],[103.275357,30.264737],[103.275938,30.265168],[103.278936,30.266824],[103.27909,30.266864],[103.279615,30.266691],[103.27988,30.266463],[103.280268,30.265789],[103.280774,30.265149],[103.280902,30.265048],[103.281516,30.264855],[103.282646,30.2647],[103.282932,30.264587],[103.283235,30.264283],[103.283435,30.264226],[103.283835,30.264336],[103.284421,30.264678],[103.284626,30.26484],[103.285213,30.265106],[103.285327,30.265101],[103.285452,30.264982],[103.285855,30.264422],[103.286533,30.264516],[103.287687,30.264663],[103.287841,30.264496],[103.287847,30.264403],[103.288112,30.264131],[103.288819,30.264584],[103.288902,30.264692],[103.288731,30.265819],[103.28975,30.266831],[103.290377,30.266975],[103.29098,30.26658],[103.291851,30.266057],[103.292496,30.266251],[103.292682,30.266416],[103.292849,30.26665],[103.292918,30.267207],[103.292917,30.267294],[103.293045,30.267488],[103.293488,30.267706],[103.294297,30.268342],[103.295325,30.268229],[103.296073,30.26746],[103.298251,30.267517],[103.299151,30.268057],[103.299268,30.268058],[103.300812,30.267626],[103.301004,30.267625],[103.301581,30.267909],[103.301744,30.26794],[103.302429,30.267869],[103.302446,30.267784],[103.302549,30.266854],[103.302472,30.266565],[103.302226,30.265865],[103.302226,30.265845],[103.302339,30.265813],[103.302522,30.265884],[103.302647,30.265848],[103.302677,30.265758],[103.302907,30.265557],[103.302952,30.265871],[103.303056,30.266078],[103.303279,30.266019],[103.303596,30.265857],[103.303611,30.26577],[103.30325,30.265384],[103.303286,30.265263],[103.303245,30.265187],[103.303143,30.265183],[103.303094,30.265106],[103.30312,30.265013],[103.303413,30.264907],[103.3041,30.264779],[103.30427,30.264845],[103.304492,30.265021],[103.304657,30.265011],[103.304805,30.264892],[103.304814,30.264775],[103.304014,30.264222],[103.304108,30.264162],[103.304748,30.264416],[103.304897,30.264396],[103.305403,30.264004],[103.305653,30.26394],[103.305691,30.263986],[103.305646,30.264158],[103.305142,30.264527],[103.305113,30.264622],[103.305333,30.264822],[103.305458,30.264794],[103.306139,30.264126],[103.306275,30.264108],[103.306445,30.264217],[103.306962,30.264066],[103.307056,30.263997],[103.307204,30.263403],[103.307275,30.263332],[103.3077586,30.2633381],[103.307801,30.263226],[103.307566,30.262904],[103.307605,30.262786],[103.30826,30.262056],[103.308397,30.261972],[103.30876,30.262022],[103.308779,30.26209],[103.308573,30.262228],[103.308572,30.262314],[103.309244,30.262982],[103.309372,30.263195],[103.309327,30.263342],[103.309338,30.263441],[103.309586,30.263511],[103.309597,30.263579],[103.309407,30.263788],[103.309322,30.264026],[103.309363,30.264079],[103.309557,30.264106],[103.309866,30.263919],[103.310135,30.2638837],[103.310306,30.263952],[103.310471,30.263839],[103.310564,30.263701],[103.310716,30.26367],[103.3109606,30.263795],[103.3109906,30.2635021],[103.3094861,30.26235],[103.3096209,30.2620813],[103.3109475,30.2615748],[103.3119694,30.2619913],[103.3119508,30.2622773],[103.3125712,30.2623502],[103.3122527,30.2615529],[103.3125958,30.2614081],[103.3127959,30.2618615],[103.313347,30.2612922],[103.3134444,30.2619282],[103.3131646,30.2625403],[103.3138114,30.2626893],[103.3139404,30.2631084],[103.3144993,30.26293],[103.3149607,30.2633055],[103.3154253,30.2625622],[103.3161597,30.2623709],[103.3154924,30.2623799],[103.3153895,30.2620215],[103.3159844,30.2618601],[103.3163431,30.2613992],[103.315395,30.2618361],[103.3149855,30.2614797],[103.315105,30.2619852],[103.3147603,30.2619],[103.3146163,30.2621479],[103.3149684,30.2624888],[103.3141881,30.262674],[103.3138922,30.2624451],[103.3141556,30.2618301],[103.3137513,30.2610624],[103.3140251,30.2609986],[103.3143002,30.2614255],[103.3147442,30.2601932],[103.3153636,30.2600776],[103.31542,30.2590347],[103.3149707,30.258469],[103.315311,30.2582249],[103.3164332,30.2581042],[103.3165764,30.2582974],[103.3159607,30.2584902],[103.3159056,30.2588317],[103.3163099,30.2589071],[103.3168409,30.2584295],[103.3170496,30.2590575],[103.3174339,30.2592218],[103.318713,30.258724],[103.318898,30.2581681],[103.3185811,30.2575885],[103.3189394,30.2572992],[103.3183178,30.2562574],[103.3187081,30.2557778],[103.3184935,30.2544116],[103.3193779,30.2538752],[103.3203923,30.2538281],[103.3204428,30.2531423],[103.3197685,30.2523198],[103.3208121,30.2518831],[103.3215711,30.2508999],[103.3210029,30.2504795],[103.3201373,30.2505343],[103.3200549,30.2502246],[103.3213088,30.2489218],[103.3220683,30.2487736],[103.320228,30.2481645],[103.3197835,30.2471634],[103.3203483,30.2468444],[103.3191141,30.2457143],[103.3193418,30.2451477],[103.3201907,30.2450199],[103.3205317,30.2455142],[103.3209417,30.2452836],[103.3201608,30.2441281],[103.320441,30.2438535],[103.320988,30.2440829],[103.3214875,30.2436547],[103.3208689,30.2430118],[103.3200618,30.2410134],[103.3188126,30.2403214],[103.3186125,30.2415292],[103.3179181,30.2412862],[103.3171853,30.2400497],[103.3181065,30.2398383],[103.3178154,30.2394738],[103.3155098,30.238983],[103.3154009,30.2385438],[103.3164744,30.2377717],[103.3166231,30.2370814],[103.3177384,30.2367255],[103.3181815,30.2354844],[103.3186656,30.2350082],[103.3185256,30.2345018],[103.3192451,30.2346605],[103.3196298,30.2334726],[103.3209885,30.2323048],[103.3220392,30.2331143],[103.3226488,30.2327472],[103.3243206,30.2338723],[103.3252297,30.2345341],[103.3250977,30.2351704],[103.3258158,30.23531],[103.3261047,30.2349613],[103.3266023,30.2353412],[103.3285436,30.2368557],[103.3279558,30.2373022],[103.328513,30.2375097],[103.3288983,30.2370982],[103.3304695,30.238329],[103.3314972,30.2375704],[103.3318448,30.2380644],[103.3319355,30.2375141],[103.3322485,30.237603],[103.3324316,30.2371197],[103.3332188,30.2374584],[103.3332615,30.2380615],[103.3335932,30.2383657],[103.3343927,30.2370595],[103.3350533,30.2373488],[103.3349613,30.2378093],[103.3352682,30.2374502],[103.3369466,30.2377683],[103.3368572,30.2373361],[103.3374774,30.2372941],[103.3385212,30.2376762],[103.3396333,30.2371258],[103.3398737,30.2374401],[103.3397651,30.2380355],[103.3409433,30.2381571],[103.3403829,30.2385014],[103.340624,30.2389677],[103.3398671,30.2392991],[103.3399641,30.2395054],[103.3405926,30.2394863],[103.3416288,30.2388146],[103.341673,30.2394327],[103.3412473,30.2396386],[103.3419622,30.2398225],[103.3420744,30.240373],[103.3423271,30.2403244],[103.3423645,30.2399531],[103.3449498,30.2406246],[103.3446325,30.2395302],[103.3448168,30.2386302],[103.3457632,30.2389171],[103.3465667,30.238468],[103.3464104,30.2391641],[103.3470968,30.2380421],[103.3485378,30.2381644],[103.3484316,30.2375746],[103.349544,30.237539],[103.350314,30.2378719],[103.350047,30.2373622],[103.3506679,30.236887],[103.3506085,30.2365081],[103.3513419,30.236805],[103.3518413,30.2366491],[103.3528441,30.2358706],[103.3537318,30.235798],[103.354379,30.2349137],[103.3556239,30.234864],[103.3556211,30.2336571],[103.3569765,30.2328652],[103.3574174,30.2328494],[103.3586544,30.2338663],[103.3589671,30.2336442],[103.3597127,30.2338507],[103.3602923,30.2345196],[103.3624484,30.2344202],[103.362631,30.233666],[103.362092,30.2327306],[103.3626175,30.2328202],[103.3624083,30.2324532],[103.3632629,30.2314068],[103.3645345,30.2306755],[103.3653807,30.230941],[103.3655904,30.2313707],[103.3684016,30.2313859],[103.3698254,30.2305077],[103.3698465,30.2294889],[103.370492,30.2288892],[103.3708775,30.2280285],[103.3706394,30.2273559],[103.371141,30.2263557],[103.370955,30.2257871],[103.3690973,30.2278443],[103.3683527,30.2282507],[103.3683833,30.2277804],[103.3677741,30.2284052],[103.3679432,30.2272691],[103.3694665,30.2260839],[103.3692754,30.2259237],[103.3696639,30.2256271],[103.3691527,30.2247141],[103.3699173,30.2243638],[103.3698946,30.2240623],[103.3707782,30.2233418],[103.3708176,30.2221666],[103.3711806,30.2212759],[103.3705624,30.2209737],[103.3710209,30.2203746],[103.3712459,30.2209124],[103.3716435,30.2208012],[103.371375,30.2203744],[103.371641,30.219851],[103.3711018,30.2194143],[103.3710811,30.2189792],[103.3713545,30.2176529],[103.3716881,30.2174179],[103.371432,30.2166409],[103.372055,30.2157532],[103.3709368,30.2157936],[103.3712097,30.2150468],[103.3707776,30.2142036],[103.3718064,30.2130376],[103.3710455,30.2130583],[103.3707059,30.2126691],[103.3695078,30.2127242],[103.3694609,30.2122087],[103.3686988,30.2120342],[103.3684555,30.2110467],[103.3682993,30.2113484],[103.3678162,30.2113593],[103.3677387,30.2108879],[103.3668843,30.210782],[103.3670599,30.210528],[103.3678288,30.2106052],[103.3680093,30.2102347],[103.3667272,30.2098452],[103.3663858,30.2102948],[103.366331,30.2091246],[103.3665044,30.2093468],[103.3673086,30.2092388],[103.3665356,30.2087538],[103.3660567,30.2088889],[103.365688,30.2101239],[103.3637897,30.2115774],[103.3640878,30.2102806],[103.3638092,30.2091969],[103.3641393,30.2083629],[103.3657182,30.2072456],[103.3658576,30.2061082],[103.3656065,30.2055382],[103.366737,30.2048626],[103.3665327,30.2040873],[103.3678969,30.2032957],[103.3687517,30.2036403],[103.3682387,30.203079],[103.3676407,30.2029908],[103.3678865,30.2025437],[103.3682401,30.2024121],[103.3681598,30.2027481],[103.3685648,30.2023074],[103.3704919,30.2024312],[103.3713117,30.20178],[103.3713855,30.2013669],[103.3710696,30.201346],[103.3705493,30.2020784],[103.3696366,30.2016604],[103.3686487,30.2020297],[103.3683135,30.2012043],[103.3697061,30.2014457],[103.3707556,30.2010968],[103.3706498,30.2001375],[103.3696833,30.1997664],[103.3693316,30.2002216],[103.3693491,30.1996639],[103.3687877,30.1990004],[103.3683451,30.1999405],[103.3652978,30.2004542],[103.3646097,30.2019195],[103.3642722,30.2020574],[103.3641158,30.2015058],[103.3650615,30.1997224],[103.3646182,30.1988229],[103.3639137,30.1985427],[103.3629911,30.1953947],[103.3617516,30.1956515],[103.3606975,30.1953396],[103.3586872,30.196081],[103.3574371,30.1955288],[103.356955,30.1947594],[103.3561316,30.1919231],[103.3569244,30.1926301],[103.3566364,30.1917063],[103.3570775,30.1912164],[103.3583153,30.1912509],[103.3587489,30.1905969],[103.3593531,30.1906321],[103.357967,30.1892679],[103.3595481,30.1899984],[103.3600682,30.1895794],[103.3594647,30.1884066],[103.3590153,30.1884029],[103.3593274,30.1881316],[103.3589409,30.1876392],[103.3601483,30.1876064],[103.3594938,30.1859969],[103.3600315,30.1853412],[103.3597699,30.1849381],[103.3593334,30.1854949],[103.3589418,30.1848004],[103.3593558,30.1849332],[103.3597741,30.1844747],[103.3606165,30.1844602],[103.3607854,30.1847778],[103.3613857,30.1847289],[103.3616238,30.1852543],[103.3622114,30.1847537],[103.3622853,30.1842913],[103.3627933,30.1846169],[103.3626097,30.1836644],[103.3620403,30.1831562],[103.3616542,30.1831067],[103.3610394,30.1835503],[103.3614723,30.182871],[103.3612851,30.1821335],[103.3615347,30.1811823],[103.3612451,30.1803876],[103.3610068,30.1806604],[103.3602552,30.1801356],[103.36005,30.1801683],[103.3602567,30.1803875],[103.3591096,30.1799588],[103.3585657,30.1803376],[103.3580799,30.1798429],[103.3568812,30.1802528],[103.3564702,30.1800864],[103.3571429,30.1793356],[103.3575837,30.1792608],[103.3572825,30.1789209],[103.3575348,30.1785979],[103.3573976,30.1780685],[103.3564925,30.178392],[103.3564448,30.177717],[103.3567165,30.1773084],[103.3562462,30.1775559],[103.3563609,30.176341],[103.3570047,30.1754661],[103.35678,30.1748405],[103.3569369,30.1744574],[103.3591587,30.1739356],[103.3593717,30.1727244],[103.3588637,30.1720778],[103.3596385,30.1718768],[103.3605284,30.1721516],[103.3604514,30.1715789],[103.3620193,30.1713615],[103.3625623,30.170764],[103.3617829,30.1703744],[103.361925,30.1696955],[103.3615229,30.1691934],[103.3611767,30.1677272],[103.3616403,30.167527],[103.3616765,30.1669809],[103.3622485,30.1671916],[103.362497,30.1666962],[103.3611365,30.165387],[103.3603928,30.1651908],[103.3608145,30.1650091],[103.3605918,30.1648109],[103.3610393,30.1634195],[103.3603952,30.1638155],[103.3604376,30.1630411],[103.3608482,30.1631163],[103.3603255,30.1623086],[103.3602417,30.161517],[103.3606501,30.1619271],[103.3610373,30.1612531],[103.3603799,30.1608694],[103.3603588,30.160591],[103.3606418,30.1608298],[103.3607442,30.1606583],[103.3601598,30.16015],[103.3602418,30.1597824],[103.3606078,30.1595989],[103.3611035,30.1599877],[103.361428,30.1592956],[103.3606089,30.1592004],[103.361718,30.1585059],[103.3629991,30.1585571],[103.3617199,30.1571821],[103.3648104,30.1572547],[103.3647173,30.1578136],[103.365186,30.15797],[103.3654423,30.1577139],[103.3650284,30.1587491],[103.3654789,30.158864],[103.3658464,30.1585759],[103.3662749,30.1588619],[103.3663641,30.1582357],[103.3680516,30.157681],[103.3686131,30.1569771],[103.3678279,30.1570349],[103.3671607,30.1574738],[103.3671703,30.1571143],[103.3668325,30.1570325],[103.3680142,30.1557406],[103.3695935,30.1556021],[103.370625,30.1551525],[103.3709979,30.1542248],[103.3715376,30.1535556],[103.3718785,30.1535295],[103.3716758,30.1532761],[103.3720271,30.1530289],[103.3733357,30.1536337],[103.3737626,30.1530718],[103.3726367,30.1520631],[103.3729227,30.1513736],[103.3724816,30.15168],[103.3721327,30.1515616],[103.3721226,30.1518819],[103.3716746,30.1518843],[103.3716529,30.1521012],[103.3712195,30.1519943],[103.3711656,30.1514012],[103.3716488,30.150302],[103.3714879,30.1496243],[103.3721115,30.1490659],[103.3711218,30.1487053],[103.3698506,30.1462215],[103.3685922,30.1457735],[103.3677712,30.146287],[103.366626,30.1458969],[103.3662924,30.1456286],[103.3665107,30.1449283],[103.3660567,30.144781],[103.3661885,30.1441931],[103.3651057,30.1429895],[103.3651279,30.1396916],[103.3656439,30.1389526],[103.3659655,30.1389216],[103.3658609,30.1381637],[103.3661999,30.1381417],[103.3661314,30.1387552],[103.3675491,30.1368873],[103.3681086,30.1367328],[103.3686755,30.1371012],[103.3693791,30.1369994],[103.3691954,30.1347917],[103.3704954,30.1323096],[103.3701554,30.1310186],[103.3705226,30.1301708],[103.3712606,30.1301411],[103.3715742,30.1294738],[103.3724427,30.1295574],[103.3736479,30.1288254],[103.3729676,30.1268265],[103.3733664,30.1243784],[103.373202,30.1233142],[103.3739257,30.123431],[103.3743074,30.122577],[103.3735322,30.1219249],[103.3735784,30.1208418],[103.3743801,30.1209052],[103.3749678,30.120126],[103.374233,30.1197217],[103.3743165,30.1193107],[103.3747877,30.1190798],[103.3742799,30.1189184],[103.3743582,30.1184268],[103.3754259,30.1186256],[103.3757092,30.1185002],[103.3754833,30.1183586],[103.3759417,30.1183573],[103.3753952,30.1181165],[103.3754029,30.1179091],[103.3762234,30.1178391],[103.3756512,30.1166085],[103.3765582,30.1158088],[103.3779092,30.1158741],[103.3765646,30.1155012],[103.3771221,30.1150082],[103.3773113,30.1142195],[103.3767583,30.1145674],[103.3756099,30.1136246],[103.376426,30.1125748],[103.3773314,30.1138565],[103.3771165,30.1125918],[103.3774637,30.1115515],[103.3781618,30.1110662],[103.3778596,30.1100051],[103.3780697,30.1092969],[103.378515,30.1092185],[103.3806006,30.110004],[103.3811908,30.1118625],[103.3816014,30.1101455],[103.3836364,30.1090149],[103.3849524,30.1088548],[103.3847926,30.1077762],[103.3843612,30.1074255],[103.38457,30.1070828],[103.3852692,30.1069717],[103.3857051,30.1060227],[103.3846342,30.1056988],[103.3847936,30.1051745],[103.3852404,30.1049057],[103.3849282,30.1046499],[103.3850106,30.1041555],[103.3857329,30.1040761],[103.3863088,30.1043796],[103.3876979,30.1034907],[103.3878672,30.1029983],[103.3873345,30.1027931],[103.3874604,30.1021497],[103.3869562,30.1020784],[103.3870175,30.101154],[103.387853,30.1015046],[103.3879658,30.1018051],[103.3885718,30.1017561],[103.3887892,30.1012908],[103.3893264,30.1013462],[103.3892942,30.1008432],[103.388672,30.1006827],[103.389793,30.0996585],[103.390251,30.0998241],[103.3912571,30.0985488],[103.3923322,30.0981427],[103.3925037,30.0971114],[103.3935827,30.0967126],[103.3951583,30.0967266],[103.3969483,30.0974467],[103.3984284,30.0976615],[103.3996198,30.09868],[103.4018362,30.1016182],[103.4033129,30.1019079],[103.4039694,30.10239],[103.4039805,30.1028815],[103.4056479,30.1037487],[103.4077778,30.1054056],[103.4082818,30.1056095],[103.409277,30.1053641],[103.4091372,30.1061065],[103.4094549,30.1063092],[103.4098065,30.107713],[103.4112172,30.1098336],[103.4131069,30.1101059],[103.4139319,30.1105359],[103.4139973,30.1112507],[103.4131389,30.1116978],[103.4135836,30.1118735],[103.4135544,30.1126236],[103.4123269,30.1137601],[103.4130914,30.1138822],[103.4134893,30.1146553],[103.4141249,30.1136585],[103.4135831,30.1130461],[103.4139142,30.1127488],[103.4146196,30.1127722],[103.4144982,30.1124371],[103.4138735,30.1123904],[103.4145373,30.1122498],[103.4148751,30.1115627],[103.4154654,30.1116973],[103.4157387,30.1123447],[103.4162088,30.1123204],[103.4166792,30.1118006],[103.4166678,30.1114302],[103.4182629,30.1104498],[103.4192875,30.1102945],[103.4193692,30.1105937],[103.4199598,30.1104934],[103.420753,30.1112608],[103.4205796,30.1115126],[103.4210193,30.1116609],[103.4214379,30.1111245],[103.42063,30.1108033],[103.4209751,30.1104416],[103.4220455,30.1101674],[103.4223621,30.1095481],[103.4248607,30.1083108],[103.4267196,30.1081653],[103.4275462,30.1064054],[103.4282004,30.1063911],[103.427627,30.1065625],[103.4279894,30.1071385],[103.4273541,30.1082262],[103.4277478,30.1085034],[103.4287277,30.1080134],[103.430844,30.1101061],[103.4310336,30.1108712],[103.4327192,30.112779],[103.4337934,30.1133333],[103.4338488,30.1138549],[103.4327853,30.1146375],[103.4328152,30.1149201],[103.4343531,30.1154288],[103.4342441,30.1164722],[103.4347747,30.1167582],[103.4345919,30.1178262],[103.4352458,30.1188723],[103.4362939,30.1197545],[103.4367775,30.119679],[103.436992,30.1193402],[103.4364067,30.118814],[103.4371226,30.118882],[103.437219,30.1191931],[103.437509,30.1187866],[103.4386501,30.1183286],[103.4398697,30.118467],[103.4413264,30.1173748],[103.4424723,30.1173574],[103.4433539,30.117019],[103.4435815,30.1156119],[103.443111,30.1142494],[103.4426877,30.1139153],[103.4430719,30.1136497],[103.4428817,30.1129264],[103.4395543,30.1124539],[103.4392687,30.1118295],[103.4401267,30.1113033],[103.4410732,30.1124248],[103.441502,30.1123925],[103.4414784,30.1119383],[103.4405088,30.1105356],[103.4398092,30.1100635],[103.4398992,30.1096618],[103.4414255,30.1081212],[103.4409428,30.1075499],[103.4408569,30.1068579],[103.4422209,30.1066293],[103.4422095,30.1071993],[103.4437648,30.1053602],[103.444386,30.1051947],[103.4448347,30.1054907],[103.4456461,30.1049083],[103.4454024,30.1046162],[103.4456311,30.1038447],[103.4445572,30.1033116],[103.4454847,30.101804],[103.4457759,30.1005596],[103.4466119,30.1004119],[103.4473474,30.100815],[103.4484068,30.1005861],[103.4503456,30.0982043],[103.4502814,30.0977543],[103.4508619,30.0971238],[103.4509462,30.0962297],[103.4515819,30.0953148],[103.4533137,30.0942899],[103.4537798,30.0930596],[103.4528431,30.0932806],[103.4540468,30.0923508],[103.4544571,30.0916339],[103.4562246,30.0925905],[103.4566007,30.0922819],[103.457352,30.0926337],[103.4575987,30.0935538],[103.4581734,30.0938908],[103.4591004,30.0958946],[103.4606407,30.0968627],[103.4609532,30.0977965],[103.4625023,30.098696],[103.4628512,30.0992585],[103.4640576,30.0996029],[103.4652485,30.1003603],[103.4664046,30.1020172],[103.4689745,30.1037249],[103.4689733,30.1043252],[103.4685736,30.1049791],[103.4668792,30.1060051],[103.4668847,30.1063766],[103.4672694,30.106402],[103.4667369,30.1076756],[103.4669831,30.1081772],[103.4664792,30.1090844],[103.4664264,30.1099915],[103.466134,30.110377],[103.4654063,30.1105999],[103.4656907,30.1112582],[103.4664763,30.1119205],[103.4663928,30.1123986],[103.4669446,30.1133603],[103.4661062,30.1143612],[103.466246,30.1149269],[103.4656822,30.1150612],[103.4646847,30.116042],[103.4639758,30.1176114],[103.4639725,30.1196813],[103.4636512,30.1203803],[103.4626738,30.1211142],[103.4618702,30.1213228],[103.4614657,30.1220747],[103.4602615,30.1223182],[103.4597979,30.1232788],[103.4582521,30.1236596],[103.4582074,30.1241869],[103.4538046,30.1246639],[103.453545,30.1251637],[103.4523504,30.1256198],[103.4526416,30.1283272],[103.4519125,30.1284976],[103.4513843,30.1282349],[103.4515121,30.1287753],[103.4507482,30.129356],[103.4501495,30.1304894],[103.4498934,30.1323381],[103.4478346,30.1338227],[103.4484197,30.1345144],[103.4482725,30.1354596],[103.4496375,30.1357479],[103.449646,30.1353841],[103.4491806,30.1352164],[103.4497267,30.1350854],[103.4522575,30.1359184],[103.4529131,30.1364088],[103.4529955,30.1371574],[103.4526014,30.1376259],[103.4529365,30.1378746],[103.4529125,30.1382386],[103.4534854,30.1379913],[103.4541499,30.1382535],[103.4544527,30.1382044],[103.4542716,30.1379743],[103.4544945,30.1374805],[103.4556765,30.1369974],[103.4575026,30.1368736],[103.4597821,30.1375208],[103.4600511,30.1368701],[103.4610383,30.136221],[103.4612346,30.1351177],[103.4632233,30.1327679],[103.4657486,30.1323737],[103.4671484,30.1325847],[103.4677069,30.1322917],[103.467388,30.1346043],[103.4682519,30.1345587],[103.4682982,30.1332356],[103.4689539,30.132013],[103.4692241,30.1340563],[103.469974,30.134507],[103.4698638,30.1337363],[103.4701782,30.1336775],[103.4701071,30.1341061],[103.4705031,30.1344827],[103.4709271,30.1345472],[103.471142,30.1342924],[103.4724864,30.1347701],[103.4725366,30.1339671],[103.4717062,30.1332191],[103.4722662,30.1316638],[103.4718869,30.1307512],[103.472738,30.130334],[103.4727568,30.1300778],[103.4715232,30.1296107],[103.4712252,30.1288033],[103.4705583,30.1287707],[103.4712343,30.1282412],[103.4719887,30.1280998],[103.4722621,30.1283809],[103.4724517,30.1281416],[103.4712503,30.1251164],[103.4711838,30.1245931],[103.4716507,30.1236574],[103.4711258,30.122741],[103.4708831,30.12069],[103.471367,30.1204735],[103.4717678,30.1215124],[103.4723185,30.1215493],[103.4727665,30.1209554],[103.4750439,30.1199537],[103.4770353,30.1204489],[103.4765958,30.1196129],[103.4769096,30.1188443],[103.477468,30.1184575],[103.4780546,30.1185283],[103.4784059,30.1191215],[103.4782956,30.1178482],[103.4787431,30.1170957],[103.4790534,30.1155454],[103.4786511,30.1142611],[103.4794395,30.1138191],[103.480649,30.1119796],[103.4806728,30.1109676],[103.481396,30.1095165],[103.4840261,30.1098089],[103.4842893,30.1101956],[103.4840939,30.110842],[103.4846852,30.111061],[103.4849495,30.1117949],[103.4861752,30.112633],[103.4859895,30.1132596],[103.4881649,30.1137401],[103.4891536,30.1149288],[103.4899113,30.1161648],[103.4893056,30.116583],[103.4888804,30.1174551],[103.4896358,30.1196391],[103.4889827,30.1202986],[103.4894166,30.120835],[103.4930301,30.1224616],[103.4927621,30.1228171],[103.4928541,30.1232513],[103.4935819,30.1231964],[103.4936513,30.1227037],[103.4950164,30.1223626],[103.4980403,30.1248403],[103.498947,30.1252542],[103.500193,30.1253796],[103.4999619,30.1264371],[103.5003318,30.1271628],[103.5012323,30.1277255],[103.5011311,30.1286467],[103.5015867,30.1287625],[103.5019908,30.1282704],[103.502233,30.1298752],[103.5049889,30.130925],[103.503898,30.1318311],[103.5039893,30.1320779],[103.5051707,30.132047],[103.506196,30.129921],[103.5068262,30.1292612],[103.5081162,30.1291628],[103.5096029,30.1310709],[103.5103721,30.1310267],[103.5113108,30.1324936],[103.5111603,30.1334751],[103.5117176,30.1349763],[103.5113349,30.1362937],[103.5105696,30.1367042],[103.5126444,30.1389913],[103.5121774,30.1392965],[103.5121427,30.1407121],[103.5116154,30.1410425],[103.5114709,30.1415643],[103.5126884,30.1415898],[103.5153462,30.1433876],[103.516382,30.1433464],[103.5170465,30.1436185],[103.5182278,30.1431708],[103.5199388,30.1446281],[103.5204352,30.1447764],[103.5209605,30.1441766],[103.5221449,30.1449889],[103.5267259,30.1464753],[103.5294389,30.1484813],[103.5286687,30.1494922],[103.5288814,30.1496753],[103.5299383,30.1487278],[103.5305289,30.1492629],[103.5313323,30.1507597],[103.5335943,30.1513119],[103.5347997,30.1526588],[103.5356902,30.1525782],[103.5362167,30.1530322],[103.5363475,30.1537052],[103.5358431,30.1541383],[103.5364782,30.1545313],[103.5375272,30.1566716],[103.5377083,30.1558644],[103.5374954,30.1554363],[103.5387488,30.1561571],[103.5389529,30.1564511],[103.5387041,30.1568],[103.5392174,30.157235],[103.5395786,30.1569744],[103.5401067,30.1573225],[103.5397354,30.1578135],[103.5400316,30.1581002],[103.5412228,30.157873],[103.5426216,30.1562269],[103.5431346,30.1562894],[103.5432514,30.1572775],[103.5425343,30.1571695],[103.5424822,30.1582239],[103.5427821,30.1584182],[103.5425046,30.1591886],[103.5431885,30.1598936],[103.5441447,30.1592394],[103.5445786,30.159516],[103.5442033,30.1600072],[103.5434063,30.1601795],[103.5429043,30.1611819],[103.542896,30.1619237],[103.5437111,30.1637544],[103.5436531,30.1643336],[103.5430871,30.1650392],[103.5428032,30.1646468],[103.5421573,30.1647549],[103.5432761,30.1665145],[103.5421875,30.166731],[103.5421802,30.1672234],[103.5408813,30.1698804],[103.5393301,30.170468],[103.538938,30.1716542],[103.5386097,30.1719303],[103.5381714,30.1716699],[103.5379394,30.1719676],[103.5376847,30.1726456],[103.538269,30.1730568],[103.5383252,30.1734622],[103.5365578,30.1748097],[103.5361491,30.1754468],[103.5358869,30.1767756],[103.5353588,30.1770626],[103.5356248,30.1775095],[103.5353441,30.178493],[103.5355542,30.1788013],[103.5352086,30.179232],[103.5355372,30.1803846],[103.5337061,30.1809517],[103.5326953,30.1828056],[103.5333991,30.1832686],[103.5334748,30.1838122],[103.5342772,30.1837018],[103.5347934,30.1830622],[103.533938,30.1828593],[103.5353511,30.1820164],[103.5366694,30.1823288],[103.5367543,30.181232],[103.5382528,30.179274],[103.5400601,30.1797898],[103.540385,30.1806718],[103.541457,30.1807677],[103.5419693,30.1814094],[103.5407707,30.1814502],[103.5400431,30.1809982],[103.5397333,30.1813342],[103.5399627,30.1815009],[103.5394222,30.1818996],[103.5394657,30.1824429],[103.5404831,30.1830948],[103.5419033,30.1823898],[103.5425204,30.1833442],[103.5418521,30.1832379],[103.5413422,30.1838944],[103.5422581,30.1838057],[103.5422877,30.1841324],[103.5417076,30.1844505],[103.5421728,30.1844949],[103.5428338,30.1851655],[103.5417448,30.1852489],[103.5425293,30.1857059],[103.5431421,30.1856757],[103.543341,30.1861612],[103.543831,30.1862013],[103.5453731,30.1879176],[103.5467109,30.18805],[103.5476296,30.1886533],[103.5477327,30.1885015],[103.5482114,30.1895364],[103.5488676,30.189732],[103.548826,30.1911044],[103.5482555,30.1916502],[103.5488146,30.1930571],[103.5496849,30.1917137],[103.5497143,30.1908568],[103.5512363,30.188973],[103.5514095,30.1896072],[103.5522322,30.1892899],[103.5526585,30.1884757],[103.5540395,30.1888901],[103.5554956,30.188714],[103.5562909,30.1890977],[103.5566221,30.1897971],[103.5571297,30.1900265],[103.5576939,30.1891822],[103.5587698,30.1890168],[103.5598673,30.1900305],[103.5601977,30.1900453],[103.5611537,30.1897857],[103.5609618,30.1894755],[103.561587,30.189003],[103.5622423,30.1888273],[103.562234,30.1891052],[103.5628999,30.1893293],[103.5638121,30.1885572],[103.5632695,30.1882228],[103.5619265,30.1886915],[103.5615043,30.1880452],[103.5619039,30.1875851],[103.5640741,30.1874395],[103.5649782,30.1870402],[103.5651494,30.187142],[103.5647228,30.1873328],[103.5650617,30.1873319],[103.5659604,30.1867611],[103.5658217,30.1875892],[103.5651986,30.1877176],[103.5663468,30.18825],[103.5662239,30.1889332],[103.5669863,30.1914727],[103.5690651,30.1911486],[103.5695057,30.1917398],[103.5683575,30.1913671],[103.5674422,30.1921664],[103.5655366,30.1927044],[103.5651231,30.1935403],[103.5656732,30.1936433],[103.5661191,30.194424],[103.5673132,30.195296],[103.5684836,30.1941381],[103.5690745,30.1944907],[103.5695113,30.1941478],[103.5697106,30.1959472],[103.5710265,30.1948378],[103.5714225,30.1958739],[103.5711503,30.1970307],[103.5705907,30.19768],[103.5699854,30.1975394],[103.5696624,30.1983978],[103.5707271,30.1990045],[103.5711765,30.1988074],[103.5711995,30.199213],[103.57172,30.198908],[103.5722011,30.1999232],[103.5719551,30.2003216],[103.5737348,30.2009969],[103.5740137,30.2016801],[103.5756482,30.2017535],[103.5765516,30.2011987],[103.5766692,30.2002448],[103.5773545,30.1987833],[103.578233,30.1991508],[103.5787348,30.1981749],[103.5802888,30.1982529],[103.5802028,30.1978491],[103.5804547,30.1977109],[103.5805948,30.1982285],[103.5812244,30.1982572],[103.5809286,30.1977495],[103.5817929,30.1978143],[103.5817346,30.1972457],[103.582091,30.1971422],[103.5821346,30.1979005],[103.5812814,30.1984643],[103.5808898,30.1994622],[103.5815121,30.1993886],[103.5826078,30.1983611],[103.5842417,30.1979597],[103.5847838,30.1986224],[103.5848337,30.2000522],[103.5855501,30.2004236],[103.5864186,30.2003868],[103.587034,30.2016888],[103.5868908,30.2027748],[103.5887077,30.2028912],[103.5894884,30.2026147],[103.5906848,30.2034447],[103.5913521,30.2032495],[103.5921668,30.203618],[103.593252,30.2055937],[103.5933344,30.2067082],[103.5941145,30.20672],[103.5952108,30.2062769],[103.5958562,30.2056604],[103.5975336,30.2062584],[103.5992141,30.2052587],[103.6012349,30.2053904],[103.601631,30.2046646],[103.6043645,30.2041177],[103.6049281,30.2036234],[103.6053642,30.2043256],[103.6059154,30.2043488],[103.6057509,30.2035759],[103.6061298,30.2033269],[103.606585,30.2047508],[103.6070425,30.2047349],[103.6069378,30.2039545],[103.6073023,30.2037448],[103.6079431,30.2044904],[103.6084522,30.2046205],[103.6101989,30.2043805],[103.6099088,30.2040322],[103.6105876,30.2042472],[103.6101225,30.2032921],[103.6102904,30.202884],[103.6089207,30.2012324],[103.6093508,30.1999486],[103.6081554,30.2000055],[103.6085786,30.1997568],[103.6065354,30.1994836],[103.6061615,30.1996238],[103.6076517,30.199979],[103.6073521,30.2002114],[103.6073837,30.2007058],[103.6049284,30.2006211],[103.6058512,30.199984],[103.6051858,30.1985051],[103.6062514,30.1977683],[103.6061876,30.1972113],[103.6067161,30.1970589],[103.6076094,30.1954596],[103.6083321,30.1949028],[103.6109806,30.1958676],[103.6129239,30.1971671],[103.6148014,30.1964686],[103.615769,30.1975817],[103.616928,30.1976735],[103.6171755,30.1968969],[103.6177828,30.1965472],[103.6186388,30.1970208],[103.6177807,30.1976871],[103.6177251,30.1982723],[103.6171536,30.1982093],[103.6167922,30.1985896],[103.6170693,30.1989249],[103.6165321,30.2011341],[103.6175993,30.2020166],[103.6183201,30.2020107],[103.6191145,30.2032774],[103.6187921,30.2052345],[103.6197361,30.2061668],[103.619216,30.2068609],[103.6203755,30.207264],[103.6202122,30.2078677],[103.6205825,30.2077123],[103.6208409,30.2081549],[103.6220439,30.2083419],[103.6226237,30.2081286],[103.6234953,30.2084184],[103.6235156,30.2087366],[103.6228826,30.2091386],[103.6239953,30.2086493],[103.6242431,30.2095685],[103.6240061,30.2097854],[103.6233115,30.2092655],[103.6223758,30.2094101],[103.6229362,30.2095019],[103.6221785,30.2097468],[103.6227084,30.2097814],[103.6225646,30.2104006],[103.6218394,30.2108352],[103.6208191,30.21081],[103.6216047,30.2109816],[103.6208948,30.2112037],[103.6214112,30.2113213],[103.6208176,30.2124622],[103.6219195,30.21319],[103.6215884,30.2126816],[103.6217874,30.212631],[103.6230969,30.2137731],[103.6232637,30.2142201],[103.6241068,30.2141148],[103.6242685,30.2136627],[103.6242815,30.2142539],[103.6230778,30.2146469],[103.623677,30.2162687],[103.6244403,30.2168491],[103.6258917,30.2174963],[103.6281092,30.2175963],[103.6282695,30.216881],[103.6287589,30.2167826],[103.6279425,30.2165202],[103.6281287,30.2161944],[103.629,30.2161715],[103.6287322,30.2158435],[103.6288639,30.2155516],[103.6296543,30.2154737],[103.6295096,30.2160463],[103.6311832,30.2150534],[103.6309982,30.2138712],[103.6294164,30.214175],[103.6300016,30.2137179],[103.6297766,30.2131611],[103.6304556,30.2128947],[103.6305662,30.2124917],[103.6301457,30.2125317],[103.6304584,30.2120791],[103.6298327,30.2123929],[103.6298059,30.2120722],[103.6310875,30.2117209],[103.6307599,30.2103819],[103.6310148,30.2100051],[103.6312409,30.2098646],[103.6318201,30.2102427],[103.632329,30.2096474],[103.6343994,30.2089959],[103.6353725,30.2081295],[103.6364171,30.208277],[103.6370695,30.2088202],[103.6374323,30.2087454],[103.6373982,30.2082408],[103.6379151,30.2086232],[103.6382254,30.2085426],[103.638277,30.2082742],[103.637331,30.207642],[103.6365277,30.2076887],[103.6363913,30.2073866],[103.6366818,30.2071823],[103.6376835,30.2076406],[103.6384183,30.207586],[103.6387686,30.2081599],[103.6408978,30.2072652],[103.6415634,30.2068886],[103.6411046,30.2063152],[103.6418914,30.2057128],[103.6404668,30.2057922],[103.6396932,30.2050087],[103.6408398,30.2054311],[103.6420652,30.2054656],[103.6424516,30.2063814],[103.6433626,30.2057633],[103.6431107,30.2050626],[103.6434759,30.2045635],[103.6442334,30.2045444],[103.6441703,30.2032131],[103.6452903,30.2030296],[103.6467366,30.2033423],[103.6468573,30.2031467],[103.6462854,30.2022022],[103.6469423,30.2021736],[103.6477284,30.2015689],[103.6489014,30.201664],[103.6502294,30.2011309],[103.650523,30.201472],[103.6507346,30.2028945],[103.6503799,30.2035348],[103.6494967,30.2041687],[103.64933,30.20474],[103.6506371,30.2081531],[103.6502708,30.2085265],[103.6498929,30.211193],[103.6504682,30.2113512],[103.6501251,30.2121202],[103.6503766,30.212517],[103.6500586,30.2127681],[103.6489517,30.2124228],[103.648452,30.2129715],[103.648167,30.212392],[103.6472851,30.2132454],[103.647168,30.2142505],[103.6465409,30.2148943],[103.6470815,30.2172281],[103.6479383,30.2179575],[103.6497568,30.2184476],[103.6516899,30.2205979],[103.6505873,30.2215319],[103.6495534,30.2211907],[103.6499993,30.2217688],[103.6495562,30.2225618],[103.6460425,30.2229659],[103.6430389,30.2250292],[103.6418162,30.2260749],[103.641148,30.2282169],[103.6417672,30.2288547],[103.6429135,30.2292601],[103.6464968,30.2293243],[103.6458256,30.2302891],[103.6454788,30.2326356],[103.6463351,30.2329729],[103.6466592,30.2359928],[103.6476685,30.2365601],[103.6507888,30.2371874],[103.6505696,30.237938],[103.6519423,30.2376654],[103.652126,30.23837],[103.6534727,30.2386821],[103.6533497,30.2381042],[103.6535446,30.238076],[103.6544788,30.238781],[103.6539266,30.2400804],[103.6547743,30.2400481],[103.6554766,30.2396757],[103.6589222,30.239849],[103.6600712,30.2391197],[103.6609631,30.2390142],[103.6637606,30.2406751],[103.6652401,30.240411],[103.6670522,30.2405511],[103.6691688,30.241353],[103.6700397,30.2404538],[103.6709758,30.2408502],[103.6715403,30.2399509],[103.6712545,30.2396486],[103.6707646,30.2402193],[103.6704549,30.2401223],[103.6706174,30.2395393],[103.6703095,30.2393734],[103.6700011,30.2395766],[103.6694794,30.238904],[103.6696868,30.2383009],[103.6707399,30.2384972],[103.6718901,30.2394453],[103.6747229,30.2402345],[103.6749741,30.2411638],[103.6740926,30.2419797],[103.6744083,30.2421674],[103.6753726,30.2413576],[103.6745799,30.2423312],[103.6747677,30.2425435],[103.6752213,30.2427053],[103.6756253,30.2447699],[103.6745905,30.2479696],[103.6748253,30.2493179],[103.6757469,30.2494704],[103.6775524,30.2486991],[103.6794999,30.2485938],[103.6797709,30.2490451],[103.6795487,30.2497617],[103.6800182,30.2504889],[103.6800162,30.2510935],[103.6810723,30.2527341],[103.6815978,30.2551001],[103.6803848,30.2565916],[103.6826993,30.257486],[103.6850361,30.2587901],[103.6860148,30.2595229],[103.6869904,30.2597826],[103.6854776,30.2601068],[103.6856275,30.2607],[103.6852278,30.261271],[103.6855015,30.2621673],[103.6852753,30.262807],[103.6859583,30.263259],[103.6852224,30.2637163],[103.6844747,30.2647336],[103.6835324,30.2649802],[103.6830098,30.2655329],[103.6816088,30.265707],[103.6803583,30.2653858],[103.6790502,30.2672067],[103.6804668,30.2683384],[103.6791679,30.2698288],[103.6805108,30.2698078],[103.6789781,30.2711062],[103.67943,30.2716185],[103.6788957,30.2720629],[103.679548,30.2721651],[103.6790797,30.2726519],[103.6798816,30.2727359],[103.6797053,30.2730357],[103.6790225,30.2729436],[103.6807084,30.2740773],[103.6823904,30.2740827],[103.6852735,30.2722335],[103.6872668,30.2711709],[103.6892961,30.2706313],[103.6901102,30.2708258],[103.6905301,30.271651],[103.6909261,30.2741941],[103.6916923,30.2748367],[103.6947743,30.2759882],[103.6960205,30.2761121],[103.6986508,30.2756538],[103.6989581,30.2751713],[103.6986618,30.2748318],[103.6954469,30.2739033],[103.6947235,30.2733365],[103.6946447,30.2728127],[103.6952095,30.2724078],[103.6995899,30.2713496],[103.7013113,30.2712548],[103.7027304,30.2713066],[103.7041904,30.2715443],[103.7056874,30.272194],[103.7067522,30.2730264],[103.707852,30.2744567],[103.7099689,30.2782014],[103.7100797,30.2783992],[103.7107295,30.2798192],[103.7118743,30.2811856],[103.7127667,30.2824933],[103.7130861,30.2829138],[103.7150573,30.2853452],[103.7161302,30.2859381],[103.7188339,30.2857158],[103.7201213,30.2859011],[103.7227392,30.2892363],[103.7239837,30.2900515],[103.7259149,30.2902368],[103.7307643,30.2887175],[103.7330389,30.2883839],[103.734498,30.2887175],[103.7356138,30.2912003],[103.7359571,30.2932013],[103.7356567,30.2949058],[103.7316995,30.3013497],[103.724849,30.3077372],[103.7265151,30.3105416],[103.7322234,30.3130981],[103.7359048,30.3131138],[103.7383604,30.3120978],[103.740549,30.3093191],[103.7423086,30.3095043],[103.7449264,30.3110233],[103.7483167,30.3098007],[103.7490892,30.3106158],[103.7492415,30.3197457],[103.7508916,30.3213964],[103.7524785,30.3220869],[103.7583589,30.3224337],[103.7602043,30.3219151],[103.7625759,30.3203421],[103.7649727,30.3207925],[103.7662548,30.3221392],[103.7646246,30.3273234],[103.7653369,30.3313328],[103.7663429,30.331337],[103.7671164,30.3317364],[103.7671989,30.3324261],[103.7681144,30.3338637],[103.7672367,30.3339114],[103.766901,30.3342375],[103.7684105,30.3342683],[103.7687331,30.334757],[103.7695094,30.3350276],[103.7696818,30.3355279],[103.769169,30.3364612],[103.7684723,30.3355932],[103.7674497,30.3353834],[103.7660163,30.3341648],[103.7654997,30.3345471],[103.7653715,30.3348399],[103.7662074,30.3354744],[103.7659523,30.3360977],[103.7669569,30.3359497],[103.7678699,30.3363662],[103.767997,30.3369594],[103.7675482,30.3374369],[103.7673063,30.3383129],[103.7678385,30.3386815],[103.7691218,30.3375638],[103.7700038,30.3379251],[103.770046,30.3376458],[103.7706478,30.337554],[103.7710657,30.3380278],[103.771154,30.3383323],[103.7707086,30.3388827],[103.7693112,30.3398205],[103.7692744,30.3401126],[103.7697485,30.3405111],[103.7693707,30.3413985],[103.7695806,30.3417058],[103.7700307,30.3416717],[103.7706865,30.3402106],[103.7721042,30.3391196],[103.7732202,30.3401758],[103.7739401,30.3399818],[103.7722893,30.3380217],[103.7724601,30.3372394],[103.7734039,30.3369313],[103.7737,30.3363056],[103.7743417,30.3376886],[103.7746809,30.3378814],[103.7745226,30.3380171],[103.7738837,30.3375755],[103.7741394,30.3382082],[103.7759811,30.338703],[103.7759557,30.3407072],[103.7763963,30.3411808],[103.7777332,30.341247],[103.7801433,30.3405835],[103.7815175,30.3413922],[103.7813747,30.3416372],[103.7816123,30.3418009],[103.7822423,30.3411303],[103.7822096,30.3416242],[103.7814361,30.3424376],[103.7823042,30.3427575],[103.7822603,30.3432367],[103.7827892,30.3441173],[103.7845781,30.3435478],[103.786257,30.3447044],[103.7870135,30.3446732],[103.7879949,30.3457248],[103.7907176,30.3470803],[103.7922187,30.3472151],[103.7932948,30.3464475],[103.7943803,30.3470705],[103.7957861,30.3487003],[103.7963225,30.3489349],[103.796583,30.3493087],[103.7964057,30.3499084],[103.7971714,30.3492563],[103.799262,30.3493127],[103.7999873,30.3488669],[103.800967,30.3495785],[103.802893,30.3494278],[103.803555,30.3499965],[103.8047507,30.3495663],[103.8044348,30.350241],[103.8047867,30.3505447],[103.8063204,30.3503638],[103.8063457,30.3490358],[103.8051576,30.3492919],[103.8048314,30.3488446],[103.8054335,30.3482747],[103.8072692,30.3476442],[103.8073429,30.348102],[103.806546,30.349084],[103.8069966,30.3500695],[103.8075725,30.3499948],[103.8073857,30.3513172],[103.8082771,30.3505342],[103.8081241,30.3478435],[103.8090519,30.3465125],[103.8120304,30.3466327],[103.8128917,30.3461753],[103.8131201,30.3463824],[103.8148901,30.3460242],[103.8152693,30.3461844],[103.8159185,30.3479495],[103.81626,30.3471858],[103.8159724,30.3464304],[103.8179807,30.3472237],[103.8234201,30.3472514],[103.8275296,30.3478763],[103.8277227,30.3478718],[103.8276808,30.3471161],[103.8286755,30.3469971],[103.8287817,30.3474609],[103.8299023,30.3477715],[103.830349,30.34745],[103.8320346,30.3477943],[103.8331586,30.3474227],[103.8348851,30.347671],[103.8352693,30.3480922],[103.835951,30.3474601],[103.8377973,30.3476034],[103.8381025,30.3472251],[103.8385764,30.3471957],[103.8390554,30.3475212],[103.841182,30.3465811],[103.8413095,30.3460836],[103.8422122,30.3455378],[103.8440479,30.3465862],[103.8448464,30.3456897],[103.8480551,30.3463206],[103.8485288,30.3471016],[103.8499464,30.3480027],[103.8498029,30.3486151],[103.8501995,30.3485803],[103.8503112,30.3489537],[103.850699,30.3487237],[103.8519186,30.3491459],[103.851674,30.3499838],[103.8533978,30.3501835],[103.8537959,30.3503427],[103.8537432,30.3506412],[103.8547133,30.3502614],[103.8556391,30.3503621],[103.8557814,30.3515973],[103.8560373,30.3509874],[103.8567808,30.3506875],[103.8587,30.3508944],[103.8588168,30.3505819],[103.859534,30.3506726],[103.8594804,30.3509896],[103.8613467,30.3511772],[103.864458,30.3507561],[103.8652244,30.3501301],[103.8657249,30.350143],[103.8682965,30.3542802],[103.8690934,30.3565016],[103.8703532,30.3581462],[103.871261,30.3585691],[103.8722983,30.3586838],[103.87146,30.3526382],[103.871532,30.350899],[103.8718881,30.3507533],[103.8717565,30.3491272],[103.8731181,30.3491427],[103.8755042,30.3486549],[103.8759803,30.3480551],[103.8757858,30.3474546],[103.8765547,30.3471641],[103.8769325,30.3457471],[103.8767275,30.3453088],[103.8781513,30.3439246],[103.8780428,30.342834],[103.8793067,30.342558],[103.8809696,30.3405092],[103.8812289,30.3398189],[103.8803987,30.3382163],[103.8816965,30.3369314],[103.8815305,30.3358567],[103.8819083,30.3357502],[103.8824913,30.3362778],[103.8832537,30.3353372],[103.8832849,30.3343477],[103.8827251,30.3337734],[103.8833343,30.332809],[103.8834534,30.3320374],[103.8833477,30.3318273],[103.8841819,30.3318008],[103.8833419,30.3317188],[103.8821555,30.3319895],[103.8822331,30.3314112],[103.8819253,30.330916],[103.8823631,30.3302815],[103.8827138,30.3312535],[103.8838379,30.3313331],[103.8847992,30.3310256],[103.8848187,30.3314175],[103.8871492,30.3315488],[103.8873597,30.3321486],[103.8870607,30.3324332],[103.8877907,30.3328598],[103.8880453,30.3326142],[103.8882884,30.3328584],[103.8888449,30.3327908],[103.8895404,30.3333292],[103.8901263,30.332851],[103.890616,30.3332074],[103.8903922,30.3336305],[103.8910519,30.3339857],[103.8920394,30.3338397],[103.8930047,30.3330215],[103.8938984,30.3327557],[103.8943332,30.3333784],[103.8948162,30.3333139],[103.8959279,30.3355973],[103.8967845,30.3348477],[103.8976137,30.3345099],[103.898328,30.334565],[103.8987953,30.3359427],[103.900383,30.3363753],[103.9005201,30.3353328],[103.9012364,30.3352762],[103.9015457,30.3349445],[103.9014611,30.3344931],[103.9020214,30.3344324],[103.9032988,30.3333642],[103.9044584,30.3331466],[103.9064696,30.3334025],[103.906944,30.332969],[103.907164,30.3332353],[103.9078575,30.3325572],[103.9091034,30.3326426],[103.9090444,30.3341318],[103.9093411,30.3352378],[103.9090617,30.3372191],[103.9092829,30.3379858],[103.9086681,30.3386621],[103.9082953,30.3397332],[103.9103656,30.339028],[103.9107421,30.3396317],[103.9099737,30.3401549],[103.910563,30.3403269],[103.9107929,30.3411382],[103.9101629,30.3416862],[103.9104469,30.3423578],[103.9111304,30.342547],[103.9113912,30.3431132],[103.9117705,30.3430798],[103.9120822,30.3422375],[103.9154221,30.3416771],[103.9156387,30.3423454],[103.9153052,30.3427942],[103.9153756,30.3435597],[103.9162574,30.3447452],[103.9174874,30.3457512],[103.9170327,30.3463811],[103.9169539,30.347318],[103.915719,30.3482015],[103.9151214,30.3511989],[103.9132784,30.3541508],[103.9131456,30.3555916],[103.9122884,30.3564168],[103.9128163,30.35901],[103.9134685,30.3599295],[103.9177759,30.3612961],[103.9189722,30.3620645],[103.9209758,30.3613786],[103.9218535,30.3628215],[103.9232558,30.3640424],[103.9239693,30.3644423],[103.9267587,30.3624705],[103.9298272,30.3622854],[103.9315009,30.3628038],[103.931458,30.360619],[103.9335608,30.3614152],[103.9340329,30.3605265],[103.9371657,30.361193],[103.9396977,30.3610264],[103.9402556,30.3598599],[103.9369511,30.3570086],[103.9340973,30.3539905],[103.9338612,30.352361],[103.9350199,30.3519351],[103.9343977,30.3491761],[103.9337969,30.3487502],[103.9339685,30.3485465],[103.9342475,30.3481947],[103.9342904,30.3473614],[103.9370131,30.3458441],[103.9369082,30.3435282],[103.9378524,30.3421393],[103.9383888,30.3416208],[103.9400839,30.3382689],[103.9412642,30.3352872],[103.9432811,30.3330093],[103.9465642,30.3305276],[103.9496112,30.327805],[103.9512419,30.3264529],[103.9521003,30.3254713],[103.9538812,30.3241748],[103.9558124,30.3241192],[103.9573788,30.3233042],[103.9608979,30.3245267],[103.9615845,30.3241562],[103.9630383,30.3223225],[103.9628988,30.3218548],[103.963049,30.3216279],[103.9630222,30.3211417],[103.9634836,30.3212945],[103.9637786,30.3209056],[103.9638966,30.3205073],[103.9641541,30.320373],[103.9645243,30.3196553],[103.9647389,30.3196275],[103.96483,30.3193497],[103.9654845,30.3179558],[103.9660048,30.318141],[103.9665252,30.3172149],[103.9667666,30.3173307],[103.9669919,30.3163211],[103.9669651,30.3161868],[103.9676142,30.3162563],[103.9676732,30.3153348],[103.9679146,30.3145846],[103.9683223,30.3138853],[103.9681667,30.3136584],[103.9670134,30.3131212],[103.965522,30.3126766],[103.9662999,30.3100531],[103.9681908,30.3108532],[103.9690934,30.3101788],[103.9698451,30.3097304],[103.9703819,30.3095804],[103.9708005,30.309635],[103.9711814,30.3098846],[103.9713907,30.3102083],[103.9719701,30.3105417],[103.9725708,30.3106101],[103.9731546,30.3106123],[103.9737423,30.3104432],[103.974147,30.310348],[103.9743053,30.3098485],[103.9746995,30.3099051],[103.9747374,30.309737],[103.9757175,30.309745],[103.9760704,30.3097789],[103.9761914,30.3095725],[103.9762272,30.3094267],[103.9761249,30.3091874],[103.9759673,30.3090468],[103.9755146,30.3085827],[103.9750231,30.3073169],[103.975117,30.306764],[103.9754475,30.3062641],[103.975662,30.3058546],[103.975646,30.305554],[103.9752972,30.3047747],[103.9752778,30.3042171],[103.9747038,30.3033084],[103.9740488,30.3021294],[103.9735293,30.3019505],[103.9733672,30.3017823],[103.973236,30.3013717],[103.9732359,30.3013015],[103.9734937,30.3012671],[103.9736587,30.3012472],[103.9736505,30.30114],[103.9735809,30.3010185],[103.9726933,30.3002503],[103.9738858,30.2994538],[103.9741616,30.2984224],[103.9740407,30.2981302],[103.9735366,30.2974946],[103.9725148,30.2966249],[103.9724934,30.295961],[103.9720284,30.2952652],[103.971928,30.2950008],[103.9718893,30.2946726],[103.9713683,30.2938673],[103.9713121,30.2936399],[103.9718029,30.2922629],[103.9715295,30.291865],[103.9717615,30.291084],[103.9712983,30.2908638],[103.9710322,30.2906648],[103.9708624,30.2901866],[103.9708829,30.2898145],[103.9717868,30.2899694],[103.9719375,30.2904099],[103.9720912,30.2904212],[103.9722021,30.2900064],[103.9726135,30.2896636],[103.9727871,30.289483],[103.9727988,30.2892815],[103.9727031,30.2890058],[103.9724364,30.2884892],[103.9723835,30.2879349],[103.9726127,30.2877368],[103.9728849,30.2873534],[103.9729854,30.2873128],[103.9733575,30.2873481],[103.9741551,30.2873287],[103.9758091,30.2865593],[103.9763511,30.2873748],[103.9769697,30.2868276],[103.9772379,30.2868275],[103.9776831,30.2866145],[103.9780452,30.286267],[103.9782477,30.2861396],[103.9786708,30.2860389],[103.9786112,30.2856139],[103.978862,30.2855273],[103.9790089,30.285345],[103.9793398,30.2849944],[103.9796876,30.2846895],[103.9799302,30.2846225],[103.9801083,30.2845555],[103.9800719,30.2843032],[103.9802361,30.2842883],[103.9806508,30.2844661],[103.9807616,30.2843511],[103.9817414,30.2845883],[103.9819171,30.2846916],[103.9827452,30.2843449],[103.982876,30.2839518],[103.9833142,30.2838789],[103.9834689,30.2835367],[103.9836643,30.2833564],[103.9836654,30.28284],[103.9838699,30.2824799],[103.9838004,30.2820219],[103.9837739,30.2813323],[103.983545,30.2809136],[103.9832411,30.2804765],[103.9830106,30.2796493],[103.982835,30.2789839],[103.9827267,30.278484],[103.982748,30.2783312],[103.982853,30.2782413],[103.9830697,30.2782363],[103.9831983,30.2783823],[103.9833909,30.2788736],[103.9836796,30.279013],[103.9838347,30.2791938],[103.9839039,30.2794674],[103.9839727,30.2796718],[103.9841535,30.2797116],[103.9841193,30.2794933],[103.9843278,30.2794737],[103.9843352,30.2793095],[103.9840423,30.2790897],[103.9838849,30.278903],[103.9838134,30.2786978],[103.9839278,30.2784542],[103.9840709,30.2780411],[103.9841639,30.2772797],[103.9843847,30.2773531],[103.9846545,30.277376],[103.9849672,30.2772137],[103.985424,30.2769611],[103.9857305,30.2766715],[103.9859727,30.2762058],[103.9860861,30.2758327],[103.9862345,30.2757275],[103.9866207,30.2758106],[103.9871786,30.2759938],[103.9876442,30.2762324],[103.9880844,30.2763038],[103.9884217,30.2760374],[103.988644,30.2759135],[103.9890594,30.2758266],[103.9894135,30.2758359],[103.9893277,30.2756135],[103.989671,30.2755857],[103.9899178,30.2755024],[103.9900358,30.2754931],[103.9902396,30.2755302],[103.9903254,30.2754097],[103.9902074,30.2753263],[103.9899111,30.2752924],[103.9898803,30.2750914],[103.9902259,30.2750764],[103.990604,30.2750384],[103.9905452,30.2748054],[103.9904097,30.2746095],[103.9903632,30.2744809],[103.9908263,30.2742118],[103.9910235,30.2741055],[103.991143,30.2740957],[103.9912401,30.2741093],[103.9912205,30.2740196],[103.9910691,30.273932],[103.990637,30.2738143],[103.9908115,30.2734837],[103.9914601,30.27378],[103.9915649,30.2735613],[103.991044,30.2733848],[103.991095,30.273217],[103.9916726,30.273451],[103.9917844,30.2733785],[103.9920668,30.2733239],[103.9924062,30.2727342],[103.9927812,30.2729987],[103.9930041,30.2727581],[103.9931766,30.2728141],[103.9937314,30.2717819],[103.9925616,30.2712092],[103.9922263,30.270858],[103.9921034,30.2704823],[103.9919991,30.2701344],[103.9920453,30.2698054],[103.9929763,30.2690669],[103.9936949,30.2682916],[103.994054,30.2682853],[103.9944163,30.2687346],[103.9948098,30.2689531],[103.9950844,30.2688851],[103.9957101,30.2680869],[103.9958036,30.2679507],[103.995897,30.2678145],[103.9957143,30.2673162],[103.9955457,30.2672458],[103.9956197,30.2671087],[103.9958584,30.2671511],[103.9960662,30.2667841],[103.9961536,30.2665013],[103.9956039,30.2667015],[103.9955379,30.266625],[103.9962058,30.2663023],[103.996384,30.2659636],[103.9963598,30.2657699],[103.9964822,30.265569],[103.9969044,30.265487],[103.9973266,30.265466],[103.9976535,30.2655309],[103.9978417,30.2656091],[103.9980561,30.2657828],[103.9981492,30.2659124],[103.9981856,30.2660665],[103.9982313,30.2664834],[103.998332,30.2667652],[103.9984611,30.2669737],[103.9987366,30.2673919],[103.9988911,30.2677269],[103.9988747,30.2678453],[103.9987745,30.2679595],[103.998782,30.2680485],[103.9988866,30.2680982],[103.999335,30.2680904],[103.9995666,30.2681115],[103.9997131,30.2680347],[104.0000082,30.267875],[103.9998938,30.2676667],[103.9997935,30.2676174],[103.9996474,30.2674323],[103.9995967,30.267211],[103.9997258,30.2672129],[103.9998045,30.2672811],[103.9999784,30.2673336],[104.0002069,30.2672804],[104.0004344,30.2672904],[104.0007463,30.2675339],[104.0008491,30.267662],[104.0009925,30.2676527],[104.0011067,30.2675808],[104.0011217,30.2673499],[104.0012387,30.267368],[104.0014104,30.2673526],[104.0013273,30.267007],[104.0014488,30.2669431],[104.0016375,30.2671159],[104.0017815,30.2670252],[104.0017938,30.2667737],[104.0021225,30.2664725],[104.0024851,30.2662973],[104.0029113,30.2661528],[104.0031518,30.265964],[104.0034488,30.2658118],[104.0041562,30.2654585],[104.0043219,30.2654804],[104.0044876,30.2656245],[104.0049322,30.2655412],[104.0051106,30.2654929],[104.0054306,30.265518],[104.005718,30.2656176],[104.005977,30.2658701],[104.0063614,30.265978],[104.0064929,30.2660997],[104.0065111,30.266197],[104.0061937,30.2663182],[104.0061201,30.2670047],[104.0060727,30.2671997],[104.0059287,30.2673216],[104.0050879,30.2677113],[104.0051842,30.2679123],[104.0054787,30.2677831],[104.0059048,30.2680994],[104.0063452,30.2677799],[104.0065888,30.2679174],[104.0069881,30.2675902],[104.0072978,30.2678392],[104.0071342,30.2680003],[104.0072435,30.2681542],[104.0076521,30.2682923],[104.0079413,30.268398],[104.0081708,30.268671],[104.0083378,30.268525],[104.0085561,30.2680392],[104.0092451,30.2680195],[104.0094551,30.2679914],[104.0096562,30.2679141],[104.0098984,30.2679671],[104.0101784,30.2679559],[104.0103952,30.2679668],[104.0104776,30.2680573],[104.0104442,30.2682015],[104.0110324,30.2688882],[104.0113648,30.2687181],[104.0116301,30.2689448],[104.0119114,30.2690704],[104.0119246,30.2695184],[104.0119945,30.2697218],[104.0117532,30.2699318],[104.0117726,30.27027],[104.0113715,30.2703437],[104.0111469,30.2702078],[104.0108939,30.2702309],[104.010756,30.2703139],[104.0106643,30.270602],[104.0107781,30.2707135],[104.0110483,30.271059],[104.0111061,30.2712638],[104.0111067,30.2715007],[104.0114043,30.2718148],[104.0115743,30.2718679],[104.0117868,30.2718232],[104.012372,30.2712609],[104.0127166,30.2711881],[104.0129386,30.2712991],[104.0130583,30.2716041],[104.0131838,30.2718485],[104.0133173,30.272044],[104.0135115,30.2721234],[104.0136511,30.272102],[104.0136915,30.2716771],[104.0143884,30.2716462],[104.0143201,30.2723697],[104.0146116,30.272334],[104.0147715,30.2720411],[104.0152159,30.2719649],[104.0157312,30.272011],[104.0158524,30.2718448],[104.0163519,30.2717617],[104.0165116,30.2710184],[104.0161161,30.270412],[104.016159,30.2702311],[104.0164143,30.2699157],[104.0174331,30.2693426],[104.0175897,30.269261],[104.0177175,30.2692935],[104.0178949,30.2694299],[104.0179604,30.2695906],[104.0182045,30.2701076],[104.0194783,30.2705852],[104.019667,30.2706871],[104.0199548,30.2711924],[104.0200727,30.2715816],[104.0203581,30.2715989],[104.0211108,30.2717018],[104.0212229,30.2719441],[104.021721,30.2721763],[104.0225764,30.2723254],[104.0229108,30.2723588],[104.0232054,30.2725161],[104.0234576,30.2727712],[104.0238292,30.273107],[104.0244025,30.2734363],[104.0242252,30.2737469],[104.0243472,30.2739468],[104.0243445,30.274224],[104.0244834,30.2743056],[104.0244001,30.2748173],[104.0248764,30.2750035],[104.0249562,30.2748963],[104.0251989,30.2749908],[104.0253202,30.2748486],[104.025031,30.2746574],[104.0253079,30.2743998],[104.0258809,30.274533],[104.0261071,30.2743668],[104.0262565,30.2744167],[104.0268306,30.273513],[104.027008,30.2735863],[104.0272138,30.2739041],[104.027918,30.2736734],[104.0278917,30.2735258],[104.0273133,30.2736839],[104.0271298,30.2734882],[104.0277545,30.273121],[104.0274751,30.2724967],[104.0276082,30.2724227],[104.0273575,30.2719682],[104.0272463,30.2717593],[104.0272049,30.2714592],[104.027255,30.2710586],[104.0273758,30.2708352],[104.0275867,30.2707058],[104.0278408,30.2703935],[104.0282156,30.2701273],[104.0283765,30.2699965],[104.0285092,30.2698047],[104.0285285,30.269625],[104.0284674,30.2694924],[104.0281892,30.2693711],[104.0278377,30.269286],[104.0274071,30.2692923],[104.0270078,30.2693627],[104.0267302,30.2696058],[104.0264711,30.2697151],[104.0263111,30.2697144],[104.0262668,30.2696118],[104.026278,30.2695024],[104.0263818,30.2694576],[104.0264691,30.269319],[104.0264856,30.2691682],[104.027283,30.2686099],[104.0272888,30.268511],[104.0274504,30.2683021],[104.0276602,30.2683123],[104.0275401,30.2680749],[104.0274419,30.2678237],[104.0274711,30.2675235],[104.0276287,30.2671309],[104.027765,30.2668851],[104.0279721,30.2667371],[104.0276432,30.2663631],[104.027824,30.2662825],[104.0279307,30.2663414],[104.0280799,30.2661619],[104.0283565,30.2661535],[104.0285558,30.2663875],[104.0286842,30.2667315],[104.0288585,30.2670316],[104.0290229,30.2672038],[104.0293949,30.2673118],[104.0296821,30.2675544],[104.0303231,30.2675584],[104.0305613,30.26759],[104.0308136,30.2679273],[104.031441,30.2678305],[104.0315588,30.2676481],[104.0318642,30.2676874],[104.0318045,30.2678904],[104.0330064,30.2680958],[104.0330898,30.2682279],[104.0328482,30.2686715],[104.0330035,30.2687282],[104.0333147,30.2684081],[104.0337818,30.2685965],[104.0332437,30.2689108],[104.0334348,30.2691474],[104.0338807,30.2689194],[104.034174,30.2694133],[104.0340993,30.2694914],[104.0342227,30.2695756],[104.0346292,30.2691708],[104.0350521,30.2691959],[104.0350815,30.2694612],[104.0352808,30.2695064],[104.0352546,30.2695968],[104.0353722,30.2696064],[104.035395,30.2698823],[104.036842,30.2700185],[104.0376835,30.2699486],[104.0381266,30.2702764],[104.038065,30.2704342],[104.0380768,30.2705135],[104.0379907,30.2706449],[104.0384785,30.271004],[104.0386941,30.2708962],[104.0385204,30.2707457],[104.0386501,30.2706659],[104.0387963,30.2707631],[104.0391049,30.2704124],[104.0393569,30.2699026],[104.0398309,30.2700003],[104.0398892,30.2698719],[104.0400458,30.2700706],[104.0402449,30.2701959],[104.0407579,30.270367],[104.0406299,30.2709585],[104.0409128,30.2712725],[104.0412239,30.2713971],[104.0411566,30.2715531],[104.0413949,30.2716661],[104.0419105,30.2720711],[104.0419276,30.272243],[104.0417903,30.2724663],[104.0419341,30.2726147],[104.0422193,30.2725185],[104.042436,30.2726898],[104.0424452,30.2730078],[104.0433133,30.2737781],[104.0437687,30.2741633],[104.043925,30.2741678],[104.0439822,30.273989],[104.043955,30.2735703],[104.0448609,30.2734773],[104.0471614,30.2741215],[104.0474136,30.2730489],[104.0477175,30.2710788],[104.0481447,30.2705187],[104.0486002,30.2700687],[104.0489582,30.2693048],[104.0490968,30.2688771],[104.0492516,30.267611],[104.0494392,30.2661016],[104.0494329,30.2654858],[104.0489492,30.2650309],[104.0485999,30.264746],[104.0484348,30.2641634],[104.048416,30.263591],[104.0486331,30.2631641],[104.0491027,30.2628406],[104.0499462,30.2623915],[104.0505449,30.2621975],[104.0510424,30.2616603],[104.0514692,30.2613066],[104.0517624,30.261457],[104.0516187,30.2616789],[104.0520848,30.2621322],[104.0528003,30.2626163],[104.0528867,30.2624228],[104.0531692,30.262552],[104.0535195,30.2629718],[104.0538091,30.2636661],[104.0539231,30.2635814],[104.0541406,30.263793],[104.0541667,30.2644039],[104.0544163,30.2648001],[104.0555383,30.2653787],[104.0562446,30.2657654],[104.0566302,30.2661126],[104.0568534,30.2668121],[104.0576734,30.2666893],[104.0577299,30.2669497],[104.0579184,30.2669681],[104.0579881,30.2665995],[104.0581461,30.266628],[104.058145,30.2668126],[104.0584279,30.2668357],[104.0584278,30.2665621],[104.0586002,30.2665865],[104.0586369,30.2669972],[104.0588752,30.2669774],[104.0591166,30.2671614],[104.0590252,30.2673241],[104.0587069,30.2677878],[104.0585139,30.2678053],[104.0584913,30.2680162],[104.0585663,30.2682015],[104.0587276,30.2682804],[104.0589647,30.2682936],[104.0592312,30.2680767],[104.0604058,30.2681226],[104.0605186,30.2681934],[104.0607301,30.2684771],[104.0609095,30.2685004],[104.06136,30.2684492],[104.0615394,30.2684885],[104.0616292,30.2686039],[104.0617664,30.2687148],[104.0624328,30.2688448],[104.0626181,30.2686916],[104.0622365,30.2684532],[104.0625645,30.2676323],[104.0626927,30.2676586],[104.0626233,30.2680166],[104.0627579,30.2680214],[104.0626829,30.268303],[104.0628535,30.2683446],[104.0629975,30.2678637],[104.0628926,30.2677251],[104.0628,30.267544],[104.0628086,30.267291],[104.0621531,30.2664069],[104.062206,30.2659162],[104.0623698,30.2654788],[104.0625359,30.2655137],[104.0632812,30.265027],[104.0634503,30.2651811],[104.0636563,30.2652182],[104.0637285,30.265407],[104.0639116,30.2653723],[104.0640679,30.2655465],[104.0641872,30.2654759],[104.0643272,30.2652283],[104.0639682,30.2644077],[104.0635214,30.2644165],[104.0634535,30.2642743],[104.0636367,30.2641615],[104.0635119,30.2638572],[104.0627816,30.2639085],[104.0626644,30.2638302],[104.0626207,30.2636232],[104.0624045,30.2634376],[104.0627311,30.2629675],[104.0628883,30.2630678],[104.0630655,30.2630807],[104.0632304,30.2628913],[104.0633529,30.2628093],[104.0641532,30.2628656],[104.0650521,30.2631934],[104.0652119,30.26299],[104.064164,30.2624248],[104.063668,30.2617027],[104.0636619,30.2614296],[104.0637697,30.2610268],[104.0639131,30.2610193],[104.0641182,30.2612035],[104.064428,30.2609193],[104.0643179,30.2608038],[104.0643064,30.260518],[104.0651848,30.2598698],[104.0653675,30.2600058],[104.0655871,30.2599182],[104.0658584,30.2598618],[104.0663517,30.2598587],[104.0663857,30.2596868],[104.0662964,30.2595788],[104.066118,30.2594266],[104.0658109,30.2593395],[104.0656526,30.2591973],[104.065558,30.2588063],[104.065741,30.2585574],[104.0658378,30.2580742],[104.065917,30.2579524],[104.0660922,30.2578383],[104.0662674,30.2577987],[104.0663774,30.2576901],[104.0664505,30.25739],[104.0666151,30.2571482],[104.0668661,30.2569703],[104.0671293,30.2570425],[104.06715,30.2572436],[104.0672467,30.2573388],[104.0674296,30.2573755],[104.0676125,30.2576054],[104.0677495,30.2575298],[104.0678783,30.2576358],[104.0679941,30.2575806],[104.0679512,30.2574594],[104.0680599,30.2574053],[104.0679814,30.2571888],[104.0681064,30.2570952],[104.068015,30.2566131],[104.0682952,30.2565427],[104.0687525,30.2565496],[104.0691519,30.2564196],[104.0693886,30.2561913],[104.0704289,30.25657],[104.070444,30.257078],[104.0707361,30.2571705],[104.0707114,30.2573432],[104.0708373,30.2574436],[104.0707213,30.2579011],[104.0705089,30.2580175],[104.0702933,30.2580303],[104.0703074,30.2584511],[104.0707119,30.2584364],[104.0707848,30.2586024],[104.0704105,30.2588177],[104.0705079,30.260049],[104.0707599,30.2599483],[104.0711868,30.2600524],[104.0712279,30.2601989],[104.0720822,30.2605279],[104.072132,30.2603433],[104.0722991,30.2603484],[104.0725313,30.2609013],[104.0727062,30.2607529],[104.0723769,30.2602113],[104.0723617,30.2595877],[104.0727274,30.2595423],[104.0728005,30.2600857],[104.0731502,30.2600625],[104.0731257,30.2595336],[104.0741095,30.2596135],[104.0739184,30.2607632],[104.0740557,30.2607328],[104.0741603,30.2605619],[104.0743509,30.2605783],[104.0743323,30.2610571],[104.0745594,30.2612681],[104.0747865,30.2611981],[104.0748673,30.2607841],[104.0748504,30.2605526],[104.0744347,30.2599814],[104.0748023,30.2598596],[104.0748934,30.2596114],[104.0752203,30.2594966],[104.0751406,30.2592694],[104.0754381,30.2589622],[104.0756304,30.2589415],[104.0758226,30.2589209],[104.0761015,30.2585636],[104.0761747,30.2584599],[104.0765243,30.2583843],[104.0768577,30.2584702],[104.077557,30.2584929],[104.0774584,30.2581917],[104.0776286,30.2578304],[104.07762,30.2576939],[104.0770536,30.257545],[104.0765522,30.2573118],[104.0764439,30.256719],[104.0770697,30.2567861],[104.0779762,30.2571006],[104.0783726,30.2572157],[104.0786627,30.2572058],[104.078881,30.2570885],[104.0789576,30.2568543],[104.0788228,30.2563672],[104.0794807,30.2559241],[104.0792443,30.2554247],[104.0787064,30.2558447],[104.0779883,30.255575],[104.0780215,30.2551784],[104.0786376,30.2551284],[104.0794326,30.2548256],[104.0793857,30.2547206],[104.0789973,30.2548263],[104.0790012,30.2546726],[104.0785497,30.2547928],[104.0783421,30.2549551],[104.0778777,30.2549301],[104.0776156,30.2543885],[104.0769389,30.2542411],[104.0765223,30.2540517],[104.0764041,30.2542695],[104.076237,30.2541923],[104.0761793,30.2543751],[104.0760315,30.2544035],[104.0759798,30.2547693],[104.0757625,30.2547705],[104.0759133,30.2532278],[104.075812,30.2528229],[104.0758508,30.2523886],[104.076106,30.2521996],[104.0764263,30.2522353],[104.0766633,30.2524426],[104.0769201,30.2526306],[104.0773737,30.2525489],[104.0776241,30.2522636],[104.078113,30.251696],[104.0781907,30.2514899],[104.0780082,30.2512136],[104.0778257,30.2508109],[104.0779377,30.250448],[104.0781076,30.2500979],[104.0785259,30.24993],[104.079109,30.2502955],[104.079547,30.2507381],[104.0798711,30.2510614],[104.0802334,30.2518063],[104.0814715,30.2522076],[104.0819573,30.2522751],[104.0822328,30.252653],[104.0825657,30.2526804],[104.0830573,30.2524342],[104.0835227,30.2523813],[104.0839749,30.2526288],[104.0841522,30.2521696],[104.084606,30.2523706],[104.0851953,30.2522611],[104.0858395,30.2518973],[104.0863212,30.2522359],[104.0866762,30.2524517],[104.087015,30.2529625],[104.0872657,30.2530423],[104.0881749,30.2530097],[104.0884507,30.2529021],[104.0886696,30.2527664],[104.0888959,30.2526917],[104.0895038,30.2529343],[104.089884,30.2532611],[104.0904981,30.2529175],[104.0903278,30.252427],[104.0903124,30.2519516],[104.0903792,30.2513801],[104.0906965,30.250739],[104.0908024,30.2502384],[104.0901685,30.2499254],[104.0898603,30.2496648],[104.0896829,30.249284],[104.0893033,30.2490948],[104.0893575,30.2486982],[104.0892951,30.2484717],[104.089493,30.2483858],[104.0894819,30.2482602],[104.0890414,30.2483027],[104.0889423,30.2475165],[104.0896062,30.2474611],[104.0897467,30.2473574],[104.090001,30.247352],[104.0904167,30.2473726],[104.0904362,30.2471023],[104.0911224,30.2463263],[104.0920157,30.2460499],[104.0926209,30.2455745],[104.0932975,30.2444728],[104.0932749,30.2439191],[104.0937284,30.243598],[104.0941657,30.2431364],[104.0942938,30.2426822],[104.0941545,30.2424621],[104.0936295,30.2425207],[104.0935517,30.2420917],[104.0940513,30.2415104],[104.09464,30.2416936],[104.0946263,30.241913],[104.0950076,30.242012],[104.0954201,30.2416516],[104.0957402,30.2417544],[104.0959551,30.2411563],[104.0973047,30.2409864],[104.0974962,30.2417363],[104.0978465,30.2417681],[104.0985073,30.2419696],[104.099314,30.2418363],[104.1001021,30.2415255],[104.1003449,30.2417026],[104.1015405,30.2413473],[104.1019608,30.2413472],[104.1020869,30.2408952],[104.1023461,30.2406047],[104.1027558,30.2403869],[104.103203,30.2402819],[104.104388,30.2398383],[104.1055782,30.2391969],[104.1077679,30.2390639],[104.1081756,30.2390629],[104.1085102,30.2388445],[104.1087335,30.2384368],[104.1087611,30.2379102],[104.1087233,30.2375126],[104.1090713,30.2368258],[104.109634,30.2363004],[104.1099723,30.2357772],[104.1100522,30.2355415],[104.1099708,30.2353107],[104.1097585,30.2351444],[104.1096568,30.2349635],[104.1097429,30.2342708],[104.1101035,30.2331901],[104.1103054,30.232295],[104.1104509,30.2318132],[104.1106717,30.2313722],[104.111154,30.231012],[104.1116457,30.2308374],[104.1123398,30.2306532],[104.1128083,30.230311],[104.1131546,30.2299906],[104.1135383,30.2295733],[104.1141446,30.2293226],[104.1144894,30.228975],[104.1157167,30.2289281],[104.1151226,30.228518],[104.1154009,30.2282224],[104.1163853,30.2289104],[104.1178955,30.2295692],[104.1182397,30.2293982],[104.1187239,30.2293967],[104.1195519,30.2293787],[104.1202701,30.2292374],[104.1212219,30.2290799],[104.1225334,30.2290286],[104.1232671,30.2288877],[104.123746,30.2287285],[104.1243497,30.22877],[104.124717,30.2288311],[104.1250314,30.2290714],[104.1251029,30.2293763],[104.1249764,30.2306483],[104.1251881,30.2308999],[104.1256612,30.2312807],[104.1259011,30.2316932],[104.1257591,30.2331923],[104.1265624,30.2335134],[104.1273491,30.2340502],[104.1275969,30.2342361],[104.1276766,30.2348577],[104.1280595,30.2351672],[104.1283864,30.2360255],[104.1286741,30.2360484],[104.1287152,30.2364391],[104.1294176,30.2364973],[104.1294101,30.2361036],[104.1301718,30.2359034],[104.1308587,30.2359615],[104.1310693,30.2356403],[104.1317257,30.2357217],[104.1320271,30.2358516],[104.1330192,30.2356685],[104.1342727,30.2357597],[104.1353789,30.2363134],[104.1367505,30.2372593],[104.1374059,30.2372552],[104.1383687,30.2376162],[104.1388943,30.2379284],[104.1392518,30.2384019],[104.1403191,30.2393516],[104.140359,30.2396718],[104.1399139,30.2403091],[104.1399861,30.2405564],[104.1402122,30.2406809],[104.1403626,30.2410982],[104.1411481,30.2413057],[104.1420533,30.2419807],[104.1427072,30.2422785],[104.1432396,30.2423144],[104.143507,30.242327],[104.1437743,30.2424364],[104.1442156,30.242752],[104.1447714,30.2432379],[104.1451987,30.2433305],[104.1458035,30.24352],[104.1463966,30.2439311],[104.1467236,30.2444145],[104.1481087,30.2455631],[104.1485789,30.2461307],[104.1491502,30.2466485],[104.1500336,30.2469719],[104.1499897,30.2475532],[104.1496595,30.2486265],[104.1492452,30.2492237],[104.1491299,30.2500171],[104.1490479,30.2506817],[104.1487174,30.2510059],[104.1485334,30.2511035],[104.148088,30.2511204],[104.1484027,30.2520025],[104.1485327,30.2526063],[104.1483452,30.2532746],[104.1479328,30.2535462],[104.1491351,30.2541374],[104.1492927,30.255298],[104.1498332,30.2556987],[104.1501551,30.2563354],[104.1502902,30.2571818],[104.1507102,30.2576531],[104.1507334,30.2586068],[104.1505324,30.2594153],[104.1500876,30.2608086],[104.1494768,30.2616501],[104.1484737,30.2621931],[104.1484556,30.2623789],[104.1495209,30.2627889],[104.1496896,30.2639412],[104.1499891,30.2653922],[104.1499801,30.2660692],[104.1499196,30.2667305],[104.15027,30.2671658],[104.1506899,30.2676816],[104.1507972,30.2681593],[104.1507761,30.268866],[104.1507831,30.2694275],[104.1509613,30.2698005],[104.1514427,30.2704871],[104.1518235,30.2706933],[104.1549596,30.2715205],[104.1549325,30.2731665],[104.1550972,30.2737929],[104.1550068,30.2748393],[104.1551485,30.275298],[104.1549819,30.2761197],[104.1550398,30.2765109],[104.1551723,30.2772247],[104.1551835,30.2775997],[104.1551331,30.2778114],[104.1556589,30.2791029],[104.1566237,30.2798299],[104.1569766,30.2804998],[104.1577207,30.2811913],[104.1598939,30.282195],[104.1609151,30.282834],[104.1621418,30.283352],[104.1633519,30.2848418],[104.1637498,30.2852135],[104.164241,30.2855368],[104.1655225,30.2856673],[104.1659805,30.2895633],[104.1661827,30.2923867],[104.1662196,30.2933073],[104.1659579,30.293703],[104.1651943,30.2943161],[104.1660372,30.2946227],[104.166322,30.2949456],[104.1664252,30.2952379],[104.1667582,30.29614],[104.1668031,30.296806],[104.166564,30.297147],[104.1662857,30.297495],[104.1670721,30.29773],[104.1679574,30.2986022],[104.1684253,30.299514],[104.1693616,30.2997475],[104.1699889,30.3001243],[104.170448,30.3007995],[104.1711399,30.3016417],[104.1712712,30.30177],[104.1718882,30.3017048],[104.1724684,30.3019776],[104.1728233,30.3022538],[104.1729913,30.3027236],[104.1727627,30.3036957],[104.172821,30.3039968],[104.1733858,30.3047666],[104.1736351,30.3066284],[104.1736265,30.3070192],[104.1737772,30.30719],[104.1738237,30.3075591],[104.174076,30.3080496],[104.1741212,30.3082237],[104.1744465,30.3086959],[104.1748037,30.3090306],[104.1756622,30.3095505],[104.1757676,30.3104163],[104.1759368,30.310677],[104.1757346,30.311103],[104.1756896,30.3113495],[104.1758511,30.3116391],[104.1764345,30.3123811],[104.1764155,30.3126972],[104.1756094,30.3130752],[104.1756,30.3131782],[104.1763268,30.3138927],[104.1775732,30.3147442],[104.1777993,30.3151251],[104.178089,30.3152584],[104.1784774,30.3157451],[104.1783888,30.316181],[104.178109,30.3165344],[104.1776131,30.3166085],[104.1770834,30.3168943],[104.1765218,30.31696],[104.1761529,30.3176867],[104.1757521,30.3180283],[104.1755751,30.3187547],[104.1753024,30.3191784],[104.175713,30.3196408],[104.1765931,30.3206327],[104.1770651,30.3212386],[104.1775688,30.3215421],[104.1786056,30.3228762],[104.1784767,30.3232696],[104.1787301,30.323553],[104.1790777,30.325055],[104.1793906,30.3256386],[104.1794427,30.3261183],[104.1797382,30.3264174],[104.1792521,30.3269803],[104.1791164,30.3273781],[104.1790682,30.3277337],[104.1793859,30.3279224],[104.1800532,30.3279559],[104.1804957,30.3278442],[104.1808231,30.3275796],[104.1832318,30.3286251],[104.1830091,30.3292706],[104.1831051,30.3295587],[104.184476,30.3301897],[104.1848883,30.33057],[104.1861928,30.3311702],[104.1870618,30.3321072],[104.1880081,30.3321376],[104.1885326,30.3323134],[104.1892662,30.3326036],[104.1905684,30.33246],[104.1910633,30.3319909],[104.1914099,30.3312576],[104.1923045,30.3281825],[104.1930338,30.3272649],[104.1954206,30.326349],[104.196766,30.3250034],[104.1978077,30.3212966],[104.1984329,30.3199098],[104.1991881,30.3191771],[104.2006984,30.3188515],[104.2019221,30.3188514],[104.2030418,30.3192591],[104.2063843,30.3216008],[104.2080505,30.322946],[104.2086842,30.3231699],[104.2092139,30.3232305],[104.2106987,30.3231305],[104.213511,30.3220914],[104.2173222,30.32042],[104.22154,30.3195047],[104.2260635,30.3177922],[104.2283639,30.3171411],[104.2299347,30.3164274],[104.2311933,30.3154095],[104.2320878,30.3138812],[104.232356,30.3120865],[104.232148,30.3113555],[104.2313147,30.3102551],[104.2301772,30.3092963],[104.2293787,30.3083999],[104.2289535,30.3075856],[104.2288926,30.3068526],[104.2297432,30.3026968],[104.2299954,30.3008432],[104.2297775,30.2973724],[104.2296485,30.2953205],[104.2292834,30.2946082],[104.223676,30.288966],[104.2233899,30.2885368],[104.2239713,30.2869585],[104.2240485,30.2861057],[104.2242056,30.284372],[104.224596,30.2826595],[104.224475,30.2820393],[104.2240057,30.2808481],[104.2238205,30.2805339],[104.2234762,30.2799516],[104.2233722,30.2795845],[104.2233282,30.2786257],[104.2247354,30.2771501],[104.2263234,30.2761215],[104.2289101,30.2749908],[104.2294743,30.2749902],[104.2299955,30.2750295],[104.2303597,30.2751948],[104.2337539,30.2783217],[104.2343182,30.278595],[104.2355765,30.2787688],[104.2359416,30.2786879],[104.2364017,30.2783712],[104.2365408,30.2779552],[104.2365839,30.2760905],[104.236888,30.2752137],[104.2372441,30.274583],[104.2383543,30.2733996],[104.2406816,30.2715576],[104.2409154,30.2710997],[104.2410107,30.2701098],[104.2406986,30.2693068],[104.2394746,30.2676445],[104.2378596,30.2659539],[104.2375124,30.2657498],[104.2366363,30.2655264],[104.2346478,30.2653444],[104.2344137,30.2651102],[104.2340837,30.2644071],[104.2328773,30.2629705],[104.2300042,30.2606067],[104.2290668,30.2596081],[104.2286156,30.2588148],[104.2285805,30.2581008],[104.2287017,30.256898],[104.2296393,30.2552898],[104.2307158,30.2540057],[104.2326947,30.2532331],[104.2351346,30.2526014],[104.2357227,30.2523459],[104.2364018,30.2520502],[104.2396395,30.2482609],[104.2409417,30.2469375],[104.2416187,30.2466527],[104.2432855,30.2469371],[104.2450564,30.2474865],[104.2460802,30.2474866],[104.2471399,30.2473237],[104.2527469,30.2445989],[104.2534674,30.2442488],[104.254509,30.2439426],[104.25608,30.2439423],[104.2605166,30.2449818],[104.261193,30.2448385],[104.262174,30.2442681],[104.2631113,30.2430047],[104.2651254,30.2398668],[104.2687275,30.2332679],[104.2689364,30.2309039],[104.2686669,30.2291721],[104.2680167,30.2278487],[104.2675044,30.227093],[104.2672007,30.2261973],[104.2671656,30.2253014],[104.2674434,30.2242422],[104.2684854,30.2227966],[104.2694053,30.221288],[104.2701774,30.2205135],[104.2707247,30.2203921],[104.2716014,30.2203924],[104.2747441,30.2215946],[104.2768788,30.2229785],[104.2778603,30.2233455],[104.2791621,30.2235691],[104.279874,30.2235494],[104.2806119,30.2231416],[104.2824607,30.2206566],[104.2858637,30.2176816],[104.286862,30.2163994],[104.2899351,30.2137104],[104.2931727,30.2119179],[104.2946832,30.2110816],[104.2973306,30.2102657],[104.2996574,30.2097781],[104.3029118,30.2100426],[104.3036061,30.2098796],[104.3045609,30.208984],[104.3063408,30.2059691],[104.3069922,30.2047039],[104.3077473,30.2038296],[104.3083977,30.2034826],[104.3098223,30.203074],[104.3109414,30.203096],[104.3129554,30.2033804],[104.3196399,30.2057018],[104.3218182,30.2062947],[104.3246915,30.2068652],[104.3256898,30.2068442],[104.3262195,30.2067422],[104.3274871,30.2059479],[104.32832,30.2038704],[104.3287718,30.2032785],[104.3311934,30.2026269],[104.3315115,30.2022814],[104.3321478,30.2015881],[104.333207,30.2002441],[104.3338234,30.199715],[104.3356556,30.1991445],[104.3399693,30.1983285],[104.3427061,30.1979245],[104.3471398,30.1972696],[104.3489541,30.1969024],[104.3494789,30.1966735],[104.3499347,30.1964747],[104.355681,30.1923192],[104.3595222,30.1899993],[104.3619568,30.1885297],[104.3631981,30.1873059],[104.363711,30.1862692],[104.363728,30.1857782],[104.3633379,30.1845778],[104.3625476,30.1837019],[104.3615229,30.1834155],[104.3598127,30.183335],[104.3533809,30.1845153],[104.3516271,30.1846782],[104.3510974,30.18419],[104.3508112,30.1831715],[104.3511325,30.181785],[104.3528075,30.1795872],[104.3556209,30.1762037],[104.359449,30.1744108],[104.3636847,30.1733526],[104.3681036,30.1700316],[104.3794141,30.168055],[104.3803117,30.1676872],[104.380655,30.1675469],[104.3837367,30.1643264],[104.3843449,30.162779],[104.3854644,30.1591532],[104.3855244,30.1585582],[104.3857941,30.1558931],[104.3875822,30.1474389],[104.3875043,30.1456461],[104.3877302,30.144463],[104.3883984,30.1427315],[104.3885981,30.1416944],[104.3885194,30.1409195],[104.3878693,30.1392899],[104.3853946,30.1358456],[104.3893008,30.1313952],[104.3917401,30.12894],[104.3936502,30.1278292],[104.3947611,30.1275037],[104.396159,30.1272493],[104.4016019,30.1273926],[104.4033809,30.1278596],[104.4048911,30.1280747],[104.4070792,30.128116],[104.4074691,30.127983],[104.407982,30.1273933],[104.4080679,30.1270462],[104.408086,30.1261083],[104.408494,30.1240513],[104.4089019,30.1226445],[104.4099708,30.1215679],[104.4117146,30.1198126],[104.4133805,30.1182653],[104.4149697,30.1148022],[104.4151778,30.1137843],[104.4151349,30.1113193],[104.415603,30.1100145],[104.4174003,30.1077336],[104.4176604,30.1069588],[104.4141972,30.1048797],[104.4129382,30.1042701],[104.4126952,30.103821],[104.4129383,30.1023761],[104.4171566,30.0979945],[104.4201085,30.0955507],[104.4257942,30.0922689],[104.4273563,30.0920455],[104.429666,30.0921283],[104.4316366,30.0924737],[104.4325133,30.0927989],[104.4330859,30.0932677],[104.4332249,30.0937779],[104.4330687,30.0947146],[104.432391,30.0957327],[104.4322269,30.0970976],[104.432452,30.0975878],[104.4329204,30.0981985],[104.4337972,30.0990947],[104.4342487,30.0998084],[104.4341275,30.1019872],[104.4343277,30.1025774],[104.4350654,30.1036776],[104.4355508,30.1040852],[104.4417403,30.1021302],[104.4431724,30.1021717],[104.447574,30.1036579],[104.4480336,30.1067958],[104.4466713,30.1077732],[104.4446743,30.1084264],[104.4344665,30.1100557],[104.4330681,30.1106457],[104.4327557,30.1113193],[104.4327387,30.1120933],[104.4329639,30.1124796],[104.4335374,30.1127254],[104.4367748,30.1124991],[104.4383637,30.1126836],[104.4390755,30.1133157],[104.4394379,30.1140633],[104.4398654,30.114945],[104.4408465,30.1162886],[104.4423735,30.1173693],[104.4458986,30.1186127],[104.4485889,30.1190789],[104.4504991,30.1197107],[104.4551522,30.1231957],[104.45293,30.1265968],[104.4517488,30.1290233],[104.4504645,30.1306916],[104.449015,30.1328116],[104.4467923,30.1354403],[104.4462634,30.1367222],[104.4462633,30.1375992],[104.4465497,30.1388208],[104.4470004,30.1397586],[104.4482243,30.140553],[104.4491188,30.1407158],[104.4524786,30.1407567],[104.4529033,30.1410826],[104.4534933,30.1419179],[104.4532508,30.1438123],[104.4529903,30.1450558],[104.4529031,30.1465226],[104.4532336,30.1477233],[104.4535802,30.148396],[104.4542755,30.1491505],[104.4550038,30.1495781],[104.4566189,30.1497607],[104.4595267,30.1492114],[104.4630341,30.1491099],[104.4635802,30.1513292],[104.4628867,30.1522065],[104.4623394,30.1533671],[104.4623895,30.1540873],[104.4624786,30.1553634],[104.463155,30.1566461],[104.4647003,30.1585629],[104.4658238,30.1596547],[104.4668791,30.1606804],[104.469438,30.162292],[104.4698569,30.1625561],[104.4725213,30.1635132],[104.4730335,30.1636146],[104.4740931,30.1632485],[104.4752992,30.1621668],[104.4774778,30.1591729],[104.4785545,30.158378],[104.4801426,30.1581335],[104.4814711,30.1582153],[104.4826952,30.1586428],[104.4859327,30.1618832],[104.4866886,30.1633083],[104.4866625,30.1640623],[104.4864188,30.1651835],[104.4834418,30.1678728],[104.4822616,30.1685844],[104.4815056,30.1696432],[104.480942,30.1724755],[104.4812017,30.1733322],[104.4823215,30.1753484],[104.4831035,30.1764686],[104.4834855,30.1772437],[104.4835897,30.178567],[104.4833811,30.1798903],[104.4825207,30.1818268],[104.4819141,30.183192],[104.4818188,30.1841287],[104.4819752,30.1847191],[104.4823049,30.1854121],[104.4837038,30.1855078],[104.4848943,30.1847912],[104.4851732,30.1850509],[104.4847869,30.1878483],[104.4856535,30.1880624],[104.4861066,30.1874621],[104.487952,30.187425],[104.4878662,30.1879722],[104.4870722,30.1891407],[104.4873941,30.1906986],[104.4882953,30.1906801],[104.4905804,30.1888353],[104.491733,30.1902162],[104.4943893,30.1903555],[104.4947326,30.1912365],[104.4939013,30.1931861],[104.4945931,30.1936197],[104.497565,30.1918856],[104.4987266,30.192669],[104.4999074,30.1938704],[104.5006836,30.1930628],[104.4995177,30.1897805],[104.5017234,30.1883457],[104.5027824,30.1865119],[104.5042233,30.1854333],[104.5051258,30.185067],[104.5059591,30.1848825],[104.5076687,30.1848826],[104.5124174,30.1857177],[104.5133408,30.1859504],[104.5184069,30.1872261],[104.5202214,30.1878982],[104.5215577,30.18861],[104.5225561,30.1897717],[104.5237199,30.1915439],[104.5262889,30.1965358],[104.5271659,30.1972082],[104.5278776,30.1973521],[104.5292056,30.1972697],[104.5312974,30.1964332],[104.5330684,30.1950279],[104.5340315,30.1932764],[104.5352904,30.1889167],[104.537452,30.1870411],[104.5381203,30.1869417],[104.5390842,30.1870631],[104.5429405,30.189258],[104.5446656,30.1902399],[104.5508805,30.192686],[104.5573914,30.1948612],[104.5589882,30.1953939],[104.5642224,30.1978811],[104.5660109,30.1989187],[104.5669485,30.1998559],[104.5673828,30.2007935],[104.5687015,30.2042761],[104.5698821,30.2080045],[104.5701513,30.2085148],[104.5707596,30.2090035],[104.5730426,30.2099821],[104.5768969,30.2110599],[104.5789712,30.2119177],[104.5823912,30.2137103],[104.5865054,30.2163576],[104.5883058,30.2178643],[104.5885027,30.2180284],[104.589935,30.2188039],[104.5943704,30.2203919],[104.5966965,30.2219391],[104.5977556,30.223285],[104.598285,30.2251189],[104.5986935,30.2272778],[104.5986494,30.2311886],[104.5992607,30.2339674],[104.5995094,30.2351013],[104.59983,30.2373822],[104.5995093,30.2384411],[104.5966538,30.2396241],[104.5947003,30.2401119],[104.59352,30.2413747],[104.5932332,30.2422296],[104.5935978,30.2442265],[104.5942923,30.2453685],[104.595959,30.2467546],[104.5972699,30.2473237],[104.6040319,30.2485867],[104.6049258,30.2485865],[104.6068444,30.2480178],[104.6072988,30.2476817],[104.6094918,30.2460608],[104.6140148,30.2430463],[104.6171483,30.242191],[104.6265242,30.2424079],[104.6335049,30.2419013],[104.6387455,30.2417008],[104.6425732,30.241783],[104.6459587,30.2421495],[104.6492353,30.242638],[104.6506651,30.2430275],[104.6512154,30.2441674],[104.6514925,30.2460398],[104.6511314,30.2487453],[104.6507295,30.2517588],[104.6503166,30.2540873],[104.6482764,30.2574686],[104.643384,30.2629463],[104.6408249,30.265811],[104.6387093,30.2680641],[104.635763,30.2710111],[104.635313,30.2722586],[104.6351165,30.2736858],[104.6351603,30.2746646],[104.6355244,30.275724],[104.6369486,30.2783718],[104.6388235,30.2824057],[104.6411501,30.2858279],[104.643702,30.2877547],[104.6455857,30.2888425],[104.6467284,30.2888726],[104.6471741,30.2888839],[104.6483637,30.2888029],[104.6497437,30.2881916],[104.6529643,30.2847693],[104.6551597,30.2819976],[104.6578507,30.2803678],[104.6594009,30.27993],[104.661601,30.279309],[104.6636089,30.2790112],[104.6657053,30.2786993],[104.669277,30.2787435],[104.674624,30.2799632],[104.6776951,30.2822021],[104.6784327,30.2823647],[104.6788385,30.282219],[104.6795702,30.2819566],[104.6826685,30.279022],[104.684787,30.2778002],[104.6861667,30.2773927],[104.6878854,30.2775576],[104.6894306,30.2781257],[104.6925049,30.2843157],[104.6952993,30.2899424],[104.695411,30.2903752],[104.6959503,30.292469],[104.6975823,30.2963809],[104.7002643,30.301433],[104.7013231,30.304367],[104.7015445,30.3045237],[104.7046655,30.3067306],[104.7088233,30.3087883],[104.7102903,30.3089703],[104.7117577,30.3089703],[104.7127731,30.308625],[104.7139014,30.3077676],[104.7145089,30.3075449],[104.7158715,30.3077292],[104.71687,30.3082589],[104.7183544,30.3096631],[104.7192572,30.3107239],[104.7196395,30.3109665],[104.7203508,30.3110497],[104.7211321,30.3110079],[104.7216928,30.3106453],[104.7226777,30.3100094],[104.7236756,30.3085836],[104.7245088,30.306568],[104.7247953,30.3053249],[104.7243096,30.3000469],[104.724657,30.2980717],[104.7250991,30.2969914],[104.7257767,30.2964009],[104.7267138,30.2960341],[104.7293007,30.29575],[104.7305852,30.2952401],[104.7324608,30.2940979],[104.735837,30.2929589],[104.737044,30.2929173],[104.7387742,30.2930855],[104.7404027,30.2932438],[104.7428422,30.29363],[104.7444131,30.2941205],[104.7456544,30.2947302],[104.7465572,30.295728],[104.7478585,30.3002624],[104.7482329,30.3015662],[104.7485286,30.3023491],[104.7487074,30.3025801],[104.7493007,30.303348],[104.750672,30.3040919],[104.7511665,30.3042549],[104.7532575,30.304503],[104.7563228,30.3048665],[104.7569912,30.3048666],[104.7575038,30.3047538],[104.7604378,30.3035619],[104.7626165,30.3033388],[104.7636581,30.3033173],[104.7677353,30.3043375],[104.7694398,30.3047646],[104.7704035,30.3048453],[104.7712794,30.304602],[104.7721302,30.3042347],[104.773762,30.3026443],[104.7748651,30.3009344],[104.7767751,30.2997513],[104.7784852,30.299346],[104.7801943,30.2991008],[104.7810175,30.2991007],[104.7818696,30.2991007],[104.7834589,30.2987335],[104.7849694,30.2974704],[104.7864881,30.2948536],[104.788276,30.2878045],[104.7899428,30.2843001],[104.7924343,30.2821407],[104.793979,30.281733],[104.7949165,30.2820193],[104.7956551,30.2826293],[104.7966274,30.2852786],[104.7981374,30.2882106],[104.7998905,30.2905741],[104.8005419,30.2917151],[104.8004206,30.2960145],[104.8007418,30.2967479],[104.801066,30.2971374],[104.8014362,30.2975839],[104.8032505,30.2985598],[104.8045176,30.2995798],[104.8054723,30.2997014],[104.806228,30.2990508],[104.8064883,30.2984993],[104.8067135,30.2965848],[104.8070439,30.2954435],[104.8078766,30.294854],[104.8089103,30.2946278],[104.8096651,30.2946911],[104.810542,30.2951186],[104.8114357,30.2966871],[104.8119312,30.2969109],[104.8124347,30.2969308],[104.8137799,30.2966243],[104.8146218,30.2966458],[104.8169569,30.297217],[104.8175906,30.2970932],[104.8187537,30.2965024],[104.8196738,30.2962791],[104.820116,30.296279],[104.8206456,30.2965639],[104.820889,30.2968694],[104.820993,30.2975225],[104.8208889,30.2982542],[104.8202993,30.299335],[104.8194654,30.3005373],[104.8191009,30.3015765],[104.819144,30.3020456],[104.8195522,30.3031042],[104.820238,30.3038164],[104.8210818,30.3044759],[104.8235192,30.3063833],[104.8241528,30.3065465],[104.8251338,30.3065683],[104.8264102,30.3061378],[104.8285105,30.3047729],[104.8296126,30.304205],[104.8300991,30.3041419],[104.8308108,30.3042243],[104.8314886,30.3045905],[104.8339269,30.3067089],[104.8352733,30.3074833],[104.8366787,30.3078699],[104.8387627,30.3079936],[104.8407166,30.3079933],[104.8409148,30.3079937],[104.8434061,30.3083801],[104.8440067,30.3085712],[104.8454199,30.3090527],[104.8460715,30.3096238],[104.8479468,30.3145545],[104.8487482,30.3205502],[104.8488403,30.3212362],[104.848702,30.3230068],[104.8484968,30.3242323],[104.8483367,30.3251879],[104.8475989,30.3270414],[104.8472346,30.3283036],[104.8470953,30.3306061],[104.8471364,30.3310421],[104.8474775,30.3346602],[104.8477814,30.3408339],[104.8477463,30.3417087],[104.8468695,30.3439288],[104.8455243,30.3452942],[104.8446915,30.3459058],[104.8421391,30.346355],[104.841002,30.346863],[104.8398818,30.3477808],[104.8392482,30.3487794],[104.838233,30.3517522],[104.8365833,30.3542588],[104.8344791,30.3561976],[104.8323389,30.3581693],[104.8307761,30.3612658],[104.8305507,30.3628152],[104.830837,30.3636906],[104.8314446,30.3643435],[104.8319361,30.3645755],[104.8325648,30.3648727],[104.8343616,30.36479],[104.8353155,30.3643849],[104.8368001,30.3635877],[104.8385538,30.3617952],[104.8440314,30.35705],[104.8454808,30.3545839],[104.8457671,30.3538315],[104.8459324,30.3503484],[104.8461927,30.349105],[104.8469483,30.3480655],[104.84766,30.3477198],[104.848884,30.3475159],[104.8497778,30.3476374],[104.85141,30.3481261],[104.8522256,30.3489833],[104.852755,30.3499811],[104.853103,30.3539741],[104.8529377,30.3557865],[104.853163,30.3564588],[104.8543876,30.3591674],[104.8557325,30.3608803],[104.8573563,30.3656871],[104.8583198,30.3672143],[104.8592133,30.3680106],[104.860255,30.3683561],[104.8635406,30.3684818],[104.8645091,30.3685191],[104.8680153,30.3676639],[104.8720264,30.366828],[104.8734756,30.3662987],[104.8760368,30.3645867],[104.8768957,30.3636507],[104.8775297,30.3634253],[104.8783018,30.36369],[104.8790746,30.3645256],[104.8796644,30.365504],[104.8800993,30.3664832],[104.8801772,30.3709036],[104.880724,30.3725118],[104.8818437,30.3747944],[104.8829282,30.3756501],[104.884005,30.3759559],[104.8843179,30.3759561],[104.8857583,30.3759561],[104.886531,30.3762205],[104.8868787,30.3767287],[104.8872696,30.3783186],[104.8878332,30.3800707],[104.8885887,30.380925],[104.8891444,30.3810493],[104.8896912,30.3810485],[104.8902638,30.3808229],[104.8918089,30.3796428],[104.892885,30.3791933],[104.8935796,30.3792565],[104.894318,30.3795607],[104.8946997,30.3799488],[104.8948475,30.3805587],[104.8948215,30.3813336],[104.8945176,30.3824943],[104.8932156,30.3851634],[104.8866352,30.391032],[104.8783452,30.3968783],[104.8778502,30.3970189],[104.8773822,30.3968565],[104.8768963,30.39647],[104.8764443,30.3952479],[104.8762883,30.3941679],[104.8768956,30.3904002],[104.8768956,30.3894214],[104.8767915,30.3889722],[104.8760016,30.3884645],[104.8739005,30.3888313],[104.8731894,30.3892995],[104.8726634,30.3897638],[104.8719651,30.3903789],[104.8714181,30.391765],[104.8711929,30.3941672],[104.8712098,30.395615],[104.8714357,30.396715],[104.8733108,30.4004626],[104.8762618,30.404029],[104.8767137,30.4053932],[104.8771825,30.4112205],[104.8771155,30.4122872],[104.8767693,30.4155281],[104.8762607,30.4212924],[104.8717487,30.4216799],[104.8698878,30.4235313],[104.8683265,30.4266858],[104.867506,30.4292485],[104.8680639,30.4318388],[104.8692398,30.4338209],[104.8723314,30.4385689],[104.8720053,30.4466003],[104.8715615,30.4542328],[104.8727634,30.4617907],[104.8729952,30.4662171],[104.8708141,30.4751926],[104.8712396,30.4827416],[104.8720898,30.4852362],[104.87257,30.4865324],[104.87257,30.4877898],[104.8702012,30.491924],[104.8694587,30.493984],[104.8697376,30.4978853],[104.8711689,30.5003943],[104.8735683,30.5041177],[104.8741579,30.5079612],[104.8727948,30.5113846],[104.8730348,30.5121738],[104.8728099,30.5137242],[104.8735307,30.5164078],[104.8757493,30.5169056],[104.876885,30.5167992],[104.8792353,30.5174181],[104.8791086,30.5186375],[104.8784745,30.519882],[104.8783936,30.5208531],[104.8774825,30.5233385],[104.8786486,30.5243916],[104.880732,30.5252544],[104.8808919,30.526604],[104.8822448,30.5275588],[104.8831766,30.5286333],[104.8831334,30.5304378],[104.8835889,30.5320576],[104.8880343,30.5353869],[104.8878223,30.5368579],[104.8869174,30.5388119],[104.8877871,30.5405995],[104.8878361,30.5414545],[104.8896012,30.5421019],[104.890693,30.5456265],[104.8891619,30.5489747],[104.8894861,30.5500329],[104.8906059,30.5510594],[104.8902158,30.5540125],[104.8868968,30.5557742],[104.8850973,30.5581991],[104.8831811,30.5572435],[104.8805773,30.5572487],[104.8790605,30.5557813],[104.8789469,30.5536388],[104.8754251,30.5520703],[104.8730748,30.5543706],[104.8734372,30.5573441],[104.8738329,30.5576576],[104.8739437,30.5584431],[104.8745778,30.5595162],[104.8744444,30.5614661],[104.8732871,30.5620507],[104.8725406,30.5630816],[104.8705635,30.5636465],[104.8687597,30.563529],[104.868473,30.5641454],[104.8678229,30.564262],[104.868154,30.5652256],[104.8672973,30.565724],[104.8678483,30.5659929],[104.8679535,30.5663644],[104.8668459,30.5661918],[104.8655027,30.567046],[104.864495,30.5667083],[104.8637853,30.5669736],[104.8632367,30.5663182],[104.8635384,30.567047],[104.8622217,30.5681425],[104.8627067,30.5693558],[104.8621614,30.5700705],[104.862696,30.5725793],[104.8637304,30.5752919],[104.8623605,30.5773186],[104.8624724,30.5789567],[104.8608518,30.5798261],[104.8601703,30.5816389],[104.8578672,30.583722],[104.8567566,30.5842362],[104.855081,30.5841264],[104.8544731,30.5838604],[104.8543165,30.5846357],[104.8547957,30.585699],[104.855342,30.5860328],[104.855705,30.5867197],[104.8555896,30.5878298],[104.8538882,30.5880476],[104.8538014,30.5888504],[104.8543245,30.5901357],[104.8533099,30.5901846],[104.8512753,30.5891579],[104.8502224,30.5891275],[104.8500137,30.5868767],[104.8491261,30.5861017],[104.8477954,30.5855847],[104.8472881,30.5841526],[104.8460298,30.5834872],[104.8447185,30.5848657],[104.8450202,30.5855457],[104.8448038,30.5861624],[104.8450974,30.588282],[104.8443738,30.5894074],[104.8436697,30.5893677],[104.8433805,30.5881554],[104.8421419,30.5879601],[104.8395051,30.5894296],[104.8387453,30.5911637],[104.838436,30.5913414],[104.837618,30.5908602],[104.8379648,30.5883522],[104.8384642,30.5877489],[104.8373048,30.5862977],[104.837747,30.5853955],[104.837749,30.5841661],[104.8373665,30.5840656],[104.8349642,30.5849746],[104.8342956,30.582774],[104.832637,30.5838485],[104.8312076,30.5838881],[104.8299562,30.5857394],[104.8295427,30.5858465],[104.8285132,30.5852751],[104.8271889,30.5838061],[104.8247932,30.5824354],[104.8250377,30.5813869],[104.8222202,30.5808593],[104.8207395,30.5819818],[104.820047,30.5815467],[104.8189991,30.5799066],[104.817271,30.5794632],[104.815973,30.580059],[104.8141578,30.5801054],[104.8143522,30.5809236],[104.8160656,30.5815355],[104.8163244,30.5825597],[104.8160593,30.5833202],[104.8142327,30.5842541],[104.814232,30.5846061],[104.8149233,30.5852896],[104.8151366,30.5860667],[104.8148414,30.5874967],[104.8134503,30.5883923],[104.8140399,30.589073],[104.8130332,30.5898974],[104.8147176,30.5905937],[104.8143975,30.5914396],[104.813755,30.5917638],[104.8139731,30.5920718],[104.8135796,30.5923336],[104.8137396,30.5928145],[104.8143593,30.5930391],[104.8153059,30.5925325],[104.8159278,30.5926202],[104.8163229,30.592772],[104.8163934,30.5932691],[104.8169264,30.5937566],[104.8168407,30.594452],[104.8163117,30.5949639],[104.8169867,30.5964511],[104.8162398,30.5969949],[104.8160316,30.5975778],[104.8163515,30.5980527],[104.817252,30.5979614],[104.8178472,30.5996152],[104.8168477,30.6010991],[104.8177306,30.6019076],[104.8182036,30.6030682],[104.8185169,30.6032096],[104.8190059,30.6027931],[104.8191939,30.6036342],[104.8204796,30.6046459],[104.8205465,30.6053821],[104.8210637,30.6060481],[104.8231655,30.6070815],[104.8234416,30.6076636],[104.8250946,30.6083475],[104.8244979,30.6101978],[104.825386,30.6109048],[104.8255808,30.6119033],[104.8270482,30.6118115],[104.8283084,30.6112812],[104.8304201,30.612911],[104.8297327,30.6149865],[104.8298269,30.615542],[104.8301856,30.6159713],[104.8311531,30.6161417],[104.8330724,30.6195715],[104.8338538,30.6199914],[104.8343859,30.6207778],[104.8343351,30.6216316],[104.8346601,30.6222253],[104.8338842,30.6237683],[104.8340538,30.6243765],[104.833796,30.6254238],[104.8351644,30.626056],[104.8359209,30.6269087],[104.8370842,30.6268821],[104.8381407,30.6275193],[104.8393744,30.6275312],[104.8402823,30.629333],[104.8418288,30.630964],[104.8434255,30.6312896],[104.8453521,30.6344106],[104.8454244,30.6370962],[104.8460163,30.6392616],[104.8449126,30.6401534],[104.8459158,30.6423089],[104.8459332,30.6434252],[104.8454125,30.6445514],[104.8426216,30.6454213],[104.8418738,30.6459633],[104.8413338,30.6472052],[104.8397121,30.6489047],[104.8399098,30.6507863],[104.8388262,30.6525237],[104.8380186,30.6522704],[104.8370493,30.6513751],[104.8364675,30.6519137],[104.8360073,30.6519587],[104.8352902,30.6506163],[104.8348773,30.6503558],[104.8339568,30.6509104],[104.8307682,30.6514848],[104.8302928,30.6513507],[104.8298616,30.6502628],[104.8263224,30.6509733],[104.8261431,30.650207],[104.8266844,30.6493495],[104.8266832,30.6487001],[104.825481,30.6463269],[104.8240508,30.6467089],[104.8228179,30.645216],[104.8203806,30.6440851],[104.8199589,30.6441058],[104.8197407,30.6448558],[104.820444,30.6459305],[104.8183281,30.6468661],[104.8182702,30.647571],[104.8187854,30.6485409],[104.8181376,30.6496698],[104.8185049,30.65247],[104.8189756,30.6539261],[104.8177956,30.6557562],[104.8174599,30.6588134],[104.8164565,30.6608029],[104.8167137,30.6626577],[104.8159761,30.664412],[104.815901,30.6673765],[104.8144778,30.6681821],[104.8143608,30.6702451],[104.8122203,30.6716505],[104.8114823,30.6734559],[104.8092928,30.6755487],[104.8091231,30.6767091],[104.8101511,30.6775509],[104.8101265,30.6800171],[104.8107548,30.6809438],[104.8104821,30.6813837],[104.8078066,30.682455],[104.8080067,30.6832286],[104.8076814,30.683849],[104.8083832,30.6849205],[104.8073323,30.6846731],[104.8051998,30.6860158],[104.8038228,30.6858566],[104.8030839,30.6862134],[104.802469,30.6884561],[104.8027518,30.6901542],[104.8021063,30.6914991],[104.8011607,30.6925464],[104.7982473,30.6918059],[104.7963402,30.6928766],[104.7935981,30.6920086],[104.7911863,30.6924078],[104.7896788,30.6934712],[104.7884024,30.6934115],[104.7864036,30.6943512],[104.7851607,30.6962178],[104.785163,30.6975042],[104.7868754,30.7008326],[104.7868874,30.7022216],[104.7878733,30.7036484],[104.7870725,30.7062088],[104.7867668,30.7082649],[104.7872631,30.7091823],[104.7854778,30.7123077],[104.7874158,30.71302],[104.7877522,30.7135144],[104.7894071,30.7144049],[104.789475,30.7167349],[104.7927953,30.7179695],[104.7934047,30.7187427],[104.7938506,30.720653],[104.791828,30.7224017],[104.7901715,30.7221968],[104.789203,30.7229254],[104.787232,30.723311],[104.7858648,30.7228937],[104.7836298,30.7230476],[104.7818051,30.7218783],[104.7802601,30.7218113],[104.7783459,30.7215809],[104.7778783,30.7226281],[104.7774917,30.7228507],[104.7761573,30.7226882],[104.7759562,30.7237268],[104.7748596,30.7243013],[104.7742344,30.723983],[104.7739968,30.7227314],[104.7732212,30.7221356],[104.772717,30.7221974],[104.7724772,30.722894],[104.7710472,30.7231602],[104.7698868,30.7220167],[104.7697226,30.7212296],[104.7673325,30.720786],[104.7669719,30.7198295],[104.7655404,30.7191828],[104.7654675,30.7202538],[104.7641942,30.7209624],[104.7640471,30.7213202],[104.7644621,30.7226931],[104.7661982,30.7237745],[104.7649679,30.7248255],[104.7653568,30.7257234],[104.765371,30.7266216],[104.7670924,30.7269975],[104.7664641,30.7291585],[104.7656739,30.7294418],[104.7648542,30.7302945],[104.7632235,30.7305122],[104.7617597,30.729406],[104.7612006,30.728202],[104.7606324,30.7280339],[104.7594627,30.7283511],[104.7579929,30.7296859],[104.7575666,30.7305195],[104.7544398,30.7312795],[104.7520144,30.7305443],[104.7515519,30.7295568],[104.7504576,30.7285925],[104.7494832,30.7289135],[104.7482345,30.729987],[104.7462449,30.7294845],[104.7449596,30.7299775],[104.7446843,30.7305091],[104.7448324,30.7319048],[104.7446468,30.7321154],[104.745058,30.7324787],[104.7451226,30.7342859],[104.7453327,30.7345935],[104.7468939,30.73512],[104.746692,30.7361122],[104.7472884,30.7376139],[104.7447999,30.7408148],[104.7417912,30.7413595],[104.740182,30.7410605],[104.7396576,30.741368],[104.739199,30.7426106],[104.7398982,30.7440349],[104.7398768,30.7451661],[104.7427412,30.7487282],[104.7425868,30.7507081],[104.7439309,30.7519528],[104.7434285,30.7529827],[104.7439614,30.7550984],[104.7425633,30.7561441],[104.7399382,30.7564138],[104.7380832,30.7579669],[104.7383408,30.75853],[104.7381398,30.7587513],[104.737651,30.7583345],[104.7369889,30.758815],[104.7368106,30.7631109],[104.7360312,30.7657587],[104.7344837,30.766637],[104.7335936,30.7678739],[104.7341582,30.7692113],[104.7352282,30.7705288],[104.7338596,30.7714691],[104.7327247,30.7741775],[104.7324519,30.7757929],[104.7317833,30.7765859],[104.7317542,30.778384],[104.7326793,30.7799076],[104.7321584,30.7807999],[104.7272305,30.7808025],[104.725111,30.7820446],[104.7212779,30.7798547],[104.7202635,30.7779154],[104.7194571,30.7776642],[104.7190066,30.7759883],[104.7169698,30.7755394],[104.7162546,30.7738804],[104.7150724,30.7730323],[104.7146171,30.7730265],[104.7137224,30.7738668],[104.712855,30.7742246],[104.7121604,30.7735263],[104.7108998,30.7733889],[104.7093249,30.7738509],[104.708792,30.774617],[104.7080394,30.7763699],[104.7089207,30.7781605],[104.7081168,30.7813649],[104.7092841,30.7812296],[104.7111631,30.7798118],[104.7116949,30.7789927],[104.7121522,30.7796285],[104.7120345,30.7811635],[104.7126726,30.7821024],[104.7127337,30.7830162],[104.7116677,30.783296],[104.7114598,30.78384],[104.7117181,30.7844976],[104.7128,30.7846012],[104.7119586,30.7855015],[104.7120953,30.7860554],[104.7118153,30.7866399],[104.7113582,30.7868491],[104.7116434,30.7870092],[104.711003,30.7883971],[104.7097745,30.788203],[104.7098168,30.7890425],[104.7102205,30.7886273],[104.7109258,30.7888521],[104.7105665,30.7893804],[104.7099185,30.7892136],[104.7097322,30.7895273],[104.7105379,30.7897616],[104.7105564,30.7903667],[104.7102155,30.7904709],[104.7104025,30.7913494],[104.7096059,30.7932609],[104.7095882,30.7944959],[104.7086684,30.7965519],[104.7086577,30.7974196],[104.7072373,30.7986358],[104.7058622,30.8022007],[104.7039281,30.803264],[104.7036015,30.8041646],[104.703717,30.8052362],[104.7032944,30.8058121],[104.7002174,30.8081898],[104.6997509,30.8095999],[104.6967029,30.8104016],[104.6968507,30.8125931],[104.697196,30.8136352],[104.6958449,30.8144623],[104.6955071,30.8151552],[104.6958516,30.8175916],[104.6969796,30.8182844],[104.6980125,30.8201684],[104.7000563,30.8213107],[104.7024811,30.8242854],[104.7013909,30.8252728],[104.7009935,30.8278588],[104.7002263,30.8288474],[104.6989682,30.8288099],[104.6966413,30.8273645],[104.6940819,30.8278721],[104.6934001,30.8290648],[104.6923216,30.8294062],[104.6913608,30.8290272],[104.6890671,30.8271014],[104.6883718,30.8273583],[104.6872177,30.8285518],[104.6863033,30.8288198],[104.6865512,30.8290817],[104.6863851,30.8291868],[104.6848801,30.8291512],[104.6839558,30.8282923],[104.682921,30.828453],[104.681235,30.8284702],[104.6805388,30.8279421],[104.6792717,30.8277932],[104.6782319,30.8284791],[104.6770499,30.8286383],[104.6767341,30.8308174],[104.677191,30.8319586],[104.6761164,30.8330458],[104.6760633,30.8340309],[104.6706342,30.8339102],[104.669673,30.834542],[104.6685301,30.8341145],[104.6671348,30.8342235],[104.6661044,30.8336428],[104.6649532,30.8335741],[104.6645487,30.8337348],[104.6641164,30.8344607],[104.6627393,30.8351018],[104.6616815,30.8350202],[104.6612101,30.8345023],[104.6608451,30.8351391],[104.6589939,30.8363497],[104.6587489,30.8358397],[104.6581029,30.8357997],[104.6574342,30.8371463],[104.6548868,30.8392927],[104.654121,30.8394664],[104.6529451,30.8392905],[104.6496538,30.8396338],[104.6461357,30.8382311],[104.6454251,30.8376445],[104.6447312,30.8376012],[104.6438968,30.8384236],[104.6435266,30.8394418],[104.6426624,30.8394969],[104.6414321,30.8389388],[104.6403308,30.8396724],[104.6400055,30.8403583],[104.6386311,30.8403478],[104.6376026,30.8413379],[104.6366696,30.841546],[104.6342763,30.8430049],[104.6345657,30.8446898],[104.6333899,30.8448609],[104.6332232,30.8470524],[104.6316767,30.8483073],[104.6315999,30.8502742],[104.631119,30.850771],[104.631037,30.8521596],[104.630516,30.8528893],[104.6305338,30.8546301],[104.6297595,30.854974],[104.6271742,30.8551131],[104.6230681,30.8547277],[104.6211257,30.8529347],[104.6200433,30.8533794],[104.6193912,30.8518729],[104.6177902,30.8510766],[104.6173995,30.8505296],[104.6165802,30.8507446],[104.6149325,30.8505416],[104.6144466,30.8512857],[104.613143,30.8509013],[104.6115121,30.8512975],[104.6105241,30.8507692],[104.6097652,30.8508285],[104.6091258,30.8499251],[104.6080071,30.8492861],[104.6072912,30.8496833],[104.6069299,30.8511028],[104.6061187,30.8510493],[104.6043121,30.8522648],[104.6044817,30.8548131],[104.6039203,30.856865],[104.6042622,30.8576848],[104.60371,30.8579577],[104.6044617,30.8588803],[104.6040463,30.8590879],[104.6039227,30.8591497],[104.6025679,30.8598268],[104.6018535,30.8615165],[104.6006859,30.8613597],[104.5981254,30.862732],[104.5975671,30.8626791],[104.5976034,30.864147],[104.5965379,30.8643578],[104.5965747,30.8646973],[104.5970569,30.8649663],[104.5955183,30.8658307],[104.5957168,30.8662225],[104.5962834,30.8663671],[104.5962501,30.8670298],[104.5967172,30.8680996],[104.596337,30.8684098],[104.5953426,30.8684283],[104.5925954,30.8673752],[104.5914472,30.8684932],[104.5891629,30.8680613],[104.5878565,30.8665629],[104.585927,30.8650013],[104.5848508,30.8652596],[104.5837561,30.8651098],[104.5830486,30.8655181],[104.5823733,30.8666238],[104.5799561,30.8671055],[104.5782819,30.8667201],[104.5764464,30.867078],[104.574722,30.8667029],[104.5739962,30.8671055],[104.572556,30.8687771],[104.5714794,30.8705198],[104.5702421,30.8711114],[104.5695418,30.8719501],[104.5671763,30.8728669],[104.5638404,30.8734587],[104.5633403,30.8739796],[104.5624434,30.8742724],[104.5601408,30.8745493],[104.5590514,30.8749648],[104.5576187,30.8749145],[104.5577306,30.8752633],[104.5560834,30.875312],[104.553014,30.8770643],[104.5522957,30.8778717],[104.5503692,30.8772433],[104.547907,30.8775791],[104.546059,30.87859],[104.5436332,30.8792493],[104.5432381,30.8798036],[104.5414334,30.8806474],[104.5412336,30.8812667],[104.539703,30.8823637],[104.5368542,30.8830411],[104.5326262,30.8823757],[104.5314255,30.8826704],[104.529867,30.8823658],[104.5275088,30.8824988],[104.5262207,30.8836866],[104.5232662,30.8840235],[104.5205813,30.8848562],[104.5190742,30.8845601],[104.5174693,30.8849286],[104.517742,30.8878085],[104.5184063,30.8888683],[104.5183479,30.8896755],[104.5188175,30.8913312],[104.5207284,30.8944261],[104.5213579,30.8948824],[104.5250011,30.8959043],[104.5268271,30.8956063],[104.5275218,30.896198],[104.5269154,30.8970128],[104.527147,30.898681],[104.5263089,30.9002281],[104.5266896,30.9008215],[104.526402,30.9017396],[104.5272676,30.9021802],[104.5271585,30.9029225],[104.5262249,30.9027982],[104.5263085,30.9039668],[104.5274046,30.9052],[104.526657,30.905414],[104.5264046,30.9085615],[104.5284097,30.9111426],[104.5283626,30.9125416],[104.528713,30.9131118],[104.5287456,30.9139816],[104.529817,30.91547],[104.5296095,30.9161741],[104.5301538,30.9177595],[104.5303822,30.9208083],[104.5314272,30.9212019],[104.531027,30.9218737],[104.5312011,30.9224529],[104.5306768,30.9233069],[104.5292377,30.9236023],[104.528231,30.9234883],[104.5258847,30.9253217],[104.5240188,30.9257712],[104.5226379,30.9266408],[104.5204229,30.9265476],[104.5165303,30.9285305],[104.5159785,30.9290786],[104.5164075,30.9293552],[104.5164835,30.930104],[104.5149652,30.9320925],[104.5136596,30.9331142],[104.5136904,30.9347279],[104.5130502,30.9376434],[104.5116748,30.9379416],[104.5103242,30.93758],[104.5096332,30.9378763],[104.5083984,30.9373346],[104.5076956,30.9376539],[104.5066756,30.9373544],[104.5034834,30.9371731],[104.5010779,30.9365111],[104.5004453,30.9384152],[104.4994865,30.9384117],[104.4994816,30.9387431],[104.498274,30.9389164],[104.498415,30.9385989],[104.4976964,30.9389184],[104.4974636,30.938348],[104.4966775,30.9385199],[104.4962338,30.9387066],[104.4941044,30.9386138],[104.4918239,30.9409229],[104.489894,30.9414004],[104.4884748,30.9420931],[104.4878394,30.9431357],[104.4863306,30.9437031],[104.484825,30.9448439],[104.4846446,30.9454311],[104.4841518,30.9454924],[104.4846604,30.947194],[104.4840478,30.9470827],[104.4823303,30.9480779],[104.4810897,30.9484395],[104.478264,30.9475114],[104.4758809,30.9479353],[104.4744201,30.9489428],[104.4744272,30.949437],[104.4730192,30.950153],[104.4726046,30.9498118],[104.4706046,30.9504041],[104.4694835,30.9503074],[104.4702155,30.9500565],[104.4707445,30.9494047],[104.4705559,30.94923],[104.4661068,30.9499432],[104.464733,30.9505248],[104.4636404,30.9524561],[104.4626168,30.9532845],[104.4609504,30.9522245],[104.4553715,30.9516207],[104.4538213,30.9497577],[104.4526338,30.9503922],[104.4515671,30.9501659],[104.451164,30.9497068],[104.4511595,30.947838],[104.4502849,30.9470812],[104.448912,30.9470936],[104.4475865,30.9481795],[104.4470091,30.9481291],[104.4457192,30.9451652],[104.4457031,30.944327],[104.4450342,30.9437265],[104.4428684,30.9427262],[104.4416664,30.9426773],[104.4400438,30.9432621],[104.4387126,30.9433691],[104.4362144,30.9443858],[104.435387,30.9452016],[104.4342035,30.9454985],[104.4332836,30.9451499],[104.4321463,30.9440296],[104.4320081,30.9435595],[104.4302189,30.942218],[104.4287757,30.9437313],[104.4279541,30.9436849],[104.4281486,30.9442386],[104.4279011,30.9445714],[104.4271717,30.9445165],[104.4271404,30.9442591],[104.4277015,30.9439927],[104.4272876,30.9436775],[104.4264549,30.9439738],[104.4265254,30.9444786],[104.4259181,30.9448021],[104.4260209,30.9452965],[104.4253116,30.9457639],[104.4248291,30.9457012],[104.424311,30.9451416],[104.4240541,30.9452983],[104.4242048,30.9457557],[104.4229413,30.9459678],[104.4227558,30.9456303],[104.42195,30.9460589],[104.4213198,30.9455828],[104.4198168,30.9456438],[104.419497,30.9452306],[104.4191145,30.9453773],[104.4184902,30.9451117],[104.4176286,30.944011],[104.4159989,30.9432786],[104.4167907,30.9420843],[104.4166474,30.9418031],[104.4164064,30.9417375],[104.4158229,30.9426256],[104.4150497,30.9431215],[104.4137704,30.9428779],[104.4130453,30.942439],[104.4131906,30.9417624],[104.412626,30.9423743],[104.412461,30.9417397],[104.4103691,30.941035],[104.410034,30.9414312],[104.4093348,30.9411422],[104.4079684,30.9411717],[104.4081254,30.940707],[104.4077895,30.9406099],[104.406566,30.9413438],[104.4052631,30.9400401],[104.4045899,30.9398633],[104.4046328,30.9394523],[104.4043482,30.9392168],[104.4013706,30.9374995],[104.4011085,30.9375694],[104.401176,30.9384364],[104.3999793,30.9389054],[104.4000622,30.9394614],[104.3987715,30.9388837],[104.3982225,30.9390061],[104.3990506,30.940122],[104.3991467,30.9411406],[104.3996471,30.9412532],[104.3992421,30.9414872],[104.3994785,30.9421431],[104.3985669,30.9423191],[104.3992426,30.9427068],[104.3971204,30.9425661],[104.3973859,30.9441766],[104.3953645,30.94477],[104.3929964,30.9449311],[104.3916723,30.942102],[104.3921268,30.9388972],[104.3917547,30.9365134],[104.3898241,30.9344036],[104.3880964,30.9315201],[104.3875812,30.9291319],[104.3876924,30.925641],[104.3874985,30.9252733],[104.3863096,30.9247849],[104.3862087,30.9240466],[104.3857373,30.9238749],[104.3845613,30.9244207],[104.3825882,30.926438],[104.3833063,30.9331979],[104.3806099,30.932359],[104.3803271,30.9330355],[104.3804403,30.9342362],[104.3784988,30.9341803],[104.3781812,30.9344631],[104.3749509,30.9348777],[104.3751512,30.9364663],[104.3746021,30.9367185],[104.3747666,30.9372298],[104.3731712,30.9370741],[104.3731363,30.9374038],[104.3740499,30.9375757],[104.3738389,30.9386445],[104.3728156,30.9389408],[104.3724861,30.9386966],[104.3708969,30.9387905],[104.3698516,30.9403799],[104.3690178,30.9408486],[104.3684831,30.9393197],[104.3681656,30.9394494],[104.3673066,30.9385135],[104.3664238,30.938421],[104.3643167,30.9365706],[104.3646204,30.9347065],[104.363988,30.9339408],[104.3644326,30.9324787],[104.3638582,30.9315966],[104.3638949,30.9309165],[104.3643843,30.9307599],[104.3643657,30.9303248],[104.3620184,30.9310676],[104.3615109,30.9298295],[104.3616548,30.9294822],[104.3603343,30.9278334],[104.3609901,30.9274044],[104.3609643,30.9271497],[104.3589848,30.9248913],[104.3585532,30.9249511],[104.3580658,30.9243515],[104.3580831,30.9235195],[104.3572637,30.9229553],[104.3573478,30.9225596],[104.3545863,30.9192111],[104.3544948,30.9187073],[104.3548222,30.9182943],[104.3544466,30.9175311],[104.3549141,30.9173318],[104.354398,30.9168048],[104.3549012,30.9163318],[104.3543596,30.915651],[104.3552768,30.915081],[104.3557546,30.9152639],[104.356462,30.9145562],[104.3559006,30.9138504],[104.3538862,30.9127576],[104.3510907,30.9098059],[104.3514629,30.9092261],[104.3510453,30.9082537],[104.3515315,30.9078052],[104.3509212,30.9069853],[104.3502477,30.9068841],[104.3493211,30.9036937],[104.3481177,30.9048679],[104.3460244,30.9074037],[104.3451037,30.9079412],[104.343994,30.9080215],[104.3435186,30.9076582],[104.3432726,30.9071359],[104.3428937,30.905544],[104.3428111,30.9048266],[104.3423868,30.9042138],[104.3420752,30.9040569],[104.3399988,30.9033034],[104.3394335,30.9027827],[104.3388649,30.9019911],[104.3377682,30.9011906],[104.3370117,30.9009373],[104.3362743,30.9007864],[104.3359196,30.9010003],[104.3357975,30.9013998],[104.3358509,30.902746],[104.3357452,30.9033591],[104.3353635,30.9037099],[104.334794,30.9039595],[104.3327526,30.903771],[104.3307115,30.903262],[104.3292958,30.9028691],[104.3283103,30.9021021],[104.3243914,30.8973292],[104.3228862,30.8961413],[104.3213389,30.8949203],[104.3197883,30.8941177],[104.3185495,30.894114],[104.3135357,30.8959244],[104.311134,30.8971891],[104.3091416,30.8991047],[104.3076372,30.9000089],[104.3017961,30.9008955],[104.2972467,30.9025476],[104.2959032,30.9031535],[104.2942672,30.9030295],[104.2929392,30.9033283],[104.2904077,30.9039038],[104.2894117,30.9043223],[104.2886005,30.9056789],[104.2855476,30.9052307],[104.2848352,30.904941],[104.2835708,30.9035626],[104.2816321,30.9028726],[104.2805862,30.9027848],[104.2788346,30.9029377],[104.275884,30.9033893],[104.2716605,30.9041109],[104.2692891,30.9041842],[104.2673115,30.9034158],[104.2667501,30.9024379],[104.2655296,30.9017393],[104.2630888,30.9008447],[104.261395,30.9017004],[104.2604306,30.9025361],[104.2602024,30.9035873],[104.2600011,30.9065289],[104.2595342,30.9077315],[104.259528,30.9079312],[104.259436,30.9079448],[104.2593492,30.9078435],[104.2586868,30.9078233],[104.2582859,30.9079945],[104.2580463,30.9077026],[104.2578629,30.9076551],[104.2569788,30.9075943],[104.2564734,30.9076975],[104.2562479,30.9079566],[104.2558358,30.907997],[104.2555006,30.9081694],[104.2550828,30.9087511],[104.2547815,30.9086786],[104.2546188,30.9084873],[104.2546609,30.9078803],[104.254232,30.9077032],[104.2541881,30.9074732],[104.2545238,30.9071979],[104.25459,30.9066584],[104.2544145,30.9063323],[104.2544329,30.9061823],[104.2545229,30.9059931],[104.2544986,30.9056211],[104.2545512,30.9055661],[104.254764,30.9054651],[104.2548074,30.905232],[104.2550124,30.9048272],[104.2553228,30.9046908],[104.2557783,30.9047746],[104.2559367,30.9047042],[104.2558697,30.9043188],[104.2556668,30.9041261],[104.2552188,30.9040827],[104.2550943,30.9041317],[104.2542823,30.9045073],[104.2541365,30.904413],[104.2540913,30.9041979],[104.253462,30.9038735],[104.2523112,30.9042288],[104.2519528,30.9043026],[104.2516581,30.9044055],[104.2513721,30.9043579],[104.2512522,30.9042548],[104.2512864,30.9040989],[104.2509719,30.903848],[104.2507454,30.9035178],[104.2507476,30.903432],[104.251027,30.9032272],[104.250982,30.9029829],[104.2509134,30.9027617],[104.2509525,30.902514],[104.2508958,30.9021447],[104.2505094,30.9021285],[104.2502924,30.9020462],[104.2501139,30.9018451],[104.2490161,30.9015463],[104.2482208,30.9010798],[104.2477335,30.9009965],[104.2475285,30.9008322],[104.2469883,30.9005807],[104.2468947,30.9004604],[104.2466995,30.9003401],[104.2464413,30.9002739],[104.2461619,30.9002743],[104.2458381,30.9000467],[104.2452292,30.8998656],[104.2447381,30.8995811],[104.2446856,30.8994563],[104.2444807,30.899349],[104.244137,30.8992083],[104.2439494,30.899086],[104.2436908,30.8991119],[104.2433665,30.8992159],[104.2430616,30.8992303],[104.2426804,30.8993145],[104.2424633,30.8995117],[104.2420989,30.8998876],[104.2408215,30.9003344],[104.2402985,30.9008095],[104.2400246,30.9006962],[104.2398628,30.9005131],[104.239773,30.9002255],[104.2393291,30.8999728],[104.2389934,30.9001163],[104.2387544,30.9001314],[104.2384622,30.9000606],[104.2379656,30.9000774],[104.2378855,30.9001117],[104.2366853,30.9003119],[104.2363333,30.90022],[104.2361171,30.9001234],[104.235433,30.8997476],[104.234617,30.8997423],[104.2336101,30.9003797],[104.2332684,30.9005487],[104.2330079,30.9006305],[104.2325682,30.9006635],[104.2316889,30.9007817],[104.2315229,30.9008755],[104.2313339,30.9009496],[104.2311833,30.9009345],[104.2311405,30.9008864],[104.2309308,30.900489],[104.2306953,30.9004449],[104.2300995,30.900528],[104.2295652,30.9005781],[104.2294159,30.9005126],[104.2293335,30.9004038],[104.2292973,30.9002687],[104.2292794,30.9000363],[104.229223,30.8998832],[104.2291206,30.8998093],[104.228985,30.8997771],[104.2289304,30.8995961],[104.2289493,30.8994494],[104.2290127,30.8991548],[104.2290529,30.8988601],[104.2291978,30.8988614],[104.2293274,30.8985918],[104.2295493,30.8985997],[104.2297,30.8981027],[104.2297869,30.8978839],[104.2298611,30.897791],[104.22992,30.8976519],[104.2298025,30.8976286],[104.2297052,30.8975905],[104.2292023,30.8971949],[104.2288893,30.8970499],[104.2287611,30.8970437],[104.2286962,30.8970708],[104.2286437,30.8971188],[104.2285839,30.8971918],[104.2285205,30.8972886],[104.2284347,30.8973917],[104.2283322,30.8975321],[104.228201,30.8976289],[104.2280725,30.8976788],[104.2279362,30.897721],[104.2278043,30.8977134],[104.2276747,30.8976694],[104.2275629,30.8976045],[104.2274934,30.8975321],[104.2274951,30.8974564],[104.2275321,30.8972589],[104.2271313,30.8972566],[104.2268175,30.8973497],[104.2263639,30.8975994],[104.2259861,30.8980268],[104.2258294,30.898641],[104.2256232,30.8989494],[104.2255059,30.899014],[104.2254253,30.8989936],[104.2250966,30.8988377],[104.2250538,30.8988387],[104.2250222,30.8988635],[104.2248532,30.899228],[104.2249179,30.8995379],[104.2248779,30.8996251],[104.2243361,30.9000087],[104.2239518,30.9005476],[104.223277,30.9009698],[104.2231915,30.9009357],[104.2226703,30.9003003],[104.2224962,30.9002231],[104.2217036,30.9001108],[104.2216433,30.9001261],[104.2216005,30.9001915],[104.2215753,30.9003081],[104.2214138,30.9007564],[104.2213435,30.9007774],[104.2210505,30.900781],[104.2208627,30.9009098],[104.220802,30.9010222],[104.220851,30.9016331],[104.2207418,30.9017158],[104.2207138,30.9017986],[104.2208153,30.90244],[104.2208942,30.9026838],[104.2208611,30.9027974],[104.2207253,30.9029702],[104.2196815,30.9035419],[104.2193891,30.9035881],[104.2191455,30.9036482],[104.2188778,30.9037825],[104.2187652,30.9039114],[104.218662,30.9041415],[104.2184127,30.904199],[104.2182854,30.9042012],[104.2181092,30.9040987],[104.2177813,30.9042147],[104.2175564,30.9039391],[104.2175205,30.903865],[104.2175432,30.9036431],[104.2174127,30.9036539],[104.2172903,30.9037344],[104.2172326,30.9037211],[104.2171845,30.9036958],[104.2171848,30.9036518],[104.2172745,30.9034902],[104.2172887,30.9033818],[104.2171241,30.903392],[104.2170632,30.9034263],[104.2169491,30.9034162],[104.2169245,30.9033817],[104.2168996,30.9031521],[104.2168418,30.9029581],[104.2166887,30.9028715],[104.2166048,30.9027744],[104.2164532,30.9024686],[104.2163289,30.9025338],[104.2162347,30.9025246],[104.2162008,30.9024854],[104.2162178,30.9023433],[104.2160678,30.9021362],[104.2158608,30.9020198],[104.2160838,30.9018769],[104.2163231,30.9016851],[104.2161951,30.9015676],[104.2159614,30.9014781],[104.2158976,30.9013871],[104.2163073,30.9012424],[104.2160886,30.9007698],[104.215858,30.900553],[104.2157779,30.9005908],[104.2156177,30.9003036],[104.2156793,30.8999665],[104.2147614,30.8998043],[104.2143802,30.8998759],[104.2141218,30.9001655],[104.2139139,30.9003958],[104.2137884,30.900517],[104.2129793,30.9009365],[104.2123775,30.9015617],[104.2123305,30.901783],[104.212436,30.9020529],[104.2124522,30.9022813],[104.2123881,30.9024972],[104.2121399,30.9027496],[104.2116153,30.9032299],[104.2109626,30.9037534],[104.2106983,30.9042299],[104.2105346,30.9045678],[104.2108343,30.9051527],[104.2091217,30.9059331],[104.2090672,30.9061215],[104.2100966,30.9074162],[104.2082604,30.9083385],[104.2074081,30.9083863],[104.2072325,30.9083239],[104.2070653,30.9082114],[104.2067567,30.9079127],[104.2063646,30.9074408],[104.2057953,30.907118],[104.2058395,30.9067621],[104.2058014,30.9065082],[104.2056996,30.9064061],[104.2052783,30.9062287],[104.2049095,30.9064454],[104.204937,30.9065893],[104.2051539,30.9068663],[104.2039021,30.9074624],[104.2035776,30.9074451],[104.2035374,30.9076413],[104.2037541,30.9076693],[104.203766,30.9078072],[104.2035517,30.9078765],[104.2034957,30.9079833],[104.203612,30.9082269],[104.2038454,30.9080999],[104.2039966,30.9080181],[104.2046199,30.9080376],[104.204772,30.9081869],[104.2046471,30.9085224],[104.2045475,30.9085676],[104.2042626,30.9085842],[104.2040574,30.908691],[104.2039429,30.909012],[104.2039572,30.9092225],[104.2044207,30.9103238],[104.20463,30.91108],[104.2041893,30.9119493],[104.2029041,30.9132822],[104.202066,30.9144586],[104.1996802,30.9152313],[104.1978496,30.9154174],[104.1945464,30.9154673],[104.1926862,30.9151961],[104.1904434,30.9147062],[104.1861899,30.9124209],[104.1847622,30.9120657],[104.1827928,30.9129679],[104.1822277,30.9127729],[104.1811735,30.9132883],[104.1805191,30.912693],[104.1805385,30.9121548],[104.1810017,30.911807],[104.1804296,30.9104021],[104.1746407,30.9099145],[104.1743475,30.9096358],[104.174064,30.9078159],[104.1719534,30.9080094],[104.1700711,30.9078059],[104.1697839,30.9086487],[104.1691465,30.9080343],[104.1685805,30.9079538],[104.1686103,30.9092338],[104.1677352,30.9109582],[104.1669166,30.911741],[104.167387,30.9125627],[104.1668731,30.9138414],[104.1662631,30.9141873],[104.1659707,30.9152998],[104.1664126,30.9162538],[104.1660349,30.9172896],[104.1660712,30.9182342],[104.1665444,30.9185435],[104.1682459,30.9187088],[104.1676059,30.9199542],[104.1665051,30.920778],[104.1652231,30.9209441],[104.1617094,30.9201609],[104.1586096,30.9201647],[104.1576424,30.9197273],[104.1567785,30.9182702],[104.1554516,30.9188899],[104.1535331,30.9185499],[104.1521147,30.9189151],[104.1506955,30.918425],[104.1503334,30.9180333],[104.1495625,30.9181077],[104.1493973,30.9178109],[104.150387,30.917544],[104.1507826,30.9166428],[104.1504082,30.9163303],[104.1506683,30.9159075],[104.1505494,30.9154951],[104.1497302,30.9149808],[104.1469957,30.915245],[104.1453604,30.9159514],[104.1448171,30.916832],[104.1456701,30.9183691],[104.1453281,30.9188958],[104.1447927,30.9222204],[104.1440414,30.9241137],[104.1434727,30.9245981],[104.1414804,30.9252248],[104.1404842,30.9260081],[104.1399695,30.9270478],[104.1401024,30.9281017],[104.1407499,30.9287426],[104.1419452,30.9292553],[104.1440371,30.9296398],[104.1458468,30.9296825],[104.1480051,30.9299531],[104.1492005,30.930537],[104.1502299,30.93142],[104.1503295,30.9332713],[104.1505951,30.9340403],[104.1506781,30.9360625],[104.1504623,30.9373299],[104.1505951,30.9384692],[104.1506283,30.9400783],[104.1499642,30.9421573],[104.1504125,30.9432822],[104.1509604,30.9441366],[104.1516411,30.9443929],[104.1530191,30.9442648],[104.1546627,30.9444499],[104.1559743,30.9453897],[104.156821,30.9464861],[104.1572527,30.9477106],[104.1579002,30.9510282],[104.1583983,30.9521673],[104.1600419,30.9523524],[104.1612207,30.9530785],[104.1637609,30.9532921],[104.1642589,30.954004],[104.1643087,30.9554848],[104.1638439,30.9568089],[104.1624327,30.9584319],[104.1613037,30.9604821],[104.1610713,30.9614217],[104.1613203,30.9619769],[104.1620342,30.9626034],[104.163545,30.9633864],[104.1647404,30.9643687],[104.1651223,30.9651659],[104.1652053,30.9684829],[104.1656203,30.9696218],[104.1659358,30.9701912],[104.1670482,30.9710453],[104.1674466,30.9718425],[104.1670814,30.9753586],[104.167098,30.9766254],[104.1666165,30.9790595],[104.1656868,30.9806822],[104.1637277,30.9832585],[104.1632794,30.984995],[104.1634288,30.9859202],[104.1639933,30.9867599],[104.1660852,30.9875427],[104.1669651,30.9882259],[104.1667493,30.9905601],[104.166135,30.9924103],[104.1654377,30.99399],[104.1642423,30.9955982],[104.1609717,30.9983592],[104.1586805,31.0013904],[104.1570369,31.0030127],[104.1551276,31.0036104],[104.154065,31.0038238],[104.1532847,31.0042934],[104.1526538,31.0049338],[104.1518901,31.0070399],[104.1513588,31.0073672],[104.1496986,31.0072106],[104.1487688,31.0053607],[104.1481712,31.004578],[104.1463117,31.004578],[104.1454816,31.0050476],[104.1454318,31.005688],[104.1469924,31.0068833],[104.1470256,31.0073956],[104.145631,31.0080502],[104.1435723,31.008164],[104.1428418,31.0080644],[104.1425097,31.0081356],[104.1425097,31.0084059],[104.1427588,31.0088471],[104.1427754,31.009274],[104.1419784,31.0102416],[104.1417792,31.0108108],[104.1418622,31.012006],[104.1411981,31.0132297],[104.1408495,31.0135712],[104.1379606,31.0143254],[104.1354205,31.0144107],[104.1317513,31.0152218],[104.1313197,31.0154495],[104.1274679,31.0163743],[104.1232011,31.0183521],[104.1216404,31.0197749],[104.1200798,31.0202587],[104.1179381,31.0203013],[104.1175894,31.0201448],[104.1173404,31.0195615],[104.1168755,31.0192342],[104.1154311,31.0192485],[104.1148002,31.0196184],[104.113389,31.0221083],[104.1134564,31.0234109],[104.1136622,31.0245132],[104.1135936,31.0258506],[104.1141424,31.0267324],[104.1151029,31.0272909],[104.1172124,31.0281874],[104.119219,31.0285548],[104.1197163,31.0289663],[104.1197955,31.0294011],[104.1192397,31.0320959],[104.1110601,31.0318762],[104.1079406,31.0325934],[104.1075046,31.0326102],[104.107533,31.0332239],[104.1084189,31.0331723],[104.1074906,31.0354326],[104.1043399,31.0356181],[104.1037078,31.0330693],[104.0902215,31.0356484],[104.0890256,31.0365521],[104.0890397,31.0383804],[104.0835346,31.0400856],[104.0854196,31.0436407],[104.0837098,31.0444616],[104.0845911,31.0453632],[104.0837807,31.0461512],[104.0819849,31.0467116],[104.0812523,31.0488448],[104.0750174,31.052426],[104.0766659,31.0554653],[104.0765745,31.060775],[104.0640549,31.0658173],[104.0576608,31.0664238],[104.0577641,31.0686732],[104.0565407,31.0681952],[104.0574917,31.0706531],[104.0571325,31.0763072],[104.0564503,31.0774827],[104.0556687,31.076215],[104.0554078,31.0797383],[104.0542198,31.0801366],[104.0538279,31.0793701],[104.047088,31.0820887],[104.0463868,31.0833303],[104.0415541,31.0847066],[104.0407466,31.0885766],[104.0392811,31.0894285],[104.0418118,31.0919551],[104.0411036,31.0930763],[104.0341429,31.095632],[104.0317345,31.0955896],[104.0311175,31.0976891],[104.0299158,31.0972498],[104.0283162,31.0986851],[104.0297598,31.0992175],[104.0299384,31.1004622],[104.026349,31.0997245],[104.0256655,31.1001651],[104.0276687,31.1023666],[104.0246136,31.1019267],[104.0241806,31.1041351],[104.0266002,31.1043838],[104.0263977,31.1057971],[104.0252,31.1057336],[104.0248243,31.1070642],[104.0175004,31.1062771],[104.0174075,31.1079893],[104.0214673,31.1110727],[104.02627,31.1118722],[104.026286,31.1128451],[104.0277889,31.113453],[104.0271358,31.1144869],[104.0248676,31.1142545],[104.0241253,31.1151296],[104.022643,31.1154251],[104.0200774,31.1156865],[104.0150134,31.115945],[104.0147423,31.1173677],[104.0193656,31.1187137],[104.0189734,31.1224479],[104.0192456,31.1241486],[104.0232758,31.1259423],[104.0201178,31.1288387],[104.0217528,31.1299746],[104.0193103,31.1346848],[104.0209876,31.1364715],[104.0173669,31.1372194],[104.0167027,31.1395422],[104.0177301,31.1427166],[104.0186803,31.1454472],[104.0185903,31.1467334],[104.0169778,31.1480327],[104.0141233,31.1494431],[104.0118946,31.1507239],[104.0101289,31.1505233],[104.0096947,31.1514467],[104.010034,31.1533559],[104.0086547,31.1532783],[104.0068278,31.1559066],[104.0080133,31.1617313],[104.0085603,31.1628533],[104.0069636,31.1659002],[104.0119239,31.1666392],[104.0122184,31.1699717],[104.0091922,31.1733783],[104.0073131,31.1740946],[104.0078259,31.1768707],[104.0064474,31.1795233],[104.005507,31.1809219],[104.0027764,31.1802946],[103.9990584,31.179255],[103.9988412,31.1825079],[103.9970305,31.1825496],[103.9968744,31.1855366],[103.9947068,31.1888013],[103.9931746,31.1892498],[103.9924671,31.1912524],[103.9904765,31.192543],[103.9879368,31.1940186],[103.9862289,31.1931212],[103.9841706,31.1944848],[103.9858072,31.1973492],[103.9834271,31.1987057],[103.9818857,31.2001691],[103.9819106,31.2021515],[103.9806005,31.2032861],[103.9775589,31.2030067],[103.9730862,31.2047785],[103.9713312,31.2053237],[103.9712994,31.2086666],[103.967851,31.2098136],[103.9636253,31.2069659],[103.962462,31.2094367],[103.9596316,31.2101226],[103.9596182,31.2084298],[103.9536762,31.204289],[103.95225,31.206781],[103.9490983,31.2053918],[103.9456241,31.2066206],[103.9443835,31.2103572],[103.9447562,31.2125128],[103.9463554,31.2126452],[103.946481,31.2158299],[103.9483451,31.2173107],[103.947318,31.2184419],[103.9442415,31.2174824],[103.9440729,31.2188541],[103.9389472,31.2188749],[103.9386287,31.2204247],[103.9438299,31.2209756],[103.9422399,31.2233655],[103.9388603,31.2257967],[103.9370724,31.225643],[103.9341402,31.2244807],[103.9277823,31.2324782],[103.9275778,31.2368956],[103.9285607,31.2398622],[103.9318016,31.2420214],[103.9338283,31.247617],[103.9303549,31.2489909],[103.9302605,31.2507446],[103.9250957,31.2549736],[103.923526,31.2558095],[103.9243024,31.2568913],[103.9240231,31.2604546],[103.9252113,31.2625543],[103.9275552,31.2629513],[103.9280704,31.2639162],[103.9317695,31.2658011],[103.9277921,31.2730468],[103.9268068,31.2730178],[103.9254378,31.2754493],[103.9183928,31.2784192],[103.9164527,31.2780371],[103.9131972,31.2795478],[103.9115312,31.2815851],[103.91087,31.2859434],[103.9050148,31.2879429],[103.9020992,31.2932289],[103.9012994,31.2968704],[103.8977947,31.2996083],[103.8935942,31.2989424],[103.8923618,31.3022043],[103.8902591,31.3041198],[103.8899898,31.3094483],[103.8892669,31.315306],[103.8913621,31.3182057],[103.8906508,31.3220929],[103.8935639,31.3283075],[103.894071,31.3306031],[103.8962048,31.3326158],[103.9015868,31.3366585],[103.9056931,31.3401465],[103.9077081,31.3429351],[103.9105778,31.3450028],[103.9126028,31.3470571],[103.9164427,31.3481663],[103.920812,31.3482703],[103.922944,31.3496815],[103.9258576,31.357129],[103.9257032,31.3618737],[103.9183902,31.3652905],[103.9182105,31.3679688],[103.9185618,31.3720328],[103.9137935,31.3776624],[103.9065137,31.3843515],[103.9070279,31.3869108],[103.9052581,31.3906447],[103.9047647,31.3921809],[103.9002369,31.397846],[103.8990021,31.4002173],[103.8943719,31.4039059],[103.8935851,31.410132],[103.8939088,31.4127316],[103.8960696,31.4178686],[103.8931371,31.4215565],[103.8880439,31.4235321],[103.8861918,31.4212931],[103.8838947,31.4192165],[103.8795551,31.4176051],[103.8779439,31.4161428],[103.8752712,31.4153499],[103.871375,31.4201077],[103.8688363,31.421615],[103.8641367,31.4242793],[103.860108,31.4208979],[103.8585465,31.4192301],[103.8561471,31.4177214],[103.85378,31.4158929],[103.8482237,31.415366],[103.8422044,31.416288],[103.8377284,31.4183954],[103.8319312,31.4153518],[103.8262537,31.4156025],[103.8249181,31.4164197],[103.8207509,31.4194491],[103.819876,31.4214678],[103.8164293,31.4240589],[103.816738,31.4272198],[103.814474,31.4329438],[103.8114934,31.4357967],[103.8062427,31.4370968],[103.8039667,31.4369156],[103.7993421,31.4346778],[103.8006459,31.4316855],[103.794679,31.4324864],[103.7884439,31.4349462],[103.7844791,31.4353169],[103.7796611,31.4344886],[103.7772265,31.432751],[103.7690464,31.4299854],[103.7659595,31.4251125],[103.762564,31.4241906],[103.7582424,31.4248491],[103.7568534,31.4232687],[103.7529948,31.4203711],[103.7505254,31.4178686],[103.7480559,31.4187906],[103.7440515,31.417603],[103.7433793,31.4144481],[103.7442755,31.413014],[103.742035,31.4109106],[103.7410268,31.4028791],[103.7381141,31.4006798],[103.7355374,31.4006798],[103.7334147,31.4004462],[103.7315786,31.3993211],[103.7299361,31.3985762],[103.7270234,31.3971418],[103.7267993,31.3953249],[103.7228784,31.3943687],[103.7153726,31.3945599],[103.7095472,31.3929343],[103.7067465,31.3950381],[103.7036097,31.3936037],[103.6975603,31.3924561],[103.6953197,31.3869095],[103.6935273,31.3834666],[103.6874778,31.3777282],[103.6831088,31.3761022],[103.6784036,31.3745719],[103.6777315,31.3695025],[103.6772169,31.3689038],[103.6756492,31.3673],[103.6745002,31.3655949],[103.6722979,31.3646604],[103.6716854,31.3640409],[103.6700055,31.3610141],[103.6696784,31.3591711],[103.6689083,31.3579628],[103.6670657,31.3570175],[103.6653422,31.3568688],[103.6639354,31.3563987],[103.6627245,31.3555276],[103.6611479,31.3548835],[103.6601757,31.353931],[103.6586377,31.3530816],[103.6576324,31.3528357],[103.6554469,31.3530383],[103.6544086,31.352379],[103.6529753,31.3520763],[103.6522448,31.3523825],[103.6511871,31.3538178],[103.6499393,31.353995],[103.6482875,31.3550129],[103.6448382,31.3548187],[103.6412539,31.3558031],[103.6341153,31.3532783],[103.6319127,31.3529149],[103.6301006,31.3512134],[103.6290011,31.3492766],[103.627162,31.3479926],[103.6261617,31.346686],[103.625524,31.3465304],[103.6248142,31.3465651],[103.6236813,31.3471554],[103.621829,31.3473601],[103.6188044,31.3488254],[103.6179077,31.3489925],[103.615861,31.3490498],[103.613622,31.348527],[103.6101967,31.3491545],[103.6092859,31.3497083],[103.6083441,31.3512239],[103.6060778,31.352626],[103.6025831,31.3534483],[103.6020088,31.3532376],[103.6010386,31.3513744],[103.5997291,31.3498289],[103.5990679,31.3483545],[103.5980104,31.3469668],[103.5955794,31.3452376],[103.5934443,31.3444621],[103.5893629,31.3417345],[103.5874619,31.3418209],[103.5850175,31.3433937],[103.5830141,31.3434429],[103.5801939,31.3430293],[103.5765064,31.3418757],[103.574968,31.3420227],[103.5716937,31.3433597],[103.5708976,31.3433374],[103.5705428,31.3426913],[103.5711073,31.3396856],[103.5707529,31.3378285],[103.5700388,31.3370477],[103.5669597,31.3357057],[103.5664862,31.3347006],[103.5664178,31.3326816],[103.5681782,31.3271478],[103.5697705,31.3253759],[103.5701005,31.3242435],[103.570515,31.3211815],[103.5688349,31.3190106],[103.5677872,31.3164048],[103.5683852,31.3133268],[103.5690582,31.3115081],[103.570114,31.3100557],[103.5697938,31.3088209],[103.5707128,31.3063917],[103.5708877,31.3043858],[103.5720086,31.2999973],[103.5733577,31.297656],[103.5757969,31.2956986],[103.5765001,31.2943687],[103.5775971,31.2937082],[103.5779113,31.2932014],[103.5774398,31.2912378],[103.5764816,31.2901109],[103.5757563,31.2884708],[103.574405,31.2872839],[103.5740443,31.2857185],[103.5724616,31.2840126],[103.5714198,31.2817725],[103.5692348,31.2806723],[103.5669253,31.2774459],[103.5676008,31.2753819],[103.5677748,31.272753],[103.5672103,31.2713984],[103.567366,31.2668984],[103.5666009,31.2659994],[103.5674296,31.2627547],[103.5705404,31.2617104],[103.5717698,31.2595883],[103.5732564,31.257951],[103.5745828,31.2575059],[103.5747618,31.2564458],[103.57644,31.2543996],[103.5769225,31.2517203],[103.5788582,31.2500358],[103.5794838,31.2487315],[103.5794163,31.2455144],[103.5791041,31.2445084],[103.5793949,31.241907],[103.5789807,31.2380536],[103.5782367,31.2365663],[103.5779697,31.2346057],[103.5772209,31.2335929],[103.5772514,31.2321152],[103.5767838,31.2305587],[103.575538,31.2282983],[103.5752973,31.2268445],[103.5754888,31.2238749],[103.5750025,31.2227265],[103.5751669,31.2211752],[103.5737926,31.2184297],[103.5747573,31.2165997],[103.5758508,31.2153822],[103.5789052,31.2129921],[103.5791344,31.2112335],[103.5788065,31.208952],[103.5792216,31.2079897],[103.5815306,31.2052302],[103.5811428,31.2038367],[103.5815072,31.201719],[103.5811458,31.1982305],[103.5813575,31.1969076],[103.5804291,31.1956089],[103.5787617,31.1909102],[103.5751379,31.1868844],[103.574057,31.1861032],[103.5733955,31.1848043],[103.5716599,31.18359],[103.570935,31.1803681],[103.5662823,31.178588],[103.5625057,31.1777394],[103.5616484,31.1770519],[103.5613025,31.1761837],[103.5613091,31.1726057],[103.5604266,31.1693602],[103.5604443,31.1664238],[103.5599705,31.1654348],[103.5596369,31.1625921],[103.5586076,31.1617658],[103.5567433,31.1609567],[103.555982,31.1589763],[103.5541755,31.1563133],[103.5551295,31.1537507],[103.5550322,31.1520755],[103.5529797,31.1498248],[103.5504287,31.1480177],[103.5497405,31.1458261],[103.5473176,31.1430895],[103.5462404,31.1419879],[103.5436344,31.1405748],[103.5430382,31.1396571],[103.5431777,31.1386413],[103.5427893,31.1371906],[103.5435977,31.1331734],[103.5429455,31.1318931],[103.542235,31.1312522],[103.5423462,31.1304096],[103.5420787,31.1300221],[103.5404682,31.1286941],[103.540663,31.1271405],[103.5403236,31.1250357],[103.5377088,31.1240756],[103.5315524,31.1158101],[103.529904,31.1147425],[103.5287219,31.1129367],[103.527904,31.1122934],[103.5279994,31.1078801],[103.5234958,31.1038118],[103.5223022,31.1031439],[103.5221999,31.1021201],[103.5230426,31.0983376],[103.5251108,31.0966942],[103.5263361,31.0938569],[103.5267964,31.0907737],[103.5250404,31.0895199],[103.5237724,31.0880851],[103.5227623,31.0875465],[103.5224388,31.0867937],[103.5210593,31.0852658],[103.5195399,31.0845782],[103.5185251,31.0832707],[103.5182793,31.0825122],[103.5189627,31.0820056],[103.5193547,31.0810102],[103.5196293,31.0774122],[103.5201752,31.0760241],[103.5188893,31.0742271],[103.5189024,31.0704566],[103.517254,31.066661],[103.5172135,31.0655354],[103.5165789,31.0648516],[103.5154804,31.0621444],[103.5138712,31.0610889],[103.5135196,31.0601639],[103.511858,31.0590638],[103.5115531,31.0584846],[103.5098437,31.0578304],[103.5094458,31.0570974],[103.5096503,31.0562304],[103.5094559,31.0555702],[103.507421,31.0541174],[103.5075782,31.0527329],[103.506968,31.0518764],[103.5074321,31.0512798],[103.507577,31.0505082],[103.5064462,31.0502679],[103.5047891,31.0489433],[103.5048167,31.047514],[103.5038988,31.0444031],[103.5016582,31.0431291],[103.5017904,31.0416989],[103.5013599,31.0398822],[103.5014914,31.0394759],[103.5018698,31.0393415],[103.5052557,31.0393807],[103.5084269,31.0390516],[103.5097478,31.0368512],[103.5122581,31.0355814],[103.5135133,31.0343694],[103.5145318,31.0328151],[103.5171422,31.0314335],[103.517865,31.0304621],[103.5178082,31.0295049],[103.5175273,31.0291314],[103.5161171,31.0282203],[103.5151942,31.0270834],[103.5138104,31.0244755],[103.5138189,31.0239279],[103.5143066,31.0230927],[103.5159793,31.0220937],[103.51846,31.0163443],[103.5195273,31.01162],[103.5185611,31.0098115],[103.5185811,31.0073664],[103.5192203,31.0054143],[103.5180554,31.0042978],[103.5178088,31.0028699],[103.5158805,30.9996235],[103.5130931,30.9971005],[103.5125727,30.9961637],[103.5121087,30.9924494],[103.5112679,30.9913026],[103.5109103,30.9893643],[103.5114739,30.9876038],[103.5118391,30.9836984],[103.5116749,30.9830455],[103.5131281,30.9807298],[103.5133503,30.9792843],[103.5137984,30.9785068],[103.5163795,30.9767012],[103.5156541,30.9743037],[103.5137085,30.9726303],[103.5104615,30.9724964],[103.5074725,30.9727542],[103.505729,30.970527],[103.5043696,30.9694567],[103.5008032,30.9688841],[103.4988464,30.9665918],[103.4984187,30.965595],[103.4974,30.9643689],[103.4954479,30.96378],[103.4939828,30.9643045],[103.4922646,30.9627666],[103.4912031,30.9600384],[103.4903096,30.9587316],[103.4873645,30.9589351],[103.4865506,30.9593839],[103.48446,30.9595738],[103.4826439,30.9594212],[103.4779873,30.9540838],[103.4729474,30.9492108],[103.4700531,30.9477664],[103.4687706,30.9481508],[103.4678446,30.9489329],[103.4675508,30.9488474],[103.4664716,30.947393],[103.4662821,30.9466076],[103.4656534,30.9459941],[103.464633,30.9425288],[103.4630159,30.9397331],[103.4611987,30.9390885],[103.4598698,30.93932],[103.4593409,30.9388552],[103.4574122,30.938319],[103.4566966,30.9373173],[103.455649,30.9339923],[103.454036,30.9297977],[103.4530262,30.9254704],[103.4524527,30.9246683],[103.4521302,30.9230476],[103.4511674,30.921156],[103.4503853,30.9186007],[103.4505576,30.9170153],[103.450329,30.9161881],[103.4512503,30.9153939],[103.4513255,30.9141712],[103.4501089,30.9124091],[103.4493452,30.9091539],[103.4498074,30.9067108],[103.4504084,30.9058445],[103.4511037,30.9025275],[103.4501509,30.898574],[103.4500064,30.8966833],[103.4487708,30.8951849],[103.4464571,30.8934984],[103.4460608,30.8923504],[103.4451727,30.8912229],[103.44189,30.8890769],[103.4413402,30.8883108],[103.4412797,30.8873071],[103.4403288,30.8865452],[103.4399933,30.8855578],[103.4387952,30.8849449],[103.4375051,30.8851295],[103.4362975,30.8849305],[103.4328943,30.8820601],[103.4312279,30.8802899],[103.4279292,30.8804911],[103.4265177,30.8809891],[103.4243432,30.8824839],[103.4238775,30.8823596],[103.4226434,30.8801966],[103.4182045,30.8760535],[103.4171283,30.8735664],[103.4158256,30.8716029],[103.4149159,30.8709124],[103.412594,30.8700176],[103.4095125,30.8678056],[103.4089585,30.8676825],[103.4045506,30.8676292],[103.4019136,30.8680736],[103.4006462,30.8679637],[103.3935047,30.8668321],[103.391016,30.8648399],[103.3890671,30.8649433],[103.3878343,30.8644861],[103.3848995,30.8657639],[103.3814216,30.8658354],[103.3809736,30.8656823],[103.3801902,30.8643446],[103.3757544,30.8607208],[103.3745218,30.8592024],[103.3730764,30.8590666],[103.3716991,30.8581955],[103.3702193,30.8577527],[103.3676106,30.8564128],[103.3640858,30.8556133],[103.3579538,30.8524365],[103.3564905,30.8521574],[103.352272,30.8524377],[103.3517675,30.8513795],[103.3504178,30.8502501],[103.3499392,30.8491979],[103.3488524,30.8478892],[103.34692,30.8468623],[103.3464105,30.8440993],[103.3452797,30.8417594],[103.3442415,30.8407815],[103.3425747,30.8399652],[103.3418934,30.838995],[103.3418854,30.837137],[103.3408161,30.8354659],[103.3397894,30.8345733],[103.3393676,30.8327375],[103.3385411,30.8313752],[103.338792,30.8288425],[103.3360524,30.8278934],[103.3332061,30.8280606],[103.3315603,30.8271279],[103.3279421,30.8266596],[103.3234618,30.8228611],[103.3212551,30.8226444],[103.3189056,30.8214324],[103.3171679,30.8187897],[103.3156606,30.8175721],[103.3144207,30.8170945],[103.3133334,30.8160947],[103.3111358,30.8152646],[103.3080326,30.814831],[103.3044891,30.8135897],[103.3035261,30.8128495],[103.3029621,30.8113861],[103.3022903,30.8111198],[103.298272,30.8139666],[103.2969711,30.814149],[103.29512,30.8135325],[103.2939077,30.8135204],[103.2900108,30.816063],[103.2894451,30.81726],[103.2894396,30.8194675],[103.2886665,30.8227513],[103.2869688,30.8259873],[103.2859849,30.8268256],[103.2824227,30.8272568],[103.2819418,30.8276366],[103.2814673,30.8288486],[103.2807115,30.8294086],[103.2781079,30.8299211],[103.2760584,30.8292279],[103.273435,30.8287648],[103.2693,30.8305945],[103.2681367,30.8315903],[103.2645861,30.8317267],[103.2622004,30.8325131],[103.2603854,30.8343595],[103.2596741,30.8367913],[103.2577266,30.8380429],[103.255359,30.840817],[103.2550543,30.8425779],[103.2539215,30.8434029],[103.250206,30.8433144],[103.2457691,30.8407211],[103.2445656,30.840527],[103.2409645,30.8406707],[103.2392494,30.8401153],[103.2339205,30.8365812],[103.2318574,30.8359334],[103.2286051,30.8368689],[103.2262883,30.8365716],[103.2245181,30.836849],[103.2235828,30.8374378],[103.222379,30.8391916],[103.2216285,30.839766],[103.2127973,30.8423427],[103.2076523,30.8420851],[103.203735,30.8429513],[103.2021762,30.8438496],[103.2006071,30.8453514],[103.1982779,30.8458285],[103.1955382,30.8478569],[103.1943382,30.8482829],[103.1889863,30.8488994],[103.1838464,30.8473691],[103.1819225,30.846988],[103.1798267,30.8469936],[103.1767576,30.8481029],[103.1751921,30.8483111],[103.1743847,30.8487071],[103.1727891,30.8503955],[103.1723764,30.8504957],[103.1713595,30.8496562],[103.1691634,30.8470001],[103.1649985,30.8446395],[103.16338,30.8443501],[103.1622555,30.8437569],[103.162006,30.8417893],[103.1612749,30.8402744],[103.1580282,30.8358255],[103.1576691,30.8342098],[103.1569884,30.8333684],[103.1563905,30.8306143],[103.1557417,30.8302439],[103.1559445,30.8281388],[103.1553509,30.8274174],[103.1531527,30.8260641],[103.1522262,30.8258818],[103.1497035,30.8237157],[103.1486513,30.8233259],[103.1481183,30.8218003],[103.1471776,30.8206349],[103.1444351,30.8205583],[103.1428848,30.8200546],[103.1420965,30.8186383],[103.1416114,30.8182749],[103.1380359,30.8178014],[103.1362341,30.8166207],[103.1342601,30.8119267],[103.1335116,30.8089061],[103.1309383,30.806221],[103.1304175,30.8027999],[103.1291841,30.7999067],[103.1275238,30.7989783],[103.12504,30.7969562],[103.1214528,30.7957442],[103.1198084,30.7940446],[103.118986,30.794672],[103.118462,30.79532],[103.117938,30.79597],[103.116212,30.797296],[103.114854,30.799214],[103.114611,30.799469],[103.114335,30.799619],[103.112,30.800047],[103.111442,30.800083],[103.110385,30.800222],[103.109064,30.800455],[103.107015,30.800642],[103.104913,30.800638],[103.104613,30.800821],[103.10448,30.801007],[103.104216,30.80169],[103.103711,30.802603],[103.103319,30.803172],[103.102917,30.803648],[103.102277,30.804141],[103.099299,30.806193],[103.099116,30.806292],[103.097768,30.80677],[103.097207,30.80685],[103.093821,30.807002],[103.092638,30.806939],[103.092453,30.806907],[103.091872,30.806627],[103.091653,30.806617],[103.088505,30.807481],[103.088197,30.808634],[103.088024,30.80896],[103.08688,30.81087],[103.086711,30.810981],[103.084867,30.811522],[103.082976,30.813749],[103.07956,30.815896],[103.077202,30.817959],[103.077112,30.817969],[103.07687,30.817807],[103.073226,30.816198],[103.072207,30.815786],[103.06983,30.815065],[103.068796,30.814827],[103.067839,30.813596],[103.067288,30.813034],[103.065506,30.811187],[103.059814,30.808866],[103.057158,30.807136],[103.053315,30.803836],[103.051882,30.803192],[103.050829,30.80314],[103.050281,30.80319],[103.049812,30.803361],[103.048886,30.803971],[103.047858,30.804745],[103.046408,30.805441],[103.045738,30.805644],[103.045063,30.805812],[103.044513,30.805912],[103.04364,30.805919],[103.042508,30.805739],[103.041667,30.80544],[103.03825,30.805581],[103.03718,30.805585],[103.0363,30.804686],[103.035948,30.804457],[103.03507,30.803986],[103.032946,30.802999],[103.031291,30.802372],[103.030303,30.801919],[103.029896,30.801642],[103.029286,30.800901],[103.028366,30.79966],[103.02779,30.799064],[103.027479,30.798823],[103.027167,30.798676],[103.024692,30.798235],[103.018777,30.796047],[103.014765,30.794002],[103.014288,30.793856],[103.013647,30.793882],[103.013047,30.794438],[103.013033,30.795098],[103.01311,30.796668],[103.012748,30.796944],[103.011725,30.796739],[103.010588,30.795356],[103.009493,30.794257],[103.008735,30.793516],[103.008382,30.793355],[103.006495,30.793133],[103.006071,30.792971],[103.005533,30.792532],[103.005236,30.792089],[103.004949,30.79147],[103.004765,30.790641],[103.004375,30.787496],[103.003588,30.785859],[103.002596,30.785148],[102.998975,30.784221],[102.997579,30.783339],[102.997237,30.783204],[102.99602,30.782749],[102.995869,30.782718],[102.994297,30.782459],[102.994185,30.782407],[102.992377,30.781407],[102.992076,30.781117],[102.991678,30.780314],[102.991517,30.779449],[102.992006,30.779004],[102.992564,30.778433],[102.99376,30.776726],[102.995488,30.7749],[102.995678,30.774397],[102.993827,30.773107],[102.992359,30.77107],[102.992261,30.770941],[102.989623,30.768977]],[[103.433074,30.127017],[103.433146,30.127121],[103.433525,30.127112],[103.433656,30.127164],[103.433887,30.12741],[103.434014,30.127417],[103.434535,30.127707],[103.435046,30.127857],[103.435259,30.127837],[103.435659,30.127663],[103.436,30.127391],[103.43616,30.127394],[103.437379,30.128112],[103.437784,30.128207],[103.438521,30.128237],[103.439128,30.128423],[103.439333,30.128625],[103.439548,30.128696],[103.43995,30.128668],[103.440246,30.128724],[103.441032,30.128985],[103.441089,30.129045],[103.441367,30.12997],[103.441397,30.129972],[103.441758,30.129912],[103.442728,30.129407],[103.443217,30.129003],[103.443328,30.128891],[103.443554,30.128469],[103.443529,30.12843],[103.443337,30.128452],[103.443313,30.128361],[103.44428,30.12772],[103.444373,30.127552],[103.444289,30.127236],[103.444344,30.126741],[103.444439,30.126527],[103.444609,30.126325],[103.445013,30.125949],[103.445168,30.125934],[103.445237,30.126006],[103.445176,30.126259],[103.444843,30.126647],[103.444805,30.126795],[103.444961,30.127013],[103.445285,30.127205],[103.44551,30.127208],[103.445832,30.127096],[103.44604,30.126972],[103.446184,30.126736],[103.446809,30.125621],[103.446928,30.125596],[103.447102,30.125704],[103.447169,30.125689],[103.447347,30.125123],[103.447516,30.124738],[103.44764,30.124618],[103.447622,30.124587],[103.447341,30.124167],[103.447121,30.124019],[103.446042,30.123429],[103.445798,30.123352],[103.444165,30.123464],[103.443997,30.123409],[103.443128,30.122854],[103.442324,30.122806],[103.440337,30.122418],[103.440059,30.122296],[103.439244,30.122251],[103.43858,30.122291],[103.438224,30.122198],[103.437784,30.12193],[103.437439,30.121883],[103.437186,30.121986],[103.436869,30.122031],[103.436041,30.121855],[103.4359,30.121881],[103.434731,30.122783],[103.434931,30.123531],[103.434912,30.123745],[103.434294,30.124625],[103.434111,30.125075],[103.433722,30.12638],[103.433668,30.126454],[103.433249,30.126605],[103.433113,30.126755],[103.433074,30.127017]]],[[[103.9459137,30.3085205],[103.9476461,30.3064626],[103.9488382,30.307406],[103.952349,30.3090033],[103.9587751,30.3107293],[103.9579532,30.31212],[103.9572288,30.3117417],[103.955557,30.3141921],[103.954939,30.3150204],[103.9543699,30.314866],[103.9539145,30.3155538],[103.9531827,30.3153713],[103.9529551,30.3156661],[103.9514915,30.3151608],[103.9510199,30.3154977],[103.94941,30.3144448],[103.9491986,30.3143185],[103.9482391,30.3133498],[103.946987,30.3118056],[103.9462227,30.3104157],[103.9460763,30.3100648],[103.9460763,30.3096717],[103.9462389,30.309419],[103.9462877,30.3091241],[103.9459137,30.3085205]]]]}}]}
