{"type":"FeatureCollection","features":[{"type":"Feature","properties":{"place_id":237835769,"osm_type":"relation","osm_id":3287346,"place_rank":10,"category":"boundary","type":"administrative","importance":0.7006602807661199,"addresstype":"city","name":"广州市","display_name":"广州市, 广东省, 中国"},"bbox":[112.9523727,22.5607978,114.055299,23.9356989],"geometry":{"type":"MultiPolygon","coordinates":[[[[112.9523727,23.4341745],[112.9525924,23.4336778],[112.9533737,23.433291],[112.9533074,23.4315501],[112.9534695,23.4309297],[112.9536315,23.4303092],[112.9539739,23.4301353],[112.9539494,23.4294296],[112.9541969,23.4287692],[112.9543902,23.4275583],[112.9552541,23.4274486],[112.9560642,23.4277756],[112.9566852,23.4268653],[112.9583081,23.4271216],[112.9580546,23.42783],[112.957469,23.4276637],[112.9572671,23.4281094],[112.9570651,23.4285551],[112.9570562,23.4288517],[112.9590719,23.4293524],[112.9592161,23.430015],[112.9584216,23.4304621],[112.959599,23.4308871],[112.9607364,23.431922],[112.9600861,23.4323499],[112.9610595,23.4329678],[112.9616736,23.4334798],[112.9621521,23.4339595],[112.9624478,23.4344538],[112.9625819,23.4347603],[112.9627705,23.4350791],[112.9634274,23.4359048],[112.9641781,23.4363459],[112.9650099,23.4367002],[112.9656927,23.4369629],[112.9659434,23.4369882],[112.9661943,23.4369428],[112.9664594,23.4368308],[112.9666549,23.4366406],[112.9670699,23.4362832],[112.9675871,23.4363047],[112.9684855,23.4365304],[112.9686797,23.4368696],[112.9692337,23.4366522],[112.9693427,23.4369825],[112.9698616,23.4370072],[112.970921,23.4387856],[112.9725535,23.4418409],[112.9734295,23.4442541],[112.9799147,23.4459948],[112.9811993,23.4470041],[112.9826314,23.4468389],[112.9838811,23.4459454],[112.9833343,23.4409715],[112.9780565,23.438313],[112.9774835,23.4379246],[112.976442,23.4369716],[112.9764421,23.4356368],[112.9768498,23.4348727],[112.9774748,23.4341071],[112.9783,23.4333389],[112.9787077,23.4327658],[112.9793236,23.4323861],[112.9797492,23.4320019],[112.9803652,23.4316152],[112.9809821,23.4302805],[112.9817975,23.4274185],[112.9824145,23.4260839],[112.9826139,23.4247445],[112.9834382,23.4224514],[112.9840551,23.4214957],[112.9846711,23.42073],[112.9852959,23.4201533],[112.9856517,23.4199853],[112.9874574,23.4200439],[112.9887161,23.4186124],[112.9888815,23.417896],[112.9887162,23.4169016],[112.9902181,23.4136645],[112.9921802,23.4131977],[112.9931956,23.4124598],[112.9928828,23.4109729],[112.9939849,23.4105217],[112.9947751,23.4100704],[112.9958165,23.4089394],[112.9949925,23.4084859],[112.9933344,23.407935],[112.9924486,23.4079307],[112.9910684,23.4080978],[112.990643,23.4080611],[112.9900879,23.4076528],[112.9893416,23.4067612],[112.9889162,23.4053477],[112.9887339,23.4050143],[112.9884908,23.404864],[112.9878739,23.4047169],[112.9873538,23.4047904],[112.9861469,23.4053849],[112.9857045,23.4054412],[112.9853308,23.4052913],[112.9850707,23.4048272],[112.9848097,23.4037681],[112.9844709,23.4032122],[112.9840285,23.4028394],[112.983308,23.4023947],[112.9815979,23.4018368],[112.9811037,23.4012903],[112.9806602,23.4006017],[112.9804699,23.3997103],[112.98047,23.3992824],[112.9808607,23.3984834],[112.9816072,23.3975184],[112.9830135,23.3959386],[112.9833952,23.3950936],[112.9837162,23.3935138],[112.9836554,23.3931992],[112.9833953,23.392902],[112.9831173,23.3927718],[112.9799572,23.3923809],[112.9796971,23.3921777],[112.9783079,23.3902831],[112.9781176,23.3898077],[112.9780907,23.3894558],[112.9782651,23.3892524],[112.9787246,23.3890281],[112.979471,23.388825],[112.9804348,23.3887113],[112.9807906,23.3885273],[112.980973,23.3881928],[112.9809561,23.3877829],[112.9807996,23.3872625],[112.9806173,23.3862312],[112.9790198,23.3859578],[112.9769538,23.3852528],[112.9758256,23.3840932],[112.9753134,23.381904],[112.9772141,23.3814416],[112.9787859,23.3805434],[112.9795663,23.3799053],[112.977336,23.377928],[112.9761121,23.3770735],[112.9754693,23.3767695],[112.9752351,23.3764851],[112.9763116,23.3741306],[112.9779432,23.374109],[112.9805306,23.3717111],[112.9807389,23.3707517],[112.9811376,23.3699877],[112.9815543,23.3682668],[112.9813372,23.3665548],[112.9813117,23.3602541],[112.98152,23.3598745],[112.9827608,23.3585403],[112.983586,23.3579609],[112.9846185,23.357388],[112.9858691,23.3571925],[112.9871098,23.3571858],[112.9885597,23.3573745],[112.9916677,23.35813],[112.9925007,23.3581275],[112.9933258,23.357937],[112.9941588,23.3579345],[112.9949829,23.3577351],[112.9960163,23.3571621],[112.9970576,23.356778],[112.9980909,23.356207],[112.9991243,23.3558139],[112.9997401,23.3554372],[113.0005731,23.3550456],[113.0011899,23.3548569],[113.0020229,23.3550463],[113.0026397,23.3554263],[113.0034727,23.3558038],[113.0040975,23.3563718],[113.0049315,23.3567501],[113.0055562,23.3565612],[113.0063813,23.3561729],[113.0078303,23.3552157],[113.0080914,23.354734],[113.0075356,23.3513245],[113.0081425,23.349558],[113.0090714,23.3479365],[113.0099744,23.3448486],[113.0113805,23.3435117],[113.0129779,23.3439308],[113.0141327,23.3466998],[113.0154172,23.3478547],[113.0182902,23.3489891],[113.0210247,23.3517347],[113.0221189,23.354204],[113.0231693,23.3549809],[113.0273274,23.3587806],[113.0281607,23.3593492],[113.0294107,23.3599177],[113.0308601,23.3599178],[113.0325179,23.3597165],[113.0354082,23.3585683],[113.0370663,23.3566526],[113.0376746,23.3555063],[113.0380905,23.3543535],[113.0379868,23.353623],[113.0350269,23.3498322],[113.0328478,23.3470424],[113.0304345,23.3447311],[113.0288118,23.3421162],[113.0262422,23.3398057],[113.0239937,23.3383702],[113.0222138,23.3360488],[113.0215698,23.3336486],[113.0215532,23.3333305],[113.0206563,23.3335671],[113.0206834,23.3332004],[113.0214282,23.3329108],[113.0210424,23.33232],[113.0208409,23.3323733],[113.0205848,23.3322018],[113.0202942,23.3323473],[113.0198385,23.3320603],[113.0196102,23.3316738],[113.0203639,23.3312079],[113.0201559,23.3309144],[113.0191357,23.3301514],[113.0186909,23.3285212],[113.0181252,23.3274615],[113.0200497,23.3259627],[113.0224488,23.3237401],[113.0247054,23.3225441],[113.0251305,23.3225534],[113.0255556,23.3227107],[113.0259682,23.3233124],[113.025467,23.3236837],[113.0249478,23.3242031],[113.0250379,23.324377],[113.0258426,23.3242865],[113.0278217,23.3244751],[113.0280439,23.3242723],[113.0281306,23.3239383],[113.0277302,23.3236454],[113.0273141,23.323434],[113.0272929,23.323015],[113.0276628,23.3230105],[113.0285055,23.3226611],[113.0286607,23.3226887],[113.0291002,23.3228592],[113.0296019,23.3232558],[113.0305702,23.3236225],[113.0305904,23.3234918],[113.0302717,23.3233847],[113.029607,23.3231118],[113.0295733,23.3227648],[113.0286816,23.3224655],[113.0282176,23.3224173],[113.028119,23.3226571],[113.0276509,23.3228215],[113.027238,23.3224968],[113.0262687,23.3231637],[113.025943,23.3227861],[113.0255067,23.3223273],[113.0277402,23.3209306],[113.028823,23.3196086],[113.0291087,23.3191546],[113.0295975,23.3193528],[113.0301844,23.3194992],[113.030332,23.319668],[113.0311886,23.3196693],[113.0313937,23.3199952],[113.0318677,23.3202883],[113.0319564,23.3205813],[113.0320988,23.3207921],[113.0327234,23.320571],[113.032675,23.319743],[113.0318447,23.3196696],[113.0317133,23.3191026],[113.0314195,23.3189972],[113.0313718,23.3186965],[113.029477,23.3184231],[113.0300366,23.3164181],[113.0296788,23.3155952],[113.0291916,23.3128592],[113.0291587,23.3126744],[113.0281511,23.309024],[113.027639,23.306541],[113.0271188,23.3034273],[113.0271619,23.3009419],[113.0272068,23.3005989],[113.0272576,23.3002148],[113.0281517,23.3002154],[113.029627,23.3002154],[113.0302611,23.2995289],[113.0312152,23.2980518],[113.0326389,23.2953588],[113.0331684,23.2940388],[113.0326155,23.2937547],[113.0319073,23.2930574],[113.031068,23.2925267],[113.0328905,23.2901546],[113.0371439,23.285968],[113.0403906,23.2840146],[113.0428477,23.2840799],[113.0442798,23.2830359],[113.0459984,23.2808967],[113.0464762,23.2789342],[113.0464415,23.276378],[113.0460089,23.2723732],[113.0459641,23.2719624],[113.0457347,23.2708487],[113.0461937,23.2706559],[113.0478911,23.2708135],[113.0474903,23.2672765],[113.0474275,23.2657247],[113.0469968,23.265651],[113.0454947,23.2658092],[113.0453125,23.2620098],[113.0423878,23.2578058],[113.0394882,23.2547396],[113.0393487,23.2534874],[113.0394096,23.2530842],[113.0400024,23.2525268],[113.0405959,23.252716],[113.0410985,23.2529748],[113.0427807,23.2546299],[113.0430943,23.2541039],[113.0435343,23.2536766],[113.0436966,23.2535449],[113.0452884,23.2540293],[113.047475,23.2554496],[113.0484164,23.2554377],[113.0494334,23.255134],[113.0502796,23.2543559],[113.0505068,23.2535842],[113.0511132,23.2530008],[113.0521854,23.2534875],[113.0531814,23.2532734],[113.0551505,23.25223],[113.0555532,23.2532209],[113.0573563,23.253648],[113.0575948,23.2529226],[113.0580311,23.2530276],[113.0582919,23.2533644],[113.059769,23.2535835],[113.0607608,23.2535482],[113.061102,23.2534323],[113.0619788,23.2538235],[113.0620859,23.2537096],[113.0623559,23.2538192],[113.0624752,23.2537611],[113.0624599,23.2534624],[113.0624295,23.2531768],[113.0625188,23.2529463],[113.0613452,23.2527991],[113.0606918,23.2522546],[113.0607099,23.2518752],[113.0603034,23.2517163],[113.0604804,23.25107],[113.0604524,23.2505183],[113.0607891,23.2504483],[113.061314,23.2510394],[113.0615891,23.2512565],[113.0619854,23.2512568],[113.062655,23.2507317],[113.0637273,23.2503369],[113.064008,23.2511705],[113.0641902,23.2511398],[113.0642065,23.251359],[113.06485,23.2511336],[113.064868,23.2509046],[113.0657013,23.2506336],[113.0676408,23.250775],[113.0676215,23.2521754],[113.0678796,23.252223],[113.0681538,23.2527657],[113.0695804,23.2521179],[113.0693426,23.2513328],[113.068803,23.2513509],[113.0687267,23.2508184],[113.0687193,23.2502948],[113.0694403,23.2501222],[113.0695531,23.2504006],[113.0701843,23.251722],[113.0705183,23.2518944],[113.0726912,23.2511767],[113.0728582,23.2517139],[113.0721886,23.2521009],[113.0724939,23.2525395],[113.0721755,23.2527864],[113.0729027,23.2533078],[113.0734821,23.2533702],[113.0737456,23.2540832],[113.0753709,23.2540733],[113.0755483,23.2604307],[113.0760585,23.2623849],[113.0736743,23.2701876],[113.0664351,23.2812883],[113.0680799,23.2846295],[113.0690201,23.2860202],[113.0691725,23.2875743],[113.0733665,23.2877042],[113.0755108,23.2882851],[113.0769087,23.2886861],[113.0779631,23.289255],[113.0783388,23.2892319],[113.0790176,23.2893365],[113.0795199,23.2888114],[113.0805343,23.287747],[113.0832982,23.2888539],[113.0833086,23.2894723],[113.0834275,23.2898512],[113.0833607,23.2901567],[113.0836602,23.2904157],[113.0840192,23.2907307],[113.0844414,23.291011],[113.084515,23.2914089],[113.0848429,23.292136],[113.0854648,23.2922742],[113.0857065,23.292695],[113.0867738,23.2930876],[113.0874647,23.2933651],[113.0908618,23.293997],[113.0935335,23.2943911],[113.0936609,23.2934522],[113.0950456,23.2935923],[113.0955202,23.2925855],[113.0963898,23.2923927],[113.0972559,23.2924755],[113.0977737,23.2927283],[113.099062,23.2925321],[113.099769,23.2937708],[113.1003655,23.2952458],[113.1006715,23.2955417],[113.1042898,23.2964242],[113.1052845,23.2976061],[113.1054717,23.2988939],[113.1042018,23.3000656],[113.1041152,23.3017821],[113.1048287,23.3027062],[113.1048066,23.3036832],[113.1040126,23.3039418],[113.104719,23.3046742],[113.1047594,23.3050615],[113.1053859,23.3052614],[113.1052841,23.3057047],[113.1045782,23.3055833],[113.1043239,23.3065237],[113.1035971,23.3063767],[113.1035537,23.3064635],[113.103968,23.306694],[113.104151,23.3067603],[113.1041754,23.3068929],[113.1051465,23.3073306],[113.1050564,23.3081905],[113.1052314,23.3082994],[113.1052323,23.3085372],[113.1065951,23.3085594],[113.1065867,23.3089577],[113.1064174,23.3105091],[113.1061035,23.3103904],[113.105883,23.3111455],[113.1060059,23.3111774],[113.1059477,23.311421],[113.1064204,23.3116687],[113.1064389,23.3118327],[113.1065762,23.3118767],[113.1072802,23.3123356],[113.107726,23.3125575],[113.1078813,23.3125756],[113.1083481,23.312458],[113.1085822,23.3121733],[113.1087825,23.3115992],[113.1088094,23.3110427],[113.1087878,23.3106197],[113.1085751,23.3099182],[113.1084082,23.3094673],[113.1082642,23.3091307],[113.1082835,23.3088962],[113.1083359,23.3087084],[113.1085078,23.3085049],[113.1096939,23.3085798],[113.1108357,23.3087983],[113.1143468,23.3092106],[113.1144103,23.3099614],[113.1179271,23.3102235],[113.1181449,23.3094875],[113.1192679,23.3095312],[113.1192258,23.3102823],[113.1195759,23.3113435],[113.1201906,23.3110974],[113.1208736,23.3110602],[113.120597,23.3119817],[113.121519,23.3122591],[113.1212802,23.3127039],[113.1211766,23.3130185],[113.1211861,23.3131171],[113.120254,23.3129053],[113.1203909,23.3132167],[113.1211223,23.3133954],[113.1210383,23.3137342],[113.1213417,23.3138483],[113.1213976,23.3142578],[113.1211689,23.3145019],[113.1212824,23.3147656],[113.1214743,23.3151994],[113.1219442,23.3150699],[113.1229048,23.3165047],[113.1240774,23.3157192],[113.1236418,23.3141759],[113.1249236,23.3133896],[113.1261992,23.3128321],[113.1256306,23.3110386],[113.1273247,23.3110866],[113.1287028,23.3113803],[113.129841,23.3112372],[113.1315837,23.311964],[113.1338972,23.3104484],[113.1346697,23.3084977],[113.1365955,23.307114],[113.1362959,23.3067293],[113.1365584,23.3065457],[113.1369662,23.3064615],[113.1367944,23.3058375],[113.1369379,23.3058068],[113.1371939,23.3064835],[113.1373659,23.3064856],[113.1374451,23.3065709],[113.1385861,23.3062554],[113.1382162,23.305318],[113.1389334,23.3050328],[113.1392456,23.305952],[113.1396245,23.3058096],[113.1396705,23.3056024],[113.1403993,23.3053659],[113.1405231,23.3056206],[113.1407456,23.3055659],[113.1416909,23.3053227],[113.1415869,23.3050777],[113.1405712,23.3053319],[113.1404534,23.3048914],[113.1418638,23.3045792],[113.1425841,23.3044094],[113.1438232,23.3038431],[113.1441181,23.3037321],[113.1443504,23.3037207],[113.1444297,23.3036074],[113.1445267,23.3035426],[113.144606,23.3033564],[113.1445796,23.3032268],[113.1447383,23.303073],[113.1451262,23.3030487],[113.1456639,23.3029596],[113.1460077,23.3029596],[113.1462751,23.3029815],[113.1462699,23.3028664],[113.1461968,23.302224],[113.1462229,23.3021569],[113.1468284,23.3019603],[113.1464891,23.3015337],[113.1468699,23.3013454],[113.1465485,23.3010189],[113.1466779,23.3005371],[113.1466572,23.2999765],[113.1468731,23.298934],[113.1459968,23.2990314],[113.1457146,23.2976357],[113.1443889,23.2977299],[113.1441244,23.2964262],[113.1438725,23.2948258],[113.1438749,23.2939565],[113.1437476,23.2937566],[113.1443043,23.292226],[113.1454734,23.2900977],[113.1455285,23.2897675],[113.1459261,23.2897489],[113.1462653,23.2894935],[113.1464194,23.288576],[113.147169,23.2887204],[113.1474005,23.2875706],[113.1499567,23.2878763],[113.1499815,23.28861],[113.1531313,23.2887748],[113.1534482,23.2886623],[113.1543406,23.2887596],[113.1544806,23.2887353],[113.1546185,23.2886316],[113.1547339,23.2883513],[113.1554138,23.2885948],[113.1560349,23.288781],[113.1564127,23.2887897],[113.1567165,23.2887111],[113.1570402,23.2885881],[113.1573791,23.2884303],[113.1583396,23.287708],[113.1589078,23.2870893],[113.1592183,23.2864043],[113.1592033,23.2859374],[113.1590989,23.2855583],[113.1587626,23.2850404],[113.1600879,23.2849182],[113.1601319,23.284142],[113.1592687,23.2821646],[113.1600571,23.2802251],[113.1617252,23.280375],[113.1647808,23.2803291],[113.1665792,23.2801239],[113.1684859,23.2794876],[113.1710424,23.2779168],[113.1719641,23.2773928],[113.1729579,23.2764048],[113.1734299,23.275158],[113.1737198,23.2706524],[113.1758934,23.2582271],[113.1764248,23.2503276],[113.1760222,23.2487248],[113.1738164,23.2399421],[113.1728158,23.2386083],[113.1704227,23.2372658],[113.171521,23.2360493],[113.1721767,23.2349776],[113.1733501,23.2354666],[113.1739473,23.2343508],[113.1735719,23.2340545],[113.1733833,23.2333967],[113.17266,23.2316467],[113.1727158,23.2299685],[113.1743175,23.2292863],[113.1735499,23.2286373],[113.171649,23.2266121],[113.1731709,23.2255715],[113.1717655,23.2245048],[113.1728917,23.2233655],[113.1723912,23.2231492],[113.172335,23.2227345],[113.1728775,23.2225493],[113.1731346,23.2220739],[113.1742129,23.2226307],[113.1747265,23.221648],[113.1748618,23.2212816],[113.1760191,23.2214376],[113.1762008,23.2202879],[113.1763836,23.2201605],[113.176217,23.2195891],[113.1766481,23.2192273],[113.1766477,23.2190297],[113.17622,23.2184366],[113.1761908,23.218298],[113.1760445,23.217467],[113.1762481,23.2173351],[113.1781312,23.2173526],[113.1791411,23.2178216],[113.180012,23.2176932],[113.1805263,23.2175375],[113.1809919,23.2175296],[113.1815426,23.2177784],[113.1826648,23.2179773],[113.1828437,23.2175329],[113.1876312,23.2126874],[113.194442,23.2081148],[113.1990308,23.2045187],[113.1997961,23.2030688],[113.2037646,23.1955504],[113.2042959,23.1920873],[113.2041729,23.1914088],[113.2029917,23.1848943],[113.2058076,23.1792963],[113.2051607,23.178944],[113.2041465,23.1785186],[113.2028619,23.178173],[113.2025813,23.1779389],[113.2022551,23.1775656],[113.2019405,23.1765696],[113.2013311,23.1763852],[113.2009565,23.1753324],[113.2004292,23.1749147],[113.197342,23.1756224],[113.1961006,23.1751036],[113.1933525,23.1727181],[113.1931883,23.1718852],[113.1933787,23.1710059],[113.1904739,23.1695609],[113.1845881,23.1641567],[113.1818977,23.1607542],[113.1816671,23.1600178],[113.1814308,23.1591158],[113.1811361,23.1575202],[113.1816787,23.1569753],[113.1823747,23.1560662],[113.1826423,23.1556574],[113.1824931,23.1554985],[113.1824436,23.1553819],[113.1824026,23.155144],[113.1823761,23.1549457],[113.1825427,23.1546107],[113.18263,23.1543212],[113.1826525,23.1540688],[113.1822597,23.1523613],[113.18227,23.1522729],[113.1822853,23.1521416],[113.1824038,23.1518833],[113.1825675,23.1516112],[113.183483,23.1507015],[113.1823744,23.1498784],[113.1832,23.1490072],[113.1832229,23.1477776],[113.1836614,23.1476702],[113.1838639,23.1476275],[113.1839891,23.1476084],[113.1840999,23.1476443],[113.1844604,23.1480822],[113.1850627,23.1475581],[113.1859854,23.1475955],[113.1858368,23.1480628],[113.1859367,23.1480814],[113.186333,23.1483983],[113.1872049,23.1475867],[113.1876351,23.14758],[113.1876268,23.1477824],[113.1888932,23.1488348],[113.1888965,23.1493315],[113.1890194,23.1494048],[113.1910201,23.1491032],[113.1934439,23.1487407],[113.1957989,23.1487444],[113.1961938,23.146937],[113.1996928,23.1469029],[113.1996845,23.1464897],[113.200937,23.1465759],[113.2025529,23.1469497],[113.2028083,23.1469443],[113.202931,23.1468056],[113.2036322,23.1466517],[113.2036221,23.1457802],[113.2046929,23.1457522],[113.2058253,23.1459792],[113.2061143,23.1462263],[113.2061834,23.1462469],[113.2062543,23.1462265],[113.2063112,23.1461576],[113.2063497,23.1460664],[113.2061408,23.1449565],[113.2060945,23.1443029],[113.2061295,23.1441816],[113.2062002,23.144085],[113.2083459,23.1438443],[113.2079791,23.1392006],[113.2072254,23.1357214],[113.2068928,23.1348768],[113.2065849,23.13409],[113.2061343,23.1318642],[113.2058516,23.1287119],[113.2058312,23.125189],[113.2054004,23.1248111],[113.2049686,23.1245778],[113.2039027,23.1246301],[113.1998128,23.1247065],[113.199763,23.124015],[113.199576,23.1240273],[113.1995641,23.1238501],[113.1993245,23.1237269],[113.1996634,23.1232223],[113.1996101,23.1227218],[113.1991718,23.1224268],[113.1991278,23.122296],[113.1992986,23.1217264],[113.1995999,23.1210441],[113.1989028,23.1197728],[113.1988758,23.1196949],[113.1987624,23.1193683],[113.1982255,23.1192091],[113.1986533,23.1180598],[113.1991603,23.1169972],[113.1994331,23.1167686],[113.1995832,23.1167329],[113.2000725,23.1158503],[113.2002308,23.1156713],[113.2002974,23.1156371],[113.2003428,23.1149079],[113.199658,23.114156],[113.199626,23.1136882],[113.199201,23.1136755],[113.1991988,23.113106],[113.1984113,23.1130236],[113.19814,23.1129297],[113.197728,23.1127687],[113.1970698,23.1127618],[113.1972372,23.1114797],[113.1973482,23.1114902],[113.197356,23.111315],[113.1972879,23.1110805],[113.1973863,23.1109396],[113.197486,23.1108939],[113.1976163,23.1108752],[113.1980813,23.111133],[113.1980598,23.1114295],[113.1989926,23.1116023],[113.1990093,23.1116783],[113.1990657,23.1117484],[113.1991597,23.1117691],[113.1995528,23.1116178],[113.1999459,23.1114666],[113.2010497,23.1109431],[113.2016459,23.1109172],[113.2014827,23.109652],[113.2015412,23.1093718],[113.2016037,23.109231],[113.2017073,23.1091301],[113.2020308,23.1091723],[113.2022224,23.1088125],[113.2022196,23.1086472],[113.2021255,23.1085658],[113.2026249,23.1083064],[113.2027854,23.1082669],[113.2029415,23.1081923],[113.2030548,23.1081473],[113.2031438,23.1078334],[113.2032439,23.1077586],[113.2034137,23.1077436],[113.2036158,23.1077088],[113.2036491,23.107615],[113.2036636,23.1075212],[113.2030516,23.1074593],[113.2029405,23.1073985],[113.202922,23.1073146],[113.2029261,23.1071913],[113.2030107,23.1071271],[113.2031106,23.1071044],[113.203638,23.1071744],[113.2038275,23.1071944],[113.2039356,23.1071551],[113.2039736,23.107012],[113.2039497,23.1068961],[113.2037273,23.1068986],[113.203265,23.1068668],[113.2030472,23.1068957],[113.2029153,23.1065455],[113.2033297,23.1065259],[113.2032888,23.1062237],[113.2030992,23.1062219],[113.203081,23.1059878],[113.2032696,23.1059703],[113.2032506,23.1056957],[113.2028248,23.105694],[113.2027266,23.1050683],[113.2025222,23.1048212],[113.2023674,23.1039475],[113.2022195,23.103987],[113.2021757,23.1038924],[113.2021162,23.1037323],[113.2019575,23.1038128],[113.2018881,23.1036086],[113.2014982,23.1029133],[113.2014343,23.1025247],[113.206426,23.1023297],[113.2075644,23.1022852],[113.2080546,23.1022724],[113.208619,23.1024551],[113.2092929,23.1026501],[113.2098916,23.1029486],[113.2100761,23.102984],[113.2102605,23.1030193],[113.210439,23.1029618],[113.2106283,23.1028451],[113.210801,23.1026595],[113.2109361,23.1024197],[113.2110953,23.1018249],[113.2113237,23.1017185],[113.2114984,23.1017028],[113.2114571,23.1012109],[113.2111956,23.100391],[113.2109059,23.0998399],[113.2107431,23.099193],[113.2104569,23.098889],[113.209951,23.0986653],[113.209339,23.098575],[113.2086048,23.098573],[113.2079423,23.0984151],[113.2075489,23.0981052],[113.2074834,23.0977554],[113.2075247,23.0974122],[113.2075969,23.0972143],[113.2077224,23.0971154],[113.2078545,23.0970467],[113.2089283,23.0966545],[113.2093869,23.0966149],[113.2101972,23.0965798],[113.2108583,23.0963654],[113.2110187,23.0961918],[113.2110949,23.0960768],[113.2111553,23.0959787],[113.211173,23.0958531],[113.2111193,23.0956561],[113.2110005,23.0952936],[113.2108619,23.0949581],[113.210685,23.0946812],[113.2101912,23.0942853],[113.2100301,23.0942749],[113.209484,23.0943674],[113.2092648,23.0944959],[113.20871,23.095089],[113.2082932,23.0954658],[113.2080354,23.095509],[113.2078536,23.0952915],[113.2076835,23.0950816],[113.2068386,23.0938421],[113.2066476,23.093493],[113.2066154,23.0931875],[113.2067552,23.0929684],[113.2074193,23.0923173],[113.2077259,23.0920967],[113.2078021,23.0919095],[113.2077833,23.0916613],[113.2075014,23.0912968],[113.2068821,23.0909314],[113.2058167,23.0905285],[113.2052354,23.0903079],[113.2046231,23.0899428],[113.2042256,23.0895475],[113.2040437,23.0892153],[113.2039092,23.0887574],[113.2039154,23.0885514],[113.2039277,23.0883292],[113.2041642,23.0879129],[113.2049154,23.0877606],[113.2047073,23.0870624],[113.2039921,23.0871592],[113.2039595,23.087012],[113.2037286,23.0861633],[113.2034987,23.0862037],[113.201556,23.0865183],[113.198814,23.0866799],[113.1961055,23.0867954],[113.1917544,23.0867317],[113.1894085,23.0865728],[113.1882874,23.0863977],[113.1869166,23.0857354],[113.1858584,23.0852241],[113.1835095,23.0837996],[113.1827062,23.0833124],[113.1811264,23.0820505],[113.1804293,23.0815259],[113.1795026,23.0809989],[113.1786006,23.0806371],[113.177679,23.0803696],[113.1771465,23.0802524],[113.1758167,23.0801278],[113.174206,23.0801458],[113.1734156,23.0802833],[113.1731206,23.0803346],[113.1726243,23.0802833],[113.1721437,23.0801261],[113.1718218,23.0798502],[113.1717221,23.0796267],[113.1717172,23.0794833],[113.1717652,23.0793733],[113.1731015,23.0779191],[113.1735859,23.0772593],[113.1736599,23.0769649],[113.1736605,23.0766291],[113.173498,23.076243],[113.1728065,23.0751266],[113.1726549,23.0748277],[113.1725302,23.07439],[113.1724449,23.0734725],[113.1722035,23.0725045],[113.1721863,23.0720978],[113.1722739,23.0715571],[113.1726073,23.0703487],[113.1728291,23.0698065],[113.1730785,23.0693313],[113.1739661,23.067995],[113.1751339,23.0661476],[113.1754662,23.0657358],[113.1765995,23.0646245],[113.1778317,23.0635071],[113.1794273,23.0623694],[113.1800912,23.0619711],[113.1808111,23.0616478],[113.1826446,23.0609817],[113.1844125,23.0604321],[113.1856152,23.0601481],[113.1873055,23.059828],[113.188973,23.0594531],[113.1892813,23.0593341],[113.1899899,23.0590605],[113.1904665,23.0588283],[113.1910217,23.0584726],[113.1926721,23.0570222],[113.1933153,23.056574],[113.1960289,23.0548257],[113.1975778,23.0536576],[113.1984265,23.05286],[113.1998971,23.051162],[113.2011232,23.0496982],[113.2025362,23.0481699],[113.2034631,23.047428],[113.2047793,23.0466152],[113.2052642,23.046404],[113.2059884,23.0460698],[113.2064133,23.0459382],[113.2069795,23.0458064],[113.2109213,23.0455283],[113.2136317,23.0452622],[113.2149068,23.0450862],[113.2152093,23.0450766],[113.2171108,23.0446583],[113.2176974,23.0445849],[113.2208262,23.0441074],[113.2216228,23.044134],[113.222624,23.0442463],[113.2253315,23.0451776],[113.2273847,23.0457551],[113.2282527,23.0459182],[113.2299542,23.0460024],[113.2345013,23.0460916],[113.2349858,23.0461011],[113.2361239,23.0460382],[113.2411463,23.0458321],[113.2431158,23.0458946],[113.2446157,23.0459881],[113.247552,23.0466945],[113.2489459,23.0471698],[113.2493944,23.0473784],[113.2499633,23.0475744],[113.2501143,23.0475635],[113.2502398,23.0475467],[113.2503785,23.0475107],[113.2505147,23.047335],[113.2505796,23.0471748],[113.2505753,23.0468134],[113.2502352,23.0452062],[113.2494853,23.0426881],[113.2491862,23.0410692],[113.2491658,23.040661],[113.2491961,23.040288],[113.2492466,23.0398366],[113.2495593,23.0390206],[113.2499434,23.0384228],[113.2501768,23.0382162],[113.2505322,23.0380232],[113.2509018,23.0379469],[113.2512504,23.0379494],[113.2513146,23.037903],[113.2513694,23.0365433],[113.2513106,23.0362378],[113.251206,23.0361045],[113.2510196,23.036005],[113.2506481,23.0358601],[113.2503002,23.0356463],[113.2502828,23.0354375],[113.250324,23.0352185],[113.2505571,23.0346966],[113.250598,23.0345422],[113.2505861,23.0343068],[113.250542,23.0340859],[113.2505185,23.0339267],[113.2505169,23.0337503],[113.2505267,23.0335448],[113.2505208,23.0333621],[113.2505253,23.0332018],[113.2505594,23.0330582],[113.2506321,23.0329817],[113.2507247,23.0329331],[113.2508422,23.0329173],[113.2517214,23.0329572],[113.2531839,23.025657],[113.2541494,23.0257427],[113.2541684,23.0253612],[113.2535212,23.0252979],[113.2534941,23.0241798],[113.2568686,23.0241968],[113.257728,23.0237892],[113.2558113,23.0208168],[113.2550544,23.0200007],[113.2544605,23.0203759],[113.2539874,23.0205547],[113.2529939,23.0207828],[113.2511464,23.0209576],[113.2509039,23.0224318],[113.2478591,23.0221691],[113.2481543,23.0188776],[113.2482759,23.0175222],[113.2478178,23.0170403],[113.2482335,23.0166562],[113.2485307,23.0162617],[113.2490135,23.0149251],[113.2462626,23.0134118],[113.2453963,23.0126351],[113.2449655,23.0119622],[113.2446624,23.0111756],[113.2444242,23.0097891],[113.244385,23.0088866],[113.2445229,23.0081217],[113.2443084,23.0071233],[113.243972,23.0054469],[113.2441646,23.0045438],[113.2444097,23.003653],[113.2449365,23.0024319],[113.2452493,23.0019307],[113.2455899,23.0016453],[113.2460926,23.001391],[113.2479213,23.0009895],[113.2509844,23.0007718],[113.2516919,23.0004138],[113.2520755,23.0000804],[113.2525486,22.9995264],[113.2527702,22.999164],[113.2529156,22.9986953],[113.2528549,22.9979961],[113.252525,22.9975053],[113.2521554,22.9970589],[113.2513411,22.996487],[113.2492844,22.9951355],[113.2475308,22.9934372],[113.2462261,22.9918298],[113.2459198,22.9911808],[113.2458544,22.9910422],[113.2459939,22.9892194],[113.2462884,22.9857843],[113.2461767,22.9850576],[113.2448046,22.9819742],[113.2443373,22.9807553],[113.2441168,22.9794989],[113.2440643,22.9782909],[113.2442896,22.9767801],[113.2449768,22.9751167],[113.2457927,22.9739057],[113.2469809,22.9726695],[113.2476482,22.972099],[113.2485114,22.9714574],[113.2509356,22.9692136],[113.2522611,22.9683562],[113.2540445,22.9677297],[113.2555178,22.9670152],[113.2572033,22.9661],[113.2587048,22.9650138],[113.2618602,22.9623935],[113.2625072,22.9615155],[113.2626053,22.9612949],[113.2626348,22.9608761],[113.2625394,22.9605315],[113.2623141,22.9599425],[113.2618487,22.9588035],[113.2617682,22.9584515],[113.2619656,22.9576486],[113.2619982,22.9573729],[113.2627969,22.95736],[113.2629297,22.9573579],[113.2635079,22.9580772],[113.2640798,22.9587887],[113.2648175,22.9597064],[113.2649176,22.9596096],[113.2657293,22.9598603],[113.2658357,22.9595784],[113.2661061,22.9596558],[113.2668835,22.9598783],[113.2677797,22.9601979],[113.2690186,22.9583344],[113.2691152,22.957943],[113.2703645,22.9579356],[113.2703813,22.9574897],[113.2705066,22.9573773],[113.2708681,22.957053],[113.271078,22.9569741],[113.2714853,22.9568209],[113.2717608,22.9567172],[113.271835,22.9566893],[113.2720903,22.9565933],[113.2733097,22.9560866],[113.273746,22.9559339],[113.2757986,22.955416],[113.2766385,22.9552527],[113.2774925,22.9550317],[113.2777785,22.9555702],[113.277932,22.9557443],[113.2785402,22.9554901],[113.2792914,22.9551797],[113.2800677,22.9547365],[113.2802608,22.9545417],[113.2808622,22.9541306],[113.2819978,22.9535632],[113.2824998,22.9532625],[113.282852,22.9529244],[113.283435,22.9522312],[113.2856341,22.9496988],[113.2861557,22.949243],[113.2870315,22.9483701],[113.2871396,22.9482623],[113.287737,22.9474275],[113.2887428,22.9461021],[113.2899979,22.9440583],[113.2907736,22.9422806],[113.2914891,22.940581],[113.2923445,22.9386322],[113.2930642,22.937091],[113.2930306,22.9369923],[113.2923358,22.9367991],[113.2913672,22.9358859],[113.290157,22.9351635],[113.289165,22.9349492],[113.2870438,22.9342665],[113.2848645,22.9335946],[113.2848242,22.9324325],[113.2847621,22.9324004],[113.2836899,22.9324627],[113.2834701,22.9313604],[113.2831503,22.931371],[113.2823353,22.9315685],[113.2822437,22.9318583],[113.2823598,22.9324149],[113.2822649,22.9325031],[113.281789,22.9325168],[113.2811104,22.9326161],[113.281062,22.9325961],[113.2810121,22.9316591],[113.2802767,22.9316745],[113.2801117,22.9317207],[113.2800857,22.9318171],[113.2801042,22.9320242],[113.2800618,22.9320808],[113.279405,22.9320291],[113.2787595,22.9317395],[113.278418,22.9313128],[113.2784205,22.9301974],[113.2783854,22.9301311],[113.2783062,22.9301416],[113.2775994,22.9308349],[113.2769224,22.9303062],[113.2778407,22.9275858],[113.2780936,22.926888],[113.2785107,22.9254585],[113.2785126,22.9252409],[113.2784245,22.9251585],[113.2776625,22.9249753],[113.2776567,22.9248423],[113.2777917,22.9240625],[113.2779366,22.9232011],[113.2779267,22.9230717],[113.2780181,22.9218902],[113.2780001,22.921519],[113.2780483,22.9207797],[113.2781626,22.9186304],[113.2781396,22.9167953],[113.2780189,22.9155751],[113.2781137,22.9144291],[113.2782292,22.9143633],[113.2790628,22.9143831],[113.2791853,22.914275],[113.2789066,22.911503],[113.2791194,22.9104944],[113.2800687,22.9080941],[113.2806204,22.9068462],[113.2811312,22.9054736],[113.2811359,22.9054346],[113.2812191,22.9047401],[113.2812,22.9045327],[113.2811584,22.9043836],[113.2810789,22.9043357],[113.2808943,22.9042908],[113.2797986,22.9041403],[113.2784363,22.9038638],[113.2757779,22.9037401],[113.2739677,22.9038952],[113.2728648,22.9038112],[113.2724611,22.9036388],[113.2722471,22.903487],[113.2721805,22.9010623],[113.2711958,22.8979147],[113.27091,22.8965342],[113.2709113,22.8964226],[113.271047,22.8963298],[113.2769549,22.8924368],[113.2790461,22.891019],[113.2800475,22.8903691],[113.280257,22.8902597],[113.2824397,22.8889244],[113.2860226,22.8865339],[113.2880557,22.8849925],[113.2927389,22.8818388],[113.2941846,22.8810323],[113.2947291,22.8804995],[113.2951293,22.8797359],[113.295721,22.8773724],[113.295626,22.8771085],[113.2953599,22.8769676],[113.2926128,22.8757938],[113.2961383,22.8689685],[113.2909472,22.8652718],[113.2919235,22.8632165],[113.2911666,22.8627895],[113.2914799,22.86218],[113.2914981,22.8616204],[113.2912422,22.8614983],[113.291578,22.8606748],[113.2946143,22.8618473],[113.2956148,22.8585681],[113.2965058,22.8581677],[113.2972493,22.8571],[113.2978372,22.8567248],[113.2982149,22.8559072],[113.2983812,22.8549773],[113.2992153,22.8543772],[113.3000232,22.8543728],[113.3002035,22.8539575],[113.3011052,22.8539744],[113.3011498,22.8541493],[113.3040664,22.8541864],[113.3046098,22.8463733],[113.3046581,22.8424847],[113.3045536,22.8412602],[113.3045449,22.8411587],[113.3046071,22.8402249],[113.3050357,22.8379675],[113.3057535,22.8356458],[113.3061641,22.8344239],[113.3066378,22.8334613],[113.3077043,22.8319835],[113.3090357,22.830879],[113.312374,22.8291386],[113.3143003,22.8287752],[113.3218642,22.826931],[113.3227219,22.8266853],[113.3247658,22.8259204],[113.3256203,22.8255041],[113.3275971,22.824087],[113.3288621,22.8228475],[113.3297815,22.8217938],[113.3301817,22.8212781],[113.3303797,22.821197],[113.3306137,22.8211985],[113.330989,22.821262],[113.332674,22.8217503],[113.3340489,22.8220534],[113.3359408,22.8224265],[113.3385625,22.8228467],[113.3390198,22.82318],[113.3395913,22.8230852],[113.3398462,22.8225993],[113.339925,22.8222136],[113.3399377,22.8214937],[113.3415469,22.82151],[113.3424983,22.8214198],[113.3432659,22.8212567],[113.3437895,22.8213474],[113.3439311,22.8210954],[113.3440526,22.8210001],[113.3445777,22.8210771],[113.3450456,22.8211794],[113.3450814,22.8208019],[113.3467003,22.8208205],[113.3466976,22.8213953],[113.3469214,22.821528],[113.3472137,22.8215463],[113.347223,22.8221479],[113.3468253,22.8242502],[113.348786,22.8246388],[113.3493765,22.8249309],[113.3496,22.82465],[113.3578049,22.826067],[113.3583667,22.826591],[113.3592955,22.8259857],[113.3624932,22.8243995],[113.3627437,22.8243449],[113.3631648,22.8242532],[113.3639741,22.824491],[113.3674279,22.8255061],[113.3683211,22.8254269],[113.3698392,22.8249735],[113.3710999,22.8244054],[113.3737427,22.8227809],[113.3741742,22.8225157],[113.3753039,22.8216474],[113.3779395,22.8196217],[113.3796969,22.8182209],[113.3800188,22.8177418],[113.3813078,22.8158237],[113.3816039,22.8153812],[113.3820932,22.8150177],[113.3850897,22.8135397],[113.3879656,22.8124806],[113.3875981,22.8119896],[113.3877779,22.8118733],[113.3865164,22.8103011],[113.3863427,22.8103147],[113.3860678,22.8103791],[113.3845218,22.8090968],[113.3841478,22.8088049],[113.3761328,22.8010116],[113.3752584,22.8008766],[113.3744113,22.8008454],[113.3740589,22.8006877],[113.3734522,22.8003569],[113.3732773,22.8002896],[113.3724909,22.8003593],[113.3720236,22.8002708],[113.3716234,22.7999696],[113.3712222,22.7991967],[113.3698323,22.798083],[113.3695871,22.7980444],[113.3682492,22.7981478],[113.3673453,22.798312],[113.367002,22.798539],[113.3664709,22.7997016],[113.3561278,22.7959461],[113.3549335,22.7964315],[113.3525457,22.7974454],[113.3512723,22.7964315],[113.351634,22.795044],[113.3523866,22.7905747],[113.3529977,22.7890696],[113.3540478,22.786421],[113.3545233,22.7851971],[113.3548403,22.7843203],[113.3553554,22.7827494],[113.3560687,22.7806852],[113.3569443,22.7793083],[113.3581783,22.7776447],[113.3587808,22.7770892],[113.3598133,22.7761183],[113.3759567,22.7652146],[113.3891398,22.75671],[113.4057951,22.7464538],[113.411817,22.7442023],[113.4205515,22.7416006],[113.4335177,22.74085],[113.4417096,22.7395992],[113.4507154,22.7362468],[113.462705,22.7320437],[113.4592872,22.7244378],[113.4661229,22.7182327],[113.4749116,22.7117771],[113.4867928,22.7031691],[113.4966461,22.6959083],[113.5083421,22.6891432],[113.5157932,22.6831825],[113.5266484,22.6747151],[113.5322867,22.6708041],[113.5342019,22.6699133],[113.5345232,22.669536],[113.5345995,22.6693082],[113.5341772,22.6670806],[113.5321884,22.6635089],[113.5326046,22.6629889],[113.5335193,22.662372],[113.5339839,22.6620253],[113.5341353,22.6616158],[113.5340474,22.661197],[113.5337126,22.6608212],[113.5330764,22.6604941],[113.5324873,22.6602679],[113.5302068,22.6598366],[113.5280133,22.659534],[113.5277172,22.659394],[113.5275615,22.6591564],[113.5275145,22.6586717],[113.527715,22.6581652],[113.5311496,22.6513531],[113.5327198,22.6478719],[113.5347809,22.6449781],[113.5350291,22.6446092],[113.5362783,22.6427529],[113.5432514,22.6323909],[113.5504634,22.6204226],[113.5528035,22.6171648],[113.5564095,22.6110384],[113.5601045,22.6065611],[113.562294,22.6091215],[113.5670007,22.6056541],[113.5697346,22.608984],[113.5724244,22.6071589],[113.5726586,22.6071703],[113.5728998,22.6072879],[113.5731751,22.6073297],[113.5737667,22.607231],[113.5752355,22.6058393],[113.5779648,22.6035092],[113.5801661,22.6018107],[113.5827603,22.6008802],[113.5855027,22.6003083],[113.5907352,22.5993201],[113.5970991,22.5987693],[113.6100391,22.5886556],[113.6144742,22.583534],[113.6127089,22.5824732],[113.62953,22.5607979],[113.6851197,22.5607979],[113.7272323,22.5607978],[113.7467764,22.5978468],[113.7351034,22.6090986],[113.7153624,22.6759563],[113.6805151,22.718082],[113.6709021,22.725999],[113.6504162,22.7522924],[113.6223219,22.789951],[113.605274,22.8096404],[113.6043277,22.8108206],[113.6024092,22.8132132],[113.585758,22.8287192],[113.576145,22.8380535],[113.5668753,22.8562458],[113.5667926,22.8585134],[113.5661886,22.8750682],[113.5697935,22.8930974],[113.5600088,22.907013],[113.5462759,22.9400568],[113.5383795,22.9520708],[113.5352748,22.9633366],[113.5272215,22.974515],[113.5217283,22.9863679],[113.5167502,23.0069104],[113.5168361,23.0103864],[113.5158919,23.0174964],[113.5161994,23.0242106],[113.516648,23.0340029],[113.5168315,23.0360923],[113.5183588,23.0418393],[113.5213601,23.0462245],[113.5269246,23.0536053],[113.5354193,23.0606316],[113.5386455,23.0649889],[113.541043,23.0720146],[113.5447822,23.080553],[113.5473704,23.0822585],[113.5499736,23.0834631],[113.5528397,23.0846369],[113.5653698,23.0870361],[113.5672027,23.0873816],[113.5813551,23.090476],[113.590894,23.0946946],[113.5962749,23.0980693],[113.6003758,23.1029398],[113.6030209,23.1049771],[113.6059027,23.106276],[113.6133633,23.1068878],[113.6351567,23.1065458],[113.6365413,23.1075112],[113.6374543,23.1091019],[113.6380373,23.1102406],[113.6393343,23.1121063],[113.6393841,23.1123429],[113.6393566,23.1125843],[113.6392231,23.1127887],[113.639008,23.1129857],[113.6376859,23.1137598],[113.637342,23.1141164],[113.6372051,23.114427],[113.6370682,23.1150983],[113.6370561,23.1154273],[113.637172,23.1157501],[113.6373607,23.1161114],[113.6376474,23.1164628],[113.6381083,23.1167625],[113.6404969,23.1178248],[113.6410803,23.1182236],[113.6416708,23.1187395],[113.6419316,23.1189982],[113.6423854,23.1195659],[113.6427097,23.1199939],[113.6429591,23.1203671],[113.643275,23.1206987],[113.6435742,23.1209184],[113.644541,23.1214424],[113.6449291,23.1217585],[113.6454342,23.1224],[113.6456491,23.122714],[113.6472446,23.1229654],[113.6477298,23.1231488],[113.6480746,23.122336],[113.6478469,23.1222591],[113.647901,23.1221165],[113.6488469,23.119088],[113.6489261,23.1191104],[113.6490531,23.1186965],[113.6494801,23.1180074],[113.6520071,23.1197985],[113.6547404,23.1201358],[113.6551389,23.1200995],[113.6553894,23.1199959],[113.6557666,23.1197873],[113.6559924,23.1194314],[113.6561199,23.1190527],[113.6561246,23.1186606],[113.6560251,23.1181544],[113.6552819,23.1167219],[113.6549831,23.1156991],[113.6555562,23.1147451],[113.6559805,23.1141495],[113.656829,23.1140879],[113.6663255,23.1193773],[113.6726891,23.12001],[113.6787343,23.1220284],[113.6848018,23.1244406],[113.6931335,23.1295995],[113.6943228,23.1303359],[113.7004628,23.1343628],[113.7109555,23.1416388],[113.7146968,23.1416263],[113.7161571,23.1430476],[113.7187545,23.1438051],[113.7192547,23.1449285],[113.7295041,23.1444171],[113.7336826,23.1440984],[113.737149,23.1409894],[113.7456665,23.1352002],[113.7497417,23.1328765],[113.7514758,23.1326152],[113.7614781,23.1324827],[113.7661494,23.1332997],[113.7700806,23.1339142],[113.7719035,23.1340014],[113.7734055,23.1338238],[113.7756443,23.133113],[113.7808361,23.1311398],[113.7862302,23.1305437],[113.7999862,23.1317348],[113.8075787,23.1307491],[113.8169153,23.1275051],[113.8272261,23.1228579],[113.8322824,23.1212979],[113.8345354,23.1200291],[113.8354764,23.1220199],[113.8358653,23.1251535],[113.8365139,23.1256225],[113.8388228,23.1253955],[113.8392833,23.1258972],[113.8392899,23.128378],[113.839818,23.128348],[113.8392244,23.1329303],[113.8401165,23.1333651],[113.8404702,23.13317],[113.8400481,23.132677],[113.8415527,23.1303144],[113.842435,23.1300865],[113.8427014,23.1307838],[113.842545,23.1310549],[113.8431481,23.1333364],[113.8438909,23.1333008],[113.8439536,23.133768],[113.8432658,23.1347173],[113.8432807,23.1353898],[113.8424079,23.135815],[113.8413778,23.1346317],[113.8407731,23.1346726],[113.8407507,23.1353303],[113.8403985,23.1376417],[113.8405467,23.1382274],[113.8420947,23.140285],[113.8440319,23.1435378],[113.8440816,23.144453],[113.8431677,23.14531],[113.8433373,23.1463988],[113.8437714,23.1480323],[113.84363,23.1498556],[113.8440776,23.1507265],[113.8460762,23.1518807],[113.8480707,23.1532808],[113.8504323,23.1538729],[113.8513745,23.1551595],[113.8516754,23.1565397],[113.8520627,23.1573353],[113.8524771,23.1589611],[113.8528266,23.1596022],[113.8534704,23.1601547],[113.8554369,23.1609246],[113.8569846,23.1612347],[113.8589245,23.1612007],[113.8603065,23.1612508],[113.8637624,23.1623727],[113.8650681,23.1630104],[113.8647786,23.1642904],[113.8648553,23.165376],[113.8669169,23.1667532],[113.868116,23.1672372],[113.8703363,23.1680018],[113.8719333,23.1685945],[113.8727128,23.1685597],[113.8749034,23.1680796],[113.8768047,23.1677326],[113.8771449,23.1680772],[113.8804851,23.1684026],[113.8826205,23.1677662],[113.8836222,23.1670996],[113.8844669,23.1657878],[113.8850576,23.1657051],[113.8871844,23.1661679],[113.8882814,23.1668513],[113.890253,23.1673409],[113.8909117,23.1679018],[113.8922051,23.1695005],[113.893319,23.1697753],[113.894107,23.1708861],[113.89498,23.1715153],[113.8956036,23.1719774],[113.8972172,23.1770849],[113.898089,23.1768402],[113.8982727,23.1773833],[113.898528,23.1773114],[113.8990837,23.1784998],[113.8978764,23.1789021],[113.8982283,23.1798769],[113.8989835,23.1805033],[113.8996407,23.1808005],[113.9006994,23.1826518],[113.8995292,23.1826882],[113.8970488,23.1801509],[113.8963269,23.1783557],[113.8946985,23.1788791],[113.8950861,23.1800266],[113.8932039,23.1809637],[113.8928974,23.1803304],[113.8920549,23.1805808],[113.8921938,23.1811156],[113.8913282,23.1813503],[113.8912127,23.1810969],[113.8896858,23.1817478],[113.8892309,23.1810099],[113.888953,23.1789761],[113.8883838,23.1791602],[113.888586,23.179966],[113.8880031,23.1800914],[113.8877671,23.179361],[113.8862072,23.1797492],[113.8858709,23.1802039],[113.8841174,23.1807322],[113.883312,23.1818166],[113.8822395,23.1842234],[113.8826178,23.185282],[113.8818949,23.1861794],[113.8814185,23.1860913],[113.8811225,23.1865359],[113.8815077,23.1874823],[113.8803446,23.1881497],[113.8816073,23.1886942],[113.8815247,23.1893009],[113.8804887,23.1904248],[113.8814101,23.1916332],[113.8796973,23.1926412],[113.8790236,23.1929483],[113.8780805,23.1938546],[113.8778039,23.1941108],[113.8806524,23.1976212],[113.8803453,23.1983088],[113.8793115,23.2000528],[113.8831204,23.2021259],[113.8824601,23.203027],[113.8833186,23.2072214],[113.8848953,23.2068167],[113.8874915,23.2070455],[113.8876878,23.2080378],[113.8875837,23.2083284],[113.8878978,23.2112965],[113.8881305,23.2131445],[113.8877138,23.2134513],[113.8888212,23.2151492],[113.8892221,23.2151456],[113.8902083,23.2166962],[113.8911943,23.2161754],[113.8906712,23.2154275],[113.891014,23.2150823],[113.8922177,23.2134778],[113.8931512,23.2143716],[113.8926505,23.2150577],[113.895503,23.2157056],[113.895895,23.2152405],[113.8961828,23.2150384],[113.8963391,23.2145912],[113.8961701,23.214272],[113.8957083,23.2142259],[113.8957181,23.2134556],[113.8974272,23.213196],[113.8974191,23.2142038],[113.8974326,23.2146613],[113.8975238,23.2149065],[113.897705,23.2149194],[113.8980853,23.2145011],[113.8983123,23.214406],[113.8986328,23.2153324],[113.8989727,23.2159261],[113.8985291,23.2162663],[113.8985308,23.2173475],[113.8988288,23.2177755],[113.8992706,23.2183803],[113.8990663,23.2189852],[113.8994665,23.2202949],[113.8995876,23.2207721],[113.9002996,23.2215648],[113.8998685,23.222278],[113.8986759,23.222776],[113.8980744,23.2230143],[113.8974729,23.2230205],[113.8964504,23.2228007],[113.8961701,23.2230225],[113.8962288,23.2231524],[113.8965707,23.2231679],[113.8968468,23.2235006],[113.8967704,23.2238537],[113.8954279,23.2242651],[113.8949056,23.2249153],[113.8937568,23.227239],[113.8924599,23.2297151],[113.8905933,23.2325778],[113.8909668,23.2334765],[113.891001,23.2337498],[113.8902929,23.2342786],[113.8903019,23.235626],[113.8898692,23.2363311],[113.8900221,23.237272],[113.8899399,23.2375879],[113.8884833,23.2391499],[113.8881933,23.2418201],[113.8871603,23.2429338],[113.8861756,23.2434246],[113.8846984,23.2457],[113.885821,23.2479363],[113.8858338,23.2497042],[113.8882029,23.2510748],[113.8889212,23.2525793],[113.8905946,23.2531065],[113.8909897,23.2541402],[113.8906322,23.2551096],[113.8892102,23.2565109],[113.8884854,23.2563109],[113.8878034,23.256909],[113.8872917,23.2594392],[113.8867821,23.2601894],[113.8844958,23.2598149],[113.8804006,23.2605297],[113.8802923,23.2620067],[113.8795795,23.2627328],[113.8798051,23.2633939],[113.8785808,23.2662179],[113.8773713,23.2661882],[113.8755869,23.2674076],[113.8741137,23.2665902],[113.8734491,23.2666949],[113.871707,23.2683727],[113.872468,23.270394],[113.8749816,23.2729028],[113.8758971,23.2732699],[113.8769277,23.2730882],[113.8790864,23.2743098],[113.8794997,23.2763125],[113.8800139,23.2768794],[113.8802091,23.2781332],[113.8810035,23.2797278],[113.8823889,23.2812772],[113.8841104,23.282114],[113.8847818,23.2838102],[113.8848203,23.2848291],[113.8857724,23.2865432],[113.8860961,23.2878298],[113.8855678,23.2901368],[113.8857604,23.2917046],[113.8837577,23.29334],[113.8831924,23.2943125],[113.8858951,23.2967819],[113.885824,23.3026031],[113.8864874,23.3037219],[113.886588,23.3047971],[113.8879095,23.308595],[113.8876634,23.3111159],[113.8903169,23.3129103],[113.8906157,23.3157161],[113.8897041,23.3169025],[113.8903985,23.3175171],[113.8904296,23.3189217],[113.8918523,23.3211295],[113.8929131,23.3218133],[113.893496,23.3226809],[113.8932806,23.3231104],[113.8932803,23.323222],[113.893287,23.3233474],[113.8930788,23.3235413],[113.8926623,23.3235411],[113.892454,23.323734],[113.8920456,23.3239318],[113.8914208,23.3239354],[113.8909953,23.3237533],[113.8905788,23.3237531],[113.8901623,23.3239509],[113.8895375,23.3239556],[113.889129,23.3241523],[113.8886302,23.3244497],[113.8880797,23.3246483],[113.8879884,23.3258015],[113.8884999,23.3264664],[113.8877162,23.3284102],[113.8891453,23.3288379],[113.8904427,23.3299506],[113.8902694,23.3311587],[113.8899138,23.3320647],[113.8884284,23.332353],[113.886677,23.3321061],[113.8847911,23.3303223],[113.8839873,23.3310986],[113.8843419,23.3327127],[113.8843011,23.3329376],[113.884123,23.333919],[113.8847667,23.3353684],[113.8849934,23.3368571],[113.8863739,23.3380571],[113.8871129,23.3395159],[113.8874985,23.3411346],[113.8873978,23.3424998],[113.888583,23.3450581],[113.8906485,23.3463248],[113.8919287,23.3475904],[113.8928349,23.3481256],[113.8949746,23.3486061],[113.8953964,23.3489974],[113.8961148,23.3489776],[113.8964804,23.3486371],[113.8971387,23.348237],[113.8977138,23.3481413],[113.8983436,23.348595],[113.8990438,23.3490246],[113.9000497,23.3489862],[113.9003869,23.3486999],[113.9006967,23.3477118],[113.9022768,23.3472437],[113.902759,23.3476315],[113.9032688,23.3475947],[113.9043899,23.3467743],[113.9050063,23.3463923],[113.905608,23.3457242],[113.9062174,23.3458552],[113.9067558,23.3457824],[113.9121071,23.3451555],[113.913859,23.3448044],[113.91501,23.343949],[113.9165954,23.3444992],[113.9196245,23.3441423],[113.9207747,23.3433047],[113.9228734,23.3425387],[113.9235031,23.3425679],[113.9255511,23.3440963],[113.9275654,23.3446277],[113.9293046,23.3457651],[113.9296382,23.3465443],[113.929904,23.346664],[113.9301574,23.3464778],[113.9306775,23.3451829],[113.9316406,23.3448038],[113.9330178,23.3448592],[113.9337254,23.3456634],[113.9348754,23.3457748],[113.9356567,23.3455271],[113.9378045,23.3411031],[113.9394175,23.3404159],[113.9403512,23.3393842],[113.9422252,23.3386821],[113.945036,23.3389141],[113.948113,23.3386238],[113.9493753,23.3380677],[113.9519873,23.3376926],[113.9523624,23.3361],[113.9521792,23.3344499],[113.9529612,23.3333953],[113.9547671,23.3325272],[113.9549076,23.3320125],[113.9540145,23.3307011],[113.9542749,23.3295255],[113.9552887,23.3289125],[113.9563345,23.3266353],[113.9562878,23.3261974],[113.9560686,23.3241393],[113.9560582,23.3240414],[113.9545974,23.3219204],[113.9540581,23.3191325],[113.9530674,23.318571],[113.9545341,23.3161235],[113.9551331,23.3157222],[113.9564758,23.3156057],[113.9605424,23.3140367],[113.9612595,23.3132884],[113.9627259,23.3124314],[113.9629437,23.3119782],[113.9630082,23.3118441],[113.9632019,23.3114413],[113.9663498,23.3110034],[113.967223,23.3092948],[113.9682791,23.3090284],[113.9705886,23.3090753],[113.9714231,23.3085489],[113.9717614,23.3071267],[113.9722181,23.3063564],[113.9721576,23.3055297],[113.9715647,23.3054274],[113.9714184,23.3040094],[113.9714044,23.3038736],[113.9734709,23.3030955],[113.9773309,23.3035995],[113.9779012,23.3034069],[113.9784489,23.3034847],[113.9822082,23.3009741],[113.9825338,23.3007566],[113.9860333,23.3005569],[113.9873888,23.3009178],[113.9879152,23.3014483],[113.9890474,23.3014947],[113.989287,23.3012652],[113.9894229,23.3010671],[113.9897133,23.3011133],[113.9898832,23.3012978],[113.9899158,23.3018843],[113.9897438,23.3021833],[113.9904506,23.3024584],[113.9909402,23.3025198],[113.9910383,23.3031774],[113.9906291,23.3049821],[113.9904765,23.306101],[113.9903121,23.3074808],[113.9904779,23.30786],[113.9909003,23.3081896],[113.9912648,23.3116819],[113.9892904,23.3146239],[113.9879145,23.3156902],[113.9863034,23.3191198],[113.9855757,23.3206689],[113.9838998,23.3219982],[113.9834286,23.3228201],[113.9833841,23.324395],[113.9840297,23.3271106],[113.9841837,23.3278408],[113.9840293,23.3295088],[113.9825417,23.3304464],[113.9816126,23.3310406],[113.9802238,23.3318384],[113.9799981,23.3321089],[113.9792165,23.3331633],[113.9786938,23.3336864],[113.9784072,23.3340596],[113.9783186,23.3344711],[113.9784559,23.3346541],[113.9787972,23.3347227],[113.9791256,23.3344927],[113.9791956,23.3343337],[113.9793436,23.3340553],[113.9796267,23.3336119],[113.9804791,23.3330715],[113.9811952,23.3328987],[113.9819834,23.3329054],[113.9832931,23.3338566],[113.983784,23.335224],[113.9850065,23.3363878],[113.9869848,23.3363761],[113.9879574,23.3356763],[113.9894676,23.3360991],[113.9898425,23.3379049],[113.9918379,23.3393502],[113.9916446,23.3409931],[113.992502,23.343363],[113.9942519,23.3446061],[113.9946953,23.3458788],[113.9961042,23.3468882],[113.9964908,23.3473299],[113.9961097,23.3485608],[113.9959002,23.3492353],[113.9953982,23.3511383],[113.9934156,23.352578],[113.9899686,23.3529476],[113.987737,23.3540708],[113.9874192,23.3548044],[113.9849788,23.3578498],[113.9843258,23.3612121],[113.9848236,23.3629419],[113.9840587,23.3641264],[113.98295,23.3648993],[113.982254,23.366157],[113.9812143,23.3669345],[113.9815557,23.3677212],[113.9807441,23.3688558],[113.980952,23.3696873],[113.9805471,23.3707247],[113.9797074,23.3723329],[113.9795926,23.374227],[113.9787157,23.3748454],[113.9785826,23.3758337],[113.9772091,23.3768083],[113.9770027,23.3776601],[113.9761954,23.3803209],[113.9765393,23.3819297],[113.9777361,23.3830244],[113.9798476,23.3837015],[113.9811868,23.3847139],[113.9823543,23.3868292],[113.984758,23.3877512],[113.9863314,23.3876209],[113.98781,23.3884518],[113.9884434,23.3886409],[113.9892773,23.3888274],[113.9901192,23.3890158],[113.99127,23.3901948],[113.9937387,23.3909213],[113.9953905,23.3919496],[113.9948294,23.3928446],[113.9943149,23.3934092],[113.9940582,23.3940962],[113.9939788,23.3956298],[113.9941226,23.3969427],[113.994733,23.3989496],[113.993977,23.4007529],[113.9925739,23.4022805],[113.9899058,23.4030747],[113.9890145,23.4027406],[113.9881685,23.4027807],[113.9867168,23.4045131],[113.9866025,23.4064027],[113.9854578,23.4074441],[113.9834602,23.4075257],[113.9813065,23.4086657],[113.9803553,23.4082944],[113.9799931,23.4085258],[113.9800061,23.4092649],[113.9784089,23.4114324],[113.9783188,23.4122409],[113.978904,23.4144703],[113.978716,23.4154711],[113.9797946,23.4170412],[113.9806046,23.4175944],[113.9810306,23.417739],[113.9816231,23.4196229],[113.9800237,23.4217875],[113.9790984,23.4229052],[113.9783331,23.4238815],[113.9783637,23.4243908],[113.9793602,23.4256236],[113.980683,23.4260862],[113.9817038,23.4269536],[113.9824548,23.4286226],[113.9825522,23.4309157],[113.9838281,23.4321949],[113.9830823,23.4340394],[113.9824259,23.4356782],[113.9809832,23.4366318],[113.9803402,23.4352341],[113.9789857,23.4335022],[113.9751623,23.4328718],[113.9734492,23.432928],[113.9724385,23.4316131],[113.9708355,23.4311086],[113.970424,23.4311965],[113.9709909,23.4320853],[113.9709543,23.4325849],[113.9707322,23.4325718],[113.97037,23.432076],[113.9696659,23.4321122],[113.9697473,23.4314173],[113.9694251,23.4312298],[113.9684605,23.4315053],[113.96803,23.4307536],[113.9671277,23.4304544],[113.967084,23.4309101],[113.9673756,23.4314743],[113.9677333,23.432501],[113.9676009,23.4333059],[113.966646,23.4341017],[113.9654263,23.4334496],[113.9633353,23.4334617],[113.9614031,23.4338233],[113.9606424,23.4338847],[113.9596385,23.4346029],[113.9569504,23.4341202],[113.9563419,23.4341548],[113.9537958,23.4343139],[113.953677,23.4365428],[113.9536726,23.4375456],[113.9526014,23.4387274],[113.9510772,23.4392949],[113.9490535,23.4406883],[113.9490403,23.4438809],[113.9476341,23.4446826],[113.9468857,23.4457277],[113.9462959,23.4460662],[113.9474631,23.4479557],[113.9488698,23.4479973],[113.9498224,23.4486],[113.9503666,23.4503455],[113.9502426,23.4514573],[113.9507267,23.4523269],[113.9504399,23.4534777],[113.9496494,23.4548038],[113.9483476,23.4553703],[113.9477836,23.4569146],[113.9479966,23.4579987],[113.9490221,23.4593994],[113.9488376,23.4603107],[113.9478227,23.4615939],[113.9482694,23.463004],[113.9486341,23.464258],[113.94866,23.465028],[113.9481175,23.4665179],[113.9487385,23.4674057],[113.9491718,23.4683518],[113.9493804,23.4685463],[113.9498058,23.4687314],[113.9500666,23.4686854],[113.9503056,23.4684089],[113.9507947,23.4678788],[113.9531181,23.4670027],[113.9554363,23.4674819],[113.9573218,23.4668605],[113.958779,23.4670725],[113.9598371,23.4683082],[113.9603274,23.4717096],[113.9606952,23.4721111],[113.9611918,23.4719818],[113.9620655,23.4707638],[113.966682,23.4704936],[113.9669487,23.4688291],[113.9680798,23.4678304],[113.9697143,23.4675053],[113.9701871,23.4677298],[113.9713595,23.4696187],[113.971387,23.4721482],[113.9735096,23.4723882],[113.97676,23.4749409],[113.976913,23.4754274],[113.9743089,23.4776814],[113.974218,23.4783365],[113.9738524,23.4784091],[113.9729324,23.4782865],[113.9714924,23.4799329],[113.9715347,23.4809383],[113.9729803,23.4823644],[113.9727007,23.4826176],[113.9721137,23.4828099],[113.9716468,23.4827032],[113.9691424,23.4814928],[113.968868,23.4813725],[113.9671437,23.4805891],[113.9656139,23.48029],[113.964042,23.480335],[113.9619411,23.4811362],[113.9608471,23.4821118],[113.9594587,23.4828521],[113.9582219,23.483065],[113.9579225,23.4831167],[113.9561077,23.4830829],[113.9544585,23.4822296],[113.9521753,23.4811946],[113.9507865,23.4806015],[113.9493367,23.4807216],[113.9475573,23.4811641],[113.9453702,23.4813113],[113.9428524,23.481253],[113.9409607,23.4811053],[113.939771,23.4808973],[113.9384694,23.4802765],[113.9372537,23.4798615],[113.9359859,23.4794474],[113.9337898,23.4794776],[113.9320801,23.48004],[113.9302743,23.4808973],[113.9280525,23.4824659],[113.926924,23.4841241],[113.9262462,23.4858118],[113.9260992,23.4867279],[113.9263331,23.4871426],[113.9270717,23.4871148],[113.9276964,23.486967],[113.9282601,23.4865804],[113.9296234,23.4856628],[113.9308296,23.4849833],[113.9319588,23.4847159],[113.933113,23.4846272],[113.9340332,23.484864],[113.9349184,23.4853677],[113.9359515,23.4863441],[113.9384428,23.489749],[113.941176,23.4945177],[113.9413644,23.4949047],[113.9414701,23.4953165],[113.9417093,23.4956317],[113.9443934,23.4965524],[113.9447879,23.4970972],[113.9448614,23.4973397],[113.9416596,23.4973222],[113.9409828,23.4967597],[113.9405069,23.4967266],[113.9385069,23.4961775],[113.9373982,23.4962606],[113.9362344,23.4969996],[113.9359362,23.4971055],[113.9350017,23.4965419],[113.9345732,23.4973226],[113.9321814,23.4973079],[113.9290156,23.4978182],[113.9262257,23.4970071],[113.9239432,23.4971803],[113.923407,23.4981528],[113.9213327,23.5000191],[113.9208846,23.5030547],[113.9211684,23.504373],[113.9213331,23.5046146],[113.9212245,23.5048682],[113.9209037,23.5049577],[113.9191121,23.5048683],[113.9187415,23.5055878],[113.9185768,23.5061323],[113.9178783,23.5062867],[113.9146176,23.5058069],[113.9116734,23.5061212],[113.9096092,23.5071145],[113.9076271,23.5065415],[113.9059171,23.5070629],[113.9044162,23.507173],[113.9038966,23.508317],[113.9039234,23.5084947],[113.9044819,23.5086493],[113.9042892,23.5100893],[113.9035074,23.5108229],[113.9036564,23.5109183],[113.9040135,23.5107274],[113.9047915,23.5104648],[113.9049438,23.5110923],[113.9041463,23.5115766],[113.9030068,23.5117102],[113.902614,23.512149],[113.902696,23.5126891],[113.9025153,23.5131073],[113.9004938,23.5139699],[113.9004302,23.515191],[113.9004186,23.5157003],[113.8999501,23.5162047],[113.8968801,23.5170728],[113.8960356,23.5170859],[113.8941117,23.518227],[113.8941591,23.5202628],[113.8937074,23.5204287],[113.8925402,23.5218471],[113.8879346,23.5231265],[113.8876478,23.5240495],[113.8859942,23.5257927],[113.88571,23.5273349],[113.8850892,23.5279516],[113.8846204,23.5295225],[113.8836301,23.5310352],[113.8842294,23.5314178],[113.8858824,23.5361852],[113.8830463,23.5369406],[113.8790192,23.5395108],[113.876559,23.5386506],[113.8755124,23.5392969],[113.8742087,23.5394071],[113.8727733,23.5413669],[113.8717375,23.5418362],[113.8703544,23.5417473],[113.8699006,23.5417404],[113.8686248,23.5416926],[113.8662683,23.5426362],[113.8655692,23.5436016],[113.8643041,23.5472812],[113.8646547,23.5490313],[113.8644396,23.5499694],[113.8635166,23.5510823],[113.8633403,23.5518557],[113.8631646,23.5530228],[113.8629651,23.5541756],[113.8612378,23.5555431],[113.8624245,23.5569566],[113.8629605,23.5584514],[113.8624005,23.5587408],[113.8619835,23.5593163],[113.8615756,23.5598918],[113.8609591,23.5602709],[113.8605432,23.5606593],[113.8601352,23.5610437],[113.8599357,23.5616144],[113.8595277,23.5623808],[113.8595357,23.5631379],[113.8593361,23.5638976],[113.8593451,23.5648527],[113.8589461,23.565807],[113.8585381,23.5669486],[113.8581381,23.568095],[113.8575215,23.5690491],[113.8562805,23.5698172],[113.855248,23.5705836],[113.8537984,23.5711673],[113.8525563,23.5717443],[113.8513152,23.5719442],[113.8500741,23.5721441],[113.8490234,23.5723413],[113.8481992,23.5729139],[113.8477912,23.5733002],[113.8475916,23.5740579],[113.8476086,23.574815],[113.8478171,23.5757684],[113.8480426,23.5765209],[113.8482511,23.5772833],[113.8486851,23.5780421],[113.8491102,23.5788019],[113.8497617,23.5803141],[113.8503952,23.5818253],[113.8510458,23.5833445],[113.8518487,23.5844859],[113.8521053,23.5848504],[113.8529564,23.5857989],[113.8540059,23.5865475],[113.8552649,23.5873027],[113.8565239,23.5882358],[113.8571574,23.5886127],[113.8579994,23.5889862],[113.8586328,23.5895502],[113.8590497,23.5901219],[113.8588503,23.5905016],[113.8584423,23.59069],[113.8578258,23.5912651],[113.8574088,23.5916495],[113.8561678,23.5922265],[113.8551352,23.59299],[113.8543192,23.5939478],[113.8537106,23.5948907],[113.8533116,23.5962303],[113.8537715,23.5990643],[113.8542055,23.6005752],[113.854857,23.6019053],[113.8559244,23.6035952],[113.8563584,23.6051081],[113.8565568,23.6057894],[113.8568013,23.6066299],[113.8561938,23.6077601],[113.8553867,23.609472],[113.8554127,23.6111762],[113.8546046,23.612699],[113.8533635,23.613465],[113.8519229,23.6142338],[113.8502647,23.614815],[113.848815,23.6155857],[113.8474835,23.6162524],[113.846133,23.6169291],[113.8453489,23.6173528],[113.8436504,23.6182699],[113.8409682,23.6196182],[113.8384856,23.6205857],[113.8374438,23.6205918],[113.836402,23.6202148],[113.8353512,23.6200318],[113.8343104,23.6198538],[113.83306,23.6196765],[113.8320091,23.6196875],[113.8307678,23.619698],[113.8299345,23.6200796],[113.8291012,23.6202731],[113.8284935,23.62085],[113.8278778,23.6216159],[113.8274696,23.6225672],[113.8278947,23.6231271],[113.8283288,23.623882],[113.8285464,23.6246434],[113.8285634,23.6253987],[113.8284108,23.6261291],[113.8280401,23.6263509],[113.8249712,23.6258248],[113.8200392,23.6273668],[113.8183807,23.6273887],[113.8164887,23.6270282],[113.8156556,23.6264666],[113.8148043,23.625907],[113.8141797,23.6257178],[113.8133465,23.6257263],[113.8127209,23.6259282],[113.8123128,23.6261155],[113.8118967,23.6266898],[113.8115786,23.6284172],[113.8109681,23.628843],[113.8080517,23.6307555],[113.8083732,23.6319355],[113.8105052,23.6342199],[113.8107682,23.635631],[113.8110027,23.6373345],[113.8112192,23.6379101],[113.8116452,23.6384669],[113.8120703,23.6388468],[113.8127039,23.639411],[113.8137426,23.6397996],[113.8159484,23.6416849],[113.8176906,23.6415462],[113.8184096,23.6422178],[113.8202308,23.6427183],[113.8206898,23.6434982],[113.8204888,23.6444699],[113.8208402,23.6453371],[113.8215657,23.6460106],[113.8226364,23.6468072],[113.8225613,23.6471751],[113.8224172,23.6476601],[113.8220032,23.6485429],[113.8205502,23.6493536],[113.8197965,23.649181],[113.818498,23.6498799],[113.8163051,23.6521876],[113.8151569,23.6528481],[113.8145697,23.6553488],[113.8140395,23.6577463],[113.8135719,23.6585845],[113.8136581,23.6588317],[113.8141316,23.6600045],[113.8149304,23.6602241],[113.8170833,23.6592992],[113.8186639,23.6594772],[113.8209926,23.6587765],[113.822959,23.6589894],[113.8275931,23.6571222],[113.8290235,23.6575042],[113.8315342,23.6568775],[113.8338872,23.6573759],[113.8348091,23.6579935],[113.8358996,23.659308],[113.8366238,23.6610303],[113.8367235,23.6616992],[113.8371972,23.6622638],[113.8365023,23.664525],[113.8367624,23.665029],[113.8376892,23.6652946],[113.8374045,23.6669281],[113.8382475,23.6683569],[113.8380836,23.6697043],[113.8385359,23.6698446],[113.8386677,23.6705155],[113.8388276,23.6713656],[113.8412675,23.6718884],[113.8432628,23.6711472],[113.8471057,23.670594],[113.8473214,23.6722645],[113.8460848,23.6725722],[113.8455585,23.6733678],[113.8460208,23.6743459],[113.8458592,23.6747279],[113.8453536,23.6751718],[113.8440462,23.675277],[113.8416912,23.6762509],[113.8409892,23.678429],[113.8409345,23.6801413],[113.8412893,23.6809586],[113.8432793,23.6824047],[113.844362,23.6824341],[113.844905,23.681144],[113.8469036,23.6802007],[113.8469274,23.6808392],[113.8495636,23.6831207],[113.852841,23.6838843],[113.8545909,23.6851204],[113.8553784,23.6843875],[113.8581122,23.6841007],[113.8592002,23.6842814],[113.8610285,23.6855481],[113.8621419,23.6858166],[113.8668028,23.6846301],[113.8681963,23.684948],[113.8703994,23.6864219],[113.8728927,23.6864776],[113.8756973,23.6880753],[113.8765624,23.6880431],[113.8767731,23.688597],[113.8789252,23.6893045],[113.8803429,23.6901906],[113.8835202,23.6909169],[113.884585,23.6914289],[113.884965,23.6923802],[113.8861419,23.6927397],[113.8875967,23.6942285],[113.8879907,23.6954667],[113.8878184,23.6971198],[113.8881558,23.6982283],[113.8896752,23.6995573],[113.8916423,23.7001845],[113.8922884,23.7029088],[113.8947154,23.704003],[113.894108,23.7049028],[113.8938332,23.7074424],[113.8941852,23.7104567],[113.895651,23.7124599],[113.894587,23.7128585],[113.8938319,23.7148502],[113.8949129,23.7161202],[113.8959877,23.7183031],[113.8971262,23.7181804],[113.8992926,23.7186819],[113.9011833,23.7181119],[113.9037641,23.7180045],[113.905327,23.7188955],[113.9069733,23.7187064],[113.908409,23.7203431],[113.9081932,23.7230291],[113.9099306,23.7239217],[113.9099272,23.724882],[113.9104414,23.7257406],[113.9120846,23.7270475],[113.9118945,23.728398],[113.9126866,23.7293534],[113.9126325,23.7302955],[113.9141957,23.7332674],[113.9163899,23.7320027],[113.9179754,23.7316013],[113.9211469,23.7334241],[113.9263237,23.7342112],[113.9274949,23.7356166],[113.9313105,23.7349008],[113.933122,23.7361971],[113.9326008,23.7379152],[113.9329548,23.7380865],[113.9331182,23.7388151],[113.935987,23.7415957],[113.9368189,23.7406094],[113.939725,23.7400001],[113.9408436,23.7392009],[113.9428787,23.7393961],[113.9451079,23.7390935],[113.9472738,23.7377723],[113.9481162,23.7358745],[113.9502289,23.7347143],[113.95091,23.7351127],[113.9509824,23.7358999],[113.9517501,23.7370208],[113.9531723,23.7376297],[113.9540719,23.7396182],[113.955014,23.7399091],[113.9550859,23.7404157],[113.9568991,23.7424726],[113.9589672,23.7432205],[113.9602437,23.7441333],[113.9617916,23.7441966],[113.9625853,23.741403],[113.9637471,23.7419139],[113.9653983,23.7408039],[113.9657763,23.7411997],[113.9675567,23.7415225],[113.9679397,23.7422285],[113.9682153,23.7442016],[113.9689489,23.7453827],[113.9703042,23.7465146],[113.9702125,23.7478124],[113.9709154,23.7503858],[113.9707068,23.7516913],[113.9708831,23.752442],[113.9703135,23.7534178],[113.9702927,23.7548019],[113.9696165,23.7562281],[113.9698113,23.757017],[113.9695989,23.7581241],[113.9707195,23.7602349],[113.9720192,23.7612041],[113.9743224,23.7611159],[113.9765735,23.7626904],[113.9775733,23.7622072],[113.9808876,23.7623851],[113.9827297,23.7615269],[113.9835839,23.7619073],[113.984931,23.7618987],[113.985105,23.7631285],[113.9863691,23.7644193],[113.9899013,23.7639937],[113.9908763,23.7652766],[113.9930879,23.7657536],[113.9947944,23.7650213],[113.9952936,23.7664234],[113.9971174,23.7678009],[113.9979293,23.7692335],[113.9997594,23.7705115],[114.0002885,23.7720058],[114.0022087,23.773604],[114.0025919,23.774484],[114.0041642,23.7757009],[114.0045639,23.777144],[114.0053105,23.7782568],[114.0056145,23.7798736],[114.0069803,23.7799696],[114.0079351,23.7806213],[114.0100991,23.780397],[114.0112544,23.7810103],[114.0128735,23.7809632],[114.0129809,23.7804936],[114.0115005,23.7765794],[114.0116507,23.7760857],[114.0105307,23.7744637],[114.0089906,23.7741208],[114.0074412,23.7728206],[114.0062478,23.7724254],[114.0054116,23.770646],[114.0060072,23.7693164],[114.0060112,23.7684267],[114.005509,23.7664364],[114.0049992,23.7657033],[114.0090841,23.7650928],[114.0111805,23.7643249],[114.0121512,23.7653863],[114.0129959,23.7650989],[114.013991,23.763545],[114.0138184,23.7607109],[114.0158911,23.7591145],[114.0161365,23.7577235],[114.0176389,23.7549],[114.0194887,23.7550004],[114.0198842,23.7552927],[114.020625,23.7576448],[114.0217109,23.7590268],[114.022488,23.7619812],[114.0245787,23.7637083],[114.0254124,23.7650744],[114.0276096,23.7656917],[114.0305131,23.7676013],[114.0306619,23.7685433],[114.0301082,23.7691356],[114.0302085,23.7702413],[114.0336058,23.7738845],[114.0380063,23.7764906],[114.0397681,23.7767227],[114.0434309,23.7781075],[114.0464468,23.77802],[114.050652,23.7787107],[114.0536644,23.7778929],[114.054512,23.7780267],[114.055299,23.780213],[114.0541249,23.7807688],[114.0532111,23.7819656],[114.0523714,23.7851867],[114.0510985,23.7855391],[114.0496072,23.788681],[114.04723,23.7884757],[114.0461962,23.7888624],[114.0453485,23.7898951],[114.0443207,23.7895361],[114.0438662,23.7893773],[114.0431603,23.7899082],[114.0414529,23.7901696],[114.0404845,23.7903178],[114.0394234,23.7921055],[114.0361686,23.79307],[114.0353732,23.7943032],[114.035215,23.7945484],[114.0340766,23.7944819],[114.0318798,23.7950594],[114.0313521,23.796243],[114.0310927,23.7968246],[114.0311266,23.7974837],[114.0312066,23.7990397],[114.033201,23.8012842],[114.0361546,23.8017359],[114.0387579,23.8028926],[114.0404276,23.8044196],[114.042228,23.8055236],[114.0425683,23.8062261],[114.0386693,23.8092008],[114.0352638,23.8103289],[114.0325074,23.8105042],[114.0312976,23.8129208],[114.0310078,23.814782],[114.0302041,23.8162228],[114.030628,23.8175183],[114.0314955,23.8186857],[114.0312328,23.8202476],[114.0317032,23.8228027],[114.0322857,23.8234054],[114.0331143,23.8235512],[114.0328923,23.8244789],[114.0335388,23.8248939],[114.0343848,23.8263724],[114.0393988,23.8293932],[114.0404191,23.8296389],[114.0411134,23.830475],[114.0421253,23.8308328],[114.0425799,23.8312876],[114.0469011,23.8322804],[114.0471026,23.8334268],[114.0462965,23.8362176],[114.0475096,23.8373191],[114.046742,23.8392065],[114.0475465,23.8403494],[114.0476946,23.8423849],[114.0492138,23.84322],[114.0497351,23.8475911],[114.0501962,23.8481307],[114.0518431,23.8483137],[114.0525152,23.8494189],[114.0508295,23.851387],[114.0502473,23.8525888],[114.048723,23.8529774],[114.0482718,23.8535104],[114.0455109,23.8566999],[114.0456315,23.85773],[114.0459712,23.8583156],[114.0455967,23.8591835],[114.0444638,23.8594751],[114.0436128,23.8613208],[114.0437057,23.8643851],[114.0423883,23.8673494],[114.0422983,23.870607],[114.0413973,23.871121],[114.0407644,23.8725819],[114.0397179,23.8734747],[114.0375576,23.8742159],[114.0366,23.8742282],[114.0358146,23.8755075],[114.035983,23.8773062],[114.0358003,23.8778016],[114.0385839,23.8829096],[114.0381331,23.884207],[114.0385067,23.8857444],[114.0384637,23.8873821],[114.0376945,23.8893707],[114.038194,23.890683],[114.0375788,23.8923842],[114.0363575,23.8925693],[114.034595,23.8941224],[114.0333268,23.8944561],[114.0330737,23.8962347],[114.0311968,23.8980093],[114.0310679,23.8986261],[114.0315001,23.8996928],[114.0310941,23.9016111],[114.0313835,23.9039269],[114.0311963,23.9042093],[114.030992,23.9047347],[114.0307408,23.9050064],[114.0303427,23.9053243],[114.0302434,23.9055538],[114.030154,23.9056678],[114.0300538,23.9056874],[114.0296113,23.9055637],[114.0294544,23.9055856],[114.0292073,23.9056861],[114.0287985,23.9059216],[114.0282797,23.9060953],[114.0281081,23.9061829],[114.0280605,23.9062569],[114.0280409,23.9067302],[114.0279564,23.9068842],[114.0276781,23.9071258],[114.0274803,23.9074738],[114.0271635,23.9078346],[114.0270461,23.9079411],[114.0265248,23.9082325],[114.0263729,23.9084424],[114.0263623,23.9086839],[114.0264708,23.9091134],[114.0262516,23.9094365],[114.0261688,23.9096584],[114.0261663,23.9097603],[114.0262057,23.909912],[114.0263947,23.9102456],[114.0264604,23.9104554],[114.0264711,23.9105634],[114.0263841,23.9110042],[114.0264039,23.9110902],[114.026532,23.9112917],[114.0265599,23.9114616],[114.0263671,23.912119],[114.0261324,23.912498],[114.0261111,23.9126739],[114.0262022,23.9129154],[114.0266022,23.9132814],[114.026704,23.9134452],[114.0266843,23.9136029],[114.0265153,23.9139962],[114.0265063,23.9143933],[114.0265302,23.9144793],[114.0266649,23.9146687],[114.0269974,23.9149887],[114.0273974,23.9155261],[114.0276824,23.9157434],[114.0277924,23.9158732],[114.0278795,23.9162166],[114.0281038,23.916628],[114.0283272,23.9169619],[114.0285561,23.9174975],[114.0285821,23.9176307],[114.028578,23.9178319],[114.028481,23.9181119],[114.0282679,23.9184414],[114.0279292,23.9186757],[114.0279029,23.9187729],[114.0279272,23.9188429],[114.0282005,23.9190641],[114.0283997,23.9193092],[114.0286003,23.9197617],[114.0286283,23.9201668],[114.0287701,23.9210736],[114.0287529,23.9213331],[114.0286636,23.9215022],[114.0285299,23.9216074],[114.0281706,23.9216355],[114.0280509,23.9216726],[114.02792,23.9217456],[114.0277731,23.9218989],[114.0276913,23.9220339],[114.0276707,23.922141],[114.0278123,23.9224712],[114.0278136,23.9226366],[114.0277375,23.9227947],[114.0275651,23.9230319],[114.0274248,23.9231852],[114.0272442,23.923301],[114.0266051,23.9235564],[114.0263808,23.9235917],[114.0259693,23.9235615],[114.0254771,23.9236777],[114.0250437,23.9237118],[114.0248956,23.9237519],[114.0245277,23.924038],[114.024029,23.9242507],[114.0238413,23.924399],[114.0238092,23.9244686],[114.0238241,23.924747],[114.0238785,23.9249672],[114.0239616,23.9251215],[114.0237188,23.9253194],[114.0233888,23.9254787],[114.022997,23.9255991],[114.0229197,23.9255961],[114.0225962,23.9254721],[114.0223336,23.92546],[114.0219929,23.925625],[114.0216793,23.9258301],[114.0212537,23.9255241],[114.0211586,23.9255203],[114.0210553,23.9255903],[114.0207809,23.9259104],[114.0206821,23.9259838],[114.0204142,23.9260916],[114.0199175,23.9262181],[114.0195138,23.9264281],[114.0194093,23.9264542],[114.0191204,23.9264504],[114.0187763,23.9265186],[114.0184619,23.9264815],[114.018317,23.9265035],[114.0181088,23.9266287],[114.0178565,23.9268679],[114.0174644,23.9271471],[114.0168948,23.9273813],[114.0163495,23.9274105],[114.0161054,23.9273356],[114.0157428,23.9273035],[114.0153082,23.9271613],[114.0151461,23.9272063],[114.0149893,23.9273554],[114.0148411,23.9274447],[114.0147333,23.9274617],[114.0146399,23.9274387],[114.0145036,23.9273615],[114.0142773,23.9270744],[114.0141854,23.9267271],[114.013992,23.926468],[114.0137586,23.9260394],[114.0136413,23.9259365],[114.0134865,23.9258775],[114.0133841,23.9258563],[114.0131696,23.9258704],[114.0130042,23.9259956],[114.0129692,23.9260868],[114.0129792,23.926512],[114.0129125,23.9268324],[114.0129702,23.927575],[114.0129381,23.9277854],[114.0127822,23.9281145],[114.0125361,23.9284849],[114.0123965,23.9286389],[114.0122542,23.9287202],[114.0120299,23.928752],[114.0118077,23.9287592],[114.0114525,23.9286771],[114.011299,23.9287051],[114.0112055,23.9287891],[114.0110879,23.9289934],[114.0106162,23.9292587],[114.010429,23.929413],[114.0101689,23.929693],[114.0100611,23.9299635],[114.0100731,23.9306312],[114.0099327,23.9308593],[114.0097858,23.9309573],[114.0096529,23.9310042],[114.0092817,23.9310065],[114.0091356,23.9310595],[114.0088405,23.9312487],[114.0084071,23.9313209],[114.0080338,23.9314901],[114.0077482,23.931725],[114.0076634,23.9318623],[114.0075675,23.9322217],[114.0074803,23.9322997],[114.0073791,23.9323386],[114.0072506,23.9323568],[114.0071169,23.9323307],[114.0067086,23.9320326],[114.0062184,23.9320296],[114.0058982,23.9319846],[114.0057402,23.9320357],[114.0055257,23.9322018],[114.0052524,23.9322748],[114.0049129,23.9324431],[114.0047952,23.9325979],[114.0047606,23.9327621],[114.0046676,23.9329463],[114.0046537,23.9333219],[114.0045709,23.9335508],[114.0044096,23.9337521],[114.0041112,23.9340116],[114.0039285,23.9342575],[114.003924,23.9345359],[114.0041429,23.9348182],[114.004229,23.9350353],[114.0042323,23.9352797],[114.0041985,23.9354817],[114.0041232,23.9355948],[114.004059,23.9356289],[114.0038981,23.9356811],[114.003668,23.9356989],[114.003349,23.935675],[114.0032988,23.9356429],[114.0030321,23.9352415],[114.0023929,23.934716],[114.0021826,23.9346041],[114.0019932,23.934592],[114.0015697,23.9347092],[114.0012271,23.9347201],[114.0011513,23.9347086],[114.0008158,23.9345457],[114.0006029,23.9343786],[114.000551,23.9341788],[114.0004718,23.9340774],[113.9998318,23.9337784],[113.9984858,23.9328544],[113.9974692,23.932288],[113.9962891,23.9318959],[113.9960619,23.9318741],[113.9956941,23.9319717],[113.9955625,23.9319499],[113.9954563,23.9318883],[113.9952038,23.93166],[113.995033,23.9315743],[113.9936167,23.9317508],[113.9931124,23.9317387],[113.9924505,23.9316696],[113.9920402,23.9316696],[113.9908764,23.9317664],[113.9904163,23.9319557],[113.9901891,23.9322396],[113.9898516,23.9324109],[113.9896399,23.9324582],[113.9892027,23.9324304],[113.9888055,23.9325017],[113.9882799,23.9329726],[113.987819,23.933225],[113.9876809,23.9332588],[113.9875771,23.9332453],[113.9870581,23.9330364],[113.9868702,23.9329109],[113.9867292,23.9327494],[113.9865735,23.9326649],[113.9862438,23.9325781],[113.9858037,23.9325495],[113.9855994,23.9324909],[113.9852644,23.9322501],[113.9850924,23.9319451],[113.9847303,23.9317761],[113.9845281,23.9316449],[113.9842817,23.9315882],[113.9838776,23.9315967],[113.9837479,23.9315739],[113.9835836,23.9314688],[113.9835003,23.9313534],[113.9834292,23.9311746],[113.9833189,23.9310623],[113.9830811,23.9309132],[113.9825899,23.9306934],[113.9823166,23.9303824],[113.981962,23.930261],[113.9818733,23.9301983],[113.98179,23.9300691],[113.9816604,23.9299898],[113.9815003,23.9299857],[113.9809057,23.9300821],[113.9802278,23.9299975],[113.9800819,23.9299547],[113.9800529,23.9298762],[113.9801123,23.9294765],[113.9800138,23.9291118],[113.9798639,23.9288955],[113.9797168,23.9287801],[113.9795685,23.9286885],[113.9792874,23.9286238],[113.9790647,23.9286985],[113.9788538,23.9288345],[113.978786,23.9290523],[113.9786894,23.9296194],[113.9786159,23.9297885],[113.978454,23.9299056],[113.9779915,23.9299379],[113.9778827,23.930007],[113.9778313,23.9300828],[113.9776971,23.9305831],[113.9775067,23.9308077],[113.9775581,23.9312291],[113.9775025,23.9315153],[113.9773856,23.9317061],[113.9771453,23.9319209],[113.977057,23.9321673],[113.9766418,23.932177],[113.9755679,23.9320975],[113.9749419,23.9322593],[113.9747797,23.9322646],[113.9742942,23.9321529],[113.9734586,23.9320149],[113.9725851,23.9317075],[113.9723558,23.9316718],[113.9722055,23.9316876],[113.9717167,23.9319707],[113.9714065,23.9320382],[113.9710919,23.931909],[113.9706269,23.9318255],[113.9700692,23.9315351],[113.9698044,23.9314336],[113.9690269,23.9313241],[113.9685157,23.9313342],[113.9680257,23.9314621],[113.9677135,23.9316003],[113.9675112,23.93161],[113.9670356,23.9315682],[113.9665297,23.9314171],[113.9661016,23.9311864],[113.9657968,23.9310632],[113.9651651,23.9308504],[113.9649686,23.9308263],[113.9644029,23.931198],[113.9648449,23.931683],[113.9653878,23.9324028],[113.9656545,23.9330388],[113.965848,23.9333967],[113.9658599,23.9335327],[113.9656714,23.9338039],[113.9654867,23.9339728],[113.9651135,23.9342203],[113.964814,23.9343592],[113.964733,23.9344895],[113.96467,23.9347576],[113.9645792,23.9349792],[113.9641987,23.9352218],[113.9641272,23.9352405],[113.9640368,23.9351452],[113.9637988,23.9347477],[113.96364,23.93404],[113.9635816,23.9339247],[113.9634182,23.9337338],[113.9633026,23.9336553],[113.9628046,23.9334445],[113.9625893,23.9332717],[113.9621754,23.9330916],[113.9619927,23.9330398],[113.9616662,23.9330419],[113.9615232,23.933004],[113.9612639,23.9326948],[113.9608802,23.9324047],[113.9605065,23.9319047],[113.9603668,23.9317623],[113.9601311,23.9316135],[113.959633,23.9314722],[113.9592698,23.9310995],[113.9591963,23.9310597],[113.9589842,23.9310754],[113.9587055,23.9311827],[113.9580513,23.931133],[113.957744,23.9311975],[113.9573418,23.9315748],[113.9572327,23.9316394],[113.9562335,23.9319681],[113.9559666,23.9321209],[113.9557275,23.9323075],[113.9552256,23.9325703],[113.9550981,23.9326912],[113.9550507,23.9327768],[113.9550073,23.9330112],[113.9549615,23.9330788],[113.9547588,23.9331922],[113.9545462,23.9332394],[113.9543885,23.9332236],[113.9541189,23.9330027],[113.9540102,23.9329733],[113.9538394,23.9330109],[113.9537315,23.9330867],[113.9535974,23.9331317],[113.9531651,23.9330865],[113.9530761,23.933094],[113.9528578,23.9332036],[113.9526412,23.9332035],[113.9517227,23.9329606],[113.951422,23.9327697],[113.9511475,23.9327043],[113.9508336,23.9327177],[113.9505181,23.9329227],[113.9501487,23.9329902],[113.9500032,23.9329601],[113.949656,23.9327571],[113.9493749,23.9326834],[113.9491673,23.9326736],[113.9488314,23.9327651],[113.9485809,23.9327399],[113.9481249,23.9326165],[113.9477895,23.9324872],[113.9474806,23.9324375],[113.9473053,23.9323777],[113.9472363,23.932318],[113.9471668,23.9321876],[113.9471728,23.931527],[113.9471222,23.9313891],[113.9469212,23.9312756],[113.9465253,23.9312345],[113.9464342,23.9312026],[113.9460335,23.9308141],[113.9456985,23.9305416],[113.9455535,23.930495],[113.945256,23.9304728],[113.9447883,23.9302224],[113.9446433,23.9300721],[113.9443623,23.9296548],[113.9442251,23.9295154],[113.9440719,23.9294289],[113.9437193,23.9293424],[113.9431217,23.9288235],[113.9428808,23.9285443],[113.9425308,23.9279755],[113.9423135,23.9277332],[113.9421987,23.9277211],[113.9420876,23.9277658],[113.9418733,23.9280249],[113.9417577,23.9281146],[113.9416579,23.928166],[113.9413155,23.9282485],[113.9407974,23.9281845],[113.940522,23.9282381],[113.939605,23.9282407],[113.9392917,23.9281253],[113.9391262,23.9281034],[113.9389489,23.9281173],[113.9386185,23.9281992],[113.9383988,23.9282039],[113.9381528,23.9281431],[113.937823,23.9280124],[113.9374323,23.927816],[113.9371909,23.9276521],[113.9370629,23.9274543],[113.9368349,23.9269394],[113.9363664,23.9262463],[113.9362834,23.926204],[113.9361012,23.9261941],[113.9356018,23.9264015],[113.9350064,23.9264548],[113.9348602,23.9265567],[113.9347107,23.9267725],[113.9344109,23.9269761],[113.9342695,23.9271157],[113.93418,23.9272719],[113.9341215,23.9275255],[113.9339909,23.9276892],[113.933765,23.9278922],[113.933291,23.9282241],[113.9329912,23.9283817],[113.932289,23.9284893],[113.932133,23.9285451],[113.9318652,23.9286982],[113.9314242,23.9287743],[113.9312394,23.9288618],[113.9308878,23.9291673],[113.9308088,23.9294028],[113.9308588,23.9296783],[113.9315841,23.9308214],[113.9316382,23.9310109],[113.9315995,23.9312071],[113.9314926,23.9313625],[113.9312314,23.9314945],[113.9307467,23.9315514],[113.9300498,23.9315159],[113.9299545,23.9315656],[113.929685,23.9317987],[113.9291807,23.9320325],[113.928798,23.9320821],[113.9282503,23.9320577],[113.9276772,23.931902],[113.9268563,23.9314321],[113.9261304,23.9312559],[113.9253357,23.9309702],[113.9242733,23.93067],[113.9241534,23.9306843],[113.9240778,23.9307242],[113.9236975,23.9310056],[113.9234214,23.9311511],[113.9231537,23.9312386],[113.9226913,23.9313266],[113.9223628,23.9314382],[113.9221501,23.93146],[113.9216156,23.9313797],[113.9213396,23.9314316],[113.9208748,23.9313891],[113.9200511,23.9315404],[113.9198886,23.9314988],[113.9195667,23.9313409],[113.9188715,23.9308793],[113.9183353,23.9307688],[113.917842,23.9305233],[113.9176901,23.9305028],[113.9168081,23.9305401],[113.9162391,23.9304899],[113.9159107,23.9303864],[113.9154051,23.9300404],[113.914951,23.9300062],[113.9147794,23.9299578],[113.9146078,23.9298724],[113.9144511,23.9297523],[113.9142099,23.9293649],[113.9140843,23.9293045],[113.9137797,23.9292945],[113.9136754,23.9292386],[113.9134932,23.9290347],[113.9133456,23.928747],[113.9131331,23.9285272],[113.9124903,23.9283389],[113.912159,23.928281],[113.9116562,23.9280629],[113.910726,23.9278209],[113.9095144,23.9271722],[113.9092706,23.9271596],[113.908457,23.9272583],[113.9082454,23.9272581],[113.9079715,23.9271931],[113.9076093,23.9271661],[113.9070854,23.9272352],[113.9067463,23.9272275],[113.9062536,23.927123],[113.9060534,23.9270195],[113.9058712,23.9268533],[113.9057669,23.9267997],[113.9052837,23.9268043],[113.9051055,23.92678],[113.9048219,23.9267149],[113.9044808,23.9265619],[113.9042571,23.9265138],[113.9041343,23.9265579],[113.9038668,23.9267725],[113.9029702,23.9278033],[113.902837,23.9280478],[113.9027545,23.928487],[113.9026632,23.9286968],[113.9021298,23.9293018],[113.9019432,23.9296233],[113.9018362,23.9299146],[113.9016537,23.9301756],[113.9013974,23.9303437],[113.9007345,23.9305909],[113.9003673,23.9307643],[113.8998456,23.9311474],[113.8996623,23.9313329],[113.8993993,23.93168],[113.8991865,23.9318481],[113.8990255,23.9318775],[113.8987217,23.9317958],[113.8984803,23.9318092],[113.8982585,23.9319291],[113.8979199,23.9322942],[113.8976784,23.9323861],[113.8974673,23.9323837],[113.8969197,23.9322595],[113.896551,23.9322359],[113.895816,23.932295],[113.8954251,23.9322985],[113.8950105,23.9322446],[113.8948824,23.9321683],[113.8947347,23.9319984],[113.8944239,23.9314955],[113.8941966,23.9313111],[113.8941112,23.9312915],[113.8938115,23.9312973],[113.892945,23.9314763],[113.8926445,23.9314338],[113.8923367,23.9312578],[113.8921668,23.9312078],[113.891991,23.9312417],[113.8911392,23.9315686],[113.8909306,23.9315587],[113.8907065,23.9314468],[113.8905045,23.9314444],[113.8901307,23.9316057],[113.8899007,23.9317519],[113.8891528,23.93247],[113.8890435,23.9325159],[113.888883,23.9325328],[113.888807,23.9325754],[113.8886566,23.9327595],[113.8883498,23.9332461],[113.8881738,23.9336158],[113.8879844,23.9341788],[113.8878776,23.9342904],[113.8875779,23.9342766],[113.8868759,23.9340443],[113.8866305,23.9339181],[113.8865009,23.933804],[113.8864287,23.933656],[113.8863813,23.9334507],[113.8862887,23.9327015],[113.8861986,23.9324999],[113.8861054,23.9324628],[113.8858574,23.9324457],[113.8855286,23.9323786],[113.8851548,23.9321534],[113.8848354,23.9321075],[113.8844856,23.931991],[113.8842731,23.9318331],[113.8841821,23.9316994],[113.8841084,23.9314337],[113.8842133,23.9307627],[113.8842226,23.9304714],[113.8841555,23.9301875],[113.8840531,23.9299603],[113.8837365,23.9294505],[113.883676,23.9292467],[113.8836499,23.9289772],[113.8834616,23.9283981],[113.8831575,23.9277805],[113.882813,23.9272971],[113.8824769,23.9266832],[113.8823809,23.9266212],[113.8822939,23.9266212],[113.8821271,23.9266595],[113.8817509,23.9268087],[113.8816471,23.9268242],[113.8814406,23.9267866],[113.8810105,23.9265689],[113.8807783,23.9263105],[113.8807283,23.9262848],[113.8806149,23.9262885],[113.880352,23.9264861],[113.8797758,23.9271348],[113.8795819,23.9272463],[113.8792911,23.9273517],[113.879019,23.9276255],[113.8781451,23.92792],[113.8772837,23.9283201],[113.8769859,23.9285067],[113.8764608,23.9289074],[113.8761101,23.9291061],[113.8757656,23.9296301],[113.8754397,23.9303486],[113.8754684,23.9305227],[113.8755251,23.9305886],[113.8758295,23.9307515],[113.8759471,23.9308734],[113.8759798,23.9311375],[113.8759202,23.9314476],[113.8758872,23.931524],[113.8756087,23.9317916],[113.8748802,23.9326725],[113.8747689,23.9329062],[113.874734,23.9332489],[113.8746053,23.9335144],[113.8743828,23.9338365],[113.8743045,23.9338811],[113.874167,23.9338908],[113.8737877,23.9337483],[113.8733219,23.9336578],[113.8728604,23.933373],[113.8726694,23.9333728],[113.8717696,23.9334946],[113.8716108,23.9334499],[113.8713599,23.9332416],[113.8711492,23.9332036],[113.8709401,23.9332337],[113.8705416,23.9333695],[113.8703141,23.9333376],[113.8701684,23.9332237],[113.8697747,23.9326589],[113.8691831,23.9316075],[113.8690786,23.9316135],[113.8687129,23.9317895],[113.8678225,23.931508],[113.866457,23.9314667],[113.8656049,23.9316362],[113.8650368,23.9317923],[113.8646357,23.931966],[113.86435,23.9319998],[113.8642044,23.9319437],[113.8639455,23.9315712],[113.8637974,23.9315045],[113.8636344,23.9314983],[113.8634014,23.9315503],[113.8625952,23.9318817],[113.862508,23.9318801],[113.8621032,23.9316732],[113.8618242,23.9316669],[113.8615194,23.9318512],[113.8612684,23.931857],[113.8611184,23.9319946],[113.8609982,23.9320384],[113.8606872,23.931914],[113.8604715,23.9318979],[113.8600796,23.9319959],[113.8597847,23.9321697],[113.8595081,23.9321952],[113.8592061,23.9321328],[113.8584697,23.9318363],[113.8576405,23.931343],[113.8568469,23.9307173],[113.8563987,23.9302993],[113.8553289,23.9300493],[113.8552474,23.9293486],[113.8550823,23.9290125],[113.8549515,23.928936],[113.8545136,23.9289598],[113.8543656,23.9288779],[113.8532457,23.9277775],[113.8525402,23.9271663],[113.8524083,23.9266017],[113.8522398,23.9264162],[113.8507262,23.9255692],[113.849634,23.9248134],[113.8493933,23.9247628],[113.8483009,23.924904],[113.8479635,23.9248466],[113.8477163,23.9247063],[113.8475096,23.9245019],[113.8472824,23.9241733],[113.8471857,23.9241183],[113.8467228,23.9240649],[113.8463201,23.9238572],[113.8459861,23.9237566],[113.8458239,23.9237674],[113.8452224,23.9239491],[113.8450027,23.9239258],[113.8442065,23.9234726],[113.8439977,23.923228],[113.8437732,23.9231218],[113.8427746,23.923235],[113.8416059,23.9231657],[113.8403408,23.9232083],[113.8397795,23.9231639],[113.839239,23.9229628],[113.8390392,23.9228128],[113.8388521,23.9223162],[113.8386393,23.9219975],[113.8384756,23.9216209],[113.838356,23.9215009],[113.8381589,23.9214356],[113.8380161,23.9214593],[113.8376685,23.9217052],[113.8371928,23.9216116],[113.83706,23.9215154],[113.8367959,23.9211357],[113.836091,23.9207978],[113.8359246,23.9205404],[113.835756,23.9204089],[113.8351157,23.9203992],[113.8346127,23.920483],[113.8337678,23.920481],[113.8335252,23.9203736],[113.8330334,23.9200417],[113.8327298,23.9199423],[113.8325216,23.9199579],[113.8318604,23.9201656],[113.8315891,23.9201922],[113.8313793,23.920156],[113.8310441,23.9199896],[113.8307807,23.9197211],[113.8305536,23.9193664],[113.8301111,23.9190697],[113.8299838,23.9189333],[113.829495,23.9188598],[113.8291095,23.9187171],[113.8288476,23.9185927],[113.8283875,23.9182809],[113.8283111,23.9181378],[113.8282903,23.9177322],[113.8279076,23.9170645],[113.8278143,23.9167201],[113.8275435,23.9162242],[113.82716,23.9160099],[113.826263,23.9157367],[113.8257662,23.9154515],[113.8251118,23.91454],[113.8249737,23.9142421],[113.8246165,23.9137157],[113.824369,23.9135042],[113.8241753,23.9132163],[113.823884,23.9130025],[113.8233988,23.9128706],[113.823297,23.9127492],[113.8229713,23.9125832],[113.8226175,23.9122304],[113.8224464,23.9121492],[113.8221798,23.9121124],[113.8217547,23.9121676],[113.8214401,23.9124598],[113.8213295,23.9125075],[113.820697,23.9123185],[113.8199385,23.9123327],[113.8191183,23.912291],[113.8185141,23.9120482],[113.8179638,23.9119836],[113.81746,23.9116942],[113.8165894,23.9113645],[113.8162248,23.9111607],[113.8160136,23.9110927],[113.8154784,23.9110194],[113.8152563,23.9108218],[113.8151085,23.9105257],[113.8149212,23.9103215],[113.8147734,23.9099945],[113.8144744,23.9097569],[113.8143523,23.909497],[113.8142096,23.9093684],[113.8137646,23.9092294],[113.8133386,23.9092469],[113.8122836,23.9086516],[113.8117121,23.9086977],[113.8110847,23.9084893],[113.8106995,23.9082839],[113.8104328,23.9079462],[113.810222,23.9077841],[113.809789,23.9077469],[113.8093849,23.9075936],[113.8092438,23.9074885],[113.8091746,23.9073706],[113.8091285,23.906352],[113.8090353,23.9060733],[113.8088693,23.9058704],[113.8082282,23.9055311],[113.8080329,23.905359],[113.8074824,23.9052305],[113.8071989,23.9051143],[113.8067448,23.9045786],[113.8065775,23.9044644],[113.8059924,23.9042659],[113.8055338,23.9037951],[113.8048541,23.9037063],[113.8044884,23.9034284],[113.8037381,23.9033746],[113.8032561,23.9031423],[113.8029955,23.903091],[113.8026187,23.9030856],[113.8022959,23.9031501],[113.8019502,23.9035059],[113.8013156,23.9037459],[113.8011294,23.9038944],[113.8009357,23.9041538],[113.8007403,23.9049544],[113.8004489,23.9051665],[113.8003014,23.9054878],[113.8002081,23.9055888],[113.7998516,23.9057299],[113.7996592,23.9058746],[113.799454,23.9063895],[113.7992042,23.9065269],[113.7983463,23.906502],[113.7969094,23.9063382],[113.795946,23.9062943],[113.7955637,23.9062159],[113.7937439,23.9063154],[113.790139,23.905703],[113.7881283,23.9069563],[113.7849474,23.906496],[113.782163,23.9048709],[113.7811825,23.9020852],[113.7793186,23.9014113],[113.7793899,23.9007454],[113.7766304,23.8994721],[113.7758113,23.8968569],[113.7760543,23.8961545],[113.7756181,23.8935189],[113.7750643,23.893071],[113.7743353,23.8915711],[113.77263,23.8893845],[113.772545,23.8867883],[113.7729456,23.8860299],[113.7725225,23.8841322],[113.7716612,23.8835069],[113.7716105,23.8834701],[113.7713959,23.8825898],[113.7716159,23.8814481],[113.7702265,23.8807872],[113.7696112,23.8791429],[113.7688202,23.8791896],[113.7686312,23.8792007],[113.7673596,23.878558],[113.7665709,23.8774151],[113.7651405,23.8764391],[113.7637732,23.8755061],[113.7624288,23.8751163],[113.7617122,23.8741202],[113.7612518,23.8738976],[113.7603324,23.8727296],[113.7600244,23.8703157],[113.7589631,23.8691307],[113.7583095,23.8691623],[113.7569552,23.8665845],[113.7550246,23.8657007],[113.754682,23.8626584],[113.7541321,23.8622388],[113.7532443,23.8603964],[113.7527216,23.8601263],[113.7518809,23.8605947],[113.7505573,23.8604892],[113.7502524,23.8602522],[113.7491059,23.8594533],[113.7468984,23.8587185],[113.7459154,23.8576986],[113.7447082,23.857017],[113.743898,23.8570223],[113.7433252,23.8565152],[113.7402875,23.8609622],[113.7393736,23.8617017],[113.7368989,23.8620799],[113.7334951,23.8584837],[113.7314538,23.8574647],[113.7302858,23.8575126],[113.7294229,23.8557066],[113.7284443,23.856295],[113.7284205,23.8576782],[113.7277765,23.8578331],[113.7269232,23.8586993],[113.726416,23.860098],[113.7257801,23.8609158],[113.7242205,23.8612936],[113.7226288,23.8606902],[113.7225878,23.8579602],[113.7200459,23.8562046],[113.7195458,23.8561836],[113.7192257,23.8570081],[113.7204828,23.8582447],[113.7200251,23.8601882],[113.7186964,23.8621153],[113.7175891,23.8628264],[113.7157911,23.8632262],[113.7144878,23.8628057],[113.7137637,23.8618555],[113.7125404,23.8616982],[113.7107485,23.8628264],[113.7100507,23.8638856],[113.7082904,23.8651896],[113.7062786,23.8635607],[113.7041334,23.8591168],[113.7047545,23.858077],[113.7073334,23.8574976],[113.7090482,23.856198],[113.7093677,23.8546807],[113.7112868,23.8524643],[113.7108721,23.8498602],[113.7126587,23.8471978],[113.7127752,23.8458269],[113.7123609,23.8426172],[113.7113653,23.8411206],[113.7116673,23.8397152],[113.7106528,23.838996],[113.7096926,23.8375645],[113.7101111,23.8354773],[113.7103585,23.8351065],[113.7109353,23.83507],[113.7111157,23.8346191],[113.7109736,23.832479],[113.7115034,23.830277],[113.7122819,23.8294273],[113.712763,23.8295682],[113.7141007,23.8287738],[113.7151835,23.8277593],[113.7148521,23.8260066],[113.7129679,23.8237311],[113.7104149,23.8238859],[113.708666,23.8229281],[113.7082053,23.8222746],[113.7066022,23.8219975],[113.7054963,23.8213863],[113.7050912,23.8197908],[113.7045744,23.819645],[113.7038347,23.8199153],[113.702573,23.8195842],[113.7020191,23.8182171],[113.7009878,23.817851],[113.7004802,23.818508],[113.6992012,23.8188607],[113.6976839,23.8186162],[113.6972143,23.8188508],[113.6959617,23.8209075],[113.6952448,23.8213301],[113.6953065,23.8221282],[113.6950015,23.8226185],[113.693125,23.8228887],[113.6920903,23.8237527],[113.6883199,23.8240482],[113.6876417,23.8251433],[113.6864034,23.825271],[113.685855,23.8258334],[113.6846625,23.8282153],[113.6824733,23.828324],[113.6821031,23.8280285],[113.6814671,23.8266375],[113.680828,23.8261956],[113.6791137,23.8222266],[113.6787856,23.8202153],[113.6784607,23.8185669],[113.6790064,23.8154097],[113.6774357,23.8153219],[113.6770368,23.8148239],[113.6762769,23.8148246],[113.6753725,23.8161287],[113.6720384,23.8172408],[113.6712821,23.8167751],[113.6702044,23.8174911],[113.6676978,23.8175253],[113.6672514,23.8172057],[113.6651982,23.8177668],[113.6645493,23.8171971],[113.6639074,23.8175857],[113.6637138,23.8172881],[113.6614862,23.8169001],[113.6608351,23.816312],[113.660713,23.8175315],[113.6601503,23.8180788],[113.6587099,23.8182375],[113.6575916,23.8199017],[113.6577333,23.820478],[113.6549339,23.8205104],[113.6541515,23.8201994],[113.6528702,23.8217781],[113.6512105,23.8208929],[113.6506303,23.8200855],[113.6498567,23.8201349],[113.6497335,23.8195978],[113.6492367,23.8198862],[113.6483151,23.8197278],[113.6484907,23.8207887],[113.6480798,23.8218337],[113.6468141,23.8229968],[113.6455609,23.8227488],[113.6436354,23.8216891],[113.6415121,23.8215946],[113.64129,23.8207229],[113.6398735,23.8202901],[113.638457,23.8187465],[113.6372422,23.8180631],[113.636694,23.8178867],[113.6361553,23.8180264],[113.6356165,23.8172134],[113.6352692,23.8172548],[113.6351184,23.8174405],[113.6347256,23.817365],[113.634613,23.8167896],[113.6342601,23.8165123],[113.6336617,23.8147722],[113.6324283,23.8125681],[113.6323044,23.8109415],[113.632687,23.8099928],[113.6323037,23.8092834],[113.629735,23.8077923],[113.6288104,23.8064792],[113.6288106,23.8053045],[113.6277013,23.8040188],[113.6284513,23.8009198],[113.6282729,23.7995101],[113.6262695,23.7985992],[113.623631,23.7961202],[113.6216992,23.7950343],[113.6207882,23.7937254],[113.618998,23.7941924],[113.6183031,23.7923301],[113.6169577,23.7910011],[113.6153508,23.7899284],[113.6139588,23.7898153],[113.611119,23.7907961],[113.6104193,23.7904119],[113.6101954,23.7897052],[113.6107234,23.7884645],[113.6115004,23.7882372],[113.6132253,23.7888133],[113.6153471,23.7871962],[113.6160119,23.7870063],[113.6149159,23.7851238],[113.6125994,23.7848936],[113.6129985,23.7838702],[113.6101204,23.7829699],[113.6099184,23.7825481],[113.6104077,23.7818858],[113.6101925,23.7810706],[113.6110256,23.7792306],[113.6133345,23.7770417],[113.6145318,23.7754219],[113.6145275,23.7742784],[113.6148986,23.7736276],[113.6163777,23.7731415],[113.6183823,23.7717029],[113.6192104,23.7713895],[113.6197774,23.771249],[113.6204375,23.7706082],[113.6211041,23.7699956],[113.6212062,23.7697892],[113.6217213,23.7687916],[113.6230894,23.7677931],[113.6235614,23.7665112],[113.6245726,23.7658972],[113.6241007,23.7636366],[113.6245702,23.7629112],[113.6244727,23.7617169],[113.6256213,23.7580951],[113.6253707,23.7571059],[113.626106,23.7563221],[113.6260713,23.7558811],[113.6268627,23.755391],[113.628388,23.7548289],[113.6312202,23.7529938],[113.6298766,23.7515452],[113.6294065,23.7506091],[113.6293982,23.7491057],[113.6282936,23.7466971],[113.6285089,23.7457217],[113.6262673,23.7430768],[113.6257554,23.7417303],[113.6260805,23.740903],[113.6277117,23.7394084],[113.6279909,23.7380227],[113.629418,23.7357188],[113.6306961,23.7354009],[113.6316286,23.7345528],[113.6316172,23.7339257],[113.6315574,23.7336483],[113.6309504,23.7340092],[113.6290284,23.7334347],[113.6279527,23.7323673],[113.6272251,23.7303258],[113.6263139,23.7298442],[113.6263196,23.7288913],[113.6268025,23.7281521],[113.6266203,23.7274129],[113.6268836,23.7261066],[113.6267987,23.7241236],[113.6274721,23.7224365],[113.6265898,23.7206217],[113.6248632,23.7204977],[113.6231377,23.719268],[113.6228408,23.71843],[113.6230002,23.7171865],[113.6235628,23.7155579],[113.6229988,23.7144892],[113.6230182,23.7139171],[113.6235525,23.7130502],[113.626016,23.7113853],[113.6284499,23.7109844],[113.6309607,23.7094993],[113.6314116,23.7088394],[113.6333034,23.7076208],[113.6331912,23.7071738],[113.6315742,23.7062091],[113.6313252,23.7046894],[113.6284532,23.7047065],[113.626702,23.7055924],[113.6200721,23.7041848],[113.619837,23.7032066],[113.6177136,23.702361],[113.6174905,23.7020025],[113.6182325,23.6993263],[113.6185083,23.6978109],[113.6183719,23.6971106],[113.6167427,23.6969079],[113.6156384,23.6955318],[113.615607,23.6944898],[113.6128424,23.6939985],[113.610943,23.6924104],[113.6094512,23.6923057],[113.6092052,23.6905759],[113.60681,23.6898296],[113.6065998,23.6885589],[113.6082158,23.6871565],[113.6082253,23.6866667],[113.6073749,23.6855379],[113.6088924,23.6850216],[113.6100881,23.6835227],[113.6106094,23.6831112],[113.6105181,23.6826348],[113.6093004,23.6817457],[113.6061718,23.6792796],[113.6045753,23.678646],[113.6043028,23.6770223],[113.6034584,23.6766429],[113.6023174,23.6770623],[113.6018327,23.6766825],[113.6017986,23.6761553],[113.6004737,23.675983],[113.5998142,23.6752102],[113.5999803,23.6746459],[113.5991934,23.6738351],[113.5987805,23.6726817],[113.5974603,23.6720198],[113.5963041,23.6703307],[113.5942813,23.6686045],[113.5940835,23.6677681],[113.5944603,23.6667081],[113.5933553,23.6658375],[113.5927252,23.6662569],[113.5929548,23.6672823],[113.5921599,23.6673024],[113.5922135,23.6681691],[113.5910611,23.6683238],[113.5901682,23.6684708],[113.5891533,23.6684845],[113.5887648,23.6688993],[113.5876621,23.6699517],[113.584618,23.6707293],[113.5821214,23.6717933],[113.5821303,23.6733016],[113.582165,23.6780135],[113.5804212,23.678565],[113.5793873,23.6784151],[113.5792527,23.6780904],[113.5779599,23.6787237],[113.5760312,23.678793],[113.5746534,23.6782122],[113.5741306,23.6792307],[113.5726542,23.6796442],[113.5725427,23.6800417],[113.5709865,23.6809822],[113.5709275,23.6814766],[113.5708442,23.6819034],[113.5699944,23.6825275],[113.5698453,23.684119],[113.5677667,23.6841457],[113.5659583,23.6834491],[113.565561,23.6823891],[113.5628007,23.6824752],[113.5623922,23.6832994],[113.5632726,23.6843631],[113.5622104,23.684657],[113.5621194,23.6857036],[113.5625589,23.6864515],[113.5636142,23.6873335],[113.56404,23.6879044],[113.5644648,23.6888532],[113.5644648,23.6894213],[113.5644828,23.6901855],[113.5642743,23.6907563],[113.5640749,23.6915182],[113.5629114,23.6929767],[113.5611438,23.693415],[113.5583537,23.6941065],[113.559023,23.6971993],[113.5592157,23.6985011],[113.5562108,23.6990119],[113.5548018,23.7007191],[113.5537721,23.70126],[113.5534524,23.7024685],[113.5534986,23.7032973],[113.5530438,23.703789],[113.5508328,23.7041988],[113.5492568,23.7037046],[113.5483319,23.7039441],[113.5474163,23.7042065],[113.5456777,23.7041758],[113.5442782,23.7046949],[113.5429335,23.7051554],[113.5417226,23.705257],[113.5393749,23.7054614],[113.53838,23.704618],[113.537694,23.7045192],[113.5373388,23.7039841],[113.536577,23.7036129],[113.5347282,23.7032426],[113.5331283,23.7018022],[113.5380933,23.7018866],[113.5393082,23.7003537],[113.5400515,23.7002652],[113.5399107,23.6985591],[113.5384997,23.6976384],[113.5371952,23.6975414],[113.5361021,23.696694],[113.5357245,23.6958765],[113.5334083,23.6948072],[113.5318031,23.6946784],[113.5293476,23.6927317],[113.5270589,23.6931258],[113.5250364,23.692131],[113.5245089,23.6909151],[113.5240952,23.690548],[113.523513,23.6905211],[113.5216135,23.6882122],[113.5205939,23.6876399],[113.5197389,23.6878735],[113.5190372,23.6879742],[113.5168817,23.6880103],[113.5165711,23.6887648],[113.5162276,23.6888529],[113.5144732,23.6895121],[113.5130952,23.6889228],[113.5118021,23.6862593],[113.5111401,23.6857433],[113.5082124,23.6845649],[113.507202,23.6842981],[113.5049775,23.6850747],[113.5016175,23.687002],[113.5004972,23.6878198],[113.4988165,23.6872692],[113.4983505,23.6853468],[113.496332,23.6853897],[113.4955659,23.685933],[113.4953136,23.6868718],[113.4948885,23.6869563],[113.4934992,23.6857584],[113.4914654,23.6858349],[113.4897778,23.6848021],[113.4882755,23.6853986],[113.4867639,23.6873808],[113.4857107,23.6873714],[113.4848241,23.6868037],[113.484722,23.6875017],[113.4818202,23.6868597],[113.4805301,23.6880374],[113.4782792,23.6889366],[113.4770973,23.6888562],[113.4767234,23.6877143],[113.4753407,23.6862816],[113.4745034,23.6871595],[113.4738979,23.686632],[113.4729788,23.6867275],[113.4720316,23.687798],[113.4701779,23.6881633],[113.4700169,23.6889788],[113.4686604,23.690778],[113.4669048,23.6910659],[113.4665206,23.6913201],[113.4655345,23.6928995],[113.4630914,23.6936749],[113.4629101,23.6943681],[113.4632958,23.6949542],[113.4646622,23.6958568],[113.4641531,23.6989907],[113.4641531,23.6990217],[113.4631802,23.7001055],[113.4613488,23.7018394],[113.4603158,23.7027941],[113.4598816,23.7036923],[113.4588315,23.7056061],[113.4606715,23.7078201],[113.4604308,23.7081626],[113.4588141,23.7104632],[113.4557759,23.7113555],[113.4549076,23.7116326],[113.4521215,23.7125197],[113.4514618,23.7127304],[113.4505015,23.7126034],[113.4492655,23.7124398],[113.4456461,23.7148903],[113.4444494,23.7157553],[113.4423037,23.7173058],[113.4416133,23.7174916],[113.4383277,23.7183754],[113.4388656,23.7198376],[113.4387703,23.722726],[113.4369388,23.7226812],[113.4347858,23.7249035],[113.4389183,23.7260211],[113.4390134,23.7274896],[113.4377068,23.7284828],[113.4363743,23.729495],[113.4355489,23.7295107],[113.4329023,23.729562],[113.4316624,23.7290082],[113.4288572,23.7277544],[113.4275725,23.7270567],[113.4247949,23.7255493],[113.4242913,23.7257849],[113.4239789,23.7259317],[113.4229456,23.7265198],[113.4221296,23.7274703],[113.4213137,23.7282408],[113.4204888,23.7290153],[113.4203106,23.7290701],[113.4198731,23.7292038],[113.4192565,23.7292153],[113.4186229,23.7292149],[113.4182146,23.7292216],[113.4169735,23.7286556],[113.4157235,23.7279065],[113.4144736,23.7273427],[113.4134409,23.7269711],[113.4117829,23.7266003],[113.4103331,23.7266127],[113.4093209,23.7261397],[113.4086078,23.72541],[113.4081737,23.7250896],[113.4078304,23.7248457],[113.4072545,23.7247218],[113.4066213,23.7246122],[113.4063668,23.7246048],[113.4061042,23.7245834],[113.4057546,23.7243967],[113.405585,23.7241884],[113.4053788,23.7238922],[113.4049998,23.7236487],[113.4045779,23.7236276],[113.4023833,23.7241779],[113.3981287,23.725253],[113.3949625,23.7261067],[113.3943502,23.7275798],[113.3929541,23.730749],[113.3916872,23.7306318],[113.3915133,23.7308617],[113.3898295,23.7323309],[113.3858448,23.7316062],[113.3810014,23.7321601],[113.3809755,23.7321581],[113.3784837,23.7321684],[113.3779283,23.7322579],[113.3772429,23.7323686],[113.3768004,23.7325081],[113.3760012,23.732759],[113.3747595,23.7331474],[113.3737267,23.7337336],[113.3728067,23.7339767],[113.3714615,23.7321819],[113.3712789,23.7288093],[113.3695344,23.7255517],[113.3698552,23.7224115],[113.370203,23.7187502],[113.3702899,23.718503],[113.3702899,23.7179349],[113.3700722,23.717171],[113.3700643,23.7166019],[113.3698556,23.715838],[113.3698467,23.7152699],[113.3692565,23.7146685],[113.3668429,23.712186],[113.3638313,23.7115459],[113.3607928,23.7127457],[113.360072,23.7120887],[113.3590218,23.710769],[113.3581892,23.709627],[113.3575554,23.7082997],[113.3571212,23.7069601],[113.3564964,23.7048766],[113.3560533,23.7027789],[113.3556282,23.7006821],[113.355194,23.6987854],[113.3539354,23.696311],[113.3526678,23.6940286],[113.3514092,23.6917563],[113.3501507,23.6894709],[113.3497345,23.6889005],[113.3497255,23.6883314],[113.3495169,23.6877587],[113.349508,23.6871906],[113.3494991,23.6862334],[113.3494892,23.6858268],[113.3494991,23.6852831],[113.3494912,23.6843281],[113.3494913,23.6835679],[113.3484323,23.6822405],[113.3473904,23.6809121],[113.3463484,23.6797707],[113.3455061,23.678638],[113.34509,23.6778756],[113.345081,23.6773075],[113.3450811,23.6765414],[113.3450751,23.6761383],[113.3450721,23.6759703],[113.3448467,23.6742584],[113.3444306,23.6729219],[113.3442041,23.671589],[113.34379,23.6708347],[113.3435794,23.67045],[113.3427461,23.6698854],[113.3419127,23.6696989],[113.3408708,23.6697058],[113.3398378,23.6697117],[113.3383797,23.6695254],[113.3369297,23.6695381],[113.3356802,23.6693584],[113.3344388,23.6691697],[113.3335965,23.6686012],[113.3329718,23.6682233],[113.3325547,23.667462],[113.3323382,23.6668972],[113.3323294,23.665183],[113.3314783,23.6623221],[113.3310443,23.6606147],[113.3302111,23.6596601],[113.3293779,23.6589066],[113.3283281,23.6587226],[113.3272862,23.6583495],[113.3262534,23.6583555],[113.325003,23.6583558],[113.3239611,23.6583599],[113.3229193,23.6581778],[113.3225031,23.6579936],[113.3220861,23.6566561],[113.3222768,23.6551355],[113.3226851,23.6534145],[113.3232929,23.6518891],[113.323284,23.6507429],[113.3232841,23.6495967],[113.3230676,23.648644],[113.3228501,23.6478893],[113.3218083,23.6469361],[113.3207665,23.646374],[113.3195081,23.6459943],[113.3187447,23.6458848],[113.3182577,23.6458147],[113.316609,23.6462068],[113.3122338,23.6464128],[113.3099334,23.6456689],[113.3084842,23.6456714],[113.307026,23.645682],[113.3055667,23.6458755],[113.3034836,23.6464632],[113.3022867,23.6469062],[113.3014093,23.6472317],[113.299326,23.6480082],[113.2974512,23.6485853],[113.2959927,23.6485965],[113.2945341,23.6484097],[113.2930676,23.6480408],[113.2916089,23.6478538],[113.2897249,23.6476724],[113.2880584,23.6474876],[113.2863918,23.6473118],[113.2847252,23.6471248],[113.2838833,23.6469388],[113.2834669,23.6465563],[113.2830415,23.6463717],[113.2828328,23.6459878],[113.2828329,23.6452307],[113.2830326,23.6446575],[113.2834491,23.6440829],[113.284282,23.6436918],[113.2857321,23.6429239],[113.28719,23.642342],[113.2888566,23.6417607],[113.2907317,23.6413741],[113.2915655,23.6409949],[113.2926068,23.6407994],[113.2934405,23.6404081],[113.2940565,23.6400221],[113.2940566,23.6394541],[113.2938479,23.6388872],[113.2934227,23.6383138],[113.2930064,23.6377433],[113.2923725,23.6369842],[113.2917475,23.6362249],[113.2911135,23.6354667],[113.2906972,23.6347032],[113.2898467,23.632036],[113.2894126,23.6295603],[113.2889784,23.6268955],[113.2883445,23.624419],[113.2877116,23.6230927],[113.2868689,23.6217587],[113.2860272,23.6206166],[113.2851854,23.6196705],[113.2841439,23.6189087],[113.2833011,23.6183427],[113.2822595,23.6177808],[113.2814176,23.6172117],[113.2799505,23.6162652],[113.2786921,23.6155065],[113.2774416,23.6147487],[113.2765996,23.6138024],[113.2763919,23.6130385],[113.2761752,23.6120836],[113.2761663,23.6115156],[113.2761663,23.6111375],[113.2759665,23.6109427],[113.275541,23.6109441],[113.2751244,23.6111395],[113.2747078,23.6115169],[113.2734749,23.6140043],[113.2728674,23.616676],[113.2712008,23.6185857],[113.2690998,23.6168801],[113.2670165,23.6165105],[113.2649251,23.6157536],[113.2638739,23.6146211],[113.2634582,23.6140482],[113.2630405,23.6132864],[113.2626158,23.6129045],[113.2615655,23.6119618],[113.2603152,23.6113914],[113.2592647,23.6108297],[113.2580063,23.6104471],[113.2565479,23.6102675],[113.2550894,23.6102698],[113.2536308,23.6102781],[113.2523731,23.6102762],[113.2511223,23.6099063],[113.2500715,23.6093423],[113.2490306,23.6087671],[113.2481877,23.6082031],[113.2465128,23.6068708],[113.2448377,23.6055494],[113.2431616,23.6042169],[113.2431186,23.6041839],[113.2375977,23.6095795],[113.2350196,23.6088281],[113.2391778,23.6008033],[113.2385437,23.5992859],[113.2385007,23.5991018],[113.2398454,23.5961401],[113.2405487,23.5945902],[113.2405148,23.59271],[113.2404799,23.5908309],[113.2399418,23.5908547],[113.2390556,23.5894682],[113.2378231,23.5892407],[113.2371378,23.5901954],[113.2352718,23.5927867],[113.2320681,23.5931008],[113.2300457,23.5939345],[113.2277449,23.5958459],[113.2251408,23.5966907],[113.2225194,23.5969963],[113.2219119,23.5953945],[113.221869,23.5929773],[113.2216171,23.5883136],[113.2183358,23.5876691],[113.217658,23.5875413],[113.2174328,23.587363],[113.2161824,23.5866035],[113.214933,23.586421],[113.2134742,23.5864232],[113.2118161,23.5866251],[113.2103582,23.5868162],[113.2091085,23.5868245],[113.2068164,23.5858812],[113.2047245,23.584555],[113.2026415,23.5832307],[113.2007577,23.5819007],[113.1990911,23.580579],[113.1974235,23.5794382],[113.1968426,23.5790582],[113.1969518,23.5786703],[113.1979707,23.5750558],[113.1970424,23.57158],[113.1961221,23.5689084],[113.1953751,23.5643729],[113.195879,23.5638147],[113.1971201,23.5628487],[113.1983522,23.5618967],[113.1996023,23.5611277],[113.2010436,23.5597829],[113.2027013,23.5582524],[113.2039432,23.5569092],[113.2047675,23.5555704],[113.2045593,23.5548061],[113.2039254,23.5542381],[113.2033005,23.5536692],[113.2030311,23.5534287],[113.2025714,23.552819],[113.200887,23.5505963],[113.2050195,23.5475845],[113.2065468,23.5464732],[113.2073261,23.5428361],[113.2052692,23.5397465],[113.2009317,23.5412415],[113.1987988,23.5404224],[113.1941298,23.5331764],[113.1892013,23.5254804],[113.1865458,23.5188844],[113.1860444,23.5185166],[113.1855765,23.5182228],[113.1852391,23.5179133],[113.1848209,23.5176039],[113.1843514,23.5175299],[113.1835225,23.5181555],[113.1832071,23.5183035],[113.1826349,23.5183236],[113.1819013,23.5181891],[113.1798987,23.5179739],[113.1793191,23.5179941],[113.1786076,23.5178864],[113.1780868,23.5176645],[113.1771404,23.5170255],[113.1762748,23.5169851],[113.1757371,23.5167747],[113.174661,23.5163528],[113.1743089,23.5163932],[113.1743015,23.5165479],[113.1742355,23.5169313],[113.1743676,23.5172609],[113.1740961,23.5175568],[113.1738027,23.5174559],[113.1715947,23.5164672],[113.1713306,23.5164873],[113.1710371,23.5166151],[113.170531,23.5166151],[113.1700932,23.5162046],[113.1699558,23.5159959],[113.1699558,23.5158545],[113.1699343,23.5155756],[113.1698357,23.5156229],[113.1697799,23.5155941],[113.1697531,23.5155056],[113.1696726,23.5154219],[113.1695117,23.515235],[113.1694387,23.5151605],[113.1693776,23.5150137],[113.1692885,23.5148506],[113.1690825,23.5146841],[113.1687682,23.5145456],[113.1683262,23.5145365],[113.1681459,23.5145161],[113.1679453,23.5144578],[113.1678133,23.5144472],[113.1677329,23.5145702],[113.1676663,23.5147923],[113.1675912,23.5148809],[113.1675397,23.5149195],[113.1674754,23.51489],[113.1674303,23.5147972],[113.1673198,23.5147227],[113.1671696,23.5147325],[113.1669851,23.5147776],[113.1668316,23.5147719],[113.1667276,23.5147038],[113.1665935,23.5146054],[113.1664808,23.514566],[113.1663542,23.5145997],[113.1662737,23.514703],[113.1662469,23.5148654],[113.1663199,23.5149792],[113.1664647,23.5149251],[113.1665559,23.514871],[113.1666278,23.515067],[113.1666686,23.515235],[113.1666117,23.5154064],[113.1665634,23.5157016],[113.1668027,23.5158941],[113.1669175,23.5159918],[113.1669067,23.5160705],[113.1667437,23.5160958],[113.1664615,23.5161197],[113.1663467,23.5162237],[113.1663113,23.5163607],[113.1663467,23.5165484],[113.166454,23.5168828],[113.1665452,23.5170304],[113.1666417,23.5170648],[113.1668938,23.5169962],[113.1671215,23.516947],[113.1673046,23.5169881],[113.1677651,23.5169747],[113.1679716,23.5170756],[113.1671883,23.5171971],[113.1671899,23.5174584],[113.1670936,23.5174239],[113.1670344,23.5172793],[113.1668665,23.5171922],[113.1666814,23.5172166],[113.1665398,23.5172419],[113.1664003,23.5171977],[113.1663147,23.5170779],[113.1661182,23.5169411],[113.1659733,23.5168772],[113.165866,23.5168723],[113.1658049,23.5170157],[113.1658371,23.5173649],[113.1658017,23.5176396],[113.165811,23.5177575],[113.1658662,23.5178205],[113.1659444,23.5178666],[113.1659758,23.5179407],[113.1659841,23.5180233],[113.1660081,23.518141],[113.1660645,23.5182545],[113.1658961,23.5184274],[113.1658231,23.5185594],[113.1658317,23.518752],[113.1658875,23.5188841],[113.1661697,23.5190176],[113.1664593,23.5190816],[113.1667597,23.5191307],[113.1669836,23.5190802],[113.167028,23.5191652],[113.1667726,23.5192235],[113.166454,23.5192636],[113.1659519,23.5192284],[113.1659841,23.5193514],[113.1660323,23.5195284],[113.1660838,23.5196915],[113.1662705,23.519888],[113.1664508,23.5199662],[113.1668102,23.5200695],[113.1669529,23.5200604],[113.1674217,23.519917],[113.1672157,23.5201096],[113.1671642,23.5202515],[113.1666171,23.5204925],[113.1665666,23.5206556],[113.1665666,23.5208671],[113.1665312,23.5210483],[113.166499,23.5212057],[113.1665741,23.5212844],[113.1667093,23.5212495],[113.1668656,23.5213123],[113.1671134,23.5214836],[113.1671763,23.521776],[113.1671907,23.521956],[113.1672842,23.5221409],[113.1673392,23.5223945],[113.1672982,23.522578],[113.1671938,23.5227711],[113.167075,23.5228047],[113.1669321,23.522772],[113.1667892,23.5227636],[113.166781,23.5226522],[113.1666962,23.5225975],[113.1666167,23.5225767],[113.1665999,23.5225102],[113.1666201,23.5224195],[113.1664428,23.5222741],[113.1666252,23.5219691],[113.1666145,23.5218019],[113.1664965,23.5216838],[113.1661414,23.5216857],[113.1658274,23.5216651],[113.16582,23.5216135],[113.1660511,23.5215428],[113.1661239,23.5214305],[113.1660195,23.5212655],[113.1659229,23.5210638],[113.1658424,23.5207539],[113.1657351,23.5203949],[113.165601,23.5201194],[113.1655742,23.5198636],[113.1655367,23.5197505],[113.1653916,23.519774],[113.1652899,23.5197849],[113.1653704,23.5196423],[113.1654616,23.5194455],[113.1655066,23.5193071],[113.1654476,23.5190316],[113.165335,23.51883],[113.1652523,23.5188159],[113.1651075,23.5188946],[113.1649594,23.5190611],[113.1648039,23.5190956],[113.1648607,23.5189094],[113.1650109,23.5186782],[113.1652202,23.5185356],[113.1653489,23.518452],[113.1654133,23.5183585],[113.165424,23.5182355],[113.1653221,23.5181126],[113.165115,23.5179888],[113.1649594,23.5178167],[113.1649004,23.5176593],[113.1649037,23.5174682],[113.1648822,23.5173305],[113.1647824,23.5172166],[113.1646698,23.5171526],[113.1645067,23.5171091],[113.1642975,23.5171485],[113.1640207,23.5171969],[113.1638834,23.5172679],[113.1637477,23.5172357],[113.1637183,23.5171611],[113.1640163,23.5170575],[113.1641929,23.5168768],[113.1641801,23.5167363],[113.1642059,23.5166617],[113.1643148,23.5167891],[113.1646024,23.5168403],[113.164732,23.5167894],[113.164968,23.5166418],[113.1650592,23.5165533],[113.1651612,23.5164205],[113.1651612,23.5162631],[113.1650936,23.5160656],[113.1653596,23.5161057],[113.1655045,23.5160417],[113.1656225,23.5158056],[113.1656976,23.5155597],[113.165703,23.5154269],[113.1655098,23.5152694],[113.1655098,23.5151416],[113.1655528,23.5150629],[113.1656171,23.5150235],[113.16566,23.5149497],[113.16566,23.5148317],[113.1657244,23.5147628],[113.1657673,23.5146349],[113.1658317,23.5141528],[113.1659014,23.5140397],[113.1658753,23.5139379],[113.1657617,23.5138879],[113.1656164,23.5139587],[113.1656073,23.5140711],[113.1654347,23.5144293],[113.1653166,23.5145834],[113.1652303,23.5149625],[113.1651258,23.5151749],[113.1647488,23.5153748],[113.16434,23.5158121],[113.163963,23.5159329],[113.1636496,23.5158288],[113.1633998,23.5156664],[113.1632226,23.5155456],[113.1626299,23.5146979],[113.1621215,23.5143151],[113.1621215,23.5140341],[113.1620094,23.5133733],[113.1619667,23.5131645],[113.1615397,23.5129883],[113.161134,23.513295],[113.1608635,23.5131123],[113.1605374,23.5131267],[113.1601787,23.5129653],[113.1600449,23.5127859],[113.1600022,23.512551],[113.1601232,23.511833],[113.1599951,23.5115132],[113.1595325,23.5115458],[113.1590271,23.51182],[113.158899,23.5120288],[113.1586285,23.5119831],[113.1581659,23.5118591],[113.157995,23.5120745],[113.1577103,23.5123813],[113.157447,23.5124988],[113.1569772,23.5125314],[113.1567565,23.5124008],[113.1563508,23.5122312],[113.1552262,23.5120158],[113.1542306,23.5116399],[113.15402,23.5114191],[113.1531845,23.5112732],[113.1521805,23.5103747],[113.1470108,23.5128099],[113.1380613,23.5136774],[113.1305463,23.5122244],[113.1224973,23.5091744],[113.1134395,23.5092688],[113.1115865,23.5133509],[113.1105995,23.5130755],[113.1090638,23.5122194],[113.1085347,23.5115462],[113.109507,23.5104857],[113.1122302,23.5070972],[113.1099236,23.503916],[113.1035088,23.5003728],[113.1018848,23.5014014],[113.0974236,23.4999602],[113.0958173,23.4977704],[113.0936301,23.4977007],[113.0934072,23.4978237],[113.0920849,23.4985519],[113.0875723,23.4993149],[113.083595,23.4954249],[113.0782311,23.4969171],[113.0755227,23.4948258],[113.0739971,23.4936798],[113.0736143,23.4936203],[113.0736219,23.493113],[113.0733379,23.4931392],[113.073153,23.4931047],[113.0730289,23.4929481],[113.0729253,23.4927952],[113.0727774,23.4923953],[113.0716333,23.4924551],[113.0709393,23.4918932],[113.0711158,23.4912017],[113.0710501,23.4901628],[113.0711892,23.4895671],[113.0711518,23.489196],[113.0707509,23.4889626],[113.0704346,23.4888565],[113.0702401,23.4887726],[113.0701043,23.4886241],[113.0700417,23.4883144],[113.0700627,23.4877062],[113.0696949,23.4870377],[113.0694735,23.4869192],[113.0692496,23.4869353],[113.0691167,23.4870188],[113.0689803,23.4873329],[113.0680442,23.4878283],[113.0684348,23.4872336],[113.0681581,23.4871667],[113.067671,23.4866638],[113.0676727,23.4864391],[113.0670579,23.4854293],[113.0659737,23.4858234],[113.0661272,23.4847757],[113.0658047,23.4838255],[113.0643418,23.4839152],[113.0635802,23.4838362],[113.0635069,23.4836198],[113.063605,23.483178],[113.063621,23.4826693],[113.0635471,23.4821944],[113.0632951,23.4820674],[113.0631143,23.4818608],[113.0627506,23.4811191],[113.062492,23.4810996],[113.062505,23.482064],[113.0626228,23.482341],[113.0624381,23.4824572],[113.0621692,23.482615],[113.0619411,23.482795],[113.0616104,23.4830701],[113.061422,23.4831334],[113.0608755,23.4831236],[113.0602311,23.4832079],[113.0595566,23.4831816],[113.0593999,23.4827218],[113.0568625,23.4828313],[113.0562922,23.4781851],[113.0564838,23.4779547],[113.0565991,23.4776519],[113.0552487,23.4773356],[113.0547371,23.4770289],[113.0547399,23.4766697],[113.0549018,23.4762755],[113.0548555,23.4761793],[113.0541932,23.4761601],[113.0538565,23.4759805],[113.0537021,23.4756024],[113.0528782,23.4751674],[113.0524617,23.4749933],[113.0522838,23.4745475],[113.0515947,23.4744065],[113.050395,23.4738261],[113.0488299,23.4729816],[113.0483947,23.472999],[113.0482571,23.4730266],[113.0481369,23.4730321],[113.0480576,23.4730001],[113.0479404,23.4729612],[113.0477876,23.47299],[113.0472628,23.4731136],[113.0471056,23.4730489],[113.0469123,23.4733683],[113.0452792,23.4729788],[113.0446798,23.4728142],[113.0434043,23.4724561],[113.0431591,23.4727766],[113.0429299,23.4733095],[113.0427219,23.4740506],[113.0407464,23.4744512],[113.0403129,23.4746128],[113.0398425,23.4750067],[113.0381127,23.4756791],[113.0371082,23.4766897],[113.0368413,23.4769014],[113.0357327,23.4770339],[113.0343048,23.4773912],[113.0339562,23.4771228],[113.0338875,23.4766481],[113.0334396,23.4763166],[113.0325791,23.47601],[113.0306317,23.4751494],[113.0282111,23.4744878],[113.0272496,23.4743133],[113.0253688,23.472891],[113.0248836,23.4726448],[113.0241503,23.4726412],[113.0231963,23.472801],[113.022601,23.4739567],[113.0219827,23.4745353],[113.021194,23.4745743],[113.0202565,23.4744162],[113.0127102,23.4716156],[113.0126924,23.4704617],[113.0144722,23.4701924],[113.0139162,23.4685172],[113.0135425,23.4683122],[113.0094894,23.4675922],[113.009595,23.4665623],[113.0100098,23.4655429],[113.0103619,23.4650483],[113.0109785,23.4646145],[113.0110867,23.4642391],[113.0111287,23.4639244],[113.0106092,23.4631434],[113.0103457,23.4630221],[113.0098147,23.4626547],[113.0090771,23.463023],[113.0082301,23.4642904],[113.0056102,23.4653691],[113.0042384,23.465925],[113.0039528,23.4656262],[113.0035582,23.4653524],[113.0029751,23.4659732],[113.0027427,23.4662879],[113.0022552,23.4659538],[113.0017381,23.4659556],[113.0015887,23.4658781],[113.0014278,23.4656943],[113.0011489,23.4654023],[113.0008816,23.4653017],[113.0007166,23.46529],[113.0005226,23.4653261],[113.0003866,23.4652851],[113.0002796,23.4652282],[113.0001703,23.465043],[113.0001707,23.4648384],[113.0001014,23.4646018],[113.0000125,23.464522],[112.9998773,23.4644582],[112.9994386,23.4644423],[112.9986947,23.4645382],[112.9958262,23.4646698],[112.9927526,23.4657502],[112.9917585,23.4668676],[112.989776,23.4682779],[112.9881267,23.4694648],[112.9875894,23.4694828],[112.9870481,23.4692855],[112.9861208,23.4686328],[112.9860094,23.4683126],[112.9864407,23.467415],[112.987142,23.4671906],[112.987263,23.4669662],[112.9869352,23.4665368],[112.9849699,23.4675003],[112.9844017,23.4673205],[112.9843499,23.4670823],[112.984177,23.4671283],[112.9841315,23.4662869],[112.9829808,23.4665942],[112.9822843,23.4664682],[112.9816737,23.4664388],[112.9810813,23.4665594],[112.9807257,23.4673702],[112.9793298,23.4671061],[112.9793817,23.4668528],[112.978678,23.4666858],[112.9785375,23.4669646],[112.9773028,23.4666763],[112.9771447,23.4670609],[112.9766236,23.4670537],[112.9764584,23.4671771],[112.9762811,23.4674001],[112.9761607,23.467597],[112.9753993,23.4679174],[112.9742262,23.4680948],[112.9735656,23.4682397],[112.9730701,23.4679809],[112.9733798,23.4671915],[112.9738034,23.4670158],[112.9717167,23.4663537],[112.9699473,23.4654518],[112.9701836,23.4643802],[112.9706383,23.4629447],[112.9705556,23.4620312],[112.9691246,23.456673],[112.9687402,23.4557299],[112.9682177,23.4545721],[112.9679333,23.454448],[112.9677839,23.4541554],[112.9676316,23.4536142],[112.9675654,23.4527157],[112.966171,23.4507484],[112.9644963,23.4504325],[112.9644017,23.4489745],[112.964371,23.4478068],[112.9640985,23.4478054],[112.9632598,23.4478012],[112.9627903,23.4482457],[112.9623568,23.4486562],[112.9614068,23.4497262],[112.9582103,23.4472873],[112.9588693,23.4462861],[112.9578073,23.4428706],[112.9567334,23.4426791],[112.9562431,23.4425553],[112.9557274,23.441668],[112.9557216,23.4412142],[112.9552357,23.4405952],[112.9541945,23.4390819],[112.9547424,23.4383902],[112.953014,23.4370279],[112.9539768,23.4360038],[112.9533881,23.4346088],[112.9523727,23.4341745]]],[[[113.0597823,23.2356817],[113.0601587,23.2339729],[113.0616038,23.2338433],[113.062667,23.233748],[113.064299,23.2336638],[113.0652977,23.2338764],[113.0670391,23.2344023],[113.068677,23.2348969],[113.0697118,23.2353127],[113.0707564,23.2358398],[113.0721172,23.2367624],[113.0730616,23.2374671],[113.0740302,23.2382948],[113.0753465,23.2394635],[113.0766624,23.2406366],[113.0765312,23.2409169],[113.0762084,23.2410762],[113.0758546,23.241446],[113.0755419,23.2421907],[113.0749433,23.2431366],[113.0736649,23.2428047],[113.0736162,23.2424384],[113.07287,23.2422944],[113.0725382,23.242258],[113.0723813,23.242729],[113.0718945,23.2425007],[113.0717919,23.2420669],[113.067563,23.2399207],[113.0661863,23.2392005],[113.0674774,23.2369629],[113.0658703,23.2363255],[113.0656124,23.2360686],[113.0653148,23.23613],[113.0645453,23.2359523],[113.0643199,23.2364867],[113.0641224,23.2364319],[113.0638474,23.2369854],[113.064085,23.2370545],[113.0636403,23.2378734],[113.0635043,23.2381795],[113.0634738,23.2383263],[113.0634715,23.2384202],[113.0634206,23.2384966],[113.0632984,23.2384488],[113.063059,23.2383162],[113.0626706,23.2380801],[113.0620853,23.2377766],[113.0618304,23.2376638],[113.0616253,23.2376164],[113.061376,23.237605],[113.0613971,23.2371555],[113.0614963,23.2369496],[113.0616662,23.236708],[113.0620701,23.2360221],[113.0619839,23.2358647],[113.0605073,23.2358776],[113.0597823,23.2356817]],[[113.0614051,23.2350298],[113.0614195,23.2351445],[113.0622117,23.2351974],[113.0623029,23.2353165],[113.0623653,23.2354224],[113.0629943,23.2351577],[113.0634696,23.2350827],[113.0642186,23.2351533],[113.0647372,23.2352151],[113.06491,23.2347915],[113.0646219,23.2345533],[113.0641226,23.2345092],[113.0638297,23.2344628],[113.0635465,23.2343459],[113.0631191,23.234293],[113.0625574,23.2344606],[113.0617892,23.2346945],[113.0614387,23.2348445],[113.0614051,23.2350298]],[[113.0666406,23.2355762],[113.0672407,23.2358409],[113.0681194,23.2361674],[113.0682223,23.2359954],[113.0683114,23.2357218],[113.0680281,23.2354439],[113.067524,23.2352806],[113.0671255,23.2352806],[113.0668086,23.2352895],[113.0666886,23.2353512],[113.0666406,23.2355762]]]]}}]}
