{"type":"FeatureCollection","features":[{"type":"Feature","properties":{"place_id":239233335,"osm_type":"relation","osm_id":3471982,"place_rank":10,"category":"boundary","type":"administrative","importance":0.5793618098187798,"addresstype":"city","name":"桂林市","display_name":"桂林市, 广西壮族自治区, 中国"},"bbox":[109.6116428,24.2627535,111.4875912,26.3878717],"geometry":{"type":"Polygon","coordinates":[[[109.6116428,24.9645262],[109.6134515,24.9628296],[109.6162626,24.9610022],[109.6190718,24.9601744],[109.6173628,24.9569359],[109.6182836,24.9551725],[109.6156768,24.9518584],[109.6218253,24.9486449],[109.6235161,24.94604],[109.6260709,24.9468422],[109.6263614,24.9447883],[109.6275835,24.9427795],[109.6278348,24.940729],[109.6259503,24.9414125],[109.6240259,24.9398502],[109.622026,24.9405966],[109.6200456,24.943463],[109.6167792,24.9401595],[109.614968,24.9410011],[109.6134437,24.9388789],[109.6147354,24.9332606],[109.6145408,24.9290446],[109.6171096,24.9258518],[109.6156923,24.9210794],[109.6215288,24.9190999],[109.6244905,24.9154004],[109.6224112,24.9136907],[109.624539,24.8974884],[109.6269775,24.8924064],[109.6229009,24.8899867],[109.618101,24.8910839],[109.6188594,24.8875032],[109.6238146,24.8871767],[109.6258247,24.8833018],[109.6231173,24.8799122],[109.6195144,24.8766086],[109.6177269,24.8717388],[109.6188576,24.870599],[109.6250136,24.8712828],[109.6262799,24.8675886],[109.6223753,24.8656977],[109.6221018,24.862714],[109.6193601,24.8609102],[109.6191455,24.8546716],[109.6168428,24.8532921],[109.6166467,24.8520952],[109.6178495,24.848524],[109.6160674,24.8472079],[109.6159632,24.8464785],[109.6164889,24.8448978],[109.6174192,24.8448908],[109.6178913,24.8452413],[109.6182369,24.8452001],[109.6177411,24.8435278],[109.6178055,24.8427684],[109.6172046,24.8419895],[109.6169606,24.8408438],[109.6158099,24.840198],[109.6152949,24.8396333],[109.6156382,24.8391465],[109.6164345,24.8384314],[109.6177854,24.8379548],[109.6196508,24.8386597],[109.6238293,24.8374317],[109.6266925,24.8365299],[109.6319579,24.8334615],[109.6343842,24.8368173],[109.6383818,24.8395357],[109.6432916,24.8389817],[109.6444978,24.8401206],[109.6509155,24.837762],[109.6518147,24.8366739],[109.6524742,24.8349873],[109.6547523,24.836293],[109.6561911,24.8389589],[109.6572702,24.8393397],[109.658709,24.8443448],[109.6602078,24.8474457],[109.6600879,24.8500569],[109.6561911,24.8516889],[109.6553518,24.8525593],[109.6527739,24.8538105],[109.652654,24.8575095],[109.6578098,24.858271],[109.661227,24.8591414],[109.6634451,24.8554968],[109.6663228,24.8533209],[109.66962,24.8540825],[109.6733969,24.8530489],[109.6777733,24.8525049],[109.6804112,24.8527769],[109.684188,24.8521785],[109.6865861,24.8502201],[109.6872455,24.8483161],[109.690303,24.8508729],[109.6937801,24.8496761],[109.6948593,24.8504921],[109.6968976,24.8511993],[109.7030125,24.845052],[109.7052907,24.8453241],[109.7072091,24.8440184],[109.7123049,24.8449976],[109.7130842,24.8433112],[109.712185,24.8417879],[109.7106263,24.841135],[109.7104464,24.8404278],[109.7125447,24.8384692],[109.7139235,24.8373811],[109.7162017,24.8372723],[109.7187196,24.8363474],[109.7205781,24.8361842],[109.7220169,24.8368371],[109.7238753,24.8371091],[109.7249545,24.8386324],[109.7242351,24.8399926],[109.7262734,24.8410806],[109.7282517,24.8412983],[109.7286714,24.8393397],[109.7296906,24.8380884],[109.7283117,24.835749],[109.7283117,24.8340624],[109.7289112,24.8332462],[109.7305299,24.8329742],[109.7313692,24.8308523],[109.7302301,24.8299818],[109.7302301,24.8291656],[109.7334075,24.8287848],[109.7343068,24.8276966],[109.7365249,24.8288392],[109.7382635,24.8275334],[109.7399421,24.8280775],[109.7422202,24.8272613],[109.7432394,24.8262819],[109.7453976,24.8262275],[109.7465966,24.8269348],[109.7503735,24.8253025],[109.7500138,24.8273157],[109.7526516,24.8302538],[109.7540905,24.8282407],[109.7554094,24.8245408],[109.7571479,24.8231805],[109.7613445,24.8214937],[109.7639224,24.8217114],[109.7676992,24.8239967],[109.7697376,24.8235614],[109.7717759,24.8240511],[109.7744737,24.8232349],[109.7755528,24.8236158],[109.7771115,24.8224731],[109.7823871,24.8226364],[109.7844854,24.8223099],[109.7859842,24.8229629],[109.7879625,24.8224187],[109.7895812,24.8223643],[109.7904805,24.8201334],[109.7931183,24.8199158],[109.7973748,24.8177392],[109.8034898,24.8155626],[109.8070268,24.8177392],[109.807986,24.8201878],[109.8081659,24.8234526],[109.8103241,24.8273157],[109.8108637,24.8298185],[109.8167988,24.8275878],[109.8195565,24.8285671],[109.8204558,24.8305803],[109.8226739,24.8300906],[109.8248322,24.8296553],[109.8259712,24.8285671],[109.8267506,24.8298185],[109.8265108,24.831614],[109.8292086,24.8304714],[109.833525,24.833083],[109.8348439,24.8306891],[109.8352636,24.8274789],[109.834784,24.8229629],[109.838441,24.8199158],[109.8431171,24.8162156],[109.8434169,24.8140934],[109.8459348,24.8106652],[109.849352,24.8089238],[109.852949,24.8105019],[109.8559465,24.8103931],[109.8573254,24.8116991],[109.8581048,24.8113726],[109.8576252,24.8102299],[109.859004,24.8088694],[109.8605627,24.8098489],[109.8607426,24.8114814],[109.8636802,24.8114814],[109.8643996,24.8123521],[109.8669175,24.8124609],[109.8667376,24.8136581],[109.8678767,24.8138213],[109.8680566,24.8128419],[109.8692556,24.8127874],[109.8686561,24.8148552],[109.8679966,24.8155626],[109.868716,24.8164877],[109.8702148,24.8163244],[109.8693155,24.8176304],[109.8701548,24.8184466],[109.8709342,24.8171407],[109.8729725,24.8158891],[109.8737519,24.8145832],[109.8767494,24.8149641],[109.8804064,24.8137669],[109.8829843,24.812733],[109.8831641,24.8107196],[109.8847228,24.8094136],[109.8849027,24.8058764],[109.8866412,24.8003255],[109.8861616,24.7979309],[109.8884997,24.7952098],[109.8902982,24.7930328],[109.8887395,24.7903115],[109.8849626,24.7879167],[109.882085,24.7861751],[109.8822049,24.7833992],[109.8841233,24.7831271],[109.8858019,24.7829094],[109.884543,24.7804056],[109.8846029,24.7789359],[109.883344,24.7779562],[109.8827445,24.7785549],[109.8817852,24.7779562],[109.882025,24.7773574],[109.8831042,24.7775752],[109.8837636,24.776541],[109.8846629,24.7767043],[109.8852624,24.7746903],[109.8851071,24.7714266],[109.8881046,24.7714266],[109.8898416,24.7707328],[109.8889126,24.7699455],[109.8908944,24.7678649],[109.8926284,24.768596],[109.8934335,24.7697206],[109.8951675,24.7690458],[109.8964061,24.7670214],[109.8953533,24.7652782],[109.8951675,24.76331],[109.8988213,24.7607232],[109.9013604,24.760667],[109.9024751,24.7612294],[109.9031564,24.76331],[109.9048904,24.7646034],[109.9066244,24.7655594],[109.9080176,24.7671317],[109.908268,24.7675369],[109.9085948,24.7673225],[109.9117951,24.7670265],[109.912087,24.7668742],[109.9130207,24.7666811],[109.9143739,24.7664064],[109.9150984,24.7664348],[109.9166887,24.7660242],[109.9174995,24.7660982],[109.9183672,24.7654716],[109.9189468,24.7648828],[109.9194845,24.7647839],[109.919746,24.7649112],[109.9200431,24.7652269],[109.9195953,24.7661078],[109.9196081,24.7664072],[109.9198725,24.7666037],[109.9203059,24.7666193],[109.9208113,24.7665001],[109.9210523,24.7662495],[109.9212678,24.7662624],[109.9215554,24.7665396],[109.921917,24.7666806],[109.9220327,24.766834],[109.9228865,24.7664765],[109.9234293,24.7666002],[109.9239539,24.7665414],[109.924931,24.7662575],[109.925648,24.766428],[109.9256908,24.766531],[109.9255419,24.7678301],[109.9252201,24.7682558],[109.9252462,24.7688489],[109.9251362,24.7692416],[109.9251728,24.7694015],[109.9255515,24.7696266],[109.9257711,24.7698507],[109.9259189,24.7701369],[109.9259387,24.7703508],[109.9258052,24.7706324],[109.925108,24.7710891],[109.9246581,24.7711085],[109.9244254,24.7712498],[109.9242802,24.7714311],[109.9240755,24.7720627],[109.9237931,24.7725624],[109.9237751,24.772819],[109.924079,24.7730179],[109.9243846,24.7737957],[109.9249175,24.7743583],[109.9254343,24.7751403],[109.9266612,24.77567],[109.9275899,24.7758947],[109.9280771,24.7759096],[109.9283378,24.7761396],[109.9285726,24.7764491],[109.9286185,24.7768714],[109.9282377,24.7775988],[109.928384,24.7777833],[109.9286472,24.7779438],[109.9287026,24.7787083],[109.92891,24.7793371],[109.9290318,24.7793967],[109.9295097,24.7793188],[109.9302341,24.7793583],[109.9312949,24.7794912],[109.9320794,24.7797364],[109.9322156,24.7799195],[109.9326436,24.7809836],[109.9327842,24.781623],[109.933208,24.7821623],[109.9338115,24.7824888],[109.9346245,24.7827714],[109.9351432,24.7826848],[109.9352442,24.7825618],[109.935328,24.7815131],[109.9357568,24.7810711],[109.9356124,24.7803972],[109.9351818,24.7796756],[109.9351376,24.778968],[109.9352814,24.7782164],[109.934971,24.7765831],[109.9349632,24.7760014],[109.9354319,24.7752292],[109.9355635,24.7744772],[109.9357888,24.7743877],[109.9359632,24.774457],[109.9358845,24.7748901],[109.936145,24.7750861],[109.9363423,24.7754066],[109.9365458,24.7749976],[109.9368941,24.7736996],[109.9370975,24.7732789],[109.9375184,24.7728035],[109.9379917,24.7724071],[109.9389408,24.7724937],[109.9393111,24.7700557],[109.9396629,24.7698072],[109.9404169,24.7685294],[109.9409944,24.7682255],[109.9412625,24.7682728],[109.9414917,24.7685485],[109.9417155,24.768624],[109.9421532,24.7685302],[109.942896,24.7679422],[109.9431997,24.7674654],[109.9432532,24.7670095],[109.9428368,24.7667196],[109.9425694,24.7666398],[109.9424584,24.7664791],[109.9432418,24.7654124],[109.9434775,24.7641369],[109.9433266,24.7634682],[109.9432772,24.7627439],[109.9431338,24.7626744],[109.9430105,24.7624853],[109.9433519,24.7620087],[109.9433548,24.7616436],[109.9431846,24.7611179],[109.943315,24.7604572],[109.9435895,24.7601844],[109.9438712,24.75964],[109.9441519,24.7590032],[109.9443075,24.7582856],[109.9442483,24.7579202],[109.9440015,24.7575533],[109.9441215,24.7566875],[109.9438909,24.7558648],[109.9438337,24.7552597],[109.9435865,24.7549387],[109.9436017,24.754608],[109.9440045,24.7542344],[109.9440688,24.7540639],[109.9440096,24.7536639],[109.9440861,24.7534938],[109.9443754,24.7532448],[109.9443534,24.7529252],[109.9435687,24.7526345],[109.9435588,24.7523494],[109.943824,24.7519977],[109.9437758,24.7517236],[109.9436464,24.7515019],[109.942948,24.7510821],[109.9419157,24.7510748],[109.9407604,24.7509533],[109.9394823,24.7506804],[109.939198,24.7501507],[109.9392071,24.7490947],[109.940507,24.7467281],[109.9405114,24.7462002],[109.939948,24.7444612],[109.9399581,24.7432925],[109.9386813,24.7428684],[109.9378189,24.7423342],[109.9372453,24.7418023],[109.9369708,24.7401033],[109.937101,24.7393125],[109.9375233,24.7382593],[109.9368279,24.737493],[109.936457,24.7373466],[109.9354321,24.7365474],[109.9351539,24.7352254],[109.935452,24.7341715],[109.9358739,24.7331186],[109.9358805,24.7323268],[109.9353504,24.731531],[109.9344989,24.7296771],[109.9345091,24.7285081],[109.9340722,24.7265063],[109.9346545,24.7259824],[109.9337991,24.7246564],[109.9340971,24.7236027],[109.9339862,24.722018],[109.9338281,24.7212247],[109.9342447,24.7208507],[109.9352762,24.7208581],[109.9365517,24.7213575],[109.9385726,24.7216358],[109.9405908,24.7221779],[109.9423252,24.7221901],[109.9443438,24.7227322],[109.9455072,24.7218355],[109.9463809,24.7210496],[109.9468361,24.7209397],[109.9469677,24.7199979],[109.9465751,24.7176191],[109.9465801,24.716978],[109.947298,24.7151349],[109.9487583,24.7149741],[109.9503618,24.714063],[109.9510659,24.7138038],[109.9521091,24.7124913],[109.952979,24.7121202],[109.9533942,24.7118588],[109.9542709,24.7106586],[109.9535861,24.7086927],[109.953713,24.7082787],[109.9531844,24.7073698],[109.9529053,24.706161],[109.9520506,24.7049187],[109.9515266,24.704665],[109.9525489,24.7034997],[109.9532539,24.7029465],[109.9543275,24.7018136],[109.9547107,24.7015338],[109.9557598,24.7011276],[109.9564137,24.7013431],[109.9566442,24.7013448],[109.9571445,24.7012399],[109.9577087,24.7009815],[109.9580889,24.7010411],[109.9586972,24.7014672],[109.9591967,24.701448],[109.9598638,24.7015496],[109.9603589,24.702089],[109.9617751,24.7021447],[109.9621714,24.7025975],[109.9628234,24.7037314],[109.9631971,24.703871],[109.9634715,24.7038613],[109.9638301,24.7035618],[109.9644114,24.7027216],[109.9647134,24.7024331],[109.9651213,24.7021792],[109.9655811,24.7016719],[109.9657463,24.7016842],[109.9661656,24.7019837],[109.9665605,24.7021063],[109.9668556,24.7023194],[109.9670678,24.7023337],[109.9673025,24.7020827],[109.9675294,24.7010351],[109.9676559,24.7007906],[109.9682152,24.700401],[109.9685655,24.7002952],[109.968759,24.7003307],[109.9690239,24.7007546],[109.9691385,24.7012058],[109.9693251,24.7012812],[109.9699626,24.7012343],[109.9707222,24.7014845],[109.9711385,24.7017045],[109.9715966,24.7021571],[109.971917,24.7026564],[109.9720327,24.703028],[109.9720253,24.7035325],[109.9717688,24.7040098],[109.9718422,24.7042041],[109.9722152,24.7044009],[109.9728792,24.7056601],[109.9729792,24.7071547],[109.9727846,24.7080203],[109.9728769,24.7082549],[109.9732046,24.7086048],[109.9731906,24.7087188],[109.9724288,24.7087932],[109.9706046,24.7101703],[109.9698314,24.7103156],[109.9690794,24.7106983],[109.9687908,24.7108901],[109.9688636,24.7110847],[109.9700723,24.7114349],[109.9717805,24.7117089],[109.9720558,24.7116994],[109.9726825,24.7113614],[109.9728448,24.7113626],[109.9739399,24.7117922],[109.9742381,24.7120109],[109.975486,24.7120709],[109.976444,24.7124654],[109.9767476,24.7127753],[109.9772903,24.7128533],[109.9782632,24.7131375],[109.9787032,24.7133875],[109.9800117,24.7128943],[109.9804235,24.7122417],[109.9810253,24.7117294],[109.9809277,24.7114093],[109.9812697,24.7108357],[109.9812795,24.7104193],[109.9815182,24.7102214],[109.9816075,24.7099711],[109.9821997,24.7093362],[109.9829318,24.7082919],[109.9835427,24.7069387],[109.9844668,24.7053825],[109.9844823,24.7049832],[109.9840732,24.7046155],[109.9821617,24.7032338],[109.9808493,24.7019017],[109.9807837,24.7007608],[109.9813181,24.6995323],[109.9816968,24.6989647],[109.9817535,24.6983268],[109.9821093,24.6975419],[109.982026,24.6968684],[109.9818649,24.6967416],[109.9817551,24.6964215],[109.9817584,24.6960225],[109.9814393,24.695313],[109.9812951,24.6946391],[109.9813192,24.6931908],[109.981522,24.6928386],[109.9816135,24.6923373],[109.9813944,24.691697],[109.9814978,24.6912413],[109.9817518,24.6906842],[109.9822791,24.6903114],[109.9825945,24.6899485],[109.9829283,24.6887876],[109.9832176,24.6885385],[109.9837829,24.6873504],[109.9837108,24.6870021],[109.9837086,24.6860638],[109.9837496,24.6856562],[109.9838928,24.6853124],[109.983886,24.6849986],[109.983595,24.6843548],[109.9836901,24.6841558],[109.9841003,24.6839676],[109.9841958,24.6837373],[109.9840642,24.6830178],[109.9842813,24.682415],[109.9842637,24.6815307],[109.9845613,24.6810253],[109.9850371,24.6808459],[109.9854915,24.6809859],[109.986311,24.6807233],[109.9866473,24.6808281],[109.9873904,24.6815747],[109.9875652,24.6815758],[109.9890049,24.6810606],[109.9895823,24.6807112],[109.9891399,24.6798187],[109.9891675,24.679488],[109.9893189,24.6792952],[109.989732,24.6791269],[109.9914795,24.6791726],[109.99203,24.6790282],[109.9937887,24.6776368],[109.9946402,24.6773116],[109.996712,24.6771956],[109.998166,24.6765714],[109.9986304,24.6763234],[109.9988313,24.6761193],[109.999821,24.675681],[110.0000707,24.6757056],[110.0008145,24.6763492],[110.0012471,24.6768655],[110.0019806,24.6772808],[110.0026502,24.6778672],[110.0035213,24.6781693],[110.0040036,24.6785075],[110.0050886,24.6788414],[110.0058751,24.678858],[110.0075301,24.6787264],[110.008501,24.6791036],[110.0089377,24.6791293],[110.0094376,24.6790584],[110.009758,24.6788265],[110.0106229,24.6779204],[110.0117292,24.6777388],[110.0131582,24.6770182],[110.0141267,24.6760322],[110.0147469,24.6749413],[110.015867,24.6737966],[110.0165518,24.6724782],[110.0165752,24.6710867],[110.0162239,24.6696927],[110.0152486,24.6683175],[110.0156527,24.6676929],[110.0155954,24.6670765],[110.0168905,24.6658645],[110.0167198,24.6653615],[110.0169229,24.6649748],[110.0175984,24.6647631],[110.0179855,24.6647679],[110.0185813,24.663583],[110.0191204,24.6633128],[110.0198324,24.6625815],[110.0222288,24.6626556],[110.0230962,24.6625481],[110.0245322,24.6636131],[110.025812,24.6635087],[110.0268483,24.6629872],[110.0277058,24.6641619],[110.0284049,24.6644304],[110.028687,24.6653373],[110.0298335,24.6665516],[110.0327192,24.6669474],[110.033169,24.6674779],[110.034036,24.6674838],[110.0346095,24.6680154],[110.0349344,24.6679891],[110.0351861,24.66817],[110.035641,24.6680599],[110.0369177,24.6684449],[110.0380669,24.6692446],[110.0389344,24.669137],[110.0398044,24.6687274],[110.0408367,24.6686213],[110.0412457,24.6691137],[110.0416822,24.6713794],[110.042089,24.6721741],[110.0429366,24.6746685],[110.042686,24.675082],[110.0425157,24.6757218],[110.0423828,24.6769278],[110.0426295,24.6770425],[110.0432073,24.6770839],[110.0441877,24.6765902],[110.0441615,24.6766452],[110.0446072,24.676543],[110.0452712,24.676182],[110.0453987,24.6758177],[110.0456627,24.6756259],[110.0484476,24.6737728],[110.0489728,24.6736962],[110.049549,24.6733804],[110.0504905,24.672702],[110.0508529,24.6726703],[110.0508622,24.6730693],[110.051059,24.6734815],[110.0513435,24.6737799],[110.05254,24.6740726],[110.0530028,24.6739727],[110.053371,24.6731197],[110.0537453,24.6731219],[110.054068,24.6733974],[110.0539601,24.6744464],[110.0537834,24.6747076],[110.0535459,24.6747632],[110.0529352,24.6746108],[110.052734,24.6748495],[110.0527681,24.6752486],[110.0529517,24.6757861],[110.0529447,24.6766643],[110.0530048,24.6769726],[110.0531653,24.6772131],[110.0536517,24.6772961],[110.0538874,24.6774687],[110.0539599,24.6777998],[110.0536175,24.6785052],[110.0535126,24.6791659],[110.0542576,24.679695],[110.0547709,24.6811644],[110.0550871,24.6814285],[110.0550784,24.6817705],[110.0549009,24.682129],[110.0551984,24.6824045],[110.0559219,24.6825003],[110.0561184,24.6828436],[110.0559405,24.6832988],[110.0545599,24.684294],[110.054531,24.684818],[110.0549032,24.6851399],[110.0555535,24.6849844],[110.0559767,24.685101],[110.0560227,24.6856261],[110.0561962,24.6858776],[110.0563468,24.6859027],[110.0568074,24.6855805],[110.057097,24.6855645],[110.0576676,24.68607],[110.0578622,24.6867328],[110.0575833,24.6872783],[110.057657,24.687416],[110.0583806,24.6875116],[110.0587565,24.6873543],[110.0594058,24.6873356],[110.0603463,24.6877241],[110.0620205,24.6877341],[110.0623813,24.687793],[110.0625279,24.6874732],[110.0624169,24.6871332],[110.0619976,24.6866687],[110.0620015,24.6861785],[110.0622208,24.6858119],[110.0620803,24.6852832],[110.0630661,24.6845633],[110.0638662,24.6838139],[110.0648446,24.6826979],[110.0651067,24.6821718],[110.0654887,24.6818907],[110.0656872,24.6817982],[110.0662223,24.6819337],[110.0665095,24.6822276],[110.066549,24.682426],[110.0672284,24.6826562],[110.0676314,24.6825646],[110.0678496,24.6823678],[110.0681753,24.6823091],[110.0688572,24.68294],[110.0691757,24.6830646],[110.0694651,24.6830002],[110.0699328,24.682513],[110.0696869,24.6823415],[110.0695442,24.6820767],[110.0695461,24.6818505],[110.0697337,24.68155],[110.0699832,24.6813535],[110.0700875,24.6811279],[110.0700282,24.6808255],[110.0707551,24.6801703],[110.0708153,24.6799343],[110.0706779,24.6794815],[110.0703608,24.6790928],[110.0700721,24.6790913],[110.0690149,24.6797353],[110.0687668,24.6797335],[110.0686241,24.6795348],[110.068628,24.6790069],[110.0685271,24.6787423],[110.0685195,24.6783838],[110.0687507,24.6777536],[110.0691465,24.6772941],[110.0695812,24.6771081],[110.0704897,24.6770476],[110.0709222,24.6771448],[110.0712389,24.6775806],[110.0714956,24.6777708],[110.0720036,24.6774438],[110.0725862,24.6767875],[110.0739234,24.6759095],[110.0740601,24.6756447],[110.0739579,24.6754289],[110.0739594,24.6752308],[110.0746836,24.6749994],[110.0748188,24.6748398],[110.0748206,24.6746044],[110.0746771,24.6745093],[110.0741001,24.6744019],[110.0737811,24.6742395],[110.0737516,24.6740414],[110.0738294,24.673316],[110.0745877,24.672623],[110.0745486,24.6723585],[110.0741578,24.6721583],[110.074056,24.6719595],[110.0741606,24.6718001],[110.0749191,24.6712015],[110.0751172,24.6707876],[110.0749762,24.670325],[110.0747612,24.6700594],[110.0740409,24.6698288],[110.0739698,24.6696587],[110.0740133,24.669395],[110.0748142,24.6684759],[110.0751361,24.6682138],[110.0752407,24.6680165],[110.07518,24.6679219],[110.0755439,24.667462],[110.075577,24.6671983],[110.0757226,24.6670674],[110.0764854,24.6671377],[110.0769201,24.6668766],[110.0772096,24.66685],[110.0776002,24.6670786],[110.0777455,24.666976],[110.0782321,24.6669302],[110.0787126,24.6673307],[110.0791859,24.66756],[110.079907,24.6676303],[110.0802602,24.6673307],[110.0800179,24.6666034],[110.0803088,24.666313],[110.0810315,24.6662795],[110.0816516,24.6661231],[110.0820142,24.6659555],[110.0819747,24.6656912],[110.0818308,24.6656244],[110.0808583,24.6646001],[110.0806158,24.6638349],[110.0804018,24.6635036],[110.0794998,24.6627438],[110.081057,24.6614051],[110.081276,24.6611049],[110.0812466,24.6608408],[110.0813937,24.6605116],[110.0815696,24.6604182],[110.0821203,24.6598277],[110.0825143,24.6595661],[110.0828452,24.6595305],[110.0833809,24.6596658],[110.0840321,24.6594152],[110.0855485,24.6595184],[110.0857654,24.6594001],[110.0861626,24.6587022],[110.0869492,24.658424],[110.0871161,24.6581611],[110.0865298,24.6565169],[110.08641,24.6559882],[110.0860401,24.655722],[110.0855253,24.655587],[110.0852609,24.6550571],[110.085185,24.6541326],[110.085479,24.6534746],[110.0856805,24.6526791],[110.0861584,24.6515306],[110.0863376,24.6513106],[110.0867348,24.6510307],[110.0873757,24.6508461],[110.088178,24.6511906],[110.0890398,24.6517802],[110.089613,24.6524438],[110.0905389,24.6527698],[110.0907663,24.6527714],[110.09083,24.6525077],[110.0906278,24.6519782],[110.0906299,24.6516581],[110.0908387,24.6513197],[110.091358,24.6507947],[110.0922895,24.6504043],[110.0930129,24.6502202],[110.0934444,24.65043],[110.0939569,24.6509614],[110.0940152,24.6514144],[110.094672,24.6519462],[110.095104,24.6520808],[110.0955282,24.653347],[110.0958774,24.6535941],[110.0964551,24.6535975],[110.0967413,24.6539388],[110.0974612,24.6542071],[110.0980387,24.654286],[110.0986957,24.6547422],[110.0989818,24.6550835],[110.0990419,24.6554045],[110.0991866,24.6553299],[110.0992701,24.6551418],[110.0997667,24.6550127],[110.1000223,24.6552497],[110.1007769,24.6551886],[110.1027968,24.6554081],[110.1032279,24.6558067],[110.1034309,24.6562039],[110.104861,24.6581921],[110.1053731,24.6587234],[110.1054318,24.6591764],[110.1053662,24.659704],[110.1059381,24.660556],[110.1075354,24.6593774],[110.1079723,24.6588519],[110.108613,24.6587238],[110.1091922,24.6584631],[110.1096283,24.65807],[110.1106423,24.6576989],[110.1108692,24.6577001],[110.1112183,24.6578907],[110.1114153,24.6577909],[110.1115284,24.6578546],[110.1120577,24.6575138],[110.1131124,24.6573823],[110.1133833,24.6571774],[110.1134924,24.656903],[110.1140974,24.6565917],[110.1140988,24.6563855],[110.1142933,24.6562197],[110.1148799,24.6559051],[110.1154312,24.6550762],[110.1154784,24.6544572],[110.1153668,24.653493],[110.1151099,24.6532854],[110.1154443,24.6531497],[110.1156414,24.6526688],[110.1158983,24.6528771],[110.1162002,24.6527805],[110.1162419,24.6529184],[110.1166163,24.6532648],[110.1169124,24.6539546],[110.1181122,24.6546101],[110.1184462,24.6545827],[110.1195726,24.6549925],[110.1200681,24.6549264],[110.1205992,24.6543494],[110.1214306,24.6538337],[110.1219189,24.6532859],[110.1218685,24.6527843],[110.122053,24.6525394],[110.1220656,24.6522348],[110.1224791,24.6515787],[110.1224059,24.6512736],[110.1224855,24.6506841],[110.1229051,24.6506276],[110.1235127,24.6499039],[110.1238519,24.6490408],[110.1242296,24.6488757],[110.1246531,24.648259],[110.1252868,24.6484002],[110.1258901,24.6483349],[110.1267904,24.6487532],[110.1272052,24.6493748],[110.1272348,24.6498567],[110.1274942,24.6511656],[110.1279411,24.6518562],[110.1278206,24.6521701],[110.1279352,24.6527212],[110.1280758,24.6528298],[110.1286178,24.6543274],[110.1294829,24.6552271],[110.1304146,24.655773],[110.1306093,24.6556368],[110.1309901,24.6550196],[110.1303775,24.6548783],[110.1304256,24.6541905],[110.1309548,24.6538889],[110.1313301,24.6540678],[110.1317778,24.6545817],[110.1332847,24.6544825],[110.1338896,24.6540728],[110.1341229,24.6540281],[110.1343994,24.6539148],[110.1343764,24.6536186],[110.1341052,24.653115],[110.1339348,24.6524754],[110.1342373,24.6520889],[110.1349653,24.6514774],[110.1354228,24.6503165],[110.1356496,24.6499755],[110.1365272,24.6493875],[110.1368791,24.6490701],[110.1370692,24.6481758],[110.137225,24.6478692],[110.1373469,24.6478412],[110.1378147,24.6487109],[110.1381011,24.6488492],[110.1383509,24.6488167],[110.1387035,24.6483394],[110.138829,24.6482946],[110.1424893,24.6496159],[110.1425769,24.6495823],[110.1429192,24.6487289],[110.143697,24.6481854],[110.1441349,24.6480741],[110.1449256,24.6482953],[110.1450937,24.6482962],[110.1452384,24.6482058],[110.145405,24.6475051],[110.1455568,24.6472094],[110.1457508,24.6470307],[110.1457718,24.646823],[110.1461126,24.6462546],[110.1460531,24.6458777],[110.1462537,24.6456393],[110.1465177,24.6454697],[110.1467993,24.6444219],[110.1478139,24.6438461],[110.1487501,24.6438512],[110.1510399,24.6448108],[110.1516631,24.6448599],[110.152361,24.6450467],[110.1546686,24.6452191],[110.1548648,24.6457567],[110.1549603,24.6464186],[110.155529,24.6471744],[110.1561798,24.6474432],[110.1568994,24.6475243],[110.1588554,24.6480943],[110.1593008,24.6486103],[110.1597202,24.6493538],[110.1601628,24.6503601],[110.1608474,24.6507062],[110.161133,24.6509474],[110.1613927,24.6512682],[110.161515,24.651611],[110.1616762,24.6517488],[110.1655212,24.6516787],[110.1657737,24.651247],[110.1663133,24.6507937],[110.1666286,24.6503049],[110.1665825,24.6497002],[110.1678423,24.6479903],[110.1687538,24.6478642],[110.1688924,24.6477338],[110.1695155,24.6459692],[110.1694495,24.6445886],[110.169578,24.6440078],[110.1700245,24.6434088],[110.1699002,24.6425093],[110.1700268,24.6422136],[110.1705621,24.6414524],[110.1704749,24.6406099],[110.1720033,24.6402466],[110.1725149,24.6397845],[110.1708921,24.639125],[110.1716118,24.6379202],[110.1727322,24.6376475],[110.1716238,24.636154],[110.1729495,24.6356034],[110.1718487,24.6328082],[110.1714465,24.6321551],[110.1707345,24.6321513],[110.1708391,24.6317802],[110.1694211,24.6308426],[110.1671832,24.6309231],[110.1645504,24.6291421],[110.1597847,24.6269775],[110.1580406,24.6292921],[110.1540756,24.6289907],[110.1515375,24.6283256],[110.1494082,24.6273839],[110.1486143,24.6244973],[110.1478174,24.6219828],[110.1482409,24.6195681],[110.149874,24.6186477],[110.1531375,24.6173645],[110.1530404,24.6166203],[110.1531466,24.6159701],[110.1535394,24.6154742],[110.1541724,24.6146742],[110.1540809,24.6130933],[110.1534768,24.6122532],[110.1533852,24.6107653],[110.1546259,24.6077042],[110.1534064,24.6076043],[110.1530042,24.6068585],[110.1523995,24.6061114],[110.1518993,24.6048998],[110.1537443,24.6026791],[110.1540487,24.6027737],[110.1551774,24.6012927],[110.1563991,24.6010205],[110.1560078,24.5987872],[110.1569269,24.5981416],[110.1570407,24.5963757],[110.1602012,24.5950918],[110.1593983,24.5935069],[110.1596065,24.5927645],[110.1586006,24.5911783],[110.1590144,24.590065],[110.1597301,24.5895115],[110.1589302,24.5874616],[110.157517,24.5859661],[110.157936,24.584109],[110.1584518,24.5829965],[110.1575462,24.5815968],[110.1578578,24.5805757],[110.1592921,24.5790035],[110.1591015,24.5770502],[110.1597234,24.5752871],[110.1606392,24.5751062],[110.1608485,24.574178],[110.1592453,24.5707292],[110.1597612,24.5696165],[110.160477,24.5689697],[110.1606865,24.5680412],[110.160692,24.5672045],[110.1618175,24.5660951],[110.1627345,24.5658215],[110.1629459,24.5646138],[110.1645716,24.5646228],[110.1650879,24.5635102],[110.1659174,24.5610044],[110.165214,24.5597921],[110.1642052,24.5585781],[110.1655313,24.5579345],[110.1664468,24.5578464],[110.1671668,24.5565492],[110.1665649,24.555337],[110.1672831,24.5543186],[110.1679033,24.5527413],[110.1677119,24.5509741],[110.1657941,24.548918],[110.1645759,24.5487253],[110.1637778,24.5463967],[110.1628634,24.5463914],[110.1626639,24.5457397],[110.1609372,24.5456372],[110.1603378,24.5440534],[110.1596359,24.5426553],[110.1578152,24.5413434],[110.1577171,24.540785],[110.1561965,24.5402187],[110.1548767,24.5400257],[110.1541723,24.5389057],[110.1525468,24.5388966],[110.1513329,24.5380529],[110.1505192,24.5381415],[110.1495133,24.5365554],[110.1483046,24.5349681],[110.1470907,24.5341245],[110.1454686,24.5335573],[110.1437442,24.533083],[110.1425166,24.5342846],[110.1395673,24.5345467],[110.1397166,24.5335247],[110.1396208,24.5326873],[110.1383033,24.5321225],[110.1367811,24.5318346],[110.1368955,24.5299758],[110.1386233,24.5299859],[110.1384272,24.528869],[110.1374141,24.5283984],[110.1366014,24.5283937],[110.1339551,24.5290293],[110.1338581,24.5282849],[110.1350796,24.5280132],[110.1351864,24.5272702],[110.1330517,24.5273509],[110.1321321,24.5280893],[110.1306057,24.5283595],[110.1291825,24.5284439],[110.1280703,24.5276008],[110.1272647,24.5265736],[110.1280808,24.5261137],[110.1286983,24.5250014],[110.1296135,24.5249138],[110.129212,24.5241678],[110.1280997,24.5234178],[110.1280035,24.5225803],[110.1286152,24.5223049],[110.1300408,24.5225285],[110.1300033,24.522679],[110.1303177,24.5227591],[110.1310091,24.5226703],[110.1314871,24.5224022],[110.131875,24.5219296],[110.1328788,24.5200477],[110.1330447,24.5194677],[110.1333544,24.5175185],[110.1333144,24.5171549],[110.1328281,24.5166173],[110.1326223,24.5161245],[110.1326484,24.5154958],[110.1327223,24.5152561],[110.1329944,24.5151661],[110.1331268,24.515044],[110.1330856,24.5146462],[110.1328024,24.5140358],[110.1323942,24.5138218],[110.1320248,24.5135227],[110.1318208,24.5132012],[110.1317347,24.5120857],[110.131363,24.5116262],[110.1307762,24.5114223],[110.1305307,24.5115104],[110.1300829,24.5118992],[110.1293249,24.5119791],[110.1291991,24.5119156],[110.1305481,24.5089618],[110.1307519,24.5078451],[110.1311232,24.5071092],[110.1312239,24.5066628],[110.1312026,24.5061934],[110.131009,24.5059239],[110.1305956,24.5056756],[110.1299597,24.5057168],[110.1292774,24.5055114],[110.1291815,24.5052202],[110.1292846,24.5044159],[110.1287739,24.5040555],[110.1277312,24.5028869],[110.127587,24.5025954],[110.1279568,24.5021055],[110.1287257,24.5013272],[110.1295577,24.5002603],[110.1297117,24.4998492],[110.1299327,24.4996843],[110.1304651,24.4995419],[110.1308858,24.4987366],[110.1310088,24.4986259],[110.13145,24.4984634],[110.1315376,24.4976981],[110.1314345,24.4975632],[110.130923,24.4973593],[110.1307792,24.4971909],[110.1307662,24.4970565],[110.1309757,24.4967561],[110.1307461,24.4964526],[110.1289813,24.4954697],[110.1286601,24.4950993],[110.1281908,24.494912],[110.1278574,24.4945804],[110.1275165,24.4939804],[110.127204,24.4936909],[110.1269121,24.493091],[110.1268318,24.492319],[110.1269432,24.4920964],[110.126932,24.4919059],[110.1265853,24.4908867],[110.1266265,24.4901827],[110.1270706,24.4895928],[110.1270375,24.4890448],[110.1271607,24.4889117],[110.1276069,24.4879417],[110.1280129,24.4875748],[110.1279809,24.4868482],[110.1281063,24.4863682],[110.1279294,24.4854506],[110.128401,24.4843912],[110.1287455,24.4840579],[110.1288757,24.4838185],[110.1290505,24.4832492],[110.1290203,24.483121],[110.1289399,24.4830916],[110.1288131,24.4830802],[110.1287874,24.4830348],[110.1287049,24.4828895],[110.1286833,24.4825368],[110.1280417,24.4820081],[110.128705,24.4815425],[110.1289277,24.4810742],[110.1287865,24.480291],[110.1282535,24.4797068],[110.1278962,24.4791904],[110.12788,24.4789052],[110.1280181,24.4783528],[110.1277302,24.4775908],[110.1265326,24.475963],[110.125868,24.474875],[110.1253343,24.4743128],[110.1247389,24.4738735],[110.1240812,24.4736462],[110.1239356,24.4734887],[110.1239002,24.4732871],[110.1241847,24.4727971],[110.1241735,24.4726517],[110.1239324,24.4722254],[110.1235865,24.4718659],[110.1231302,24.4716115],[110.1229561,24.4711913],[110.1223043,24.4709527],[110.1219624,24.4705175],[110.1214867,24.4704394],[110.1208077,24.4705612],[110.1201616,24.4704178],[110.1195872,24.4704841],[110.1193112,24.4706146],[110.1191469,24.4705741],[110.1190082,24.4702432],[110.1189099,24.4695413],[110.1187517,24.4694008],[110.118128,24.4691118],[110.1176499,24.4693999],[110.117273,24.4691012],[110.1172006,24.4689557],[110.1171736,24.4684467],[110.1169037,24.4679939],[110.1166653,24.4673652],[110.1164988,24.4671659],[110.1162336,24.4670414],[110.1159328,24.4672126],[110.1157199,24.4672143],[110.1147338,24.4667473],[110.1134284,24.4652137],[110.1124968,24.4648171],[110.1119215,24.4644708],[110.1118531,24.4637303],[110.1120712,24.4615932],[110.1117723,24.4608481],[110.1120825,24.4600131],[110.112996,24.4601114],[110.11311,24.4583458],[110.1140403,24.456027],[110.1151549,24.4564052],[110.1157765,24.4546425],[110.1156151,24.4545201],[110.1155773,24.4542911],[110.1150834,24.4537815],[110.1140548,24.4532669],[110.1136975,24.4529893],[110.113655,24.4529566],[110.1148785,24.4523131],[110.1169126,24.4519531],[110.1197548,24.4521554],[110.1208752,24.4516973],[110.1208777,24.4513253],[110.122605,24.4512423],[110.1231073,24.4519893],[110.1246314,24.451905],[110.1257523,24.4513535],[110.1266602,24.4522887],[110.1274726,24.4522932],[110.1274824,24.4508987],[110.1289066,24.4505351],[110.1293171,24.4498868],[110.1301307,24.4497056],[110.1309491,24.4488732],[110.1316592,24.4489704],[110.1319715,24.4478566],[110.1328908,24.4471185],[110.1330027,24.4456315],[110.1342252,24.4449876],[110.1346363,24.4443392],[110.1363617,24.4444419],[110.1366686,24.4441648],[110.1374802,24.4442623],[110.1380931,24.4437084],[110.1393115,24.4437149],[110.1406396,24.4426952],[110.1419583,24.4428006],[110.1426755,24.4418748],[110.1429868,24.4409469],[110.1431982,24.4397393],[110.1420811,24.4397331],[110.1423927,24.4387124],[110.1420927,24.4379669],[110.1432106,24.4377874],[110.1427094,24.4368546],[110.144331,24.4373287],[110.1444215,24.4390027],[110.144822,24.4398418],[110.1448176,24.4404923],[110.1456262,24.4410547],[110.1456199,24.4419843],[110.1464267,24.4428259],[110.148043,24.4441363],[110.1483404,24.4451607],[110.1487432,24.4457206],[110.1498602,24.4457272],[110.1504646,24.4463812],[110.1515823,24.4463875],[110.152793,24.4476027],[110.1542195,24.4468672],[110.155638,24.4473399],[110.1564612,24.4457642],[110.1564685,24.4446483],[110.1576931,24.4437256],[110.1585131,24.4426144],[110.1592321,24.4414099],[110.1605588,24.4403947],[110.1619832,24.4400307],[110.1646226,24.4401382],[110.1662419,24.4410768],[110.1675628,24.4408982],[110.1687715,24.4423923],[110.169686,24.4423976],[110.1715054,24.443616],[110.1719075,24.4442689],[110.1744423,24.4449336],[110.176164,24.4455938],[110.1763601,24.4467105],[110.1777792,24.4471831],[110.1777683,24.4488564],[110.1783761,24.4490456],[110.1791916,24.4485853],[110.1811121,24.4499903],[110.18192,24.4507384],[110.1831381,24.4508379],[110.1838566,24.4496331],[110.1862965,24.4492746],[110.188428,24.4494719],[110.1899475,24.4500382],[110.1916751,24.4499541],[110.1950208,24.4508087],[110.1958268,24.4518356],[110.1976525,24.4522174],[110.1995767,24.4530641],[110.1998927,24.4512994],[110.1993937,24.4499024],[110.1998074,24.4486957],[110.1998147,24.446928],[110.199522,24.4457192],[110.1982019,24.4456192],[110.1959754,24.4443987],[110.1943548,24.4437394],[110.1937551,24.4422488],[110.1936647,24.4404818],[110.1937719,24.4396458],[110.193474,24.4385283],[110.1935845,24.4371346],[110.1931864,24.4358308],[110.19319,24.4352729],[110.1915714,24.4343346],[110.1917822,24.4331271],[110.1915954,24.4326042],[110.1914825,24.4322886],[110.1926056,24.4313651],[110.1924168,24.4291329],[110.1922221,24.4278303],[110.1918226,24.4268056],[110.1921332,24.4257846],[110.1923468,24.4242053],[110.1929592,24.4236503],[110.1926625,24.4224402],[110.1927722,24.4211393],[110.1944957,24.4216131],[110.1962159,24.4225523],[110.1968337,24.4211609],[110.1981652,24.4194017],[110.1988861,24.417732],[110.198993,24.4168957],[110.1982873,24.4160553],[110.1965632,24.4157673],[110.1957558,24.4150192],[110.1950534,24.4138058],[110.1934316,24.4133333],[110.1926186,24.4133289],[110.1916081,24.4125797],[110.189279,24.4117306],[110.1883683,24.4111681],[110.1872572,24.4103254],[110.1862436,24.4100411],[110.1851462,24.4069671],[110.1850489,24.4063157],[110.1857188,24.4062473],[110.1857769,24.4062414],[110.1867762,24.4061389],[110.1874864,24.4061416],[110.1880963,24.4061462],[110.1896172,24.4063405],[110.1910441,24.405511],[110.1918578,24.4053296],[110.1930829,24.4053317],[110.1936871,24.4049675],[110.1943895,24.4062728],[110.1958144,24.4058155],[110.1981491,24.4058278],[110.1993636,24.4063922],[110.199771,24.4062082],[110.2021037,24.4065927],[110.2027211,24.4052943],[110.2042525,24.4040007],[110.2046632,24.4031659],[110.2035491,24.4026953],[110.2037583,24.4017666],[110.2028548,24.4001815],[110.2019414,24.4000838],[110.2008309,24.399148],[110.2011447,24.3976622],[110.2001351,24.3967273],[110.1992327,24.3950492],[110.1981191,24.3944856],[110.1965087,24.3924326],[110.1942716,24.3928845],[110.1928591,24.3915753],[110.1936796,24.390185],[110.1920651,24.388689],[110.1910542,24.3880328],[110.1909638,24.3862658],[110.1896489,24.3855151],[110.1881264,24.385507],[110.1875143,24.3859685],[110.1866036,24.3854985],[110.1851825,24.3854913],[110.1845773,24.3849302],[110.1839685,24.3849269],[110.1833549,24.3855742],[110.1827493,24.3851062],[110.1849969,24.3827941],[110.1861158,24.3824282],[110.1870403,24.3807596],[110.1853148,24.3806574],[110.1853217,24.379635],[110.1857311,24.379079],[110.1852259,24.3787975],[110.1859015,24.376978],[110.1857995,24.3767456],[110.185753,24.3752575],[110.1856311,24.3743444],[110.1873841,24.3745324],[110.1875901,24.3740688],[110.1885044,24.3740737],[110.1892077,24.3751001],[110.1910381,24.374552],[110.1918554,24.3738126],[110.1933817,24.3731698],[110.1951056,24.3734579],[110.1951122,24.3724355],[110.196841,24.3718867],[110.1975558,24.3711465],[110.1968531,24.3699344],[110.1967597,24.3686323],[110.1969722,24.3671461],[110.1967656,24.3659119],[110.1957707,24.3645365],[110.1956745,24.3636989],[110.1957817,24.36277],[110.1950752,24.3622083],[110.1933521,24.3618273],[110.1949423,24.3607203],[110.1940346,24.3598784],[110.1929187,24.3597799],[110.1933251,24.3596889],[110.1931349,24.3586626],[110.1937375,24.3586682],[110.1934389,24.357737],[110.1941493,24.3577409],[110.1936492,24.3566224],[110.1928363,24.3567111],[110.1919308,24.3554977],[110.1928465,24.3551309],[110.1923427,24.3545705],[110.1932588,24.3541102],[110.1930594,24.3535514],[110.1939755,24.3530914],[110.194586,24.3529087],[110.1947916,24.3524448],[110.1941851,24.3520699],[110.1948999,24.3513298],[110.1942958,24.3505829],[110.1950209,24.3482624],[110.1951266,24.3487608],[110.1953165,24.3496587],[110.1955242,24.3499278],[110.1958199,24.3503119],[110.1966317,24.3503162],[110.1975499,24.3495772],[110.1982487,24.3505968],[110.1997722,24.3510796],[110.2006867,24.3509884],[110.2013967,24.3510853],[110.2019995,24.3520183],[110.2016883,24.353132],[110.2023976,24.3533219],[110.2033156,24.3525832],[110.2058416,24.3543626],[110.2085039,24.3504718],[110.2086132,24.3497316],[110.2097268,24.3496414],[110.2109479,24.349183],[110.2116562,24.3494656],[110.2136951,24.3479884],[110.2145054,24.3481786],[110.2143921,24.3501306],[110.2158079,24.3509743],[110.2173129,24.3537713],[110.2164867,24.3560915],[110.2174997,24.3563757],[110.2185092,24.3573103],[110.2193183,24.3576867],[110.219716,24.3590832],[110.2206166,24.3612262],[110.2219351,24.3613259],[110.2230599,24.3596537],[110.224089,24.359484],[110.2253923,24.3602279],[110.2257881,24.3619035],[110.2254713,24.3639472],[110.2239399,24.3654271],[110.2258635,24.3661805],[110.2270889,24.3649781],[110.2282073,24.3646119],[110.2297374,24.3633182],[110.2322832,24.3619367],[110.2338096,24.3612935],[110.2332018,24.3611042],[110.2329026,24.3601734],[110.2308698,24.3607206],[110.2301591,24.3607172],[110.229657,24.3598778],[110.2280299,24.3604276],[110.2269126,24.3605147],[110.2264116,24.3594894],[110.2266225,24.358189],[110.2265332,24.3562358],[110.2271527,24.3544726],[110.2269524,24.3540068],[110.2279761,24.3526176],[110.2289876,24.3530875],[110.2295932,24.3536485],[110.2305075,24.3534671],[110.2311156,24.3536562],[110.2299937,24.3545801],[110.2295797,24.3558797],[110.2305923,24.3562569],[110.2312033,24.3558877],[110.2324216,24.3558012],[110.2346491,24.3567422],[110.2368831,24.3564745],[110.2380974,24.3570383],[110.2407364,24.3569585],[110.2412492,24.3561242],[110.2431803,24.3556693],[110.2431985,24.3556812],[110.2451007,24.3569805],[110.2466151,24.3582897],[110.2470144,24.3594074],[110.2483279,24.3604364],[110.2493448,24.3600693],[110.2503501,24.3617481],[110.2531542,24.3612039],[110.2548705,24.3627928],[110.2552749,24.3630739],[110.2559856,24.3629844],[110.2583232,24.3623451],[110.2592408,24.3616987],[110.2599456,24.3627249],[110.2610507,24.36459],[110.2632812,24.3649726],[110.2634874,24.3644157],[110.2626802,24.3636678],[110.2621821,24.3619918],[110.2628998,24.3607871],[110.2621995,24.3591099],[110.2613046,24.3558515],[110.2604965,24.3551968],[110.2608049,24.3545477],[110.2623274,24.3544621],[110.2626402,24.3530688],[110.264166,24.3524258],[110.2632569,24.3516773],[110.2634674,24.3503766],[110.2616493,24.3488806],[110.2610485,24.3475759],[110.2623733,24.3465596],[110.2614635,24.3459975],[110.2604496,24.3458064],[110.2605551,24.3451562],[110.2602558,24.3442251],[110.2604637,24.3432965],[110.2591473,24.3429179],[110.258333,24.3433789],[110.2569127,24.3432793],[110.2552836,24.3442005],[110.2544739,24.3438249],[110.2536624,24.3437279],[110.252551,24.3428855],[110.2539763,24.3421489],[110.2542858,24.3413137],[110.2544878,24.3415005],[110.2547983,24.3403866],[110.2549042,24.3396434],[110.2546013,24.3394559],[110.2551126,24.3387145],[110.2546095,24.3379681],[110.2546147,24.3371316],[110.2539079,24.3364775],[110.2536096,24.3354529],[110.2525983,24.3348902],[110.2532134,24.3337776],[110.2537209,24.33378],[110.2538334,24.3319212],[110.2572909,24.3305437],[110.2561827,24.3292366],[110.2554837,24.3273739],[110.2551879,24.3258848],[110.2552974,24.3244906],[110.256413,24.3245891],[110.2572229,24.324872],[110.258334,24.3257141],[110.2600655,24.3245139],[110.2618932,24.324337],[110.2624976,24.3250835],[110.2643321,24.3236979],[110.2657482,24.3244484],[110.2665666,24.3233369],[110.265758,24.3226824],[110.2659761,24.3212892],[110.2648668,24.3189589],[110.2647727,24.3176569],[110.2655959,24.3156154],[110.2657079,24.3138497],[110.2655166,24.3118036],[110.2642117,24.3093797],[110.264019,24.3076122],[110.2633153,24.306493],[110.2636266,24.3052857],[110.2644278,24.3053817],[110.2657666,24.3062862],[110.2659532,24.3064131],[110.2677664,24.3086531],[110.2700002,24.308385],[110.2706019,24.3095963],[110.2714158,24.3091355],[110.2722249,24.3106373],[110.2724201,24.3109997],[110.2728268,24.3108157],[110.2737574,24.3077521],[110.2738667,24.3063581],[110.2749847,24.3059916],[110.2758984,24.3059028],[110.2774223,24.3055382],[110.2792538,24.3045242],[110.2807749,24.3046243],[110.281587,24.3045354],[110.2817919,24.3041645],[110.2816972,24.3029552],[110.2832401,24.3027768],[110.2840565,24.3019439],[110.2855744,24.3026016],[110.2873001,24.3024239],[110.2882094,24.3030788],[110.2902405,24.3027165],[110.291457,24.3029083],[110.2920698,24.3021672],[110.2926796,24.3018914],[110.2933894,24.3018945],[110.2942988,24.3026423],[110.2942909,24.304037],[110.2947993,24.3040451],[110.2957143,24.3033927],[110.2971358,24.3032136],[110.2976461,24.3026581],[110.2989677,24.3021065],[110.3005936,24.3016492],[110.3019126,24.3016554],[110.3028175,24.3031466],[110.3036349,24.3022226],[110.3050544,24.3021345],[110.3050612,24.3009256],[110.3053703,24.3000903],[110.3058812,24.299349],[110.307099,24.2992613],[110.309022,24.3000143],[110.3102377,24.3003915],[110.311145,24.3010462],[110.3114515,24.3010475],[110.3111548,24.2995587],[110.3128831,24.2989156],[110.3141044,24.2981778],[110.3134,24.2970587],[110.3140141,24.2961316],[110.3143248,24.2948315],[110.3131158,24.2933387],[110.3139328,24.2924124],[110.3131296,24.2908282],[110.3131419,24.288504],[110.3139501,24.2891584],[110.314151,24.2895312],[110.3154736,24.2887933],[110.3149664,24.2886982],[110.3150706,24.2883268],[110.3150742,24.2875831],[110.3145721,24.2867441],[110.3152856,24.2860033],[110.3153916,24.2851671],[110.315902,24.2845187],[110.3169204,24.2837793],[110.318239,24.2837851],[110.3175328,24.2830386],[110.3177419,24.2819235],[110.3170388,24.2806188],[110.3182549,24.2808103],[110.318361,24.2798809],[110.3190755,24.2791403],[110.3200873,24.2796098],[110.319787,24.2787716],[110.3210028,24.2790561],[110.3218562,24.2800219],[110.3218946,24.2805128],[110.3217793,24.2807753],[110.3218802,24.2813163],[110.3229157,24.2823083],[110.3231233,24.2827868],[110.3234878,24.2832448],[110.3237445,24.2838873],[110.3236752,24.2840804],[110.3233142,24.2844092],[110.3232086,24.2846084],[110.3231443,24.2853811],[110.3225516,24.285457],[110.3221687,24.2855948],[110.3213074,24.2867255],[110.3211381,24.2871047],[110.3211888,24.2874522],[110.3217159,24.2884218],[110.3219577,24.2887641],[110.3225765,24.2893803],[110.3226789,24.2896585],[110.3225671,24.2900858],[110.3220937,24.2910577],[110.32163,24.2916072],[110.3214396,24.2917288],[110.3211174,24.2917995],[110.3209363,24.2920606],[110.3208997,24.2923258],[110.3209973,24.2929356],[110.3213134,24.2933079],[110.3212681,24.2936569],[110.3214901,24.2937021],[110.3220972,24.29355],[110.3222699,24.2936053],[110.3230921,24.294267],[110.3241752,24.2956461],[110.3252728,24.296399],[110.3254796,24.2969373],[110.3251822,24.2983393],[110.3256002,24.2998543],[110.3260889,24.3003179],[110.3273751,24.3012247],[110.3277968,24.3016954],[110.3280227,24.3020954],[110.3282593,24.3022135],[110.3284213,24.3022941],[110.3293928,24.3038243],[110.3320295,24.3039289],[110.3323308,24.304581],[110.3344552,24.305613],[110.3360308,24.308405],[110.3367856,24.3100859],[110.3358665,24.3112905],[110.3365729,24.3119445],[110.336569,24.3127814],[110.3379887,24.3127876],[110.337678,24.3140878],[110.3386876,24.3151148],[110.3396006,24.3150258],[110.3426401,24.3158758],[110.3432496,24.3156926],[110.3442593,24.3166266],[110.3447662,24.3168148],[110.3463909,24.3164499],[110.3467932,24.3171955],[110.345773,24.3183065],[110.346881,24.3197989],[110.3469743,24.3213799],[110.3461596,24.3220272],[110.3469642,24.3233323],[110.3483838,24.3236174],[110.3484905,24.322502],[110.3490004,24.3220395],[110.3502221,24.3212079],[110.3509309,24.3214897],[110.3523535,24.3211242],[110.3538691,24.3223392],[110.3540794,24.3208525],[110.3533728,24.3201985],[110.3523601,24.3197292],[110.352465,24.3190791],[110.3537857,24.3188056],[110.3546946,24.3196467],[110.3555126,24.3198391],[110.3587512,24.3199424],[110.3593486,24.3221764],[110.3598487,24.3236662],[110.3603539,24.324133],[110.3605492,24.3255285],[110.3614608,24.3259041],[110.3625733,24.326653],[110.3639858,24.3281461],[110.3651117,24.3265712],[110.3665302,24.3266694],[110.367958,24.3250948],[110.3684593,24.3263985],[110.3702873,24.3260342],[110.3706811,24.3285459],[110.3724053,24.3286462],[110.3733172,24.3289287],[110.3749416,24.3287494],[110.3755553,24.3277296],[110.376972,24.3284789],[110.3799161,24.3292755],[110.3804173,24.3294226],[110.3811256,24.3298906],[110.3838188,24.3311103],[110.3840176,24.3319478],[110.3860458,24.332142],[110.386763,24.3306572],[110.3875737,24.3309395],[110.388489,24.3304782],[110.3896054,24.3304827],[110.3884959,24.3290838],[110.3890081,24.3280632],[110.3896189,24.3276007],[110.3899253,24.3272301],[110.3906354,24.3272328],[110.3926686,24.3264043],[110.3932806,24.3257558],[110.3950052,24.3257627],[110.3978446,24.3261457],[110.3966326,24.3250256],[110.3997119,24.3246736],[110.3996439,24.3247179],[110.3997525,24.3249778],[110.3997715,24.3263394],[110.4005742,24.328295],[110.4027032,24.3286754],[110.4045347,24.3304713],[110.4056782,24.3311821],[110.4065891,24.3316506],[110.4067439,24.3332314],[110.4077532,24.3343513],[110.408562,24.3350985],[110.4093749,24.3348689],[110.4106937,24.334874],[110.412156,24.3368325],[110.4136773,24.3369777],[110.4144357,24.3375849],[110.4147918,24.3375894],[110.4165628,24.3384301],[110.4162478,24.3407065],[110.4159893,24.3413629],[110.4160152,24.3415439],[110.4164113,24.3418012],[110.4177578,24.3423214],[110.4181159,24.3424152],[110.4183579,24.3423918],[110.419097,24.3418915],[110.4194009,24.3417612],[110.4207741,24.3416392],[110.421185,24.3415103],[110.4222239,24.3416382],[110.4239665,24.3414041],[110.4253056,24.3400475],[110.4252311,24.3395712],[110.425296,24.339294],[110.4248446,24.3384641],[110.4246958,24.3377358],[110.424796,24.3373126],[110.424729,24.3367789],[110.4248307,24.3366471],[110.425049,24.3365716],[110.4254456,24.3370827],[110.4254972,24.3374686],[110.4254452,24.3377979],[110.4256545,24.3379651],[110.426004,24.3384302],[110.426342,24.3386341],[110.4265134,24.3389404],[110.4265473,24.3393431],[110.4266323,24.3395272],[110.427356,24.3404201],[110.427694,24.3406062],[110.4278659,24.3405705],[110.4278587,24.3405035],[110.4274818,24.3403381],[110.4269941,24.3395246],[110.4266417,24.3385997],[110.4260696,24.3382493],[110.4258113,24.3379095],[110.4253192,24.3366858],[110.4254241,24.3365616],[110.4266047,24.336973],[110.426667,24.3369386],[110.426372,24.3360683],[110.4264737,24.3356524],[110.4264449,24.335466],[110.4263328,24.3352651],[110.4260377,24.3350352],[110.425966,24.3345885],[110.4265555,24.3344428],[110.4269987,24.3344802],[110.4272955,24.3353386],[110.427606,24.3356759],[110.4277393,24.3360113],[110.4276931,24.3370688],[110.4277494,24.3373346],[110.4279775,24.3373261],[110.4280885,24.3372415],[110.4279001,24.3362455],[110.4279985,24.3360299],[110.4282899,24.3360137],[110.428904,24.3362725],[110.4289616,24.3361569],[110.4286074,24.3359387],[110.4280634,24.335753],[110.4274869,24.3352709],[110.4272268,24.3347035],[110.4272393,24.3343884],[110.4274422,24.3340735],[110.4276574,24.3340197],[110.4279272,24.3341019],[110.4286161,24.3345928],[110.4290334,24.3347808],[110.4292323,24.3350677],[110.4297796,24.3352509],[110.4298798,24.3354232],[110.429927,24.3358059],[110.430163,24.3361378],[110.4307327,24.3358636],[110.4306611,24.3356164],[110.4307163,24.3354742],[110.4309321,24.3353896],[110.4312579,24.3354158],[110.4313098,24.3353445],[110.4311909,24.3352406],[110.4304622,24.33531],[110.4301491,24.3352079],[110.430103,24.335102],[110.4301768,24.3349632],[110.4306226,24.3348495],[110.4306446,24.3347128],[110.4305679,24.3346302],[110.4300453,24.3347571],[110.4295221,24.3347778],[110.428178,24.3339894],[110.427487,24.3337907],[110.4272888,24.3336035],[110.4272416,24.333401],[110.4274222,24.3328686],[110.4282293,24.3328879],[110.428961,24.3332327],[110.4290699,24.3335118],[110.4295628,24.3334928],[110.4300076,24.3333658],[110.4305402,24.3327614],[110.4308955,24.3326014],[110.431182,24.3327858],[110.4316054,24.3333138],[110.4315867,24.3336099],[110.431352,24.3338263],[110.4313373,24.334264],[110.4317182,24.3340556],[110.432004,24.3340076],[110.4321838,24.3341395],[110.4323085,24.3346153],[110.432605,24.3346019],[110.4327753,24.3344328],[110.4332413,24.3343859],[110.4332629,24.3342744],[110.4327244,24.3339864],[110.4325133,24.3337478],[110.4320437,24.3334601],[110.4318807,24.333207],[110.4319821,24.3330424],[110.4328824,24.3330315],[110.4342127,24.3331334],[110.4348099,24.3333489],[110.4351159,24.3333355],[110.4354021,24.3332155],[110.4353892,24.3326912],[110.4355345,24.3321341],[110.435879,24.3319655],[110.4360593,24.3319226],[110.436307,24.3320885],[110.4364818,24.332094],[110.4367405,24.3322599],[110.436973,24.3323046],[110.4378674,24.3321526],[110.4387647,24.3315882],[110.4416955,24.3306822],[110.4421689,24.3305143],[110.442466,24.3303261],[110.4424613,24.3302632],[110.4419004,24.3302563],[110.4414136,24.3301382],[110.4408504,24.3298398],[110.440888,24.3297381],[110.4418903,24.3294218],[110.442024,24.3291022],[110.4423478,24.328861],[110.4416923,24.3286886],[110.4414818,24.3284453],[110.4412775,24.3279596],[110.4410452,24.3276874],[110.4410885,24.3275175],[110.4412057,24.3274256],[110.4416737,24.3273839],[110.4417916,24.3270061],[110.4417447,24.3268747],[110.4415969,24.3267431],[110.4409148,24.3266049],[110.4408204,24.3263766],[110.4408687,24.3262602],[110.4410277,24.3261978],[110.4416154,24.3261516],[110.4418468,24.326031],[110.4420816,24.3255467],[110.4430555,24.3244737],[110.4432167,24.3239359],[110.4430473,24.3238284],[110.4428829,24.3239103],[110.4423359,24.3243885],[110.4418956,24.324518],[110.4416418,24.3245363],[110.4415416,24.3244484],[110.4422898,24.323947],[110.4436289,24.3228118],[110.4438259,24.3225943],[110.443875,24.3219739],[110.4441937,24.3216646],[110.4446769,24.321312],[110.4451969,24.3210667],[110.4458302,24.3208263],[110.4466358,24.3206593],[110.4469935,24.3204379],[110.4471533,24.3201812],[110.4469856,24.3197925],[110.4470347,24.3194046],[110.4474285,24.318994],[110.4481285,24.3186277],[110.4484154,24.317678],[110.4489844,24.3172599],[110.4491912,24.3163776],[110.4498132,24.3164116],[110.450104,24.3164275],[110.4516769,24.3163401],[110.4522133,24.3166672],[110.4529751,24.3164839],[110.4537893,24.3159759],[110.4549522,24.3167702],[110.4556113,24.3168655],[110.4562711,24.3167284],[110.4567794,24.3164976],[110.4568742,24.3180787],[110.4564123,24.319332],[110.4561615,24.3203711],[110.4565034,24.3218895],[110.4563965,24.3230511],[110.4570549,24.3234253],[110.4572091,24.3230075],[110.4579692,24.3231034],[110.4587809,24.3230133],[110.4595418,24.3231087],[110.4599492,24.3227385],[110.4621306,24.3227928],[110.4628905,24.3229814],[110.4628356,24.3240037],[110.4626291,24.3249328],[110.4629314,24.3253986],[110.4636409,24.3254943],[110.4649067,24.3261495],[110.4652533,24.3269767],[110.4654052,24.3281965],[110.4653514,24.3289405],[110.4659059,24.3297792],[110.465208,24.3307293],[110.4648954,24.3310523],[110.4648342,24.3312629],[110.4639183,24.3320033],[110.4622905,24.3329741],[110.4620329,24.3338563],[110.4615728,24.3346912],[110.4610039,24.3371998],[110.462956,24.3369316],[110.4644553,24.3369332],[110.4676467,24.3381993],[110.468664,24.3375057],[110.4707973,24.3369553],[110.4719136,24.3369591],[110.4724188,24.3374255],[110.4741906,24.3384526],[110.4747962,24.3392935],[110.4745911,24.3397578],[110.4749437,24.3403633],[110.4745871,24.3407804],[110.47382,24.3421258],[110.4736149,24.3426832],[110.4737651,24.3431948],[110.4732038,24.3440296],[110.4725418,24.3444923],[110.4721819,24.3456997],[110.4716708,24.3465813],[110.4709562,24.3475084],[110.4704996,24.3475998],[110.4693296,24.3482464],[110.4688225,24.3481518],[110.4681606,24.3487074],[110.4675991,24.349542],[110.4666333,24.349957],[110.4662738,24.3509322],[110.4657661,24.3510232],[110.4659213,24.3503265],[110.4651141,24.3492078],[110.4647126,24.3480908],[110.4645157,24.346742],[110.4640625,24.3459037],[110.4636547,24.3463206],[110.463147,24.3464582],[110.462688,24.346968],[110.4618253,24.3469651],[110.4608037,24.3485419],[110.4602957,24.3486793],[110.460344,24.349284],[110.4601365,24.3503059],[110.4600739,24.3505285],[110.4596732,24.3519777],[110.4592164,24.351976],[110.4588585,24.3525792],[110.4596172,24.3530933],[110.4596161,24.3534187],[110.4602222,24.354118],[110.4604772,24.3540236],[110.4607275,24.3545848],[110.461434,24.3555173],[110.4619911,24.355705],[110.4630024,24.3565454],[110.4636078,24.3575237],[110.4640138,24.3575253],[110.4638586,24.3581755],[110.4642114,24.3587346],[110.4642078,24.3595715],[110.463901,24.3601281],[110.4643542,24.3610596],[110.4642387,24.3616513],[110.4644602,24.3621379],[110.4649672,24.3621858],[110.4651354,24.3623347],[110.4667603,24.3621546],[110.4673662,24.3629004],[110.4694954,24.3633729],[110.4703051,24.3639335],[110.4711216,24.3629135],[110.4729511,24.3622692],[110.4754477,24.3622779],[110.4771781,24.3610753],[110.4757699,24.3580022],[110.4773045,24.3550323],[110.4795359,24.3553189],[110.4800493,24.3538331],[110.4817763,24.3534671],[110.4819923,24.3503068],[110.483616,24.3503121],[110.4848378,24.3493866],[110.4896132,24.3478222],[110.4898212,24.3466144],[110.4915469,24.3465269],[110.4925559,24.3479249],[110.4940783,24.3479303],[110.495607,24.3463545],[110.496617,24.3474737],[110.4990588,24.345994],[110.4990515,24.3478535],[110.5008768,24.3482317],[110.5011756,24.3495341],[110.4998539,24.3501806],[110.5003579,24.3511122],[110.5002527,24.3520417],[110.4988335,24.3515719],[110.500446,24.3544593],[110.5010481,24.356135],[110.5024655,24.3571623],[110.5040821,24.3590273],[110.5040766,24.3606095],[110.5027511,24.361998],[110.5013218,24.362924],[110.5014221,24.364411],[110.5024369,24.3644143],[110.5039579,24.3648843],[110.5047702,24.364794],[110.5059854,24.3655416],[110.5079105,24.3663845],[110.5096311,24.3675986],[110.5111575,24.3666739],[110.5137993,24.3658457],[110.5144005,24.3678931],[110.5153051,24.3702204],[110.5139853,24.3702162],[110.5134711,24.3720742],[110.5133623,24.3739331],[110.5139699,24.3744],[110.5143716,24.3755172],[110.5153855,24.3757993],[110.5156865,24.3767297],[110.5171112,24.3787925],[110.5182114,24.379992],[110.5185105,24.3814807],[110.5217727,24.3831644],[110.5222762,24.3842818],[110.5238974,24.3851237],[110.5250082,24.3867076],[110.5247977,24.3886592],[110.5247944,24.3894963],[110.5262146,24.3897794],[110.5265143,24.3910821],[110.52854,24.3922972],[110.5290319,24.3965755],[110.5296397,24.3969492],[110.5305541,24.3968591],[110.5322812,24.3963994],[110.5333983,24.3963103],[110.5324792,24.3977948],[110.531966,24.3992809],[110.5310383,24.4030899],[110.5320508,24.4039299],[110.5344875,24.4038445],[110.5365141,24.4048732],[110.5396594,24.4054409],[110.5412827,24.4058175],[110.5423937,24.4074016],[110.5433103,24.4066604],[110.5437139,24.4074056],[110.5460516,24.4066687],[110.5478765,24.407418],[110.5478901,24.4036991],[110.5468808,24.4019295],[110.5468925,24.3985824],[110.5472046,24.3966308],[110.5470052,24.3955147],[110.5461981,24.3940249],[110.5483359,24.3924503],[110.549977,24.3877135],[110.5484614,24.3856639],[110.5495842,24.3839935],[110.5478607,24.3834304],[110.5469596,24.3798018],[110.5458393,24.3808212],[110.5470687,24.3776636],[110.5468685,24.3769191],[110.5485032,24.373949],[110.5507553,24.3684698],[110.5546138,24.3681094],[110.5556295,24.3679267],[110.5585702,24.3687721],[110.5616274,24.365155],[110.5644326,24.3650745],[110.5650598,24.3644406],[110.5658698,24.3641669],[110.5667818,24.3638444],[110.5670926,24.3635361],[110.5679263,24.3634065],[110.568316,24.3635366],[110.5686164,24.3639079],[110.569574,24.3642038],[110.5707632,24.3649021],[110.5718761,24.3660211],[110.5737065,24.3652814],[110.5755497,24.3663103],[110.5763626,24.3658476],[110.5771744,24.3659428],[110.5770699,24.3668723],[110.5775756,24.3674317],[110.5784863,24.3681779],[110.5787888,24.3688294],[110.5801064,24.3693911],[110.5813269,24.3686507],[110.5816304,24.3691165],[110.5805079,24.3707869],[110.5798942,24.37218],[110.5795869,24.3731088],[110.5799925,24.3732028],[110.5813093,24.3740433],[110.5824226,24.3750689],[110.5834339,24.3761875],[110.5838361,24.3773043],[110.5836271,24.3791632],[110.583015,24.3800913],[110.5825039,24.3812056],[110.5824006,24.3817631],[110.5828049,24.382229],[110.5832107,24.3822304],[110.5843243,24.3832559],[110.5843202,24.3844647],[110.5839126,24.3850216],[110.5843169,24.3854873],[110.5844137,24.3869755],[110.5857306,24.3878157],[110.586435,24.3896769],[110.5863324,24.3900486],[110.5863291,24.3910716],[110.5868271,24.3939549],[110.5877364,24.395445],[110.5875293,24.3966531],[110.5877305,24.3972116],[110.5875238,24.3981407],[110.5872167,24.3990698],[110.5888372,24.4002826],[110.5900564,24.400007],[110.5906664,24.3997297],[110.5923932,24.3993625],[110.5929011,24.399457],[110.5937151,24.3988084],[110.5950344,24.3990909],[110.5961572,24.3970484],[110.5971769,24.3957494],[110.5978824,24.3973319],[110.597982,24.39789],[110.5983868,24.3983559],[110.6006198,24.3985479],[110.6017383,24.3979928],[110.6028559,24.3976239],[110.6043799,24.3973489],[110.6047834,24.3980938],[110.606207,24.3974468],[110.6067093,24.3991215],[110.6093477,24.3995002],[110.610156,24.4008041],[110.6110693,24.4009922],[110.6129006,24.3996952],[110.614425,24.3992347],[110.6157481,24.3982151],[110.6166605,24.3984959],[110.6176763,24.3983131],[110.6197112,24.3969232],[110.6209308,24.3965547],[110.6217452,24.3958126],[110.6259097,24.3949865],[110.6267243,24.3942445],[110.6288588,24.3935062],[110.6303888,24.3909062],[110.6320134,24.3909104],[110.6335386,24.3899842],[110.6347616,24.3882208],[110.6347671,24.3864541],[110.6353808,24.3848752],[110.6355866,24.3837597],[110.6351825,24.3831083],[110.6358964,24.3819012],[110.6364091,24.3801359],[110.6381457,24.3764209],[110.6400805,24.3740083],[110.6410995,24.372895],[110.641912,24.3727109],[110.6429325,24.3707609],[110.6422264,24.3690857],[110.6446677,24.3671389],[110.6470064,24.3656568],[110.649141,24.3645459],[110.6506647,24.3640846],[110.6513753,24.3640864],[110.6520878,24.3633441],[110.6523993,24.3607414],[110.6531128,24.3596274],[110.6545352,24.359166],[110.6561591,24.3591692],[110.6565664,24.3587057],[110.6578855,24.3587084],[110.6607296,24.3578783],[110.662761,24.3574178],[110.6647928,24.3566784],[110.6662112,24.3576115],[110.6677334,24.3575219],[110.6696591,24.3586415],[110.6706759,24.3579002],[110.6704771,24.3563189],[110.6705823,24.3548314],[110.6732256,24.3530707],[110.6740398,24.35205],[110.6745479,24.3519579],[110.6754634,24.3510301],[110.6753651,24.3498211],[110.6770935,24.3488021],[110.6782133,24.347131],[110.6787239,24.3459234],[110.6800222,24.3451028],[110.6822761,24.3459311],[110.6829888,24.3449098],[110.6848155,24.3449134],[110.6870498,24.3442674],[110.6885719,24.3443633],[110.6887721,24.3454796],[110.6894816,24.3458527],[110.6905994,24.3452973],[110.6916137,24.3453923],[110.6927064,24.3446453],[110.6928335,24.3445579],[110.6932569,24.3434865],[110.6937198,24.3433462],[110.6943359,24.3436814],[110.6952843,24.3437367],[110.6959841,24.343659],[110.6968524,24.3440971],[110.6979591,24.3442665],[110.6985197,24.3442032],[110.6994128,24.3434989],[110.7007312,24.3432805],[110.7016298,24.3426172],[110.7022461,24.3426826],[110.7030308,24.3416081],[110.7034654,24.3415573],[110.70435,24.3409429],[110.7054447,24.340648],[110.7064673,24.3404074],[110.706889,24.3402385],[110.7074909,24.3403711],[110.7077003,24.3407437],[110.7077272,24.341142],[110.7082864,24.3417466],[110.7092814,24.341864],[110.7101098,24.3411978],[110.711232,24.3407889],[110.7114565,24.3407897],[110.7124538,24.3398409],[110.712876,24.3389816],[110.7128486,24.3387374],[110.712695,24.3384545],[110.7120656,24.3378449],[110.7120811,24.3372927],[110.7122787,24.3366509],[110.7134846,24.336499],[110.7150651,24.3353235],[110.7162004,24.3353253],[110.7164674,24.3352361],[110.7170289,24.334672],[110.7173232,24.3345825],[110.7175485,24.3342234],[110.7177465,24.3332865],[110.7182804,24.3326968],[110.7194083,24.3325292],[110.7205309,24.331658],[110.7214285,24.331326],[110.7219768,24.3306208],[110.7227632,24.3299028],[110.7248105,24.3293158],[110.7254977,24.3293298],[110.7261011,24.3287275],[110.726536,24.3286387],[110.7266908,24.3282917],[110.7280085,24.3282816],[110.7290879,24.3279622],[110.7306317,24.3273752],[110.7314164,24.3269649],[110.7328888,24.3266209],[110.7336621,24.3261618],[110.7342772,24.3261221],[110.7344591,24.3261996],[110.7362022,24.3250883],[110.7369177,24.3247682],[110.7372125,24.3245633],[110.7382081,24.3241668],[110.7403246,24.3240295],[110.7404785,24.3242737],[110.7405478,24.3247746],[110.7402245,24.3251464],[110.7373058,24.3268624],[110.7365184,24.3280423],[110.7363073,24.3286068],[110.7369054,24.3307014],[110.7388739,24.3317679],[110.7399811,24.3315387],[110.7411444,24.3317589],[110.7418733,24.331773],[110.7436375,24.3324308],[110.7460767,24.3322037],[110.7470575,24.3324237],[110.7495683,24.332595],[110.7500175,24.3323345],[110.7522318,24.3322912],[110.7539899,24.3324455],[110.7544322,24.3322946],[110.7580835,24.3327498],[110.7584769,24.3323524],[110.7588851,24.33139],[110.7590406,24.330697],[110.7600548,24.3294812],[110.7602516,24.3291347],[110.7601103,24.3273978],[110.7601996,24.3270671],[110.7605228,24.3265796],[110.7606081,24.3259891],[110.7605667,24.3256165],[110.7608342,24.3250902],[110.7614798,24.3242951],[110.7617469,24.3240644],[110.7620125,24.3242063],[110.7621525,24.324566],[110.7624605,24.3245534],[110.7626153,24.3244509],[110.7635707,24.3229372],[110.7647635,24.3221431],[110.7651145,24.3218353],[110.7654349,24.321235],[110.765968,24.3210046],[110.7674425,24.3193757],[110.7683817,24.3193259],[110.7687172,24.3196474],[110.7692356,24.3198152],[110.7696845,24.3195718],[110.7705256,24.3194959],[110.7711703,24.3192403],[110.7716607,24.3192409],[110.7727689,24.318793],[110.7750673,24.3185655],[110.7769164,24.3178286],[110.7776611,24.3179273],[110.7780266,24.3174396],[110.7787109,24.3170374],[110.7798456,24.3172191],[110.7807272,24.3179648],[110.7810636,24.3179783],[110.7813988,24.3185952],[110.7818894,24.3187246],[110.7833448,24.3196252],[110.7835965,24.3200108],[110.7841703,24.3205382],[110.7845622,24.3207957],[110.7852627,24.3208354],[110.7859629,24.3212729],[110.7864658,24.3214546],[110.7871538,24.3214157],[110.7876995,24.3221485],[110.788161,24.3223803],[110.7889884,24.3222658],[110.7893944,24.3222921],[110.7900097,24.3231661],[110.7909301,24.324172],[110.7915745,24.3243907],[110.7922471,24.3245203],[110.7933262,24.3245604],[110.7940684,24.3248436],[110.7945025,24.3251013],[110.7944596,24.325448],[110.7935332,24.3263966],[110.7931816,24.3269743],[110.7924801,24.327808],[110.7922131,24.3282827],[110.7923939,24.3289126],[110.7922656,24.3305174],[110.791591,24.3313973],[110.7914209,24.332553],[110.7909587,24.3325524],[110.7909861,24.3330017],[110.7906063,24.3337461],[110.790129,24.3343104],[110.7896796,24.3346694],[110.7897325,24.3353648],[110.7905179,24.3363658],[110.7902927,24.336969],[110.7903477,24.3374569],[110.7905855,24.3377783],[110.7907799,24.339068],[110.7908062,24.3397871],[110.7900349,24.3401969],[110.7890809,24.3408248],[110.7888839,24.3411844],[110.7893864,24.3424922],[110.7892739,24.3428388],[110.7891452,24.3441738],[110.78871,24.3444302],[110.7880785,24.3451282],[110.787349,24.3454741],[110.7861814,24.3479558],[110.7859008,24.3483278],[110.7853114,24.3486353],[110.7863037,24.350298],[110.7863591,24.3505165],[110.7856855,24.351299],[110.7864553,24.3516853],[110.7865673,24.3518141],[110.7865474,24.3532197],[110.7870545,24.3539642],[110.7876568,24.3543685],[110.7876982,24.354574],[110.7872428,24.3555961],[110.786911,24.3558184],[110.7864341,24.3559977],[110.7860399,24.3571067],[110.7857165,24.3575684],[110.7853235,24.3579403],[110.7853781,24.3586645],[110.7859905,24.3591195],[110.7864991,24.3592697],[110.7878442,24.3594],[110.7880401,24.3596958],[110.788473,24.3608444],[110.7887385,24.3612685],[110.7891866,24.3615901],[110.7895365,24.361719],[110.7898877,24.361758],[110.7904622,24.361669],[110.790686,24.3617591],[110.790896,24.3621062],[110.7914983,24.3623126],[110.7926184,24.363398],[110.7930802,24.3636295],[110.7933741,24.3642004],[110.7935982,24.3642777],[110.793457,24.3647653],[110.7930784,24.3649447],[110.7928809,24.3655736],[110.7931042,24.3661517],[110.7933704,24.3663833],[110.7937617,24.3670928],[110.7937887,24.3677218],[110.7941388,24.3678252],[110.7945448,24.3681597],[110.7945581,24.3689432],[110.7948237,24.3692644],[110.794935,24.369701],[110.7957615,24.3701261],[110.7964205,24.3699344],[110.7975144,24.369897],[110.7975253,24.3703898],[110.7979054,24.3710535],[110.7984375,24.3712856],[110.7987733,24.371517],[110.7987059,24.3719093],[110.7987722,24.3722027],[110.7989686,24.3723443],[110.7988975,24.3730375],[110.7990499,24.3740138],[110.7997345,24.3755531],[110.7997048,24.3766574],[110.7999146,24.3769019],[110.8002637,24.3775699],[110.8005721,24.3779172],[110.8015248,24.3782267],[110.8018606,24.3787458],[110.802407,24.3789649],[110.8028696,24.3790169],[110.8033453,24.3798394],[110.80416,24.380665],[110.8042983,24.381731],[110.8046064,24.3818854],[110.8050544,24.3826434],[110.8059643,24.3835567],[110.8063556,24.3841991],[110.8069649,24.3855641],[110.8073347,24.3857541],[110.807587,24.3857543],[110.8079224,24.3863711],[110.8080446,24.3869767],[110.8082374,24.3872172],[110.8088289,24.3874342],[110.8091395,24.3874182],[110.8095702,24.3872461],[110.8098657,24.3872436],[110.8103911,24.3875481],[110.8105944,24.3875894],[110.8111502,24.3875134],[110.811871,24.3872436],[110.8124063,24.3869239],[110.8127231,24.3869217],[110.8129887,24.3871081],[110.8130633,24.3873517],[110.8132064,24.3874697],[110.8139528,24.3877169],[110.8141705,24.3881414],[110.8146365,24.3881828],[110.8147291,24.3883171],[110.8147165,24.3887742],[110.815224,24.3891279],[110.8158093,24.3891558],[110.8160007,24.389268],[110.8168578,24.389447],[110.8175963,24.3893798],[110.8183194,24.389211],[110.8185165,24.3892547],[110.8186596,24.389838],[110.8183449,24.3901633],[110.8183298,24.3903028],[110.8185806,24.3904811],[110.8186794,24.3906945],[110.8196875,24.3914046],[110.8207133,24.3912797],[110.8211159,24.3917621],[110.8217005,24.3922801],[110.8219129,24.392313],[110.8227945,24.3921964],[110.8228782,24.3922592],[110.8229999,24.3926318],[110.8237525,24.3932157],[110.8239526,24.3930845],[110.8242341,24.3926854],[110.8243956,24.3926499],[110.8246133,24.3929292],[110.8247507,24.3928993],[110.8249781,24.3926943],[110.8254236,24.3926672],[110.8259069,24.3930048],[110.8265132,24.3931994],[110.8268401,24.3938912],[110.8270043,24.3938158],[110.828383,24.3936497],[110.828914,24.3934885],[110.8296543,24.3936155],[110.8308935,24.3933663],[110.8314621,24.3934103],[110.831548,24.3935911],[110.8313495,24.3939966],[110.8313602,24.3945877],[110.8314407,24.3949541],[110.8317679,24.395428],[110.8322132,24.3954817],[110.832932,24.3958824],[110.8332378,24.3964491],[110.8334148,24.3966054],[110.8339083,24.3966689],[110.8342785,24.3969181],[110.834949,24.3970207],[110.8351529,24.3974945],[110.8356666,24.398091],[110.8357527,24.3980532],[110.8360713,24.3975946],[110.8365624,24.3974026],[110.8367992,24.3966657],[110.8368136,24.3963831],[110.8371924,24.3960754],[110.837431,24.3956776],[110.8376705,24.3949329],[110.838892,24.3936501],[110.8395232,24.393394],[110.8400293,24.3924572],[110.8404081,24.3923803],[110.8407861,24.3925991],[110.841108,24.3932803],[110.8415567,24.3933318],[110.8418649,24.3934477],[110.8423971,24.3939875],[110.842972,24.3939881],[110.8433224,24.3937445],[110.843645,24.3939635],[110.8438691,24.3944645],[110.8447103,24.3944139],[110.8449911,24.3940161],[110.8461863,24.3913078],[110.8466779,24.3906018],[110.8474637,24.3903072],[110.8479127,24.3897044],[110.8485835,24.3893248],[110.8493572,24.3893598],[110.8498033,24.389172],[110.8508427,24.3877218],[110.8512777,24.3875041],[110.8515865,24.3874401],[110.8516993,24.3869523],[110.8512792,24.3864766],[110.8515604,24.3858991],[110.8516029,24.3856039],[110.8511983,24.3836512],[110.8515656,24.3814174],[110.8525758,24.3806605],[110.8533625,24.3794002],[110.8533351,24.3789637],[110.8534332,24.3785269],[110.8537568,24.3780523],[110.8541496,24.3778728],[110.8544577,24.3778733],[110.8547809,24.3774112],[110.8548091,24.3769104],[110.8547118,24.3763838],[110.8542772,24.3763703],[110.8534215,24.3767293],[110.8532251,24.3770117],[110.8525526,24.3765613],[110.852259,24.3761248],[110.8522027,24.3758547],[110.8522601,24.3752],[110.852471,24.3744065],[110.8524998,24.3740085],[110.8520519,24.373045],[110.8521367,24.3724029],[110.8526568,24.3713505],[110.8532318,24.3711456],[110.85455,24.3709286],[110.855457,24.3695784],[110.8568591,24.3694],[110.8571398,24.3691562],[110.8575181,24.3691821],[110.8582189,24.3695809],[110.8586683,24.3689263],[110.8591321,24.368015],[110.8595665,24.3676944],[110.8593569,24.3673091],[110.858979,24.3669234],[110.8586983,24.3668463],[110.8573666,24.3670632],[110.8570582,24.366986],[110.8557834,24.366137],[110.8551392,24.3655073],[110.8555446,24.364863],[110.856178,24.3645451],[110.8566415,24.3636543],[110.8560668,24.3633071],[110.8563202,24.3626394],[110.8573017,24.3619728],[110.8584936,24.3620508],[110.8586478,24.3619741],[110.8581856,24.3616395],[110.8578361,24.360761],[110.8579629,24.3604016],[110.8578087,24.3600545],[110.8574585,24.3598874],[110.8562248,24.3600404],[110.855285,24.3605789],[110.8549621,24.361092],[110.8544159,24.3608605],[110.8537724,24.3596476],[110.8536884,24.3592495],[110.8534366,24.3588767],[110.8531988,24.3581318],[110.852961,24.3580285],[110.8525966,24.358144],[110.8522179,24.3581434],[110.8520078,24.3578479],[110.8522745,24.3575787],[110.8533124,24.3569837],[110.8528364,24.3564695],[110.8529928,24.3560926],[110.8535103,24.3558408],[110.854085,24.3558415],[110.8545891,24.3563812],[110.8549113,24.3563687],[110.8551218,24.3561248],[110.8550381,24.3557782],[110.8540725,24.3545778],[110.8533439,24.354359],[110.8528394,24.3540757],[110.8528679,24.3535366],[110.85378,24.3528388],[110.8537238,24.3526847],[110.8523642,24.3526962],[110.8527012,24.3522342],[110.8532482,24.352209],[110.8539913,24.3518505],[110.8542021,24.3516579],[110.8542864,24.3513498],[110.8558291,24.3504033],[110.8563627,24.3497749],[110.8565876,24.3493384],[110.8564763,24.3483622],[110.8567152,24.3478875],[110.8567578,24.3475408],[110.8567438,24.3474763],[110.8565474,24.3474503],[110.8558746,24.347437],[110.8555244,24.3472568],[110.8555107,24.3469873],[110.8558618,24.3463402],[110.8553862,24.345685],[110.8552882,24.3454024],[110.8554572,24.3450559],[110.8563965,24.3446663],[110.8564387,24.3444865],[110.8564251,24.3442041],[110.8557664,24.3438694],[110.855685,24.3435744],[110.8559354,24.3432556],[110.8562439,24.3432817],[110.8566644,24.3431409],[110.8565944,24.3429867],[110.856076,24.3427935],[110.8558224,24.342487],[110.8557831,24.3416376],[110.8557128,24.3413934],[110.8564285,24.341099],[110.8564992,24.3405854],[110.8563947,24.3402325],[110.8558834,24.3397625],[110.8558316,24.3391878],[110.8564311,24.3387616],[110.855956,24.3375873],[110.8562371,24.3369867],[110.8561949,24.3368197],[110.855957,24.3367808],[110.8554386,24.3368446],[110.8551996,24.3371011],[110.854569,24.3372679],[110.8537565,24.3365219],[110.8532384,24.3364704],[110.8528038,24.336213],[110.8524957,24.3361228],[110.8523137,24.335763],[110.852735,24.3353269],[110.8533937,24.3352504],[110.8547126,24.33416],[110.8548106,24.3340061],[110.8545728,24.3338132],[110.8532976,24.3334526],[110.8530879,24.3332723],[110.8531305,24.3326895],[110.8536216,24.3318551],[110.8528653,24.3317773],[110.8526408,24.3316231],[110.8527958,24.3311609],[110.8544084,24.3305845],[110.8548289,24.330169],[110.8550124,24.3296941],[110.8550694,24.3283741],[110.8548179,24.3277829],[110.8550666,24.3271525],[110.8553235,24.3268074],[110.8558702,24.3266155],[110.8563894,24.3262434],[110.8571882,24.3262441],[110.8578047,24.3263989],[110.8584071,24.3262325],[110.8597677,24.3255274],[110.8605525,24.3255795],[110.8610713,24.3251948],[110.8613242,24.3248226],[110.8613523,24.3246172],[110.8617451,24.3242194],[110.8620531,24.3241556],[110.8633134,24.3230112],[110.8641401,24.322678],[110.8653596,24.3226151],[110.8657969,24.3223606],[110.8667775,24.3204714],[110.8671144,24.3195088],[110.867943,24.318302],[110.868644,24.3178919],[110.870298,24.3173155],[110.8708617,24.3173777],[110.8712946,24.3171015],[110.8717866,24.3169802],[110.871913,24.3166336],[110.8722497,24.3162228],[110.8725721,24.3161207],[110.873413,24.3161598],[110.8734722,24.3160015],[110.8734556,24.3155691],[110.8737786,24.3149014],[110.8736393,24.3140796],[110.8728972,24.313668],[110.8726731,24.3136677],[110.8724491,24.3128458],[110.8717073,24.3120103],[110.8711749,24.3119586],[110.8705174,24.3111183],[110.8701958,24.3105402],[110.8701255,24.3100392],[110.8703795,24.3089171],[110.8708845,24.3085834],[110.8709973,24.3076537],[110.8709555,24.3071144],[110.8705926,24.306228],[110.8712802,24.3049135],[110.871267,24.3040149],[110.8710026,24.3024043],[110.8706812,24.3012992],[110.8706956,24.3009142],[110.870808,24.3006525],[110.8704028,24.2997533],[110.870754,24.2991114],[110.8721975,24.2988042],[110.8721281,24.2978488],[110.872596,24.2973204],[110.8744133,24.2965665],[110.875436,24.2965542],[110.8759409,24.2959589],[110.8764177,24.2956642],[110.8767832,24.2945036],[110.8774559,24.2944655],[110.8778625,24.2942347],[110.8778484,24.2940037],[110.8776807,24.2939775],[110.8773166,24.2936692],[110.8759869,24.2922633],[110.8759873,24.291621],[110.8756099,24.290876],[110.8753024,24.2899074],[110.8748701,24.2877828],[110.8750387,24.2872693],[110.8754456,24.2867689],[110.8751806,24.2855051],[110.8753773,24.2852101],[110.8755873,24.2853001],[110.8760496,24.2849793],[110.8762041,24.2847098],[110.8766384,24.2844791],[110.8768775,24.2841837],[110.8773612,24.2823949],[110.8771468,24.2808603],[110.8767687,24.2806163],[110.8760975,24.2791978],[110.8750482,24.2781441],[110.8752164,24.2777589],[110.8756932,24.2770225],[110.8756682,24.2742817],[110.8761454,24.2729285],[110.8764962,24.272749],[110.8771837,24.2714088],[110.8774672,24.2680394],[110.8784205,24.2673158],[110.8785749,24.2668793],[110.878633,24.2663145],[110.8789401,24.2656545],[110.8792487,24.2654365],[110.8796128,24.2635862],[110.8800633,24.2630615],[110.8803366,24.2629187],[110.8805458,24.2628093],[110.880652,24.2627535],[110.8817728,24.2627802],[110.8820521,24.2634097],[110.8823596,24.2638081],[110.8832142,24.2638728],[110.8837462,24.2645282],[110.884208,24.2647981],[110.8850507,24.2654537],[110.8848822,24.2658902],[110.884924,24.2661986],[110.8861276,24.2676121],[110.8864209,24.2682288],[110.8869248,24.2688068],[110.8874565,24.2692568],[110.8879258,24.2695255],[110.8901176,24.2705432],[110.8905529,24.2719073],[110.8908192,24.2722411],[110.8910431,24.2722543],[110.8913234,24.2725369],[110.891603,24.2733076],[110.8917843,24.2734619],[110.8928211,24.2735909],[110.8933116,24.2738481],[110.893857,24.2742852],[110.8941931,24.2749149],[110.8948079,24.276474],[110.8953397,24.2774633],[110.8958714,24.2782598],[110.8964597,24.27853],[110.8973835,24.279134],[110.8979317,24.2804906],[110.8977492,24.2808628],[110.8974272,24.2811326],[110.8974129,24.2814791],[110.8979025,24.2820957],[110.8987285,24.2823021],[110.8989389,24.2824174],[110.8994152,24.2823923],[110.9001994,24.2828935],[110.9008986,24.2843451],[110.9009679,24.2852441],[110.9007855,24.2861686],[110.901443,24.286901],[110.9031796,24.287801],[110.9039153,24.2889344],[110.9048818,24.289451],[110.9049993,24.2898363],[110.9048166,24.2907763],[110.9049283,24.2913155],[110.9052506,24.291637],[110.9052779,24.2920736],[110.9047589,24.2930107],[110.9048146,24.293794],[110.9044499,24.2945645],[110.9044355,24.2948212],[110.9046314,24.2954892],[110.9043642,24.2961569],[110.9060096,24.299674],[110.9060934,24.3002131],[110.9062473,24.3004703],[110.9064573,24.3006629],[110.9082226,24.300895],[110.9090208,24.3011399],[110.9108699,24.3012854],[110.9117138,24.3018194],[110.9120635,24.3018197],[110.9132975,24.3014349],[110.9139866,24.3014609],[110.9144885,24.3012691],[110.9152591,24.3013589],[110.9161135,24.3019375],[110.9167019,24.3020277],[110.9182567,24.3029918],[110.919433,24.3038322],[110.9197409,24.3043586],[110.9197269,24.3048213],[110.9195299,24.3053091],[110.9191935,24.3055142],[110.9173997,24.3063483],[110.9163486,24.3066941],[110.9144007,24.3069757],[110.9135454,24.3073219],[110.9133341,24.3086293],[110.9134181,24.3089246],[110.9129554,24.3095663],[110.9121706,24.3101566],[110.9121285,24.3104391],[110.9123453,24.3107508],[110.9132771,24.3107994],[110.9138091,24.3111206],[110.9139205,24.312012],[110.9143687,24.312333],[110.9166111,24.3121547],[110.9178446,24.311552],[110.9183348,24.3115907],[110.9196862,24.3114502],[110.9199662,24.3116558],[110.9202748,24.3114891],[110.9208211,24.3115149],[110.9213533,24.311772],[110.9215966,24.3116823],[110.9221805,24.312169],[110.9228808,24.3118371],[110.9240856,24.3123255],[110.9246457,24.3128524],[110.9250944,24.3128528],[110.925767,24.312365],[110.9276593,24.311698],[110.9280516,24.311891],[110.9286536,24.3126746],[110.9285547,24.3142797],[110.9281761,24.3148191],[110.9280776,24.3151142],[110.9282037,24.3157436],[110.9281192,24.3163086],[110.9273619,24.3168218],[110.9268299,24.3170658],[110.9264335,24.3176543],[110.9264084,24.3182111],[110.9266044,24.3190583],[110.9256929,24.3200085],[110.9256782,24.3204452],[110.9260705,24.3208819],[110.9263682,24.3223797],[110.9267999,24.3231906],[110.9274653,24.324111],[110.9289829,24.3256836],[110.9295145,24.3271401],[110.9303086,24.3277645],[110.9308022,24.3278275],[110.931672,24.3288362],[110.9322879,24.3300053],[110.9327645,24.3303391],[110.933789,24.3322429],[110.9342236,24.3327309],[110.9343352,24.3335017],[110.9346569,24.3341438],[110.9353439,24.3349017],[110.93596,24.3353257],[110.9365206,24.33539],[110.9370535,24.3353777],[110.9375717,24.3350695],[110.9379641,24.3350089],[110.9383005,24.3355451],[110.9387345,24.3368936],[110.9387062,24.3372146],[110.9388964,24.3381417],[110.938812,24.338874],[110.9388252,24.3395029],[110.9394977,24.3399786],[110.9397081,24.3402997],[110.9398345,24.3406719],[110.9400025,24.3406848],[110.9400585,24.3404154],[110.940367,24.3403898],[110.940395,24.3398248],[110.9410546,24.3386435],[110.941363,24.3384638],[110.9422598,24.3383358],[110.9426813,24.3374499],[110.9431578,24.3368466],[110.9438305,24.3368722],[110.9448115,24.3367958],[110.9451338,24.3367059],[110.9465725,24.3359744],[110.9470912,24.3358976],[110.9476099,24.3354868],[110.9482129,24.3351788],[110.9483196,24.3345086],[110.9482492,24.3342646],[110.9475487,24.3336609],[110.9472968,24.3332239],[110.9473247,24.3328643],[110.947619,24.3324795],[110.9475778,24.3315033],[110.9481525,24.3310797],[110.9488111,24.3307974],[110.9493724,24.3300861],[110.9494705,24.3291746],[110.9500455,24.3281089],[110.9502842,24.3273769],[110.9505928,24.3271203],[110.9504529,24.3263958],[110.950453,24.3259335],[110.9514201,24.3254587],[110.9515325,24.3250348],[110.9517849,24.3245215],[110.9521074,24.3241748],[110.952612,24.3240592],[110.9528364,24.323515],[110.9529907,24.3228856],[110.9530051,24.321969],[110.9534009,24.3217673],[110.9538747,24.3203328],[110.954001,24.3198579],[110.953945,24.3193186],[110.9540574,24.318959],[110.9548591,24.3184509],[110.9548591,24.3182195],[110.9546768,24.3177441],[110.9544953,24.3167427],[110.9544534,24.316126],[110.9541459,24.3151243],[110.9532909,24.3142254],[110.9525808,24.3130501],[110.952367,24.3122219],[110.952311,24.3116178],[110.9525842,24.3108367],[110.9526057,24.3103983],[110.9531107,24.3091859],[110.9531251,24.3087881],[110.9541202,24.3079048],[110.9542609,24.3065306],[110.9537705,24.3056574],[110.9538272,24.3050923],[110.9543178,24.3042192],[110.9546536,24.3038083],[110.9548927,24.3023265],[110.9551598,24.3016589],[110.9555698,24.3014699],[110.9559865,24.3011452],[110.9563643,24.301171],[110.9565745,24.3018003],[110.9566864,24.3018902],[110.9578356,24.3015567],[110.957948,24.3012102],[110.9582702,24.3009405],[110.9586487,24.3007556],[110.9587326,24.300486],[110.9595732,24.300345],[110.9600365,24.299883],[110.9608211,24.2994979],[110.9616587,24.2992693],[110.961869,24.2990767],[110.9619532,24.2987815],[110.9628641,24.2986406],[110.9633825,24.2984865],[110.9643068,24.2991414],[110.9645454,24.2988977],[110.9660867,24.2987953],[110.9672216,24.2992452],[110.9676415,24.2992067],[110.9694927,24.2980002],[110.9695899,24.2977172],[110.9701924,24.2975764],[110.9705844,24.2973195],[110.971159,24.2971155],[110.9717619,24.297037],[110.9722661,24.297307],[110.9732888,24.2986684],[110.9734426,24.299529],[110.9736527,24.3001324],[110.9739468,24.3005693],[110.9751297,24.3008669],[110.9757734,24.3017235],[110.976544,24.3020743],[110.976488,24.3028579],[110.9765583,24.303243],[110.9771887,24.3036028],[110.9783236,24.3037957],[110.9787582,24.3040398],[110.9785756,24.3047586],[110.9786878,24.3051826],[110.9808595,24.3068267],[110.9811256,24.3073787],[110.9820084,24.3082011],[110.9827229,24.3085863],[110.9833952,24.3086119],[110.9847967,24.3098065],[110.985996,24.3104976],[110.9862903,24.3108699],[110.9866406,24.3109599],[110.9870163,24.3114901],[110.9882101,24.3120003],[110.9899612,24.3121031],[110.9903118,24.3120004],[110.9912369,24.3110117],[110.9916853,24.3110116],[110.9920496,24.3114483],[110.9924278,24.3115769],[110.9933667,24.3115509],[110.9960684,24.3126274],[110.9964048,24.3122807],[110.9981987,24.3119854],[110.9984651,24.3121778],[110.9997399,24.3142582],[110.9997824,24.3156837],[111.0010429,24.3157222],[111.0013376,24.3160304],[111.0013934,24.3173273],[111.0016598,24.3173659],[111.0025284,24.317199],[111.002949,24.3173657],[111.0030327,24.3194386],[111.0039856,24.3202858],[111.0040368,24.3211362],[111.0044383,24.3212776],[111.0048072,24.3217012],[111.0050176,24.3221249],[111.0054381,24.3221764],[111.005564,24.3226001],[111.0054098,24.3232423],[111.0059002,24.3234348],[111.0059424,24.3240308],[111.0061385,24.3245445],[111.0062087,24.3250709],[111.0061667,24.3263165],[111.0062229,24.3277035],[111.0071008,24.3291515],[111.007085,24.3298558],[111.0074701,24.3303541],[111.0071061,24.3316818],[111.0072605,24.332144],[111.0078209,24.3324395],[111.0091326,24.3334078],[111.0094563,24.3339239],[111.0099131,24.3344002],[111.0104225,24.3347048],[111.0107882,24.3347069],[111.0112633,24.334242],[111.0122725,24.3337029],[111.0135902,24.3334075],[111.014683,24.3332531],[111.0159555,24.3334995],[111.0165306,24.3339747],[111.0168916,24.3345174],[111.0171469,24.3346938],[111.0183943,24.3348992],[111.0191229,24.3347706],[111.019505,24.3347763],[111.0195857,24.335631],[111.0197541,24.3373005],[111.020161,24.3381735],[111.0203992,24.3389183],[111.0204693,24.3401383],[111.0201752,24.3407291],[111.0196008,24.3414869],[111.0191525,24.3426632],[111.0185077,24.3429842],[111.0187041,24.3446795],[111.0191247,24.3456166],[111.0193212,24.3462974],[111.0193212,24.3464513],[111.0186205,24.3465542],[111.0185922,24.3467598],[111.0196158,24.3472221],[111.0201766,24.3477228],[111.0208492,24.3487242],[111.0209618,24.3491068],[111.020331,24.3492869],[111.0202048,24.3496463],[111.0197702,24.3497364],[111.0195181,24.3499803],[111.0191677,24.3515213],[111.0189576,24.3516884],[111.0186636,24.3517143],[111.0182705,24.3515474],[111.0179482,24.3515473],[111.0175556,24.3514187],[111.0169812,24.3515346],[111.0170092,24.352228],[111.0171912,24.3527032],[111.0172055,24.3531013],[111.0169112,24.3534351],[111.0166871,24.3535507],[111.0164067,24.3535508],[111.0162381,24.3538334],[111.0149767,24.3546989],[111.0140237,24.3552254],[111.0131829,24.3553799],[111.012454,24.356207],[111.0121592,24.3566691],[111.012109,24.3566502],[111.0117949,24.3565277],[111.0112058,24.3557967],[111.0109679,24.3555004],[111.0106033,24.3555905],[111.0086662,24.3555009],[111.0081618,24.3556035],[111.0076709,24.3556037],[111.0066757,24.3559887],[111.0063394,24.3564254],[111.0053158,24.3560145],[111.0046569,24.3556678],[111.0039425,24.3555006],[111.0024138,24.3554366],[111.0017552,24.3557064],[111.0010962,24.3560916],[110.9995184,24.3564128],[110.9991255,24.3564515],[110.9987756,24.3563613],[110.9972053,24.3566439],[110.9963191,24.3564357],[110.9957513,24.3564353],[110.9915587,24.3570757],[110.9887637,24.3573955],[110.9877157,24.3583554],[110.9838724,24.3586749],[110.982824,24.3593149],[110.9810771,24.360595],[110.9803781,24.3618749],[110.9800285,24.3628354],[110.9782818,24.362835],[110.9754866,24.3634747],[110.9740888,24.3628342],[110.9733898,24.3637943],[110.9702457,24.3637938],[110.9701043,24.3638712],[110.9675134,24.3643942],[110.9664387,24.365497],[110.9659619,24.3663577],[110.9651488,24.3671148],[110.9644897,24.3674231],[110.9642092,24.3679877],[110.9635222,24.3684759],[110.9633103,24.3688635],[110.9622078,24.369873],[110.9611592,24.371153],[110.9601109,24.3714728],[110.9576647,24.3730724],[110.956965,24.3743522],[110.9569649,24.3756328],[110.9583623,24.3765931],[110.9594103,24.3765933],[110.9615067,24.3775539],[110.9615063,24.3785141],[110.9636027,24.3794749],[110.9677967,24.3762753],[110.9695433,24.3762758],[110.9733876,24.3746761],[110.9775808,24.3737166],[110.9800262,24.3749975],[110.981075,24.3756374],[110.9831714,24.3759575],[110.983569,24.3775169],[110.9831771,24.3778173],[110.9829856,24.3785196],[110.9836109,24.3787106],[110.9852795,24.3783289],[110.9863226,24.3783288],[110.9871569,24.3785201],[110.9879911,24.3789023],[110.9879911,24.3798575],[110.988617,24.3815769],[110.9886161,24.382532],[110.9884082,24.3834873],[110.9888251,24.3842515],[110.989242,24.3846337],[110.9898676,24.3855887],[110.9900765,24.3867351],[110.9907017,24.3874994],[110.990702,24.3884545],[110.9911193,24.3888367],[110.9915366,24.3897919],[110.9909105,24.3913201],[110.9909108,24.3922751],[110.991119,24.3930397],[110.9915364,24.3938038],[110.9923705,24.3949501],[110.9923705,24.395644],[110.9923705,24.3960963],[110.9927874,24.3968605],[110.9932046,24.3974337],[110.9932046,24.3978159],[110.9929963,24.3991529],[110.9936218,24.3999174],[110.9942477,24.4004903],[110.9946652,24.4024009],[110.9967506,24.4037382],[110.9973769,24.4043115],[111.0007146,24.4043114],[111.0015488,24.4052664],[111.0015487,24.4062215],[111.0013403,24.4066039],[111.0018446,24.4080292],[111.0019777,24.4081507],[111.0020472,24.408536],[111.0022089,24.4087803],[111.0029521,24.4092062],[111.0034639,24.4097264],[111.0049549,24.4106564],[111.005454,24.4108211],[111.0056142,24.4108747],[111.0057407,24.4111505],[111.0066492,24.4119004],[111.0069226,24.4123501],[111.008069,24.4133327],[111.0083853,24.4136043],[111.0085814,24.4139255],[111.0088414,24.4141247],[111.0089113,24.4144971],[111.0092761,24.4146381],[111.0097569,24.4153047],[111.0097569,24.4158504],[111.0098834,24.4162741],[111.0104588,24.4169509],[111.0110385,24.4173939],[111.0121599,24.4186256],[111.0121599,24.418818],[111.0119985,24.4191389],[111.012048,24.4194793],[111.0132677,24.419749],[111.0141138,24.420537],[111.0145487,24.4211601],[111.0150677,24.4227422],[111.0170216,24.4243486],[111.0179614,24.4253372],[111.0193755,24.4260907],[111.0195296,24.426765],[111.0199369,24.4272976],[111.0198874,24.4275446],[111.0195508,24.4276601],[111.019123,24.4279682],[111.0185765,24.4289857],[111.017363,24.4297561],[111.0175364,24.4311689],[111.0174898,24.4323062],[111.0182051,24.4332526],[111.0175251,24.435066],[111.0174971,24.4354346],[111.0179811,24.4357493],[111.0177007,24.4362526],[111.0170976,24.4369847],[111.0169083,24.4373313],[111.0165085,24.4374341],[111.0162212,24.4374342],[111.01425,24.436805],[111.0134645,24.4366639],[111.0131869,24.4367461],[111.0135659,24.4371698],[111.0136849,24.4380046],[111.0135659,24.4385118],[111.0133905,24.4387302],[111.0135801,24.4397598],[111.0135381,24.4406615],[111.013447,24.4410661],[111.0131731,24.441233],[111.0124302,24.4419097],[111.0119883,24.4428821],[111.0118972,24.4439633],[111.0124866,24.4449611],[111.0131455,24.4465971],[111.012879,24.4470271],[111.0128725,24.4475022],[111.0125986,24.4481596],[111.0128188,24.448404],[111.0137075,24.4487248],[111.0137656,24.4488082],[111.0136992,24.4488737],[111.0146973,24.4499696],[111.014906,24.4509248],[111.0155323,24.4513067],[111.0157406,24.452071],[111.0161586,24.4524532],[111.0176194,24.452835],[111.0180371,24.4534081],[111.0184544,24.4537899],[111.0184547,24.454363],[111.0188716,24.4543631],[111.0190804,24.4535991],[111.0205412,24.4532166],[111.0217935,24.4516883],[111.0228366,24.450924],[111.0236714,24.4509238],[111.0251324,24.4513055],[111.026802,24.4514962],[111.0276366,24.451687],[111.0284714,24.45226],[111.028263,24.4534064],[111.0290978,24.4537884],[111.0295153,24.4543614],[111.0299331,24.4547433],[111.0297246,24.4555077],[111.0330635,24.4553158],[111.0338989,24.4543604],[111.0349416,24.4535962],[111.0364027,24.4535958],[111.037029,24.4545509],[111.0370289,24.4553149],[111.0368211,24.4566522],[111.0366123,24.4570345],[111.0370297,24.4579896],[111.0371966,24.4587507],[111.035381,24.4599152],[111.0345462,24.4620168],[111.0339205,24.463163],[111.034964,24.4635448],[111.0372598,24.4633534],[111.0370517,24.4639264],[111.0368435,24.4660278],[111.0387221,24.4666005],[111.0393487,24.4673647],[111.0391398,24.4690839],[111.036218,24.4694666],[111.035592,24.4700402],[111.0349663,24.4717597],[111.0343403,24.4717597],[111.0343407,24.472906],[111.0337147,24.4742435],[111.0335065,24.4757718],[111.033089,24.4767271],[111.0330899,24.4790197],[111.0326374,24.4790719],[111.0324989,24.4790873],[111.0314203,24.479211],[111.02975,24.4795934],[111.0291238,24.4801665],[111.0284979,24.4815038],[111.0282894,24.4822684],[111.0272457,24.4836058],[111.0253673,24.4836061],[111.0247408,24.4843705],[111.0243236,24.4851346],[111.0241153,24.4860897],[111.0253682,24.487045],[111.0253681,24.488191],[111.0249506,24.4893373],[111.0253684,24.4901015],[111.0261243,24.4903664],[111.0289068,24.4906739],[111.0293415,24.4906504],[111.0297342,24.4904125],[111.0300642,24.4897257],[111.030562,24.4895071],[111.0309759,24.4894235],[111.0315161,24.4895325],[111.0322477,24.4900386],[111.0321354,24.490443],[111.0321354,24.4909119],[111.0321916,24.4913227],[111.032381,24.4916178],[111.0343741,24.4926669],[111.0343885,24.4930391],[111.0341011,24.4939254],[111.0333783,24.4951079],[111.0335121,24.495596],[111.0347538,24.4964433],[111.0350697,24.4965074],[111.0355609,24.4962891],[111.0373539,24.4943624],[111.0380272,24.4938423],[111.0391895,24.4940599],[111.0397718,24.4942781],[111.0414461,24.4947209],[111.0430642,24.4948683],[111.0442614,24.4954325],[111.0447181,24.4971368],[111.0450836,24.4994404],[111.045042,24.4997422],[111.0449364,24.4998128],[111.044691,24.4997742],[111.0441154,24.4999674],[111.0428736,24.5005019],[111.0417438,24.5002964],[111.0415264,24.5003544],[111.0413793,24.5008103],[111.0413584,24.5012339],[111.0406355,24.501626],[111.039787,24.5027179],[111.039393,24.5034576],[111.0387964,24.5037019],[111.0383759,24.5043887],[111.0382144,24.5051531],[111.0372683,24.5078359],[111.0373199,24.5079815],[111.0372629,24.5080848],[111.0374297,24.5082879],[111.0372331,24.5085509],[111.0361993,24.5089271],[111.035998,24.5091292],[111.0351841,24.5091101],[111.0345036,24.5097204],[111.0329333,24.5098438],[111.0327858,24.5099598],[111.032807,24.5110381],[111.0329059,24.5113271],[111.0328424,24.5115519],[111.0323302,24.5120978],[111.0321548,24.5121234],[111.0316426,24.5116871],[111.0311793,24.5118283],[111.030969,24.5122009],[111.0308844,24.5125499],[111.0308919,24.5127557],[111.0311796,24.5129483],[111.0312989,24.5132757],[111.0321343,24.513726],[111.032352,24.5141175],[111.0322752,24.5147919],[111.0316083,24.5156715],[111.0309979,24.5161403],[111.0282336,24.5188044],[111.0271333,24.5193426],[111.0268173,24.5198628],[111.0266072,24.5200493],[111.0246907,24.5198244],[111.0230555,24.520223],[111.0225155,24.5202231],[111.0221368,24.5200882],[111.0217296,24.5201396],[111.0214211,24.5214649],[111.0201251,24.522228],[111.019655,24.5225938],[111.0192204,24.5227481],[111.0185323,24.523217],[111.0175179,24.5241314],[111.0174759,24.5246449],[111.017539,24.5250113],[111.0173704,24.5253964],[111.0153787,24.5263225],[111.0149226,24.5266113],[111.01453,24.5271763],[111.0145926,24.5283734],[111.0144456,24.52881],[111.0146635,24.5296279],[111.0148948,24.5301351],[111.0149302,24.53103],[111.0144253,24.5318162],[111.0142636,24.5328652],[111.0138286,24.5337731],[111.0131408,24.5348313],[111.0129584,24.5349854],[111.0125234,24.5358525],[111.0126567,24.5363724],[111.0125728,24.5372354],[111.0123131,24.5382972],[111.011948,24.5392823],[111.0118502,24.5404793],[111.0110918,24.5412457],[111.0111061,24.541798],[111.0112886,24.5421704],[111.0116395,24.542558],[111.0125734,24.5440208],[111.0124469,24.5443098],[111.0126228,24.5453074],[111.0120329,24.5465004],[111.012068,24.5469432],[111.0117313,24.5476947],[111.0116682,24.5480055],[111.0125174,24.5492602],[111.0136833,24.5505597],[111.0137883,24.5508036],[111.0134972,24.5510516],[111.013551,24.5515446],[111.0104005,24.5529857],[111.0082691,24.5541553],[111.0078428,24.5549352],[111.0069908,24.5561049],[111.0044332,24.5572745],[111.0031544,24.5564949],[110.999318,24.5572746],[110.9980392,24.5576645],[110.9959078,24.559224],[110.9937765,24.5600037],[110.9924976,24.5600035],[110.9912188,24.5603934],[110.9899399,24.5603934],[110.9899394,24.5619529],[110.9886605,24.563902],[110.9890868,24.5646818],[110.9903658,24.5658516],[110.9890867,24.5666314],[110.9873809,24.56975],[110.9861019,24.5709198],[110.9839704,24.5716989],[110.9839703,24.5728688],[110.9843961,24.575598],[110.9822644,24.5771571],[110.9814116,24.5791066],[110.9784269,24.5798858],[110.9792791,24.5814452],[110.9792786,24.5837849],[110.9788522,24.585344],[110.9788521,24.5869036],[110.980557,24.5872937],[110.9818364,24.5876837],[110.9848205,24.5896334],[110.9856734,24.5892438],[110.9860652,24.5906768],[110.9864535,24.5909177],[110.9862003,24.5914954],[110.9862286,24.591913],[110.9859898,24.5924201],[110.9859123,24.5930956],[110.9861299,24.5934614],[110.9860249,24.5940331],[110.9858495,24.5943667],[110.9860244,24.594585],[110.9871764,24.5947582],[110.9874223,24.594964],[110.9875836,24.595266],[110.9876962,24.5957563],[110.9886577,24.5962617],[110.9889596,24.5965334],[110.9891213,24.5969662],[110.9894374,24.5971651],[110.9902097,24.5971845],[110.9911045,24.5983931],[110.9913644,24.5984379],[110.9915386,24.5989436],[110.9916426,24.598991],[110.9920688,24.5997705],[110.9929216,24.5997709],[110.9949244,24.5987848],[110.9957252,24.5989453],[110.9957623,24.5990051],[110.9961045,24.5995681],[110.9963644,24.5995167],[110.9969118,24.6005442],[110.997798,24.6010784],[110.9979381,24.601573],[110.9984299,24.602048],[110.9986056,24.6024266],[110.998711,24.6030303],[110.9990899,24.6034091],[110.9995746,24.603666],[110.9997573,24.6043874],[111.0005693,24.6052273],[111.0007514,24.6052594],[111.0009059,24.6056126],[111.0010465,24.6057281],[111.0013902,24.6057731],[111.0015451,24.6061584],[111.002888,24.6072256],[111.0035479,24.6079382],[111.00411,24.6080602],[111.0043417,24.6082722],[111.0046506,24.6089909],[111.0051281,24.609443],[111.0052546,24.6101236],[111.0054583,24.6104189],[111.005318,24.6107528],[111.0049947,24.6107785],[111.0044608,24.6114848],[111.003794,24.6115555],[111.0036398,24.6124943],[111.0030776,24.6129243],[111.003225,24.6132388],[111.0031267,24.6133544],[111.0023046,24.6133675],[111.0017149,24.613592],[111.0012098,24.6135795],[111.0011674,24.613849],[111.000795,24.6141509],[111.0004372,24.6140544],[110.9992545,24.6143588],[110.9980184,24.6139993],[110.9976462,24.6140634],[110.9972458,24.6142561],[110.9962904,24.6142026],[110.9946261,24.6144034],[110.9943379,24.6143843],[110.9939095,24.6145961],[110.9929612,24.6146028],[110.9927432,24.6145448],[110.9919441,24.6149505],[110.9916494,24.6152523],[110.9911719,24.6154901],[110.9906731,24.615567],[110.9903498,24.6157466],[110.9900202,24.6158043],[110.9895427,24.616299],[110.9890859,24.616408],[110.9880745,24.6170434],[110.9879272,24.6171783],[110.988025,24.6174672],[110.9879898,24.6188566],[110.9875684,24.6203422],[110.9874486,24.621552],[110.9878702,24.6215905],[110.9881792,24.6217768],[110.988432,24.6222097],[110.9886853,24.6234834],[110.9882705,24.6244942],[110.9876663,24.6251002],[110.9876146,24.6255186],[110.9874906,24.6295066],[110.9866483,24.6321564],[110.9899063,24.6340124],[110.9912308,24.632184],[110.9991953,24.6331396],[111.0022428,24.6352229],[111.0047533,24.6375334],[111.0067368,24.6438395],[111.0117592,24.6447112],[111.0110001,24.648611],[111.0135059,24.6512623],[111.0146229,24.6572758],[111.0200702,24.6583623],[111.0204385,24.6655067],[111.0186986,24.6690295],[111.0210983,24.6736985],[111.0232805,24.6759877],[111.0285901,24.6770934],[111.0329848,24.6791135],[111.0353197,24.6784551],[111.038934,24.6801478],[111.0451224,24.6780525],[111.0481188,24.6751804],[111.0536573,24.6756669],[111.0596773,24.6789114],[111.0642128,24.6836851],[111.0702425,24.6875769],[111.0713066,24.6909002],[111.07257,24.6955663],[111.078177,24.697439],[111.0802227,24.7047443],[111.0850676,24.7105571],[111.0902709,24.7078113],[111.0976981,24.7092113],[111.1001128,24.7084904],[111.1020237,24.7088606],[111.1034724,24.7122188],[111.1019538,24.7192151],[111.0990248,24.7238087],[111.097816,24.7296029],[111.0989913,24.7319067],[111.1021883,24.7330945],[111.1064075,24.7335983],[111.1090203,24.7350965],[111.1170414,24.7343734],[111.1212112,24.7348537],[111.1259949,24.7328977],[111.1266935,24.7345996],[111.1284212,24.7382912],[111.1314349,24.7404917],[111.1341927,24.7491756],[111.1368046,24.7536629],[111.1402659,24.7582399],[111.1462733,24.7647042],[111.1478227,24.7682298],[111.1487245,24.7727076],[111.1506415,24.7746],[111.1515084,24.777117],[111.1570283,24.7752508],[111.1605533,24.7746544],[111.1654467,24.7723731],[111.1709022,24.7731905],[111.1718515,24.7771072],[111.169281,24.785332],[111.1675786,24.7878426],[111.1679935,24.7914099],[111.1671655,24.7940506],[111.1700155,24.800498],[111.1694955,24.8082786],[111.1672295,24.8132869],[111.1665003,24.81703],[111.1628806,24.819867],[111.1582063,24.8240204],[111.1562915,24.8307952],[111.1579021,24.8399762],[111.1605145,24.8473362],[111.1613171,24.8511422],[111.1648041,24.8526238],[111.16859,24.8646947],[111.1719486,24.8817883],[111.1666861,24.8909961],[111.1680783,24.8938718],[111.1631104,24.9017],[111.1644933,24.9057836],[111.1585449,24.9065084],[111.1534925,24.9048993],[111.1460463,24.9077391],[111.1408168,24.9057783],[111.1360942,24.8998032],[111.1322563,24.8983994],[111.1257075,24.8972794],[111.1214964,24.8972296],[111.1160402,24.8997781],[111.1122468,24.9019488],[111.1102679,24.9080729],[111.1094276,24.9127022],[111.1018849,24.9189454],[111.0980969,24.9285782],[111.093043,24.9363105],[111.0904374,24.9423288],[111.0805535,24.9454895],[111.0765839,24.9431353],[111.0758543,24.9436314],[111.074481,24.9433007],[111.0729039,24.9420068],[111.0704255,24.9408297],[111.0694814,24.9397012],[111.0678184,24.9389327],[111.0671961,24.9388646],[111.0652328,24.9393194],[111.0635054,24.9381739],[111.0629904,24.9371961],[111.0624865,24.9369996],[111.0598093,24.9359557],[111.0578084,24.9354985],[111.0547399,24.9348856],[111.053313,24.9343602],[111.0494399,24.9315778],[111.0479164,24.9311399],[111.0466933,24.9318794],[111.0407495,24.9295541],[111.0352886,24.9313832],[111.0330677,24.9311108],[111.029849,24.9324436],[111.0273028,24.9344022],[111.0249782,24.9339127],[111.0219633,24.9341462],[111.0193241,24.9336987],[111.0183477,24.9339419],[111.0143888,24.9332414],[111.0115671,24.9307605],[111.0107303,24.9282796],[111.0056126,24.9238235],[111.0031021,24.92287],[111.0005808,24.9232202],[110.9975338,24.9253024],[110.9963322,24.9270245],[110.9953095,24.9298153],[110.9927352,24.9317066],[110.9872305,24.9246378],[110.9840012,24.9193004],[110.9782682,24.9165291],[110.974546,24.9175196],[110.9754327,24.9214455],[110.9779264,24.9260196],[110.9834685,24.9281551],[110.986634,24.9285116],[110.9887048,24.9309967],[110.9908987,24.9315117],[110.9920244,24.9336229],[110.9900491,24.9353833],[110.989078,24.9340808],[110.9843856,24.9349537],[110.9841174,24.9368654],[110.9831572,24.9382274],[110.9825242,24.9414572],[110.9814727,24.9421625],[110.9811616,24.9429407],[110.9827924,24.9451879],[110.9841442,24.9456549],[110.9842086,24.9481647],[110.9830713,24.9505966],[110.984863,24.9547696],[110.9878296,24.9611618],[110.9869659,24.9635238],[110.9857321,24.9646034],[110.9844017,24.964973],[110.9813547,24.9678228],[110.9812903,24.9696027],[110.9790909,24.9699236],[110.976119,24.9686884],[110.9707546,24.9692915],[110.9683299,24.9695152],[110.9682441,24.9701279],[110.9651005,24.970371],[110.9644997,24.9711588],[110.9644675,24.9718542],[110.9655029,24.9729095],[110.9652936,24.973566],[110.9638721,24.9746163],[110.9622198,24.9778695],[110.9623325,24.9784676],[110.9635878,24.9789004],[110.9651542,24.9791338],[110.9666938,24.9803738],[110.9681153,24.9806315],[110.9689093,24.9811518],[110.9691936,24.9818131],[110.969435,24.9848813],[110.969435,24.9849008],[110.9697246,24.9854356],[110.9704381,24.9858684],[110.9715646,24.9872201],[110.9727877,24.9888393],[110.9728682,24.9893984],[110.9702665,24.9917517],[110.9669137,24.9937695],[110.9668171,24.9957629],[110.9619677,25.0003914],[110.9588241,25.0019375],[110.9564102,25.0038919],[110.954833,25.0063227],[110.9545273,25.0084909],[110.9546238,25.0131141],[110.9548116,25.0139162],[110.9532183,25.0151461],[110.9505576,25.0174211],[110.9499407,25.0214753],[110.9502464,25.0235606],[110.9517538,25.0264479],[110.9523761,25.0274492],[110.9522259,25.0311628],[110.9523815,25.0316488],[110.9521776,25.0328251],[110.9520006,25.034604],[110.9507614,25.036519],[110.9490019,25.0405628],[110.9483045,25.0406357],[110.9477305,25.0412626],[110.9478593,25.0443877],[110.9466308,25.0449952],[110.9461802,25.0459429],[110.9464967,25.0484992],[110.9470814,25.0498017],[110.9471512,25.0508951],[110.9479022,25.0519934],[110.9483099,25.0521392],[110.9488624,25.0527661],[110.9489214,25.0533882],[110.9508633,25.0570475],[110.9508794,25.0597931],[110.9533471,25.0639965],[110.9529448,25.0646719],[110.9535241,25.0661734],[110.9538138,25.0666447],[110.9541732,25.0677113],[110.9530842,25.0693901],[110.9534275,25.0703717],[110.9561527,25.0730441],[110.9577674,25.0729858],[110.9589207,25.0724513],[110.9604228,25.0749779],[110.960686,25.0762213],[110.9610531,25.0774122],[110.9612703,25.0800796],[110.962185,25.080546],[110.9621785,25.0805688],[110.9620696,25.0809542],[110.9583467,25.0831016],[110.959028,25.0842385],[110.9635663,25.0884993],[110.9683406,25.0919341],[110.9704006,25.0927989],[110.9715195,25.0945988],[110.9757328,25.0991726],[110.9766394,25.1009506],[110.9776479,25.102063],[110.9779429,25.1029811],[110.9786779,25.1031803],[110.9789085,25.1034474],[110.9791338,25.1041081],[110.9788012,25.1049533],[110.9790158,25.105614],[110.97871,25.1063377],[110.979327,25.1076396],[110.9778571,25.1077124],[110.9764785,25.1085479],[110.9741878,25.1102772],[110.9736782,25.1112001],[110.9725249,25.1125796],[110.9730452,25.1130313],[110.9736299,25.1138571],[110.9738445,25.1143331],[110.9737909,25.114882],[110.9743434,25.1152948],[110.9757543,25.1158146],[110.97628,25.1170434],[110.9764463,25.1176506],[110.9770685,25.1181314],[110.9778356,25.1201325],[110.978179,25.1204337],[110.9785813,25.1213031],[110.9789085,25.1217499],[110.9790802,25.1221579],[110.9793645,25.1231002],[110.9795791,25.1232167],[110.9796864,25.1234596],[110.9795201,25.1238918],[110.9797776,25.1245184],[110.9798151,25.1253246],[110.9790051,25.1265097],[110.9779161,25.127447],[110.978179,25.128263],[110.9774655,25.1288604],[110.9790212,25.1301134],[110.9794342,25.1301279],[110.9796649,25.1304339],[110.9797078,25.1310993],[110.97996,25.1313567],[110.980196,25.1314684],[110.9805018,25.1317889],[110.9806037,25.1323037],[110.981859,25.1335761],[110.9823579,25.1343046],[110.9822077,25.1347854],[110.9818858,25.1350962],[110.9830499,25.1363686],[110.9830874,25.1366454],[110.9829909,25.1370193],[110.9857589,25.1390007],[110.9858555,25.1392678],[110.985834,25.1394135],[110.9856623,25.1396612],[110.9855926,25.1403459],[110.9859466,25.1413172],[110.9857374,25.1424924],[110.985437,25.1427837],[110.9862149,25.1433519],[110.987438,25.143585],[110.9876686,25.1438618],[110.9885538,25.1443231],[110.988704,25.1459256],[110.9892833,25.1462267],[110.9895891,25.1470668],[110.9894818,25.1489217],[110.9892297,25.149587],[110.9896642,25.1501843],[110.9936982,25.1507184],[110.9945136,25.1506844],[110.9956133,25.1519858],[110.9968847,25.1530395],[110.9974265,25.1540203],[110.9967949,25.1562945],[110.9952861,25.1586429],[110.9956616,25.1593955],[110.9951842,25.1597548],[110.9950179,25.1601675],[110.994755,25.1604491],[110.9948838,25.1608473],[110.9947658,25.1614688],[110.9949535,25.1618281],[110.9950608,25.1632701],[110.9947658,25.1640712],[110.9950876,25.1644208],[110.9951503,25.1657546],[110.9958415,25.1667357],[111.0043265,25.1709637],[111.0122395,25.1727757],[111.0190397,25.1748641],[111.0206544,25.1767623],[111.0212284,25.1772284],[111.0215127,25.1781119],[111.0222048,25.1786217],[111.02265,25.1784955],[111.0231918,25.1772235],[111.0237604,25.1768206],[111.0244954,25.1765584],[111.024718,25.1762526],[111.0248709,25.1758108],[111.0257506,25.1766992],[111.0285562,25.1812675],[111.0291785,25.1817335],[111.0301656,25.1820102],[111.0310641,25.1821729],[111.0311687,25.1823476],[111.0326225,25.1825588],[111.0333252,25.1825782],[111.0348085,25.1815588],[111.0357258,25.1805417],[111.0409051,25.1807675],[111.0431288,25.1864077],[111.0441506,25.1873987],[111.0444617,25.1881366],[111.0453093,25.1886706],[111.0471976,25.1892531],[111.0494506,25.1892822],[111.0497618,25.1895638],[111.0498476,25.190321],[111.0507059,25.1909035],[111.0521006,25.1913598],[111.0533988,25.1914472],[111.0544288,25.1923986],[111.0562312,25.1906802],[111.0630441,25.1898065],[111.0629904,25.1914569],[111.0627115,25.1928452],[111.0633874,25.1940782],[111.0678613,25.1971459],[111.0683441,25.1982914],[111.069181,25.1990292],[111.0699642,25.1991943],[111.0713267,25.200068],[111.0723138,25.2031356],[111.0730165,25.2037035],[111.0749102,25.2028638],[111.0782683,25.2022716],[111.0785311,25.202558],[111.0784614,25.203121],[111.0792285,25.2042568],[111.0805267,25.2045043],[111.0816103,25.2052033],[111.0820287,25.2056838],[111.0822701,25.2058245],[111.0826081,25.2058197],[111.0836381,25.2052227],[111.0837614,25.2056595],[111.0849202,25.2067419],[111.0848826,25.2072903],[111.0844535,25.207931],[111.0843784,25.2084212],[111.0845071,25.2091492],[111.0843623,25.2095957],[111.0843971,25.2101442],[111.0858697,25.2104791],[111.0862559,25.2102946],[111.086905,25.2104936],[111.0874522,25.2104694],[111.0882407,25.2108431],[111.0888308,25.2109159],[111.0895497,25.2108431],[111.0902739,25.2109499],[111.0906225,25.2111537],[111.0907754,25.2111537],[111.0910571,25.2109765],[111.0917035,25.2110858],[111.0919046,25.2110688],[111.0920843,25.2108601],[111.0923472,25.2108528],[111.0926396,25.2109984],[111.0933799,25.2108091],[111.0935274,25.2111561],[111.0940102,25.2114328],[111.0941201,25.2119108],[111.0940933,25.2120734],[111.094037,25.2123185],[111.094088,25.212384],[111.0945412,25.2123476],[111.0947692,25.212384],[111.0952467,25.2129495],[111.0956356,25.213294],[111.0961023,25.2134057],[111.0963598,25.213857],[111.0969338,25.214602],[111.0975748,25.2152499],[111.0985726,25.2156285],[111.0999888,25.214915],[111.10111,25.2151092],[111.1013353,25.2153761],[111.1017966,25.2157255],[111.1037117,25.2159439],[111.1054927,25.2175649],[111.10663,25.2179726],[111.1073434,25.2189578],[111.1073434,25.2208262],[111.1078209,25.2213164],[111.1078477,25.2217725],[111.1076009,25.2222045],[111.1070484,25.2238302],[111.1067104,25.2242912],[111.106115,25.2246989],[111.1066031,25.2254413],[111.1069786,25.2257277],[111.1075097,25.2267176],[111.1072791,25.2271544],[111.1075687,25.227858],[111.1075258,25.228353],[111.106748,25.2286199],[111.1067909,25.2289548],[111.1078048,25.2301049],[111.1088937,25.2308813],[111.1089152,25.2314636],[111.1094731,25.2316092],[111.1097014,25.2324156],[111.1102375,25.2333537],[111.1104977,25.2340694],[111.1106908,25.2356756],[111.1113936,25.2370828],[111.1119488,25.2378034],[111.1117879,25.2382716],[111.1118227,25.2388588],[111.1113372,25.2400185],[111.1105299,25.2410957],[111.1098728,25.2412267],[111.1094516,25.2416998],[111.109567,25.2420758],[111.1083895,25.2446523],[111.1079791,25.246974],[111.1069427,25.247351],[111.1063032,25.2479052],[111.105777,25.2492326],[111.1050045,25.2500283],[111.1056751,25.2534197],[111.1061418,25.2542299],[111.1068714,25.2551566],[111.1063027,25.2553458],[111.1048704,25.2553216],[111.103524,25.254817],[111.1018395,25.2572137],[111.1020005,25.2581403],[111.1019736,25.2592465],[111.1023492,25.2600324],[111.1029339,25.2604691],[111.1034435,25.2611095],[111.1046451,25.26305],[111.1051387,25.263312],[111.1057556,25.2648741],[111.1056697,25.2658686],[111.1050153,25.2661306],[111.1039478,25.2673773],[111.1033201,25.2686969],[111.1032343,25.269832],[111.1030948,25.2708168],[111.1026818,25.271006],[111.102789,25.2717191],[111.1022526,25.2725874],[111.1021936,25.2729609],[111.101346,25.2739311],[111.1009812,25.2740766],[111.1004609,25.2756144],[111.1000639,25.2762789],[111.100139,25.276861],[111.0998654,25.2775159],[111.0992646,25.27787],[111.0986853,25.2781077],[111.098578,25.2788207],[111.0988891,25.278845],[111.0990447,25.2791797],[111.0988998,25.2794659],[111.098519,25.2794998],[111.0981595,25.2799704],[111.0975265,25.2819009],[111.0970759,25.2820561],[111.0964215,25.2832979],[111.0967594,25.2855146],[111.0970384,25.2858395],[111.0969633,25.2863343],[111.0973281,25.2868387],[111.0973602,25.2873965],[111.0978001,25.2883035],[111.0987496,25.2885024],[111.0994686,25.2882209],[111.1048393,25.2915107],[111.1078973,25.294641],[111.1079891,25.2945874],[111.1126074,25.2918918],[111.114715,25.2950496],[111.1261833,25.3010156],[111.1280286,25.3026888],[111.129992,25.3017091],[111.1307806,25.3021214],[111.1305445,25.3027858],[111.131773,25.3044881],[111.1347449,25.3071311],[111.1387575,25.3110156],[111.1405492,25.3132075],[111.1406135,25.3146429],[111.1400771,25.3151957],[111.1400986,25.3161559],[111.1413109,25.316893],[111.1421049,25.316796],[111.1434138,25.3173973],[111.1453128,25.3197055],[111.1472976,25.3238174],[111.148628,25.3244963],[111.1505484,25.3244478],[111.1509561,25.3258152],[111.1507308,25.3267558],[111.1511278,25.3280359],[111.1506665,25.3285305],[111.1506665,25.330276],[111.1526728,25.3316336],[111.1540139,25.3334664],[111.15484,25.3352215],[111.1546898,25.3358906],[111.1555052,25.3373645],[111.1560416,25.3376458],[111.1564493,25.3383924],[111.1560523,25.3390421],[111.156224,25.3398954],[111.157946,25.3412092],[111.1574417,25.3428382],[111.158756,25.3432988],[111.1589813,25.343677],[111.1593139,25.3453059],[111.1607838,25.3460428],[111.1618674,25.3462562],[111.1638844,25.3493395],[111.1641204,25.3523839],[111.1650216,25.3537025],[111.1657727,25.3543715],[111.1656225,25.3560003],[111.1661053,25.3564463],[111.1659121,25.3587052],[111.1673713,25.3601207],[111.1694956,25.3602952],[111.1715662,25.3618755],[111.1721671,25.3626801],[111.1725104,25.3637756],[111.1739157,25.3645029],[111.1754823,25.3659278],[111.1756432,25.366907],[111.1771238,25.36808],[111.178202,25.370901],[111.1786067,25.3709225],[111.1798811,25.3703872],[111.1807662,25.3704163],[111.1822951,25.3699025],[111.1826062,25.3699752],[111.1835933,25.3694711],[111.1846554,25.3692724],[111.1857444,25.3693208],[111.1869568,25.3688991],[111.1888826,25.3679637],[111.1901808,25.3679103],[111.1909425,25.3682545],[111.1923265,25.3685405],[111.1939144,25.3682593],[111.1965376,25.3681818],[111.1968595,25.368303],[111.1994451,25.3678182],[111.2008184,25.3678667],[111.2009954,25.3681624],[111.2021166,25.3679152],[111.2027818,25.3673432],[111.2036723,25.366873],[111.2050295,25.3663011],[111.2056839,25.3665386],[111.2064081,25.3665434],[111.2071055,25.3672608],[111.2076741,25.367857],[111.2080389,25.3679879],[111.2083071,25.3697716],[111.2097716,25.369568],[111.2109679,25.3701448],[111.2112307,25.3705859],[111.2117672,25.3705762],[111.2121695,25.3706586],[111.2124056,25.3710416],[111.2132424,25.3716814],[111.213693,25.3716668],[111.2140524,25.3719189],[111.2143421,25.3725684],[111.2156457,25.3730724],[111.2160373,25.3729755],[111.2171423,25.3735668],[111.2172711,25.3742842],[111.2180275,25.3745314],[111.2218094,25.3782634],[111.2229735,25.3786172],[111.2250495,25.3783361],[111.2266749,25.37837],[111.2285149,25.379194],[111.2288529,25.3796205],[111.2293249,25.3797514],[111.2312615,25.3813944],[111.2315136,25.3821553],[111.2315619,25.3827756],[111.2314546,25.3837159],[111.2328386,25.3849614],[111.2334511,25.3849261],[111.2343085,25.3885041],[111.2359017,25.3909127],[111.2391525,25.391315],[111.2398928,25.3924102],[111.2414968,25.3930063],[111.2418294,25.3934812],[111.2424195,25.3937187],[111.2433368,25.3938447],[111.2438142,25.3949399],[111.244458,25.3958122],[111.2456381,25.3963598],[111.2464642,25.3985792],[111.247167,25.3986471],[111.2476069,25.3993788],[111.249066,25.3994273],[111.2521666,25.3980704],[111.2527083,25.3993983],[111.2533897,25.399689],[111.25227,25.4018348],[111.2518448,25.4026497],[111.2506592,25.4041762],[111.250965,25.405218],[111.2518662,25.4059691],[111.2512064,25.4095451],[111.2512245,25.4098081],[111.251421,25.4126655],[111.2530839,25.4145552],[111.2551224,25.415001],[111.2559163,25.4161735],[111.2561417,25.4178306],[111.2570214,25.4196426],[111.2570214,25.4214256],[111.2590706,25.4229373],[111.2587058,25.4280728],[111.2609428,25.4285863],[111.2620103,25.4278015],[111.263271,25.4276028],[111.266377,25.4281019],[111.2674123,25.4272879],[111.2685656,25.4274963],[111.2719935,25.4253112],[111.2750244,25.427099],[111.2734741,25.429594],[111.2732917,25.4304031],[111.2743002,25.4315755],[111.2747401,25.4327672],[111.2765692,25.4339737],[111.2780338,25.4340607],[111.2810701,25.4335714],[111.2834948,25.4348601],[111.2839723,25.4365217],[111.2883174,25.4410366],[111.288811,25.4450815],[111.2925244,25.4474514],[111.2953662,25.4517226],[111.2968253,25.45738],[111.2946796,25.4622622],[111.2941646,25.4686165],[111.2983328,25.4768155],[111.3002414,25.4788187],[111.3004103,25.4815388],[111.3007599,25.4819356],[111.3026882,25.4822242],[111.3037172,25.4834418],[111.3040369,25.4859219],[111.3056455,25.4887447],[111.3080633,25.4892227],[111.3096318,25.4904041],[111.3123194,25.4914232],[111.3123494,25.4917388],[111.3109506,25.4930825],[111.3111504,25.4933711],[111.3120896,25.4933711],[111.3122395,25.4956527],[111.3117999,25.4962118],[111.3119397,25.4977268],[111.3124792,25.497826],[111.3130287,25.4982318],[111.3129388,25.4987187],[111.3135582,25.4989261],[111.3146073,25.4987458],[111.3149869,25.4983941],[111.3162158,25.4987819],[111.3164556,25.4995664],[111.3157063,25.5001075],[111.3156064,25.5005042],[111.3164356,25.5014871],[111.3173648,25.50348],[111.317095,25.5042194],[111.3163757,25.5049498],[111.3165655,25.506086],[111.3177844,25.5067713],[111.319303,25.5113699],[111.3199424,25.5172667],[111.3218806,25.5184569],[111.3247402,25.5234912],[111.3226699,25.5236141],[111.32256,25.5257508],[111.3233693,25.5311601],[111.3226649,25.5339728],[111.3225001,25.5400759],[111.3229197,25.5410404],[111.3222703,25.5419554],[111.3221604,25.5425008],[111.3217158,25.5428704],[111.3208166,25.5435915],[111.319363,25.5453177],[111.3184188,25.5475262],[111.318234,25.5495589],[111.3168752,25.5516095],[111.3168752,25.552903],[111.3166255,25.5539936],[111.3171,25.5546786],[111.3174497,25.5557918],[111.3174197,25.5568914],[111.3177844,25.5580496],[111.3187735,25.5596991],[111.3191332,25.5621055],[111.3184738,25.5628356],[111.3187385,25.5646472],[111.319338,25.5660171],[111.3201123,25.5708072],[111.3206068,25.572087],[111.3217258,25.5729566],[111.3223302,25.5747771],[111.3222503,25.5752322],[111.3227648,25.5765434],[111.3228048,25.5776564],[111.3233393,25.5787468],[111.3231395,25.5797651],[111.3238788,25.5803869],[111.3239937,25.5809231],[111.325927,25.5829867],[111.325832,25.5833832],[111.3260718,25.5842438],[111.3268062,25.5846899],[111.3270909,25.585172],[111.3267162,25.5854378],[111.3261268,25.5855955],[111.3251826,25.5865732],[111.3249878,25.5871634],[111.3246431,25.5871634],[111.3244933,25.5875058],[111.324808,25.588069],[111.3273706,25.5897766],[111.3276254,25.5908174],[111.3287694,25.5918716],[111.3301131,25.5929484],[111.330308,25.5942279],[111.3294338,25.5943946],[111.329149,25.5953317],[111.3290941,25.5964445],[111.3287344,25.5967193],[111.3287544,25.5970166],[111.3293838,25.5970617],[111.3299533,25.5976113],[111.3309624,25.5978951],[111.3318116,25.5983952],[111.3329905,25.6011253],[111.3344991,25.6014676],[111.3351186,25.6022425],[111.3358279,25.6026479],[111.3364074,25.6051527],[111.3373166,25.6057924],[111.3381258,25.6070177],[111.333475,25.6167629],[111.326966,25.6231392],[111.3263865,25.6232428],[111.3230246,25.6232563],[111.3216459,25.6244994],[111.320422,25.6265443],[111.3194579,25.6276838],[111.3191432,25.62908],[111.3180641,25.6300709],[111.3167903,25.6302376],[111.3166454,25.6316653],[111.3164106,25.633129],[111.3152467,25.6338992],[111.3146872,25.6340928],[111.3137431,25.6341334],[111.3128839,25.6344081],[111.3128289,25.6354079],[111.3128289,25.6367455],[111.3124043,25.637376],[111.3123693,25.6379435],[111.3108607,25.6444466],[111.3085628,25.6449599],[111.306165,25.6459777],[111.3052259,25.647743],[111.3053058,25.6497424],[111.3071941,25.6511294],[111.3070542,25.6515346],[111.3046364,25.6536331],[111.3047563,25.6542725],[111.3063748,25.6571004],[111.3053857,25.6604325],[111.3055556,25.6611259],[111.3063848,25.6618553],[111.3067645,25.6632331],[111.3066446,25.6639446],[111.3077036,25.6660428],[111.3085628,25.6667542],[111.3080732,25.6697619],[111.312709,25.6769295],[111.3130687,25.6855733],[111.3114701,25.6910834],[111.3047563,25.692668],[111.3033176,25.6986459],[111.3031699,25.7086354],[111.3032453,25.7215217],[111.3090991,25.7260706],[111.3117828,25.7305794],[111.3184547,25.7344985],[111.328884,25.7348603],[111.3369953,25.7318196],[111.3561547,25.7372961],[111.3603032,25.7358363],[111.3747488,25.7349688],[111.3824005,25.7365131],[111.410553,25.7710304],[111.4165216,25.7742146],[111.421709,25.7751993],[111.4286635,25.7728352],[111.4314937,25.7731897],[111.4337294,25.7728945],[111.4384632,25.7779779],[111.4356994,25.7817302],[111.4385747,25.7857104],[111.4306675,25.8179718],[111.4203712,25.8255188],[111.4257564,25.8464685],[111.4311087,25.848554],[111.4513779,25.8510208],[111.4569343,25.8581399],[111.4613836,25.8599596],[111.4637153,25.8606087],[111.4721468,25.8588787],[111.482326,25.8620413],[111.4875912,25.8710553],[111.4843826,25.8738403],[111.4650865,25.8784666],[111.4555256,25.8742316],[111.4504217,25.8737073],[111.4500833,25.8817751],[111.4547902,25.8878624],[111.4503087,25.8910716],[111.4438688,25.8872338],[111.4345286,25.88987],[111.4302997,25.8891091],[111.4276153,25.8880609],[111.4257767,25.8859994],[111.4215847,25.8851061],[111.4197828,25.8861421],[111.4157378,25.8821948],[111.4116873,25.8795226],[111.4047796,25.8860097],[111.3978564,25.8879848],[111.3791094,25.8844692],[111.3776536,25.8857206],[111.380359,25.8899479],[111.3793623,25.8923818],[111.3746634,25.896801],[111.3735243,25.8992988],[111.3743786,25.905511],[111.3737379,25.9076243],[111.3717444,25.9085209],[111.3619194,25.9047425],[111.3596412,25.9012201],[111.3577901,25.8971213],[111.356295,25.8933425],[111.3516673,25.8941111],[111.3472532,25.8994909],[111.3429815,25.9032695],[111.3398489,25.9098657],[111.3335125,25.9075603],[111.3198431,25.9026291],[111.3207686,25.8980179],[111.3198431,25.8964808],[111.3126523,25.8937908],[111.3083806,25.8877702],[111.3021154,25.883799],[111.2934296,25.8796355],[111.291009,25.8759202],[111.2896563,25.8732298],[111.2891579,25.8652862],[111.2875916,25.8611861],[111.2885172,25.8567014],[111.2854558,25.8568936],[111.2740645,25.8627877],[111.2617477,25.8627237],[111.2544146,25.8644534],[111.2475087,25.8672721],[111.2440201,25.8714361],[111.242525,25.8754077],[111.2421691,25.8844395],[111.2395348,25.8884748],[111.2369718,25.8909727],[111.2230175,25.9016044],[111.2211434,25.9026126],[111.2183067,25.9056161],[111.2185322,25.9108903],[111.2213089,25.9130676],[111.2275028,25.9132597],[111.2281436,25.9160132],[111.2267197,25.9185746],[111.2191018,25.9246577],[111.2131214,25.9292038],[111.212979,25.9331095],[111.2167524,25.9376553],[111.2144029,25.9398961],[111.2056459,25.9413686],[111.2011606,25.9437374],[111.2000215,25.9477706],[111.2027981,25.9551325],[111.1978856,25.9571169],[111.1906237,25.9551965],[111.1855688,25.9556446],[111.1854265,25.9569889],[111.191478,25.963134],[111.1923324,25.9729271],[111.195109,25.9765113],[111.1993095,25.9799674],[111.2014454,25.9828474],[111.2029405,25.9918709],[111.2047916,25.9967984],[111.2072122,26.0004458],[111.2091345,26.0053729],[111.2069986,26.0117715],[111.2108432,26.017082],[111.2099176,26.022968],[111.2172507,26.0272544],[111.2242991,26.0369782],[111.2271469,26.0424155],[111.2298523,26.0497715],[111.2331985,26.052202],[111.2356191,26.053865],[111.2449457,26.0557838],[111.2492174,26.0594294],[111.2540587,26.0591097],[111.2610358,26.058662],[111.2630293,26.0601969],[111.2620325,26.0626912],[111.254913,26.0656332],[111.2513532,26.0692785],[111.2450881,26.0747782],[111.2403892,26.0783593],[111.239606,26.0806614],[111.2462272,26.0883346],[111.2530619,26.0935777],[111.2613206,26.0988845],[111.2616766,26.1016977],[111.2596119,26.1016977],[111.2547706,26.1000354],[111.2539875,26.101442],[111.2571201,26.1053419],[111.26367,26.1098171],[111.264382,26.1179998],[111.2660195,26.121196],[111.2651881,26.1231987],[111.263895,26.1267722],[111.2633985,26.1331019],[111.2571425,26.1396096],[111.25321,26.148926],[111.252674,26.1553871],[111.2553551,26.1597545],[111.2564474,26.1638543],[111.2686844,26.1733971],[111.268648,26.1832839],[111.2692572,26.1863118],[111.2689593,26.1884504],[111.2644908,26.19148],[111.2607173,26.1956679],[111.2604194,26.1998555],[111.2650866,26.2040431],[111.2655831,26.2062704],[111.2629158,26.2130766],[111.2630012,26.2174956],[111.2663775,26.221059],[111.2725341,26.221059],[111.287482,26.2252999],[111.2890179,26.235044],[111.2898123,26.2399428],[111.2860389,26.2480476],[111.2873372,26.2558695],[111.2791872,26.26666],[111.2767047,26.2718246],[111.2746194,26.2752972],[111.2685621,26.2754753],[111.2627176,26.2768391],[111.2470413,26.2727073],[111.2447944,26.2677961],[111.2331386,26.2709443],[111.228083,26.2671664],[111.2227466,26.2650256],[111.2198139,26.2680005],[111.2205007,26.2731602],[111.218614,26.274852],[111.2165287,26.2739616],[111.2142448,26.2708451],[111.2115637,26.2703108],[111.1993498,26.2803724],[111.1981462,26.2844373],[111.2035204,26.2953295],[111.2041162,26.3080594],[111.2014351,26.3110859],[111.1792128,26.3106044],[111.1723316,26.3106044],[111.164488,26.3140335],[111.1536542,26.3107303],[111.140594,26.3113597],[111.1311851,26.3094715],[111.1223379,26.3128703],[111.115878,26.3122409],[111.1112438,26.3129962],[111.1046435,26.312115],[111.1007114,26.3073314],[111.085506,26.3102856],[111.0727654,26.3221852],[111.0679269,26.3193058],[111.0647608,26.3235697],[111.0595649,26.3224369],[111.0587223,26.3288561],[111.0557732,26.3293596],[111.0525433,26.3277234],[111.0495942,26.3231921],[111.046412,26.3231378],[111.0390618,26.3272199],[111.0356914,26.3248284],[111.0349893,26.3264647],[111.0373766,26.3308699],[111.0379384,26.3360302],[111.035551,26.3369112],[111.0273426,26.3364663],[111.0238147,26.3388501],[111.0213025,26.3410635],[111.015923,26.340326],[111.0145226,26.3407054],[111.0115886,26.3409222],[111.0083699,26.3406337],[111.0070181,26.3395761],[111.0052029,26.3403853],[111.0040784,26.3411145],[111.0034132,26.3408645],[111.0027694,26.3411337],[111.0015893,26.3421336],[111.001246,26.3420375],[111.000221,26.3431068],[110.9983706,26.3427297],[110.9964916,26.3452097],[110.9963321,26.3465948],[110.9971905,26.3485753],[110.9978342,26.3492676],[110.9982204,26.3519595],[110.9985208,26.3533247],[110.9989714,26.3536131],[111.0001945,26.3575355],[111.0021257,26.3591121],[111.0015517,26.3610796],[110.9967282,26.3631404],[110.9965202,26.3632293],[110.9961025,26.3634078],[110.9849165,26.3681868],[110.9794234,26.3784911],[110.9770966,26.3846493],[110.9715269,26.3878717],[110.9586868,26.3863907],[110.9492158,26.3824765],[110.9436671,26.3774407],[110.9428843,26.3660186],[110.9462595,26.3602122],[110.9418561,26.3578995],[110.9417168,26.3474835],[110.941597,26.3385296],[110.9395144,26.3297195],[110.9326566,26.3258218],[110.9210773,26.3237969],[110.9257384,26.3172601],[110.9268023,26.3118786],[110.9314087,26.3085468],[110.9349551,26.2923222],[110.9317557,26.2827137],[110.9297886,26.2774397],[110.925966,26.273189],[110.9251297,26.2617895],[110.9250845,26.258388],[110.9216835,26.2572074],[110.9166725,26.2583077],[110.9175146,26.2608477],[110.9199282,26.2636024],[110.9200379,26.2659636],[110.9142233,26.2716696],[110.9125777,26.2739322],[110.9118097,26.2789492],[110.9091767,26.2793427],[110.8943656,26.2775977],[110.8731923,26.2742274],[110.8560169,26.2735022],[110.8413767,26.2638976],[110.8383049,26.2609461],[110.8317871,26.259573],[110.81,26.2619299],[110.7837982,26.2617912],[110.7767582,26.2636024],[110.7672136,26.2590767],[110.7635932,26.2533701],[110.7565537,26.2524223],[110.7505378,26.2537637],[110.7450524,26.2602574],[110.727562,26.2726631],[110.7288432,26.2751822],[110.730878,26.275864],[110.7407738,26.2859333],[110.7455063,26.2971306],[110.744833,26.3049161],[110.741432,26.3133737],[110.7369232,26.3172817],[110.7158699,26.2974414],[110.7061996,26.295248],[110.693599,26.3115052],[110.676651,26.3186893],[110.6622223,26.3188807],[110.6487281,26.3129804],[110.6304703,26.3139801],[110.6211912,26.318979],[110.6187776,26.332647],[110.612648,26.3374958],[110.6082456,26.3348101],[110.6068193,26.3302871],[110.6015533,26.3273373],[110.5954096,26.319274],[110.5810089,26.3048668],[110.5793572,26.2999594],[110.5646737,26.2920931],[110.5508855,26.2893639],[110.5464849,26.2755787],[110.5377121,26.2556647],[110.5408173,26.2324276],[110.5380822,26.2239228],[110.5177581,26.1995838],[110.5129013,26.1901665],[110.492196,26.1699892],[110.4909875,26.1688114],[110.4858093,26.1688042],[110.4814074,26.1799804],[110.4806911,26.1871312],[110.4717701,26.1811094],[110.4616204,26.176445],[110.4563379,26.1705792],[110.4483694,26.1683293],[110.4450041,26.1652067],[110.4423459,26.1627402],[110.4388562,26.1595021],[110.437354,26.1581082],[110.435561,26.1564444],[110.4279188,26.1501075],[110.4251802,26.1478365],[110.4215989,26.145988],[110.4202463,26.1427501],[110.4191814,26.140201],[110.4190919,26.1358606],[110.4073821,26.126232],[110.4071491,26.1260404],[110.4060996,26.1251773],[110.4059292,26.1250372],[110.4013966,26.12131],[110.4012638,26.1212007],[110.3999317,26.1201053],[110.3873075,26.1152014],[110.3845163,26.1120454],[110.3840005,26.1114621],[110.3824726,26.1097345],[110.3818289,26.1085282],[110.3804134,26.1058754],[110.3790852,26.1054337],[110.3784185,26.1052119],[110.3751637,26.1041294],[110.3749039,26.104043],[110.3731611,26.1034634],[110.3685532,26.0921822],[110.3685821,26.0908603],[110.368774,26.0820747],[110.3619694,26.0710572],[110.3511358,26.0624515],[110.3567425,26.047557],[110.3505091,26.0379179],[110.3473754,26.0362286],[110.347644,26.030758],[110.3471964,26.0277008],[110.3419357,26.0231917],[110.3428092,26.0166782],[110.3401232,26.0140229],[110.3377953,26.0097583],[110.3357142,26.0070603],[110.3346616,26.0005849],[110.3283943,25.9944689],[110.3285733,25.9889159],[110.3278571,25.9821554],[110.3202351,25.9805766],[110.3166654,25.975475],[110.3091506,25.9733105],[110.306326,25.9700477],[110.3029779,25.9703793],[110.3010469,25.9703224],[110.2997807,25.9710339],[110.299116,25.9722576],[110.2999073,25.9733959],[110.3002239,25.9749326],[110.2994325,25.9757294],[110.2987678,25.9758717],[110.2984196,25.9748188],[110.2986095,25.9737658],[110.2967735,25.9710339],[110.2959821,25.9715177],[110.2950641,25.9728267],[110.2943361,25.9732821],[110.2938296,25.9728836],[110.2932281,25.9716315],[110.293513,25.9700947],[110.2932281,25.9689279],[110.2921835,25.9688995],[110.289936,25.9686149],[110.2873785,25.9684248],[110.2834277,25.9698061],[110.278252,25.9679284],[110.2808367,25.9664667],[110.2609846,25.9606397],[110.2512791,25.9629061],[110.2453483,25.9686399],[110.2482799,25.9874648],[110.2484188,25.9898889],[110.2439877,25.9921097],[110.2425305,25.9942737],[110.2441578,25.994852],[110.2482958,25.9932487],[110.2496263,25.9955265],[110.2489294,25.9972918],[110.2463318,25.9965516],[110.2455082,25.9976905],[110.2474088,25.9987155],[110.2478523,26.0012779],[110.2472821,26.0045236],[110.2482325,26.0064027],[110.2472188,26.0068582],[110.2462684,26.0050361],[110.2452548,26.0055486],[110.2457616,26.0077123],[110.2475356,26.0085664],[110.2495629,26.0086233],[110.2496896,26.0091927],[110.2473372,26.0105664],[110.2484281,26.0119555],[110.2470287,26.0142032],[110.245825,26.0147157],[110.2462051,26.0159683],[110.2437976,26.0184165],[110.2453181,26.0232558],[110.2467442,26.0249576],[110.2434175,26.0257039],[110.2406235,26.0290818],[110.222541,26.037676],[110.2166631,26.0411509],[110.2090091,26.0456756],[110.2028781,26.0650797],[110.1980644,26.0689585],[110.1908666,26.0719843],[110.1811309,26.060315],[110.1723753,26.0443577],[110.1660731,26.0247646],[110.155791,26.0187879],[110.1414944,26.0193278],[110.1302765,26.027936],[110.1237221,26.0322398],[110.1120395,26.0350052],[110.103555,26.0224993],[110.0993956,26.0195544],[110.0957942,26.0208905],[110.0925892,26.0297482],[110.0845223,26.0392616],[110.0740606,26.0397146],[110.0678845,26.0437915],[110.0640499,26.049594],[110.0715397,26.0639475],[110.0709328,26.0866064],[110.0880911,26.1198851],[110.0926207,26.1320151],[110.096152,26.1314696],[110.0979384,26.1347871],[110.0912474,26.1452682],[110.0896037,26.1569997],[110.0936371,26.1717065],[110.0771637,26.1737883],[110.0636385,26.1709146],[110.0526726,26.172159],[110.0446,26.1718321],[110.0383709,26.1661009],[110.0284265,26.1683559],[110.0122797,26.1880456],[110.0008812,26.1884251],[109.9914823,26.1838605],[109.9812727,26.1831819],[109.9728127,26.1877635],[109.9653935,26.1985327],[109.9603424,26.1992145],[109.9558066,26.1921042],[109.9432753,26.1790105],[109.9309205,26.1639074],[109.9300433,26.1634262],[109.9183613,26.157017],[109.9057061,26.1466122],[109.9075697,26.1323233],[109.8986433,26.1130575],[109.8992207,26.0959682],[109.8889083,26.0878713],[109.8858218,26.0749362],[109.8855324,26.0560988],[109.879964,26.049277],[109.8727081,26.0450321],[109.8701529,26.0375322],[109.8633055,26.0309924],[109.8542921,26.030003],[109.8447264,26.0333852],[109.8357162,26.0324097],[109.8096377,26.047186],[109.800581,26.0382454],[109.7933998,26.0245636],[109.7842602,26.0060167],[109.7813313,25.9975141],[109.783424,25.9860195],[109.7899423,25.9818962],[109.8019333,25.9768372],[109.8068415,25.9727811],[109.8056344,25.9593242],[109.8097385,25.9458657],[109.8191538,25.9356623],[109.8272662,25.917229],[109.825672,25.9098242],[109.8181932,25.9072088],[109.8136592,25.9024891],[109.8102911,25.8799976],[109.7904251,25.8679066],[109.7819387,25.8678277],[109.7795028,25.8675898],[109.7707345,25.874188],[109.7591182,25.8804345],[109.7542519,25.8783505],[109.7526477,25.8763936],[109.75223,25.8722919],[109.7437971,25.8663177],[109.7380122,25.8618439],[109.7326228,25.8601952],[109.7299821,25.8560619],[109.731128,25.8545836],[109.7305227,25.8507198],[109.7272114,25.8469608],[109.7239597,25.8347382],[109.724504,25.8311446],[109.7205125,25.8161946],[109.7216838,25.8137328],[109.7180118,25.8109126],[109.7190201,25.8055454],[109.7252255,25.8026035],[109.7363891,25.7987339],[109.7362308,25.7959935],[109.7421081,25.7945127],[109.7472761,25.7911945],[109.7534853,25.7893813],[109.7598618,25.7916229],[109.7623251,25.7883615],[109.7624416,25.7777977],[109.7719126,25.7733589],[109.7768386,25.765608],[109.7747254,25.7553993],[109.7773509,25.7519073],[109.7805401,25.7500447],[109.7810239,25.7473728],[109.7858727,25.7454709],[109.7909847,25.7439315],[109.7925487,25.7409675],[109.7926058,25.73784],[109.7983501,25.7368582],[109.7940585,25.7219185],[109.789025,25.720132],[109.7850655,25.713647],[109.7831236,25.7079218],[109.7814031,25.7003153],[109.776186,25.6953234],[109.7792625,25.689455],[109.7776851,25.6832547],[109.7831393,25.6795943],[109.7888647,25.6791105],[109.7903855,25.6779818],[109.7923536,25.6801586],[109.7938744,25.6787074],[109.7925325,25.6749986],[109.7937849,25.673628],[109.8004943,25.6718542],[109.8022835,25.6699191],[109.8027308,25.6662907],[109.8064881,25.6648393],[109.8097981,25.659598],[109.8067565,25.6563725],[109.8008522,25.6550822],[109.7990984,25.6519231],[109.7988474,25.6459637],[109.7944782,25.6461649],[109.7855547,25.6400016],[109.7843917,25.6326622],[109.7808133,25.626129],[109.7831393,25.6251611],[109.7784417,25.6178505],[109.7736192,25.6191303],[109.7665615,25.6166682],[109.7598551,25.6172686],[109.753129,25.6076414],[109.7511268,25.6018316],[109.7457935,25.5978009],[109.740975,25.5926663],[109.7395333,25.5900518],[109.7373236,25.5890194],[109.7350141,25.5870286],[109.7351584,25.5847397],[109.7378469,25.5825314],[109.7391032,25.5804325],[109.7400196,25.5783106],[109.7402396,25.5766019],[109.7389944,25.574066],[109.7393644,25.5695547],[109.7409973,25.5671594],[109.7422708,25.5661125],[109.7389702,25.5637764],[109.7390209,25.5615775],[109.7371421,25.5571798],[109.7381577,25.5555764],[109.7371421,25.553973],[109.7383608,25.5533775],[109.7408998,25.5529652],[109.7450185,25.5519085],[109.746218,25.5508577],[109.7476041,25.5501335],[109.7488938,25.5491219],[109.7506868,25.5475394],[109.755304,25.546514],[109.7573634,25.5430239],[109.7610047,25.5413423],[109.7658506,25.5405174],[109.767965,25.5413283],[109.772332,25.5403203],[109.7721797,25.5371131],[109.7736015,25.5356469],[109.7733646,25.5342602],[109.7753902,25.5286287],[109.7769021,25.5236876],[109.7787302,25.5206632],[109.7759881,25.5200675],[109.7755175,25.5191319],[109.7761404,25.5178221],[109.7768933,25.5147004],[109.7777181,25.5140383],[109.7789841,25.5115438],[109.7782344,25.5105747],[109.7797495,25.5098062],[109.7794411,25.5080608],[109.7773591,25.5063651],[109.7747694,25.5052193],[109.7748202,25.5042111],[109.7739062,25.5038444],[109.7728906,25.5040277],[109.7714688,25.5038444],[109.7706058,25.5042652],[109.7704532,25.5004071],[109.7698438,25.4978862],[109.7723431,25.4954564],[109.7731855,25.493618],[109.7749792,25.4927755],[109.7743833,25.4917912],[109.7720283,25.4871008],[109.770151,25.4837531],[109.7678963,25.4784863],[109.76568,25.4778555],[109.7637633,25.4751359],[109.7624301,25.4748758],[109.7616176,25.473638],[109.7621762,25.4698789],[109.7608052,25.4681368],[109.7631394,25.467131],[109.7640195,25.4636744],[109.7614145,25.4599303],[109.7582905,25.4587731],[109.7607544,25.4544285],[109.7584072,25.4515656],[109.7584185,25.4467713],[109.7575553,25.4457167],[109.7577456,25.4443869],[109.7603989,25.4433323],[109.7610709,25.4393977],[109.7632718,25.4367865],[109.7618355,25.4312092],[109.7592503,25.432182],[109.7561033,25.4307004],[109.752579,25.4317307],[109.7519254,25.4299769],[109.750561,25.4297824],[109.7487657,25.428161],[109.7492684,25.429523],[109.748263,25.4292635],[109.7478321,25.4315334],[109.7455341,25.432182],[109.743667,25.4306903],[109.7443133,25.4271882],[109.7456777,25.4266044],[109.7479039,25.4268639],[109.7493402,25.4277719],[109.7515664,25.4280313],[109.7556597,25.4252425],[109.7594848,25.4240415],[109.7594657,25.4210915],[109.7610184,25.4202217],[109.7614765,25.4156432],[109.7595375,25.4150595],[109.7583885,25.4148],[109.7576704,25.4135676],[109.7567008,25.4116478],[109.7587476,25.4062378],[109.7562087,25.4046298],[109.7552124,25.403484],[109.755516,25.4020214],[109.7520063,25.4003259],[109.7477723,25.3961314],[109.7472576,25.3935231],[109.7484852,25.3921278],[109.7504174,25.3916418],[109.7515664,25.390474],[109.7531462,25.3905389],[109.754367,25.3887224],[109.752859,25.3873599],[109.7547979,25.3870356],[109.7584604,25.3875546],[109.7592503,25.3858029],[109.7572395,25.3839863],[109.7573832,25.3821696],[109.7560187,25.3810018],[109.7573114,25.3805476],[109.758604,25.3782119],[109.754367,25.3787309],[109.753218,25.3793797],[109.7509919,25.3818452],[109.7516382,25.3829482],[109.7517818,25.3843107],[109.7507764,25.3847648],[109.7491966,25.3848297],[109.7465395,25.3851541],[109.7437388,25.3830131],[109.7427649,25.3804409],[109.7446933,25.3784041],[109.7429489,25.3772386],[109.7434516,25.375941],[109.7451032,25.3760707],[109.7464677,25.375357],[109.7458932,25.3749677],[109.7444569,25.3754868],[109.7440261,25.3747731],[109.7451751,25.3737349],[109.7446724,25.3729563],[109.743667,25.3723074],[109.7429489,25.3707502],[109.7446724,25.3697769],[109.7435922,25.3681758],[109.7444569,25.3627689],[109.7427334,25.361471],[109.7423744,25.35907],[109.7412263,25.3587918],[109.7428663,25.3538004],[109.7447442,25.3480378],[109.7481194,25.3449226],[109.747551,25.3421985],[109.7443133,25.3386271],[109.7448895,25.3286656],[109.7426616,25.3171421],[109.7458492,25.3154581],[109.7462522,25.3136366],[109.7457496,25.3129225],[109.7465395,25.3112347],[109.7449596,25.3067552],[109.7425898,25.3045479],[109.7445722,25.2998881],[109.7438824,25.2970167],[109.7411536,25.2959779],[109.7406822,25.2942675],[109.7363421,25.2916927],[109.7367595,25.2899425],[109.7344032,25.2855243],[109.7342596,25.2829919],[109.7354491,25.2804839],[109.7325361,25.2801997],[109.7312434,25.2759139],[109.7298072,25.2712384],[109.7273656,25.2702643],[109.7280837,25.2696149],[109.7298969,25.2692195],[109.7278525,25.2667692],[109.7245985,25.2656571],[109.7232005,25.2624712],[109.7231485,25.259973],[109.7217178,25.25912],[109.719893,25.2539604],[109.7188917,25.2520796],[109.7164228,25.2516346],[109.7164501,25.2482475],[109.7150138,25.2454545],[109.7139366,25.2461041],[109.7139366,25.2472732],[109.7127599,25.2479053],[109.711495,25.2438307],[109.7127876,25.2409077],[109.7151124,25.240876],[109.7136818,25.2376295],[109.7133178,25.231038],[109.7117224,25.2294926],[109.7106333,25.225837],[109.7118541,25.2236932],[109.7084789,25.2214843],[109.706029,25.2205976],[109.7037393,25.2163519],[109.7029244,25.2143803],[109.698497,25.2105695],[109.6959835,25.2097248],[109.6941882,25.2075158],[109.6943588,25.2061159],[109.6907412,25.2017329],[109.6889732,25.1976927],[109.6857862,25.195365],[109.6834164,25.1938055],[109.6829528,25.1912972],[109.6751848,25.1845612],[109.6742244,25.1817834],[109.6693897,25.1795055],[109.6668277,25.1774941],[109.6607975,25.1767923],[109.6590001,25.1756094],[109.6553031,25.174494],[109.6529158,25.1754405],[109.6484626,25.1773691],[109.6440092,25.1729392],[109.640838,25.1676711],[109.6438838,25.165726],[109.6451641,25.1598359],[109.6478982,25.1578013],[109.6459259,25.1502702],[109.6466619,25.1444151],[109.6426594,25.1393524],[109.6388905,25.1325283],[109.6357505,25.1304953],[109.6349478,25.1280023],[109.6357449,25.1252288],[109.6378003,25.1215614],[109.6406448,25.1181394],[109.6443557,25.1133884],[109.6468464,25.1095689],[109.651748,25.1079081],[109.6575197,25.1006594],[109.6564406,25.0949773],[109.6567885,25.0860104],[109.6552192,25.0812421],[109.6517488,25.0772043],[109.6463623,25.0736047],[109.6466595,25.0706737],[109.6474404,25.0668811],[109.6447373,25.0614893],[109.6442718,25.0540294],[109.641383,25.0479671],[109.6434887,25.0404903],[109.6374184,25.0357255],[109.6367547,25.0337635],[109.6343836,25.0329794],[109.6356096,25.0286894],[109.6333626,25.0288687],[109.6328601,25.0284134],[109.6336139,25.0263643],[109.6309756,25.0235184],[109.6327345,25.0221523],[109.6414909,25.0249493],[109.6406493,25.015094],[109.6414974,25.0054854],[109.6454233,25.0051888],[109.6435388,25.0022285],[109.6411518,25.0008622],[109.640398,25.000179],[109.640398,24.9988127],[109.6388905,24.9955106],[109.6469309,24.9922085],[109.646554,24.989134],[109.6427851,24.9870843],[109.6388905,24.9881091],[109.6351215,24.9918669],[109.6297998,24.9937974],[109.6282506,24.9926163],[109.6289673,24.9874249],[109.6256444,24.9875579],[109.6229352,24.9829848],[109.6207493,24.9866666],[109.6205481,24.9842374],[109.6162766,24.9852623],[109.6142309,24.9775941],[109.613602,24.9749036],[109.6152711,24.9721335],[109.6149489,24.9698416],[109.6131133,24.9695054],[109.6116428,24.9645262]]]}}]}
