{"type":"FeatureCollection","features":[{"type":"Feature","properties":{"place_id":240801832,"osm_type":"relation","osm_id":2723597,"place_rank":10,"category":"boundary","type":"administrative","importance":0.6228974616063188,"addresstype":"city","name":"昆明市","display_name":"昆明市, 云南省, 中国"},"bbox":[102.1679807,24.388896,103.6689663,26.548485],"geometry":{"type":"Polygon","coordinates":[[[102.1679807,25.0584276],[102.1680021,25.0574071],[102.1683562,25.0566976],[102.1686458,25.0561533],[102.1692467,25.0556771],[102.1693325,25.0551523],[102.1700191,25.0542581],[102.1706736,25.0541026],[102.1709418,25.054122],[102.1713066,25.0540054],[102.1717787,25.0535874],[102.1725511,25.0535097],[102.1738386,25.0531112],[102.1740854,25.0504675],[102.1734524,25.0489221],[102.1730661,25.0483194],[102.1722829,25.0477557],[102.1723473,25.047396],[102.1729374,25.0472405],[102.1733343,25.0466865],[102.173109,25.0463754],[102.1725511,25.0453548],[102.17224,25.0450146],[102.1722507,25.04483],[102.173624,25.0441787],[102.1741712,25.0445286],[102.1742678,25.0446842],[102.1740854,25.0448688],[102.173785,25.0451313],[102.1738386,25.0453062],[102.1742463,25.0454229],[102.174772,25.0454909],[102.1756089,25.0466573],[102.1770894,25.0468906],[102.1782803,25.0468323],[102.1784735,25.0454618],[102.1813488,25.0458117],[102.1810377,25.0451896],[102.1810591,25.044898],[102.1814883,25.0448786],[102.1815956,25.0445286],[102.1813273,25.0438774],[102.1819389,25.0432261],[102.181735,25.0427887],[102.1817243,25.0421472],[102.1819711,25.0410974],[102.1808445,25.0389492],[102.1809411,25.0377049],[102.1807587,25.0361885],[102.1812415,25.0356636],[102.1813488,25.0347401],[102.1815848,25.0343804],[102.181499,25.0334958],[102.1810698,25.032932],[102.180984,25.031328],[102.1812415,25.030492],[102.1809733,25.0293838],[102.1795893,25.0284603],[102.179321,25.0278284],[102.178967,25.0267493],[102.1788275,25.025155],[102.1781087,25.0247078],[102.1768856,25.0240078],[102.1755874,25.0228412],[102.1751189,25.0220414],[102.1777988,25.0211405],[102.1783233,25.0207121],[102.1783823,25.0202211],[102.1786773,25.01991],[102.1795678,25.0194434],[102.1797824,25.0190302],[102.180056,25.0189572],[102.1813863,25.0177614],[102.1834516,25.0164538],[102.1840203,25.0159579],[102.1844655,25.0152676],[102.1850663,25.0148642],[102.186563,25.014378],[102.1866971,25.0141641],[102.1864396,25.0136489],[102.1860588,25.0132065],[102.1858603,25.0126717],[102.1859729,25.0121807],[102.1865737,25.0110724],[102.1866703,25.0099396],[102.1872657,25.0096139],[102.1875071,25.0090646],[102.1876895,25.0071443],[102.187593,25.0067408],[102.1874589,25.0062303],[102.1872336,25.0056907],[102.1871155,25.0051413],[102.1876681,25.0046357],[102.1887785,25.0033085],[102.1897924,25.002589],[102.1901625,25.0020444],[102.1899785,25.0011035],[102.189948,24.9994239],[102.190302,24.998719],[102.1905649,24.9985099],[102.1910369,24.9982765],[102.1920454,24.9981112],[102.1935689,24.9978681],[102.1945238,24.9977904],[102.1948564,24.9975716],[102.1951944,24.997309],[102.1954411,24.997309],[102.1957254,24.9974014],[102.1961331,24.9978001],[102.196396,24.9983009],[102.1964174,25.0001532],[102.1965676,25.0006734],[102.1965676,25.001145],[102.1966857,25.0015194],[102.1967876,25.0016458],[102.1971524,25.0017284],[102.1986812,25.0020542],[102.1992606,25.0023993],[102.1995503,25.0022438],[102.1996522,25.0018597],[102.1995234,25.0014853],[102.1994537,25.0009749],[102.1997112,25.0002067],[102.2002208,24.9991225],[102.2007197,24.9983592],[102.2006714,24.997732],[102.2002798,24.9969444],[102.1999901,24.9960206],[102.1999097,24.9954323],[102.2000331,24.9939494],[102.2019911,24.9928797],[102.2022486,24.9928311],[102.202388,24.9928846],[102.2024041,24.9930207],[102.2023237,24.9931277],[102.2019106,24.9935799],[102.2017014,24.9941876],[102.2017121,24.9945863],[102.2015726,24.9948391],[102.2014975,24.9951989],[102.2016907,24.9965895],[102.2020876,24.9976883],[102.202034,24.9982231],[102.2021305,24.9984564],[102.2033644,24.9993899],[102.2037935,24.999526],[102.2041476,24.999458],[102.2048771,24.9990107],[102.2061217,24.9985828],[102.2067976,24.9977077],[102.2086644,24.9970562],[102.2094798,24.996395],[102.2103059,24.9979702],[102.2123337,25.0000706],[102.2128916,25.0000803],[102.2132885,24.9997205],[102.2142434,24.9990982],[102.2177625,24.9988357],[102.219243,24.9990885],[102.2196293,25.0000706],[102.2204232,25.0007804],[102.2222042,25.0018111],[102.2231376,25.0019958],[102.2268498,25.0021028],[102.2296393,25.0020056],[102.229017,25.0013833],[102.2285342,25.0003623],[102.2275472,24.9988648],[102.2272253,24.9982717],[102.2275257,24.9977855],[102.2274184,24.9965408],[102.2276437,24.9960741],[102.2288453,24.9931374],[102.2283196,24.9906091],[102.2285503,24.9903125],[102.229076,24.9901326],[102.2303688,24.988708],[102.2307068,24.9885718],[102.2318762,24.9887955],[102.232359,24.9887663],[102.2331905,24.9879786],[102.2346228,24.9877307],[102.236672,24.9877453],[102.2383511,24.987366],[102.2393757,24.9876286],[102.2395098,24.9879154],[102.2399068,24.9881245],[102.240749,24.9878376],[102.2411728,24.9879592],[102.2416931,24.9878085],[102.2421598,24.9879446],[102.2425675,24.9879543],[102.2430825,24.9875313],[102.2444773,24.9870354],[102.2451907,24.9865102],[102.2454321,24.9860823],[102.2455502,24.9855183],[102.2456362,24.9853804],[102.2459686,24.9848473],[102.2472668,24.9840401],[102.2476047,24.9829412],[102.2470307,24.9811129],[102.2465587,24.980082],[102.246108,24.9788761],[102.2461939,24.9782537],[102.2460759,24.9777382],[102.2455716,24.9771499],[102.2450888,24.9768775],[102.2445041,24.9762113],[102.2443163,24.9755257],[102.2445041,24.9744024],[102.2446436,24.9723211],[102.2451854,24.9711783],[102.2453946,24.9709838],[102.2454268,24.9705023],[102.245636,24.9695881],[102.2461724,24.9692525],[102.2464353,24.9687127],[102.24599,24.9683188],[102.2459525,24.9681097],[102.2453946,24.9678471],[102.2451854,24.9671955],[102.2451103,24.9671468],[102.2449869,24.9671322],[102.2447509,24.9672976],[102.2446167,24.9673803],[102.2443968,24.9673365],[102.244209,24.9672441],[102.2441286,24.9670933],[102.2442305,24.966962],[102.2444558,24.9668161],[102.2445148,24.96668],[102.2445095,24.9665438],[102.2443753,24.9664028],[102.244193,24.9663298],[102.2439891,24.9662763],[102.2438657,24.9661645],[102.2438174,24.966038],[102.2435278,24.9656393],[102.2433561,24.9654107],[102.2432595,24.9651335],[102.2433293,24.9648757],[102.2434688,24.9646812],[102.2436082,24.9645742],[102.2436565,24.9643456],[102.2435439,24.9642192],[102.2434956,24.9641317],[102.2435707,24.963942],[102.2435546,24.9637961],[102.2433829,24.9637426],[102.243222,24.9637766],[102.2428197,24.963835],[102.2425729,24.9638982],[102.242412,24.9638399],[102.2423047,24.9637669],[102.2422886,24.9635384],[102.2422457,24.9634605],[102.2421169,24.9633876],[102.2418809,24.9633779],[102.2418219,24.9632903],[102.2418219,24.9631979],[102.2419131,24.9631055],[102.2421008,24.9630618],[102.2424281,24.9630618],[102.2426104,24.9630569],[102.242766,24.9630569],[102.2429913,24.9630715],[102.2431683,24.9630326],[102.2431898,24.9629645],[102.2431308,24.962838],[102.2429323,24.9627748],[102.2428948,24.9626727],[102.2429216,24.962483],[102.2429484,24.9622107],[102.242766,24.9620842],[102.2425246,24.961987],[102.2423208,24.9619043],[102.2422725,24.9617584],[102.2423422,24.9616076],[102.2424383,24.9614486],[102.2425514,24.9612283],[102.2425032,24.9609462],[102.2423744,24.9606933],[102.2422188,24.960528],[102.2411406,24.9582665],[102.2400678,24.9559807],[102.2389841,24.9536655],[102.2389734,24.9534661],[102.2389466,24.9532132],[102.2388339,24.9529506],[102.2382228,24.9521911],[102.2371066,24.9509078],[102.2368383,24.9505382],[102.2346872,24.9479798],[102.2339737,24.9470168],[102.2332496,24.9466569],[102.2329009,24.9463942],[102.2324824,24.946258],[102.2317958,24.9456986],[102.2309804,24.9454019],[102.2307336,24.945042],[102.2303528,24.9447939],[102.2301489,24.9446383],[102.229827,24.9442978],[102.2294408,24.9442346],[102.2293228,24.9440984],[102.2293335,24.9438941],[102.2291672,24.9435779],[102.2290599,24.9433882],[102.2290009,24.9432034],[102.2288561,24.9432083],[102.2285718,24.9432083],[102.2284538,24.943111],[102.2284591,24.9428337],[102.2289687,24.9405038],[102.2287166,24.9404065],[102.2287703,24.9401585],[102.2287434,24.9399007],[102.2286844,24.9396769],[102.2286147,24.9394532],[102.2281051,24.9390737],[102.2272628,24.9387041],[102.2269142,24.9386019],[102.2251224,24.9386651],[102.225337,24.9383441],[102.2257554,24.9377701],[102.2257662,24.9373226],[102.2263133,24.9355958],[102.2264153,24.9354207],[102.2260988,24.935192],[102.2260076,24.9349829],[102.225911,24.9345937],[102.2255999,24.9342386],[102.2244787,24.9333971],[102.2240817,24.9329155],[102.2240281,24.9327209],[102.2229659,24.9315972],[102.2225904,24.9313637],[102.2224671,24.9310135],[102.2224992,24.930887],[102.2222364,24.9305951],[102.2215766,24.9295541],[102.221244,24.9293644],[102.2217053,24.9288439],[102.2184008,24.9240035],[102.2182506,24.9232737],[102.2187656,24.9228116],[102.2189534,24.9223835],[102.2199136,24.9213181],[102.2199941,24.9208608],[102.2207397,24.9202672],[102.2212654,24.9195278],[102.2217429,24.9187299],[102.2216463,24.9182239],[102.2212172,24.9176644],[102.2211742,24.9167936],[102.2213834,24.9165066],[102.2217429,24.9164384],[102.2223115,24.9160346],[102.2235078,24.9147794],[102.2233415,24.9145897],[102.2232503,24.9144097],[102.223438,24.9143124],[102.2238994,24.9142832],[102.2240817,24.914181],[102.2246236,24.9125949],[102.22597,24.913461],[102.2264206,24.913714],[102.226721,24.913568],[102.227,24.9134512],[102.2279119,24.9134123],[102.2285235,24.9137237],[102.2294462,24.9137821],[102.2301221,24.9132955],[102.2316563,24.9132177],[102.2321176,24.9138891],[102.2325253,24.9140545],[102.2338343,24.9140934],[102.2345209,24.9140156],[102.2352934,24.9140642],[102.2355616,24.9143367],[102.236098,24.9143367],[102.2369671,24.9141421],[102.238394,24.9141713],[102.2393381,24.9154557],[102.2422671,24.9170514],[102.2432113,24.9195034],[102.2438121,24.9200775],[102.2446275,24.9205153],[102.2466338,24.9211381],[102.2480607,24.9218873],[102.2489297,24.9229478],[102.2500992,24.9236775],[102.2507965,24.9233662],[102.2517192,24.9233759],[102.2536719,24.9236386],[102.2614074,24.9240083],[102.2619545,24.9228116],[102.262094,24.9217316],[102.2619438,24.9210602],[102.2621369,24.9202818],[102.2637033,24.9182774],[102.26439,24.9174017],[102.2642827,24.9167985],[102.2633761,24.9155481],[102.2626197,24.9147648],[102.2623783,24.9141178],[102.2622549,24.913242],[102.2622603,24.9129598],[102.26152,24.9127214],[102.2612089,24.9127409],[102.2596961,24.9121619],[102.2582906,24.911111],[102.257899,24.9101769],[102.2577757,24.9092865],[102.2577167,24.9066446],[102.2580224,24.9057688],[102.2582906,24.905326],[102.2588754,24.9047957],[102.2592455,24.904314],[102.2593796,24.9033701],[102.2592471,24.9028697],[102.2591168,24.9023775],[102.2590363,24.9011367],[102.2592938,24.9005723],[102.2594172,24.8996721],[102.2592241,24.8992099],[102.2592992,24.8982805],[102.2595245,24.8978766],[102.2606993,24.8966894],[102.2613645,24.8956918],[102.2611499,24.8942223],[102.2608656,24.8935849],[102.2610104,24.8923538],[102.2623515,24.8894244],[102.2630047,24.8890505],[102.2631508,24.8889669],[102.2635056,24.8888417],[102.2638527,24.8887193],[102.2645992,24.888456],[102.2650981,24.8884317],[102.2660851,24.8885728],[102.2666216,24.8883879],[102.2665304,24.8881786],[102.2669059,24.8875606],[102.2673029,24.8872394],[102.2675013,24.8864706],[102.2680056,24.8856482],[102.2686773,24.885432],[102.2696948,24.8851046],[102.2708487,24.8847333],[102.271353,24.8842223],[102.2722864,24.8836967],[102.2725546,24.8835118],[102.2735631,24.8821735],[102.2744054,24.8823974],[102.2751939,24.8823925],[102.275232,24.8824032],[102.2764063,24.8827332],[102.2765008,24.8827886],[102.2768109,24.8829702],[102.2769213,24.8830349],[102.2776494,24.8835824],[102.2782999,24.8840715],[102.2797171,24.8839128],[102.280038,24.8838768],[102.2811055,24.8841055],[102.281937,24.883979],[102.2824305,24.8843634],[102.2828811,24.8850983],[102.2834272,24.8846326],[102.2843134,24.8838768],[102.2852468,24.882884],[102.2854302,24.8828242],[102.2862871,24.8825449],[102.286486,24.8824801],[102.2872317,24.8819108],[102.2886211,24.8816382],[102.2892755,24.8817453],[102.2899139,24.8822806],[102.2900421,24.8822431],[102.291078,24.88194],[102.2911704,24.8817838],[102.2912335,24.8816772],[102.2911477,24.8814387],[102.2899997,24.8797549],[102.2896725,24.8790395],[102.2896517,24.8786541],[102.2896349,24.8783436],[102.2899997,24.8763482],[102.2898012,24.8753603],[102.2894365,24.8750391],[102.2891521,24.8750634],[102.2882187,24.8737786],[102.2877628,24.8721385],[102.2874838,24.871681],[102.2869635,24.87117],[102.2869742,24.8702453],[102.2879773,24.8692037],[102.2882831,24.8680551],[102.2884816,24.8679529],[102.2887874,24.8680259],[102.2889751,24.8680308],[102.2890985,24.8679772],[102.2890341,24.8676998],[102.2890073,24.8674613],[102.2891521,24.8673689],[102.2892648,24.8673883],[102.2893131,24.8675149],[102.2892863,24.8676804],[102.2892863,24.8678166],[102.2893506,24.8679432],[102.2894525,24.8679675],[102.2901714,24.8679772],[102.2903269,24.8680113],[102.2904396,24.8679675],[102.2903001,24.8676998],[102.2903109,24.8674905],[102.2904235,24.8671693],[102.290563,24.8668968],[102.290445,24.866449],[102.2905254,24.8662932],[102.2906308,24.8662437],[102.2906703,24.8662251],[102.2908688,24.8662348],[102.2909331,24.8663127],[102.2909331,24.8664977],[102.2910082,24.8666193],[102.2911155,24.8667118],[102.2913194,24.8665853],[102.2914213,24.8663419],[102.2914857,24.8661813],[102.2913998,24.8660402],[102.2913516,24.8659477],[102.2914427,24.8658844],[102.291829,24.8659087],[102.2923815,24.8658309],[102.2926551,24.8661667],[102.2927999,24.8661618],[102.2928956,24.8661184],[102.2931218,24.8660158],[102.2933045,24.8659472],[102.2934329,24.865899],[102.2934329,24.8657627],[102.2934544,24.8656216],[102.2935885,24.8656119],[102.2937173,24.8656849],[102.2939318,24.8657481],[102.2942752,24.8657481],[102.2944254,24.8657384],[102.2945487,24.8656119],[102.2946185,24.8654707],[102.2947472,24.8654415],[102.2949189,24.8654415],[102.2951066,24.8654074],[102.2952247,24.8653344],[102.2952193,24.8651592],[102.2951174,24.8646871],[102.2950476,24.8644632],[102.2942644,24.8644827],[102.2940177,24.8644097],[102.2932827,24.863115],[102.2929609,24.8627354],[102.2925532,24.8624823],[102.2919685,24.8614845],[102.2916949,24.8614115],[102.2900319,24.8613969],[102.2896618,24.8614261],[102.2892809,24.8613871],[102.2886962,24.861207],[102.2881222,24.8607982],[102.28787,24.8604283],[102.2878182,24.8603769],[102.287752,24.8603114],[102.2877091,24.8598734],[102.2875944,24.8597382],[102.2873872,24.8594937],[102.286647,24.8582282],[102.2871244,24.8577463],[102.2885299,24.8571428],[102.2889107,24.8564078],[102.2899514,24.8556387],[102.290858,24.8548989],[102.29258,24.8544803],[102.293846,24.8536674],[102.2939694,24.8531611],[102.294501,24.852826],[102.2950315,24.852762],[102.29523,24.8524651],[102.2957396,24.8520903],[102.2948867,24.850406],[102.2946131,24.8491015],[102.2942269,24.8481669],[102.2936851,24.8464388],[102.2933686,24.8461029],[102.2930306,24.8448665],[102.2930038,24.8443456],[102.2932023,24.8436835],[102.2932398,24.8431773],[102.2931701,24.842598],[102.2931647,24.8416438],[102.2935671,24.840826],[102.2940338,24.8402905],[102.2946882,24.8389372],[102.2948384,24.8376082],[102.2941171,24.8371772],[102.2939962,24.8369753],[102.2940069,24.8367027],[102.2946882,24.8351302],[102.2946882,24.8349988],[102.2946562,24.8348077],[102.2942698,24.8347602],[102.2933739,24.8348332],[102.2921938,24.8338401],[102.2921508,24.8336989],[102.2921884,24.8334019],[102.2923654,24.8331585],[102.2922957,24.8328031],[102.2921106,24.8325439],[102.2911692,24.8320923],[102.2909276,24.8318773],[102.2906771,24.8307406],[102.2893932,24.8296039],[102.2885674,24.8293952],[102.2882456,24.8292394],[102.2880685,24.8290495],[102.2878861,24.8288256],[102.2878057,24.8285773],[102.2877949,24.8283923],[102.2878379,24.8282267],[102.287913,24.8280369],[102.28787,24.8277983],[102.2869581,24.8272287],[102.2873175,24.8264838],[102.2876072,24.8262939],[102.2879773,24.8262355],[102.2882402,24.8260748],[102.2887284,24.8261576],[102.2889483,24.8262695],[102.2895652,24.8260797],[102.2895491,24.8259093],[102.2896618,24.825734],[102.2898763,24.8256804],[102.2902518,24.8257048],[102.2903484,24.8254029],[102.2902358,24.8251254],[102.2902465,24.824994],[102.290386,24.8247359],[102.2907186,24.8246337],[102.2909385,24.8245363],[102.2911531,24.8244048],[102.2912443,24.8242831],[102.2911799,24.8240592],[102.2911584,24.8239131],[102.2913194,24.8237427],[102.2913837,24.8235625],[102.2913784,24.8233337],[102.2915339,24.8232802],[102.291711,24.8231487],[102.2916144,24.8228809],[102.2919953,24.8224914],[102.2920972,24.8222431],[102.292521,24.8220191],[102.2924083,24.8215322],[102.2927302,24.8213521],[102.2931164,24.821245],[102.2934276,24.8212839],[102.2944844,24.8210015],[102.2950959,24.8208019],[102.2955519,24.8205633],[102.2956109,24.8202469],[102.2954929,24.8199693],[102.2952408,24.8198427],[102.2949564,24.8196236],[102.294935,24.8194484],[102.2952783,24.8192585],[102.2953856,24.8190686],[102.2953105,24.8188592],[102.2953749,24.8184892],[102.2952461,24.8181337],[102.2950852,24.8175592],[102.2950906,24.817009],[102.295289,24.816415],[102.2957396,24.8162056],[102.2961795,24.8159183],[102.2961742,24.815149],[102.2958577,24.8147741],[102.2953051,24.8144138],[102.2951174,24.8139366],[102.2950637,24.8136152],[102.2952729,24.8130261],[102.2957236,24.8125586],[102.2959864,24.8123298],[102.2941089,24.8094472],[102.2940284,24.8091842],[102.2942752,24.808449],[102.2944415,24.8081909],[102.2947741,24.8079571],[102.2950691,24.8075043],[102.2952461,24.8070904],[102.295686,24.8068956],[102.2958684,24.8066083],[102.2965389,24.8060386],[102.2966516,24.8058292],[102.2960615,24.8053617],[102.2945648,24.8047141],[102.292403,24.8048456],[102.2888356,24.804831],[102.2861266,24.8042077],[102.2837824,24.8040324],[102.2837851,24.8039856],[102.2837931,24.8038473],[102.2842598,24.8034188],[102.2849357,24.8030731],[102.2850966,24.8028247],[102.2851476,24.8026567],[102.2850484,24.8024887],[102.2846836,24.8024108],[102.2845906,24.8023201],[102.2845039,24.8022355],[102.284587,24.8019579],[102.2848526,24.8018946],[102.2852737,24.8018751],[102.2854668,24.8016998],[102.2854453,24.801281],[102.2853541,24.8008963],[102.2845924,24.8002974],[102.2843456,24.7994695],[102.2842635,24.7994159],[102.2840023,24.7992455],[102.2839599,24.7990123],[102.2839558,24.7989724],[102.2839326,24.7987439],[102.2836912,24.7985248],[102.2836643,24.798218],[102.2839272,24.7980914],[102.2844261,24.7979258],[102.2845817,24.797434],[102.2850537,24.7971174],[102.2853327,24.7968496],[102.2853673,24.7964454],[102.2853756,24.796348],[102.2854882,24.7958707],[102.2854346,24.7955591],[102.2852522,24.7952864],[102.2848445,24.7950623],[102.2844475,24.794999],[102.2843456,24.7948335],[102.2844422,24.7945169],[102.2846836,24.7943465],[102.2851074,24.7941127],[102.2850698,24.7938449],[102.284292,24.7931825],[102.2840023,24.792754],[102.2841364,24.7925787],[102.2848552,24.7927102],[102.2850269,24.7925982],[102.2852147,24.7921063],[102.2854775,24.7919602],[102.2861481,24.7918628],[102.2863626,24.7918482],[102.286545,24.7917216],[102.2865343,24.7913904],[102.2864163,24.7910105],[102.2859549,24.7905284],[102.2855419,24.790543],[102.2851127,24.7902118],[102.285043,24.7899391],[102.2855097,24.7891696],[102.2855741,24.7885998],[102.2858208,24.7882638],[102.2859442,24.7875966],[102.2858959,24.787392],[102.2862232,24.7868368],[102.2863519,24.7864716],[102.2862071,24.7861501],[102.2866416,24.7852248],[102.2868347,24.7850251],[102.2868776,24.7846403],[102.2867435,24.7841728],[102.2865236,24.7839731],[102.2865719,24.7828237],[102.2876447,24.781986],[102.2884065,24.7817473],[102.2890878,24.7813041],[102.2894472,24.7804226],[102.2896457,24.7801206],[102.2901553,24.7801742],[102.2903752,24.7804128],[102.2905791,24.7804177],[102.2906756,24.7802278],[102.2907507,24.7799794],[102.291652,24.77939],[102.2919953,24.7792293],[102.2924191,24.7791855],[102.2931594,24.7788494],[102.2939318,24.7782601],[102.293964,24.777622],[102.2938031,24.7774175],[102.2936529,24.7770911],[102.2938085,24.7766577],[102.2941786,24.7764287],[102.2941625,24.7761414],[102.2939211,24.7756202],[102.2934651,24.7752111],[102.2930521,24.7751283],[102.2923922,24.7747727],[102.2923654,24.774159],[102.2914427,24.7735015],[102.290976,24.7730339],[102.290799,24.7721474],[102.289989,24.7715093],[102.2900534,24.7709686],[102.2911209,24.7704085],[102.291255,24.770087],[102.2910887,24.7696194],[102.2913355,24.7691177],[102.2913033,24.7687134],[102.2907668,24.7681679],[102.2906166,24.7677344],[102.2906059,24.7668479],[102.2910243,24.7663948],[102.2912335,24.7663461],[102.2914374,24.7657226],[102.2908527,24.7651966],[102.2905308,24.7648556],[102.2905469,24.7645731],[102.2909439,24.7641688],[102.2913247,24.7634722],[102.2915018,24.7633456],[102.2915983,24.7629023],[102.2914857,24.7623811],[102.2911799,24.761816],[102.290976,24.7615091],[102.2909653,24.7612217],[102.2912389,24.7609928],[102.2919148,24.7606031],[102.2927141,24.7602913],[102.2935939,24.7597165],[102.2938943,24.758864],[102.294935,24.7581187],[102.2960079,24.7571055],[102.2967696,24.7565453],[102.2980303,24.7557561],[102.2979927,24.7554346],[102.2983789,24.7552154],[102.2985345,24.7548987],[102.2985291,24.7540803],[102.2993338,24.7535055],[102.299424,24.7534091],[102.2998166,24.7529891],[102.2980249,24.7521999],[102.2978425,24.7520538],[102.2974884,24.751742],[102.2971773,24.751703],[102.2967052,24.7515568],[102.296201,24.7511671],[102.295922,24.7508261],[102.2956645,24.7505241],[102.2954178,24.7502415],[102.2951925,24.7499784],[102.2947955,24.7497933],[102.2942912,24.7494718],[102.2934222,24.7493256],[102.2931218,24.7475036],[102.2932506,24.7467046],[102.293551,24.745701],[102.2949564,24.7437231],[102.2950423,24.7417645],[102.2944415,24.7411117],[102.293154,24.7401958],[102.2921133,24.7396598],[102.2919953,24.739309],[102.2925746,24.7386659],[102.2928536,24.7377305],[102.2924244,24.7370971],[102.2921455,24.736912],[102.291947,24.7359521],[102.2920489,24.7353577],[102.2926122,24.7339935],[102.2923762,24.7333503],[102.2920328,24.7329021],[102.2915286,24.7324928],[102.2913891,24.7319569],[102.2913516,24.7307631],[102.2918451,24.7299982],[102.2920167,24.7292527],[102.292065,24.7283464],[102.291888,24.7274888],[102.2914588,24.727177],[102.2908473,24.7265582],[102.2900909,24.7253595],[102.290107,24.7234738],[102.2904289,24.7221581],[102.2903001,24.7219048],[102.2898495,24.7217196],[102.2897637,24.7215149],[102.2898817,24.7208328],[102.2902411,24.7202139],[102.2903377,24.7189616],[102.2907078,24.7186546],[102.2907025,24.7183232],[102.2905469,24.7182355],[102.2903913,24.7178164],[102.2892594,24.7166274],[102.2890073,24.7162571],[102.2889215,24.7156967],[102.2886318,24.7152728],[102.2876233,24.7148732],[102.2876038,24.714839],[102.2871298,24.7140058],[102.286309,24.7132748],[102.2857672,24.7130799],[102.285499,24.7127241],[102.2854614,24.7121442],[102.2865021,24.7110283],[102.2874945,24.7103509],[102.2876608,24.7100829],[102.2878486,24.7100147],[102.2881222,24.7100829],[102.2885621,24.7100634],[102.2889912,24.7099757],[102.2905523,24.7085039],[102.2913623,24.7082457],[102.2921294,24.7081677],[102.293213,24.7081774],[102.2933578,24.7080361],[102.2934008,24.7076999],[102.293272,24.7073441],[102.2931969,24.7066228],[102.2932184,24.704883],[102.2940659,24.7015447],[102.2940338,24.7011938],[102.2937333,24.7010379],[102.2937977,24.7006675],[102.2932076,24.7004238],[102.2921884,24.700531],[102.2916198,24.7007259],[102.2909331,24.700648],[102.2905308,24.7005164],[102.2900695,24.700492],[102.2893989,24.7003019],[102.2890234,24.6999852],[102.2884655,24.6993516],[102.2881061,24.6991225],[102.2871727,24.6991566],[102.2868079,24.6989422],[102.2865933,24.6974362],[102.2865987,24.6969001],[102.2863305,24.6966028],[102.2862071,24.6956427],[102.2855043,24.6951309],[102.2852898,24.6950627],[102.2847962,24.694819],[102.2848016,24.6946728],[102.2850805,24.6943316],[102.2851074,24.6940538],[102.2848767,24.6936395],[102.2844046,24.6931619],[102.2816956,24.6912123],[102.2814166,24.6908175],[102.2814006,24.6904617],[102.2811604,24.6899033],[102.280966,24.6895064],[102.280376,24.6886242],[102.2803974,24.6884049],[102.281068,24.6882587],[102.2820818,24.6875276],[102.2825378,24.6872254],[102.2828811,24.6861774],[102.2829348,24.6844032],[102.2833157,24.6837549],[102.283262,24.6832919],[102.2827256,24.6824291],[102.282629,24.6819563],[102.2826558,24.6817126],[102.2828275,24.6812008],[102.2831601,24.680572],[102.2832352,24.6800748],[102.2832352,24.679602],[102.2834498,24.6781836],[102.2836965,24.6776327],[102.2842061,24.6772038],[102.2847426,24.6764726],[102.2848928,24.676068],[102.2849625,24.6754782],[102.2850698,24.6750395],[102.2851825,24.6732846],[102.2852415,24.6727728],[102.2855365,24.6723535],[102.2856063,24.6718027],[102.2857565,24.6703062],[102.2863036,24.6695457],[102.2869474,24.6689997],[102.2871619,24.6688681],[102.2872156,24.6676201],[102.2885138,24.6660114],[102.2888464,24.6654752],[102.2891843,24.6642515],[102.2895437,24.6639932],[102.2901714,24.6636373],[102.2904181,24.6633155],[102.2904289,24.6630864],[102.2899997,24.6627159],[102.2895598,24.6624283],[102.2893453,24.6620773],[102.288959,24.6614874],[102.2883582,24.6611851],[102.2880202,24.6606976],[102.2876823,24.6604636],[102.2862017,24.6610047],[102.2855955,24.6609657],[102.2848445,24.6608195],[102.2840828,24.6604685],[102.2832674,24.6601223],[102.2828704,24.6596982],[102.2815508,24.6588889],[102.2812879,24.6588353],[102.2809768,24.6588353],[102.2806174,24.6586695],[102.2800112,24.6579139],[102.2792226,24.6571094],[102.2786701,24.6569632],[102.2745287,24.6542866],[102.2744697,24.6539112],[102.2744107,24.6537601],[102.2741747,24.6536431],[102.2736865,24.6535943],[102.2732773,24.6535355],[102.273075,24.6535065],[102.2729677,24.6537308],[102.2730803,24.6542135],[102.2731447,24.6544231],[102.2731179,24.6551349],[102.2727585,24.6552471],[102.2720987,24.6558419],[102.2719431,24.656227],[102.2718626,24.6569144],[102.2716588,24.6575531],[102.2715032,24.6577286],[102.2710687,24.6579382],[102.2708219,24.6581089],[102.2707415,24.6584258],[102.2707361,24.6587134],[102.2706127,24.6588889],[102.2703659,24.6589913],[102.2702211,24.658884],[102.2700816,24.6585525],[102.2690785,24.6573337],[102.269057,24.6570753],[102.2693628,24.6564561],[102.2689766,24.6555055],[102.268644,24.6552324],[102.2674906,24.6548375],[102.2671688,24.654506],[102.2676301,24.6541257],[102.2679949,24.6539356],[102.2682255,24.6524339],[102.2685313,24.6513321],[102.2690839,24.6502497],[102.2695345,24.6497426],[102.2700334,24.6496013],[102.2704571,24.64965],[102.2705805,24.6496695],[102.2712296,24.6493916],[102.2715515,24.6494062],[102.2719806,24.6493477],[102.2731233,24.6486846],[102.2731394,24.6469294],[102.2736973,24.6460518],[102.2738689,24.6453204],[102.2738367,24.6439016],[102.2738743,24.642785],[102.2740352,24.6422974],[102.2744322,24.6417854],[102.2754139,24.6408932],[102.2760898,24.6404592],[102.2768891,24.6397327],[102.278139,24.6390159],[102.2795284,24.6386892],[102.2796518,24.6385381],[102.2796732,24.638343],[102.2785574,24.6377579],[102.279759,24.6363048],[102.2803867,24.636061],[102.2806281,24.6357343],[102.2807729,24.6353442],[102.280671,24.6350858],[102.2805047,24.6349249],[102.2804028,24.6346713],[102.2810948,24.6341106],[102.2821516,24.6334328],[102.2824627,24.6319553],[102.2826719,24.629678],[102.2835463,24.6296683],[102.2856921,24.628576],[102.2864485,24.6280152],[102.2887552,24.6252063],[102.2886962,24.6250503],[102.287634,24.6243285],[102.2872209,24.6236946],[102.2872585,24.6230752],[102.2878861,24.6222852],[102.2881114,24.6213587],[102.2880256,24.6210466],[102.2876555,24.6208027],[102.2875696,24.6206028],[102.2875267,24.6202126],[102.2877359,24.619486],[102.2881275,24.6191056],[102.2892004,24.6184131],[102.289533,24.6179108],[102.2896564,24.6169988],[102.2896296,24.6165745],[102.2899353,24.6154333],[102.2898227,24.6148579],[102.2892058,24.6136289],[102.2887659,24.6131363],[102.2886157,24.6128095],[102.2885835,24.6122145],[102.2886372,24.6112538],[102.2890717,24.6102735],[102.2893506,24.609893],[102.2894579,24.6091224],[102.2899568,24.6087908],[102.2901392,24.6079519],[102.2899568,24.6075715],[102.2900855,24.6073715],[102.2899783,24.6072398],[102.2896725,24.6072057],[102.2896618,24.6071033],[102.2898441,24.6067716],[102.2899622,24.6065668],[102.2899783,24.6064058],[102.2899032,24.6061327],[102.2897744,24.6059669],[102.2893238,24.6055865],[102.288841,24.6054011],[102.2883475,24.6048744],[102.2883528,24.6041184],[102.2888195,24.6037331],[102.2902948,24.6033429],[102.29074,24.6027429],[102.2908258,24.6020894],[102.2918183,24.6009968],[102.2922903,24.6000164],[102.292403,24.5995677],[102.292403,24.5990214],[102.2930521,24.5975435],[102.2941357,24.5961241],[102.2951281,24.5948218],[102.2953963,24.5942364],[102.2953963,24.5935926],[102.2952247,24.593056],[102.2948652,24.5927048],[102.293964,24.5921634],[102.2935724,24.5916658],[102.2936207,24.5911293],[102.2943932,24.5891293],[102.2943771,24.5887489],[102.2942162,24.5883733],[102.2939426,24.5880708],[102.2938299,24.5877001],[102.2946346,24.5863977],[102.2950208,24.585222],[102.295053,24.5842757],[102.2952193,24.5835635],[102.2952247,24.5833586],[102.2950637,24.5832318],[102.2947311,24.5831001],[102.2939479,24.5830415],[102.2935724,24.5828366],[102.2934329,24.5825732],[102.2933149,24.5820805],[102.2931915,24.5819],[102.2929877,24.5817439],[102.2924513,24.5815683],[102.2920167,24.5815537],[102.2916466,24.5814073],[102.2917807,24.5810073],[102.2926229,24.5804073],[102.292757,24.5799097],[102.2927999,24.579095],[102.2926658,24.5788072],[102.2926766,24.578534],[102.292816,24.5781535],[102.2931433,24.5779047],[102.2933686,24.577573],[102.2932988,24.5773339],[102.2928911,24.5769632],[102.2920328,24.5763826],[102.2914159,24.5760265],[102.2909921,24.5758948],[102.2903699,24.5756021],[102.2900265,24.5755289],[102.2889215,24.5748898],[102.2868133,24.5731189],[102.2860086,24.5727286],[102.2857457,24.5719773],[102.2856438,24.5703283],[102.2855151,24.5697331],[102.2850645,24.5686354],[102.2844368,24.5677036],[102.2832996,24.5669815],[102.2825056,24.5661326],[102.282511,24.5658838],[102.2829294,24.5648641],[102.2830582,24.5638005],[102.2829187,24.5635126],[102.2825217,24.5632248],[102.2820926,24.5631467],[102.2819477,24.563176],[102.2813684,24.5637078],[102.2810894,24.5638151],[102.2808587,24.5637371],[102.2805905,24.5635419],[102.2804457,24.5632053],[102.2804564,24.562893],[102.2804403,24.562532],[102.2802204,24.5621612],[102.2793996,24.561644],[102.2789597,24.5611024],[102.278949,24.5606682],[102.2790778,24.5603266],[102.2790402,24.5599949],[102.2786915,24.5594386],[102.2781765,24.559041],[102.2758041,24.5589934],[102.2753039,24.5588471],[102.2750625,24.5585555],[102.2744697,24.5579359],[102.2743088,24.5576578],[102.2740191,24.5574528],[102.2736758,24.5573406],[102.2732145,24.557404],[102.2730428,24.5576334],[102.2729623,24.5582872],[102.2730321,24.5588775],[102.2726834,24.560512],[102.2722006,24.5620928],[102.2717178,24.5629955],[102.2711706,24.5633028],[102.2707039,24.5633223],[102.2705698,24.5632833],[102.2702265,24.5631223],[102.2700387,24.5631174],[102.269749,24.5632589],[102.2694164,24.5632687],[102.269159,24.5631711],[102.2689819,24.5628442],[102.2691321,24.562249],[102.2694057,24.5620148],[102.269336,24.5618099],[102.2690088,24.5616586],[102.2686815,24.5617708],[102.2683704,24.5620001],[102.2681183,24.5622441],[102.2672814,24.5622148],[102.2670025,24.562088],[102.2667718,24.5620636],[102.2660637,24.5622441],[102.2656506,24.5624978],[102.2654468,24.5625515],[102.2652644,24.5623953],[102.2651839,24.5621953],[102.2648674,24.5618587],[102.2647172,24.5617464],[102.2644812,24.5616879],[102.2642666,24.5618928],[102.2639233,24.5621855],[102.2636604,24.5622782],[102.2635102,24.5622441],[102.2633922,24.5621514],[102.2634244,24.5619172],[102.2643793,24.5602876],[102.2645187,24.5597802],[102.2646046,24.5586775],[102.2641218,24.5580042],[102.2646689,24.5571064],[102.2650659,24.5566575],[102.2672009,24.5565697],[102.267319,24.555789],[102.2673726,24.5552913],[102.2671902,24.5543838],[102.2648191,24.553525],[102.2644544,24.5522759],[102.2645509,24.5518465],[102.2649372,24.551505],[102.2648728,24.5511634],[102.2643578,24.550695],[102.2626305,24.5496313],[102.2619545,24.5493971],[102.2608387,24.5493775],[102.2595084,24.5500802],[102.2589612,24.5504901],[102.2584891,24.5506755],[102.2568369,24.5503242],[102.256751,24.5497972],[102.255367,24.5477868],[102.2551739,24.5476404],[102.2542512,24.5475331],[102.2534466,24.5471622],[102.2533822,24.5465962],[102.2530496,24.545913],[102.2523844,24.545835],[102.250936,24.5458838],[102.2502708,24.5455422],[102.2501635,24.5441173],[102.2503888,24.5434439],[102.2506785,24.5431999],[102.251451,24.5394132],[102.2514188,24.5374417],[102.2520625,24.5368757],[102.2518372,24.5366121],[102.2509682,24.5363584],[102.2504854,24.5357728],[102.2502065,24.5354312],[102.2497558,24.5353531],[102.2488761,24.535314],[102.247889,24.5346699],[102.2472668,24.5346113],[102.2468483,24.5348358],[102.2464836,24.5349041],[102.2458076,24.5350212],[102.2446811,24.5353043],[102.2445524,24.5351676],[102.2443914,24.5345918],[102.2436833,24.5334303],[102.2432756,24.5328642],[102.2430932,24.532386],[102.2429109,24.5318004],[102.2426104,24.531205],[102.2420096,24.5307462],[102.2412908,24.5305218],[102.2410226,24.5300825],[102.2400677,24.5305315],[102.2391879,24.5309024],[102.2380185,24.5312343],[102.2366881,24.5311757],[102.2345424,24.5307853],[102.2341776,24.531244],[102.233448,24.5306974],[102.2332442,24.5305608],[102.2329652,24.5305169],[102.2327506,24.530268],[102.2323215,24.5299703],[102.2318333,24.5299068],[102.2308624,24.5298141],[102.2305566,24.5299215],[102.230401,24.5299898],[102.230342,24.5301997],[102.2301221,24.5304046],[102.2301221,24.5306389],[102.2300684,24.530673],[102.2298753,24.530673],[102.2297251,24.5305413],[102.2297841,24.5303851],[102.2296715,24.5303021],[102.2294462,24.5303656],[102.2293121,24.5301899],[102.2293711,24.5300044],[102.2293496,24.5297751],[102.2291458,24.5295506],[102.2287703,24.5294188],[102.2284752,24.5295164],[102.2282177,24.5294676],[102.2281051,24.5294481],[102.2279388,24.5295359],[102.2278047,24.5295701],[102.2275847,24.5295067],[102.2275042,24.5293651],[102.2273272,24.5290723],[102.2269356,24.5288283],[102.2269142,24.5287258],[102.2270322,24.5286721],[102.2272307,24.5286477],[102.2273058,24.5285745],[102.2273165,24.5284818],[102.2272628,24.5283842],[102.2268712,24.5281011],[102.2268015,24.5279694],[102.2267425,24.5277644],[102.2266084,24.5275838],[102.2265708,24.5274276],[102.2265494,24.5272178],[102.2263777,24.5270323],[102.2262168,24.5266858],[102.2260773,24.5267639],[102.2258788,24.5267493],[102.2257447,24.5266712],[102.2257501,24.5265541],[102.2258466,24.5264077],[102.2258413,24.526188],[102.2258252,24.5259635],[102.2260237,24.5255682],[102.2260827,24.5254609],[102.2260666,24.5252315],[102.2259217,24.5251729],[102.2257823,24.5251583],[102.2255892,24.5250802],[102.2255516,24.524924],[102.225616,24.5246849],[102.2256428,24.5245677],[102.2254765,24.5244262],[102.2250688,24.5242554],[102.224822,24.5241431],[102.224645,24.5239723],[102.2245055,24.5238015],[102.2240549,24.5236502],[102.2237867,24.5234843],[102.2236741,24.5234208],[102.2233468,24.523289],[102.2231913,24.5228888],[102.2227567,24.5225911],[102.2226816,24.5223959],[102.2226334,24.5221226],[102.222569,24.5218444],[102.2222257,24.5215809],[102.2221988,24.52141],[102.2222578,24.5213173],[102.2223544,24.5212051],[102.2223008,24.5210245],[102.2222418,24.5208439],[102.2223383,24.5207853],[102.2224027,24.5206779],[102.2224027,24.5205559],[102.2222954,24.520473],[102.2220272,24.52039],[102.2218341,24.5203607],[102.2216999,24.5202338],[102.2215819,24.5200044],[102.221303,24.5197165],[102.2211313,24.5196677],[102.220965,24.5199166],[102.2208899,24.520473],[102.2208792,24.5208634],[102.2204232,24.52141],[102.2195595,24.5219615],[102.2189802,24.5222446],[102.2187817,24.5221372],[102.2187334,24.5219176],[102.2189212,24.5214198],[102.2188675,24.520839],[102.2188085,24.5198043],[102.218653,24.5189844],[102.2184437,24.5187989],[102.2182667,24.5186964],[102.2181755,24.5185256],[102.2181755,24.5183157],[102.2179717,24.5182083],[102.2173279,24.5178374],[102.216652,24.5175934],[102.2165447,24.5174811],[102.2164106,24.5172273],[102.2162551,24.5171541],[102.2160834,24.517242],[102.216019,24.517525],[102.2157615,24.5175006],[102.2156596,24.5172517],[102.2156221,24.5169198],[102.2155523,24.5167539],[102.2151822,24.5165294],[102.2149408,24.5164561],[102.2143453,24.5164122],[102.2142595,24.5162951],[102.2142005,24.5160364],[102.2140825,24.515929],[102.2135889,24.5160071],[102.2132242,24.5161194],[102.2129774,24.5159925],[102.2127628,24.5160803],[102.2125536,24.516217],[102.2122478,24.5168759],[102.2122425,24.5171443],[102.212221,24.5175836],[102.2124678,24.5181254],[102.2128272,24.5187452],[102.2131383,24.5190332],[102.2135031,24.5196774],[102.2136587,24.5202875],[102.2135192,24.5204339],[102.2132564,24.5204388],[102.2125643,24.519941],[102.2120225,24.5193407],[102.211808,24.5188135],[102.2116631,24.5179789],[102.2115719,24.517691],[102.2115344,24.5169442],[102.2113627,24.5162756],[102.2111213,24.5157728],[102.2109175,24.5155727],[102.2102791,24.515031],[102.2102469,24.5136106],[102.2102684,24.5128736],[102.2103059,24.5124148],[102.2105902,24.5117656],[102.2110355,24.5110579],[102.2116095,24.5104575],[102.2114861,24.5102428],[102.211116,24.5100622],[102.2108155,24.5098865],[102.2106063,24.5096375],[102.2106171,24.5094716],[102.2106439,24.509247],[102.21044,24.5090762],[102.2103542,24.5090274],[102.2101504,24.5090567],[102.2098178,24.5089883],[102.2097105,24.5088077],[102.2095013,24.5087296],[102.2093511,24.5087687],[102.2089863,24.5088614],[102.208643,24.5088273],[102.2082943,24.5092129],[102.2077203,24.509618],[102.2071248,24.5095936],[102.2039652,24.5101305],[102.2030103,24.5099743],[102.2028065,24.5098279],[102.2023666,24.5095741],[102.201916,24.5096326],[102.2012508,24.5096815],[102.2003603,24.5098084],[102.1998775,24.5102281],[102.1989334,24.5113117],[102.1988368,24.5121512],[102.1984184,24.5129712],[102.1979141,24.5137034],[102.1967554,24.5140743],[102.1964228,24.5140646],[102.1957362,24.5129712],[102.195543,24.5121122],[102.1956611,24.5114484],[102.195543,24.5108919],[102.1955109,24.5101988],[102.1955109,24.5099255],[102.1959078,24.5092714],[102.196809,24.5080902],[102.1972167,24.5069676],[102.1978819,24.5051518],[102.1986115,24.5045367],[102.1992338,24.5034336],[102.200768,24.5017056],[102.2008967,24.501481],[102.2007465,24.5012077],[102.2000062,24.5005829],[102.1997166,24.5000557],[102.1992552,24.498435],[102.1993089,24.4979469],[102.1995878,24.4969706],[102.2002208,24.495965],[102.2011971,24.4936804],[102.2020233,24.4938366],[102.2026241,24.4938757],[102.2032678,24.4937487],[102.203536,24.4934851],[102.2030103,24.492128],[102.2027421,24.4913372],[102.2025919,24.4903901],[102.2026241,24.4888279],[102.2021735,24.488164],[102.202152,24.4879687],[102.20227,24.4876758],[102.2028065,24.4873829],[102.2038901,24.4852641],[102.2037291,24.4847466],[102.2039437,24.4841022],[102.2054672,24.4831454],[102.2068405,24.4824521],[102.2075271,24.4829305],[102.208879,24.483614],[102.2107243,24.4844928],[102.2119367,24.485313],[102.2131705,24.486387],[102.2134709,24.4866409],[102.2138035,24.485684],[102.2141147,24.4852348],[102.2146296,24.4847466],[102.215606,24.4842975],[102.2172582,24.4831844],[102.2181165,24.4828329],[102.2187924,24.4827352],[102.2196185,24.48254],[102.2210669,24.4811925],[102.2226012,24.4792103],[102.2245109,24.4765837],[102.2258735,24.4744745],[102.2271395,24.4728047],[102.2300899,24.4697287],[102.2303367,24.4694162],[102.2311628,24.4677073],[102.2313452,24.4668187],[102.2333622,24.4669554],[102.2341668,24.4670823],[102.2383404,24.4666624],[102.2387802,24.4663499],[102.241323,24.4624046],[102.2415697,24.4619554],[102.2426158,24.4611888],[102.2434151,24.4603587],[102.2444022,24.4594993],[102.2456467,24.4587033],[102.245872,24.4579416],[102.2458452,24.4564278],[102.2464514,24.4535028],[102.2465748,24.4530584],[102.2468859,24.4529608],[102.2468966,24.4526653],[102.2472078,24.4525677],[102.2473741,24.4524627],[102.2477898,24.4520842],[102.2478381,24.4519792],[102.2477925,24.4518645],[102.2477818,24.4517253],[102.2478649,24.4515764],[102.2480392,24.4514714],[102.2482914,24.4513688],[102.2485703,24.4512687],[102.2486669,24.4511466],[102.248683,24.4510392],[102.248624,24.4509733],[102.2485194,24.4509342],[102.2483101,24.4509342],[102.2482055,24.4509342],[102.2481385,24.4509318],[102.2481385,24.4508121],[102.248286,24.4505729],[102.2497451,24.449728],[102.2507697,24.4491176],[102.2510326,24.448683],[102.2508663,24.4476477],[102.2504801,24.4468615],[102.2502601,24.4461924],[102.2498095,24.445538],[102.2492087,24.4451669],[102.2484255,24.4451913],[102.2480822,24.4451327],[102.2477174,24.4449032],[102.2473848,24.4445516],[102.2474599,24.4427642],[102.248168,24.4429595],[102.248522,24.4431109],[102.2491336,24.4431451],[102.2498739,24.4430963],[102.2500509,24.4431451],[102.2502172,24.4431158],[102.2504908,24.4431402],[102.2507697,24.443067],[102.2511077,24.4430914],[102.251215,24.4430132],[102.2515958,24.442857],[102.2522289,24.443106],[102.2527707,24.4435895],[102.2535807,24.4439948],[102.2540206,24.444112],[102.2548628,24.4446199],[102.2574109,24.4451083],[102.258355,24.4454501],[102.2588593,24.4454257],[102.25968,24.4450155],[102.2601682,24.4446737],[102.2605544,24.4444978],[102.2606671,24.444366],[102.2610909,24.4441169],[102.2614127,24.4439509],[102.2614556,24.443863],[102.2615522,24.4437116],[102.261697,24.4435651],[102.2621691,24.4432476],[102.262314,24.4429497],[102.2623944,24.4427788],[102.2627056,24.4421879],[102.2628611,24.4418558],[102.2633225,24.4416312],[102.2635907,24.4413723],[102.2636497,24.44105],[102.2638535,24.4407228],[102.2646475,24.4401807],[102.2649533,24.4398779],[102.2660959,24.4387742],[102.2667128,24.4376802],[102.2668469,24.4376411],[102.2673511,24.4383493],[102.2679359,24.4388328],[102.2681826,24.4390233],[102.2686601,24.4396484],[102.2688854,24.4400733],[102.2690785,24.4402735],[102.2692609,24.4402979],[102.2694647,24.4401172],[102.2700494,24.4393846],[102.2712082,24.4381686],[102.2717017,24.4383737],[102.2718787,24.4387449],[102.2719324,24.4388279],[102.2720504,24.4389695],[102.272045,24.4390721],[102.2720772,24.4392088],[102.272265,24.4393309],[102.2725654,24.4392821],[102.2727907,24.4392723],[102.2730213,24.4393798],[102.2731394,24.4396288],[102.2734612,24.4397412],[102.2737563,24.4400195],[102.2752046,24.4387986],[102.2755694,24.4386228],[102.2768462,24.4384958],[102.2778547,24.4381832],[102.2785091,24.4378316],[102.2793674,24.4371869],[102.2812986,24.4368353],[102.2816634,24.436679],[102.2819102,24.4362004],[102.2825539,24.434911],[102.2836053,24.4346375],[102.2840881,24.4342468],[102.2852147,24.4321467],[102.2860837,24.4316192],[102.2871673,24.4311992],[102.2884977,24.4310624],[102.2891414,24.431883],[102.2894096,24.4319318],[102.2899461,24.4318439],[102.2903108,24.4319807],[102.292757,24.4340222],[102.2932291,24.4343543],[102.2955143,24.431922],[102.2966891,24.4309159],[102.2988403,24.430154],[102.2991568,24.4300905],[102.3006642,24.4301931],[102.3009592,24.4299],[102.3012972,24.4293188],[102.3010719,24.4287132],[102.3009109,24.4282638],[102.30097,24.4277656],[102.3009753,24.4269695],[102.3003852,24.4260317],[102.3003209,24.4239608],[102.3009539,24.4234137],[102.3021126,24.4230718],[102.3028582,24.4228374],[102.3038453,24.4223489],[102.3050094,24.4215772],[102.3065382,24.4203316],[102.3067743,24.4200679],[102.3057604,24.4195013],[102.3047975,24.4193279],[102.3045534,24.4192571],[102.3043683,24.4191081],[102.3041564,24.4188174],[102.3037755,24.4186269],[102.3036548,24.4184511],[102.3035395,24.4183754],[102.303282,24.418285],[102.3029467,24.4180432],[102.3027268,24.4179284],[102.3026168,24.4177673],[102.3025498,24.4177233],[102.3023862,24.4176378],[102.3020643,24.4174717],[102.3016325,24.41712],[102.301434,24.4167342],[102.3012274,24.4165412],[102.3000848,24.4147217],[102.2999051,24.4145873],[102.2994652,24.4144506],[102.2989663,24.4141941],[102.2985345,24.4139303],[102.2975555,24.4129607],[102.2969091,24.4126408],[102.2964478,24.4121962],[102.2963887,24.4120961],[102.2962868,24.4120888],[102.2961313,24.4122109],[102.2960052,24.412206],[102.2954242,24.4119617],[102.293787,24.4119203],[102.2905415,24.4115392],[102.2903162,24.4112999],[102.2905201,24.4100982],[102.2909117,24.4086767],[102.293964,24.4083885],[102.2946131,24.4081687],[102.2949564,24.4075825],[102.2953159,24.40705],[102.2952622,24.4068595],[102.2948599,24.4064052],[102.2946882,24.4061121],[102.2945273,24.405433],[102.2942108,24.405306],[102.2947204,24.4023554],[102.2951335,24.4022675],[102.2965229,24.4022626],[102.2967911,24.4023407],[102.2971076,24.402585],[102.2974402,24.4030344],[102.2977245,24.4032299],[102.2989368,24.4033471],[102.2996235,24.4026241],[102.3004174,24.4016177],[102.3006105,24.4001619],[102.3012006,24.399224],[102.3051596,24.3969669],[102.3066616,24.3963416],[102.3070907,24.3956576],[102.3078525,24.3942115],[102.3083675,24.3936546],[102.309199,24.3915831],[102.309773,24.3910554],[102.3146653,24.388896],[102.3154861,24.3895165],[102.3161834,24.3901565],[102.3165536,24.3904887],[102.3168164,24.390987],[102.3170015,24.3917126],[102.3169774,24.3918225],[102.3170122,24.3920643],[102.3172402,24.3922329],[102.3179778,24.3924894],[102.3178545,24.3926384],[102.317487,24.3927654],[102.3174065,24.3928533],[102.3174468,24.3929999],[102.3174387,24.3932417],[102.3173797,24.3934787],[102.3176935,24.3939917],[102.3179832,24.3948979],[102.3180503,24.3952204],[102.3185599,24.3952277],[102.3188066,24.3949639],[102.3190856,24.3944069],[102.3196703,24.3936546],[102.3203462,24.394065],[102.3213708,24.3943141],[102.3223633,24.3948808],[102.3231626,24.3956869],[102.3234522,24.3963123],[102.3235917,24.3969229],[102.3253405,24.3973822],[102.3255229,24.3980075],[102.3259842,24.3987598],[102.326687,24.39918],[102.328586,24.3996881],[102.3290098,24.3999226],[102.3292941,24.4006602],[102.3292673,24.4014468],[102.3294657,24.4014761],[102.3300666,24.4011732],[102.3303401,24.4010169],[102.3306137,24.4005576],[102.3307961,24.4001326],[102.3310751,24.3998004],[102.3312736,24.3996929],[102.3313916,24.3997271],[102.3319924,24.4004306],[102.3323518,24.4007531],[102.3326307,24.4009973],[102.3327005,24.401222],[102.3326683,24.4015347],[102.3325235,24.4019841],[102.3325396,24.4021356],[102.3327756,24.4022284],[102.3332906,24.4022919],[102.3339289,24.4022137],[102.335844,24.4018571],[102.3362464,24.4018522],[102.3372763,24.4022919],[102.3383117,24.4023261],[102.3395294,24.4019206],[102.3411226,24.4011976],[102.3422599,24.4018131],[102.3432684,24.4028684],[102.343837,24.4033276],[102.3443145,24.4039089],[102.3445505,24.4043974],[102.3448724,24.4048566],[102.3452961,24.4051204],[102.3455214,24.4051057],[102.3457897,24.4049836],[102.3470074,24.4047589],[102.347855,24.4048273],[102.3486274,24.4047589],[102.3491961,24.4046612],[102.3499095,24.404881],[102.3503494,24.4048175],[102.3512882,24.4043046],[102.3522913,24.4039235],[102.353273,24.4033422],[102.3537612,24.4028244],[102.3544156,24.4023163],[102.3550647,24.4018767],[102.3556226,24.4015982],[102.3558426,24.4014516],[102.3562932,24.4005381],[102.3565721,24.4001912],[102.3569369,24.3999714],[102.357114,24.3999812],[102.3574895,24.4002401],[102.3580474,24.4008263],[102.3585516,24.4009827],[102.3586643,24.4012904],[102.358498,24.4017838],[102.3586321,24.4023359],[102.3588842,24.4026339],[102.3590398,24.4029465],[102.3591953,24.4034692],[102.3595226,24.4036451],[102.3596728,24.4038405],[102.3597425,24.4041629],[102.3597103,24.4049445],[102.3598498,24.4052425],[102.3600644,24.405477],[102.3602307,24.4055161],[102.3605043,24.4057701],[102.3606598,24.406752],[102.3612016,24.4074066],[102.3617649,24.407773],[102.3624247,24.4080123],[102.3628217,24.4083445],[102.3629236,24.4087158],[102.3629665,24.4093801],[102.3630738,24.4101129],[102.3628861,24.4111582],[102.3620278,24.4119642],[102.3614967,24.4123452],[102.3610997,24.4130633],[102.3606223,24.4131122],[102.3599893,24.4134785],[102.3598498,24.4140647],[102.3598874,24.4144115],[102.3591846,24.4170297],[102.3594958,24.4174644],[102.3594743,24.4180066],[102.3599571,24.4188174],[102.3599142,24.4189835],[102.3598766,24.4191594],[102.3599678,24.4194769],[102.3600054,24.4197309],[102.3599088,24.4199311],[102.3598659,24.4209422],[102.3598391,24.4216212],[102.3598015,24.4222464],[102.3599517,24.4234235],[102.3605955,24.4253479],[102.3608744,24.4258461],[102.3614967,24.4264811],[102.3619473,24.4275947],[102.3628056,24.4287767],[102.3630738,24.4303396],[102.3637497,24.431336],[102.3634279,24.4332896],[102.3635244,24.434452],[102.3644364,24.4343054],[102.3666143,24.4332993],[102.3670006,24.4343152],[102.3671937,24.434452],[102.3680735,24.4342078],[102.3683524,24.4339636],[102.3684597,24.4334752],[102.3688888,24.43243],[102.3699295,24.4311015],[102.3704445,24.4307206],[102.3707127,24.4310918],[102.3711419,24.4320197],[102.371496,24.433397],[102.3713887,24.4337877],[102.3714208,24.4341198],[102.3713404,24.4342957],[102.3712385,24.4354825],[102.371673,24.4357706],[102.3724025,24.4361809],[102.3730731,24.4363371],[102.3735237,24.4368451],[102.3735773,24.4371674],[102.3732448,24.4379781],[102.3730624,24.4385056],[102.372483,24.4387498],[102.3709702,24.4390721],[102.3691356,24.438906],[102.3658633,24.4382028],[102.3636854,24.4368548],[102.3634815,24.436513],[102.3630309,24.4362297],[102.3622906,24.4359464],[102.3616683,24.4359757],[102.3610031,24.4359953],[102.3605525,24.436259],[102.3595333,24.4365227],[102.3587823,24.4364153],[102.3581278,24.4364153],[102.356894,24.4379879],[102.3557031,24.4393065],[102.3555851,24.4412795],[102.3550594,24.4421488],[102.3549092,24.4427251],[102.354995,24.4446004],[102.3552632,24.4451767],[102.357232,24.4476038],[102.3584175,24.447804],[102.3589379,24.4481116],[102.3591363,24.4484877],[102.3594367,24.4486879],[102.3599356,24.4488148],[102.3605633,24.4487807],[102.3614645,24.448976],[102.3617542,24.4495132],[102.3620009,24.4502652],[102.3626017,24.4506656],[102.3639321,24.4508903],[102.3653483,24.4509293],[102.3661637,24.4518083],[102.3661744,24.4523943],[102.3680842,24.4530292],[102.369318,24.4535272],[102.3701227,24.453703],[102.3710346,24.4537128],[102.371496,24.4537226],[102.3717642,24.4539472],[102.3719358,24.4543964],[102.3717749,24.4546894],[102.371732,24.4558614],[102.3718822,24.4564181],[102.3732662,24.4571994],[102.3748755,24.4578537],[102.375294,24.458342],[102.3753369,24.4587326],[102.375294,24.4589768],[102.3738456,24.4605296],[102.3731804,24.4612913],[102.3726976,24.4623363],[102.3731375,24.4627562],[102.3743927,24.4630394],[102.3760557,24.4631468],[102.377193,24.4631761],[102.377429,24.4642503],[102.3775577,24.465139],[102.3775148,24.4661253],[102.3772359,24.4667405],[102.3769784,24.4679514],[102.3769191,24.4695438],[102.3779869,24.4702756],[102.3781747,24.4707199],[102.3783034,24.4711495],[102.3783249,24.4715011],[102.3784697,24.4718233],[102.3786092,24.4723311],[102.3785448,24.4728828],[102.378003,24.4738495],[102.3776865,24.4748309],[102.378636,24.4766862],[102.378872,24.4769157],[102.3790866,24.4771647],[102.3792636,24.4774478],[102.3792636,24.4779068],[102.3788881,24.4813927],[102.3796767,24.4823398],[102.3798644,24.4867873],[102.3799986,24.4885936],[102.3820478,24.4897457],[102.3826432,24.4901509],[102.3835176,24.4909759],[102.3837268,24.4911273],[102.3839736,24.4913225],[102.3841989,24.491591],[102.3848104,24.491718],[102.3850357,24.4918498],[102.3854542,24.4922305],[102.3860228,24.4924844],[102.3862749,24.4927236],[102.3861194,24.4933973],[102.3863876,24.494066],[102.3868436,24.4944175],[102.3882222,24.4950228],[102.388308,24.4951351],[102.3883992,24.4953548],[102.3883885,24.4955501],[102.3882329,24.4957063],[102.3880452,24.495882],[102.3877233,24.4968827],[102.3878896,24.4972391],[102.3888069,24.4977614],[102.3894507,24.4984546],[102.3898798,24.4994992],[102.3900783,24.5003339],[102.3904538,24.5007928],[102.3910278,24.5009099],[102.3917091,24.5008416],[102.3919129,24.5005487],[102.3937154,24.4988207],[102.3948151,24.4980299],[102.3966068,24.4972147],[102.3988438,24.4984741],[102.4002385,24.4993235],[102.4027491,24.4963897],[102.4040472,24.4953304],[102.404809,24.4946714],[102.4048465,24.4945737],[102.4048197,24.4944517],[102.4046802,24.4942711],[102.4045032,24.4940807],[102.4043852,24.4938561],[102.4043852,24.4936413],[102.4044925,24.4927041],[102.4045676,24.4924209],[102.4048734,24.4919864],[102.4051791,24.4917277],[102.4056351,24.4911663],[102.405957,24.4907074],[102.406429,24.4903999],[102.4070781,24.4897506],[102.4073571,24.4893308],[102.4075127,24.4887059],[102.4076253,24.4883495],[102.4080545,24.4877539],[102.4083495,24.4875098],[102.4083656,24.4870656],[102.4083978,24.4864505],[102.4085694,24.486055],[102.408902,24.4856596],[102.4090469,24.4854936],[102.4090308,24.4853276],[102.4089235,24.4850591],[102.4090362,24.4843903],[102.4089557,24.4841315],[102.408784,24.4835359],[102.4086499,24.4832479],[102.4086446,24.4829842],[102.4086714,24.4827938],[102.4086177,24.4824716],[102.4090201,24.4821933],[102.4092346,24.4820225],[102.4093741,24.4814512],[102.4092883,24.4804113],[102.4094117,24.4802795],[102.4099588,24.4805676],[102.4106187,24.4807287],[102.4113697,24.4808459],[102.4121207,24.4811534],[102.4130702,24.4816856],[102.4139017,24.4814903],[102.4152321,24.4812364],[102.4165249,24.4810607],[102.4169701,24.4808605],[102.4171954,24.4806359],[102.4179679,24.479972],[102.4184132,24.4797132],[102.4195021,24.4794496],[102.4213207,24.478849],[102.4208057,24.4793031],[102.4205804,24.4799134],[102.4207306,24.4808507],[102.4210364,24.4816026],[102.4220341,24.4832479],[102.4224418,24.48378],[102.4231285,24.4842243],[102.4236488,24.4842682],[102.4241853,24.484278],[102.4255693,24.4838776],[102.4262774,24.4841901],[102.4277365,24.4844049],[102.4285734,24.4846197],[102.4290025,24.4849517],[102.4290454,24.4857816],[102.428627,24.4890427],[102.4289918,24.4915325],[102.42926,24.4919132],[102.4313092,24.4923331],[102.4322534,24.4931044],[102.4335086,24.4945493],[102.4342489,24.4960431],[102.434957,24.4971561],[102.4359548,24.4981812],[102.4364054,24.4985131],[102.438401,24.4986596],[102.4394631,24.4991673],[102.4419951,24.5006512],[102.4423706,24.5013737],[102.4429715,24.5021059],[102.4441087,24.5031651],[102.4453264,24.503746],[102.4453855,24.5038826],[102.4454176,24.5042097],[102.4452835,24.5044635],[102.4445754,24.5051127],[102.4428481,24.5057863],[102.4422955,24.5061231],[102.4415874,24.5069529],[102.4411368,24.5076216],[102.4408632,24.5095887],[102.4408632,24.5112971],[102.4406433,24.512488],[102.4398977,24.5133666],[102.4398172,24.513679],[102.4395597,24.5138937],[102.4377626,24.5142159],[102.4373066,24.5141182],[102.4367917,24.5141914],[102.4365932,24.5145282],[102.4364966,24.5157631],[102.4369579,24.5157582],[102.437945,24.5155922],[102.4407399,24.5161438],[102.4427193,24.516339],[102.4437439,24.5164464],[102.4442697,24.516544],[102.4453479,24.5168954],[102.4471986,24.5173298],[102.4476922,24.5173542],[102.4481535,24.5169101],[102.4483198,24.5166221],[102.4483359,24.5163537],[102.4483842,24.5160413],[102.4485773,24.5157094],[102.4487704,24.5155922],[102.4490386,24.5155727],[102.4493605,24.5156508],[102.4496448,24.5158168],[102.4500096,24.5160706],[102.4504226,24.5167929],[102.4506479,24.5168759],[102.4511737,24.5166953],[102.4516404,24.5162804],[102.4520642,24.5155727],[102.4521661,24.515563],[102.4524289,24.5160803],[102.4527508,24.5161487],[102.4532121,24.5160803],[102.4534643,24.5158705],[102.4534428,24.5156313],[102.4533087,24.5151383],[102.4531746,24.514743],[102.454167,24.514372],[102.4543011,24.5141426],[102.4546015,24.5139523],[102.4550897,24.5139035],[102.4554276,24.5138937],[102.455771,24.5137668],[102.456404,24.5139084],[102.4569833,24.513923],[102.457788,24.5135716],[102.4596602,24.5140694],[102.4606365,24.512405],[102.4610978,24.5119999],[102.461763,24.511546],[102.4624175,24.5113703],[102.4643648,24.5118974],[102.4665159,24.5104966],[102.4668699,24.5106723],[102.4679321,24.5112531],[102.4682593,24.5112531],[102.4693161,24.5108041],[102.4712527,24.5101744],[102.4716228,24.5102428],[102.4727493,24.5112727],[102.4728084,24.5113264],[102.4731892,24.5114337],[102.4734575,24.5114289],[102.4735272,24.5112824],[102.4735272,24.5110969],[102.4734253,24.5108871],[102.4731034,24.510399],[102.4730551,24.509496],[102.4733233,24.5075728],[102.4736667,24.506333],[102.4741495,24.5053373],[102.4751311,24.5049028],[102.4759412,24.5046636],[102.4766439,24.5047466],[102.47666,24.5046881],[102.4763811,24.5045074],[102.4762416,24.5043366],[102.4760914,24.5040535],[102.476086,24.5037557],[102.4761397,24.503414],[102.4763703,24.50317],[102.4771213,24.5025549],[102.4787843,24.5018618],[102.480737,24.5016861],[102.4825555,24.5017983],[102.4842238,24.5026672],[102.4851894,24.5028917],[102.4867827,24.5029015],[102.487185,24.5029357],[102.4886495,24.5040047],[102.4894649,24.5059376],[102.489481,24.5068797],[102.4907201,24.5075728],[102.4926192,24.5091201],[102.4931449,24.5093837],[102.4935616,24.5101247],[102.4935794,24.5131469],[102.4938261,24.5136838],[102.4944076,24.5139655],[102.4963689,24.514006],[102.4969375,24.5166904],[102.4972916,24.5171004],[102.4991047,24.5178032],[102.4997163,24.5178911],[102.5018835,24.5190917],[102.5024199,24.5195993],[102.5029564,24.520429],[102.50301,24.520839],[102.5017762,24.522108],[102.5019479,24.5229962],[102.5021795,24.5232144],[102.5032556,24.5239223],[102.5045181,24.5247683],[102.5055206,24.5257195],[102.5063033,24.5272694],[102.5068327,24.5285301],[102.507484,24.5297263],[102.5082028,24.530429],[102.50875,24.5306535],[102.5097263,24.5305315],[102.5102949,24.5306974],[102.5105953,24.5308731],[102.5112927,24.530717],[102.5117969,24.5307853],[102.5120973,24.5309122],[102.5124085,24.5311269],[102.5127089,24.5311562],[102.5131917,24.5312635],[102.5136638,24.5314978],[102.5141948,24.5316344],[102.5148493,24.5317808],[102.5151014,24.5318784],[102.5154501,24.5319175],[102.5156915,24.5320346],[102.5158954,24.5321273],[102.5163513,24.5321615],[102.5165176,24.5322152],[102.5168019,24.5323469],[102.5172847,24.5325226],[102.517848,24.5328154],[102.5182503,24.5330302],[102.5185132,24.5331375],[102.5188619,24.5332156],[102.5190926,24.533362],[102.5192589,24.533362],[102.5195485,24.5334987],[102.519688,24.5336011],[102.519967,24.5337378],[102.5201547,24.53385],[102.5203907,24.5337085],[102.5206912,24.5328691],[102.5231963,24.5331668],[102.5236309,24.5331326],[102.5239474,24.5325519],[102.524001,24.5321615],[102.5243604,24.5312684],[102.5243497,24.5306389],[102.524355,24.5301899],[102.5242799,24.5298824],[102.52406,24.5296213],[102.5238964,24.5291089],[102.5237086,24.5287185],[102.5234163,24.5283305],[102.5231105,24.5280938],[102.5220725,24.5277815],[102.5207421,24.5270275],[102.5204417,24.526803],[102.5199831,24.5266956],[102.5196907,24.5261343],[102.5154662,24.5256219],[102.5152248,24.5251534],[102.5153053,24.5221616],[102.5170648,24.5228059],[102.5179553,24.5228644],[102.5187117,24.5230499],[102.5193125,24.5230011],[102.5198328,24.5229816],[102.5199831,24.5227766],[102.5201896,24.5226765],[102.5204712,24.5226619],[102.5204954,24.5227253],[102.5204042,24.5228376],[102.5204149,24.5228815],[102.520549,24.5228815],[102.5209111,24.5227741],[102.5211203,24.5227546],[102.5212088,24.5227815],[102.5213832,24.5229035],[102.5214717,24.5230011],[102.5217506,24.5231011],[102.5218526,24.5231866],[102.5222924,24.5238576],[102.5224131,24.5236697],[102.5227082,24.522962],[102.5230756,24.5224911],[102.5232285,24.5221348],[102.523419,24.5219908],[102.5236818,24.5219298],[102.5240251,24.5217322],[102.5247842,24.5210538],[102.5251543,24.520634],[102.5253582,24.5199166],[102.5227779,24.5188038],[102.5217748,24.5184231],[102.5219464,24.5179448],[102.5222737,24.5176861],[102.5230247,24.5176861],[102.5243068,24.5172371],[102.5252402,24.5174762],[102.5260556,24.5175202],[102.5268817,24.5174567],[102.5288075,24.5164122],[102.5299072,24.5164513],[102.5317955,24.5163195],[102.5359529,24.5154605],[102.538029,24.5151286],[102.5388014,24.5154946],[102.5383508,24.5174811],[102.5381255,24.5181254],[102.5380236,24.5200386],[102.5406682,24.5203949],[102.5408292,24.5206438],[102.5406575,24.5220103],[102.5402284,24.5237381],[102.5399333,24.5239723],[102.5397992,24.5242944],[102.5397456,24.5244408],[102.5395203,24.524436],[102.5394291,24.5245238],[102.539354,24.5246556],[102.5389248,24.5250363],[102.5386941,24.5254316],[102.5388229,24.5257146],[102.5390267,24.5258269],[102.5392252,24.5258025],[102.5394559,24.5256268],[102.5398368,24.5251875],[102.540046,24.5250704],[102.5402176,24.5250851],[102.5410116,24.5253632],[102.5425565,24.5259928],[102.5431842,24.5258854],[102.543844,24.5255585],[102.5458288,24.5238942],[102.5477976,24.525578],[102.548055,24.5263979],[102.548334,24.5290382],[102.5487632,24.5302533],[102.5490367,24.530673],[102.5493693,24.5307121],[102.5499701,24.5302631],[102.5515956,24.5324299],[102.549777,24.5332546],[102.5495839,24.5334352],[102.5496107,24.5336548],[102.5502169,24.5339623],[102.5504154,24.5343966],[102.5506139,24.5344405],[102.5510806,24.533606],[102.5513971,24.5333425],[102.5515902,24.5334011],[102.5518316,24.5334401],[102.5520945,24.533362],[102.5522286,24.5331912],[102.5524914,24.5328106],[102.5525075,24.5325958],[102.5532478,24.5317467],[102.5554365,24.5335328],[102.5563484,24.5344064],[102.5568044,24.5353238],[102.5574696,24.5361192],[102.5579148,24.5362949],[102.560361,24.5367634],[102.5604308,24.5377736],[102.5606668,24.5392034],[102.5609833,24.5403501],[102.5614768,24.54117],[102.5623298,24.5417653],[102.563011,24.5418043],[102.5643897,24.5413407],[102.5647974,24.5414676],[102.5659668,24.5421508],[102.5664657,24.5420337],[102.5672221,24.5411846],[102.5674957,24.5396279],[102.5675279,24.5383494],[102.5677478,24.5378321],[102.5680643,24.5375491],[102.5687081,24.5375198],[102.5706232,24.5376076],[102.5721842,24.5382518],[102.5740242,24.5391107],[102.5747323,24.5392229],[102.5749576,24.5390521],[102.5748771,24.5388959],[102.5747216,24.538608],[102.5744051,24.5383494],[102.5737077,24.5375296],[102.5737452,24.5373539],[102.5738472,24.5372563],[102.5741637,24.5372709],[102.5788468,24.5383348],[102.5796729,24.5387642],[102.5804186,24.5384616],[102.5811642,24.5383445],[102.5817704,24.5383543],[102.5822908,24.5383835],[102.5824624,24.5384763],[102.5832403,24.5391058],[102.583648,24.5395059],[102.5838089,24.5400134],[102.5839966,24.5402281],[102.585445,24.5409211],[102.5863463,24.5413798],[102.5869471,24.5415164],[102.5875801,24.5415896],[102.5891036,24.5416921],[102.5924027,24.54137],[102.5935668,24.5411504],[102.594291,24.5410821],[102.594468,24.5411163],[102.5946772,24.5412529],[102.5950152,24.5413603],[102.5953799,24.5411968],[102.5965655,24.5397158],[102.5970536,24.5386812],[102.5976062,24.5382225],[102.5982928,24.5378028],[102.5982445,24.5367683],[102.598207,24.5364267],[102.5985503,24.5360509],[102.5989848,24.5357435],[102.5988507,24.5348407],[102.5989419,24.5338012],[102.5987971,24.5326105],[102.5989902,24.5319956],[102.5991619,24.5313123],[102.5993818,24.5307999],[102.6009643,24.5300044],[102.6018548,24.529819],[102.602064,24.529087],[102.601946,24.5281304],[102.601431,24.5267444],[102.601093,24.5261734],[102.6011199,24.5249484],[102.599929,24.5235233],[102.5985825,24.5227034],[102.5966191,24.5216053],[102.5966138,24.52131],[102.5968498,24.5210757],[102.5969249,24.5208732],[102.5972736,24.5208634],[102.5976276,24.5208219],[102.5977939,24.5207658],[102.5980139,24.5207804],[102.5981507,24.5208244],[102.5982606,24.5208903],[102.5983894,24.5208634],[102.5988159,24.5207292],[102.5990251,24.5205901],[102.5991726,24.520551],[102.5994274,24.5206243],[102.59965,24.5207097],[102.5998619,24.5207341],[102.6000577,24.5207243],[102.6002133,24.5206731],[102.6007444,24.5205511],[102.6013291,24.5203265],[102.6015919,24.5201557],[102.601667,24.5199654],[102.601769,24.519653],[102.601946,24.5192772],[102.602064,24.5190869],[102.6022464,24.5189697],[102.6025361,24.5189014],[102.6028794,24.5189014],[102.6030296,24.5189404],[102.6031959,24.5190917],[102.6034051,24.5193211],[102.603448,24.5194871],[102.6034775,24.520002],[102.6035365,24.5201191],[102.6037404,24.5200996],[102.6038825,24.5199361],[102.6041374,24.5196994],[102.604596,24.5193846],[102.6049796,24.5192382],[102.6053578,24.5191991],[102.6055777,24.5191869],[102.6059639,24.5191918],[102.6064306,24.5193309],[102.6065353,24.5193943],[102.6067632,24.5193699],[102.606892,24.5192308],[102.6068544,24.5190014],[102.6069805,24.5187452],[102.6070556,24.5186208],[102.6071817,24.518101],[102.6073238,24.5177959],[102.607466,24.5173566],[102.6075947,24.5170394],[102.6075035,24.5165977],[102.607466,24.5163146],[102.6075035,24.5161487],[102.6076001,24.5160657],[102.607584,24.5159656],[102.6075169,24.5158534],[102.6074606,24.5158241],[102.607348,24.5158412],[102.607246,24.5158314],[102.6070797,24.5157655],[102.6069349,24.5156167],[102.6068008,24.5154653],[102.6066935,24.5152311],[102.6066291,24.5150017],[102.6065701,24.5148113],[102.6064628,24.5146649],[102.6063448,24.5145917],[102.6062429,24.5145722],[102.6059961,24.5145478],[102.6055294,24.514538],[102.6050413,24.5143672],[102.604537,24.514128],[102.6039362,24.5139181],[102.6037431,24.5138254],[102.6035017,24.5136692],[102.6032066,24.5135911],[102.6028687,24.5135569],[102.6025844,24.5135325],[102.6022518,24.5135667],[102.6019245,24.5137571],[102.6017368,24.5138156],[102.6013827,24.5138351],[102.6012647,24.5138059],[102.601077,24.5136643],[102.6009107,24.5135423],[102.6006693,24.5134447],[102.6004815,24.5135277],[102.6003098,24.513635],[102.600047,24.513635],[102.5998002,24.5134886],[102.5996715,24.5133373],[102.5995159,24.5132055],[102.5992477,24.5132153],[102.5989258,24.5131909],[102.5988293,24.5129371],[102.5987649,24.5128004],[102.5984538,24.5127711],[102.5982392,24.5128102],[102.5979173,24.5128638],[102.5977296,24.5129078],[102.5975901,24.5129322],[102.5974399,24.5128687],[102.5973701,24.5126588],[102.5972629,24.5125173],[102.597177,24.5125222],[102.5971234,24.51261],[102.5970161,24.5126686],[102.5968498,24.51261],[102.596662,24.5124539],[102.5965065,24.5123904],[102.5962919,24.5122781],[102.5959969,24.5121561],[102.5958359,24.5119023],[102.5955194,24.5116436],[102.5952512,24.5115314],[102.5949991,24.5115069],[102.5948435,24.511341],[102.5947523,24.511053],[102.5946718,24.5108041],[102.5944465,24.5106479],[102.5943178,24.5105844],[102.5940549,24.5105796],[102.5938725,24.5106479],[102.5938511,24.5107504],[102.593776,24.5109163],[102.5936687,24.5109359],[102.5934219,24.5108431],[102.5932342,24.5106186],[102.5929069,24.5103404],[102.5927943,24.5101256],[102.5926387,24.5099011],[102.5922686,24.5098181],[102.5920594,24.5098279],[102.5918877,24.509906],[102.5914371,24.5098621],[102.591126,24.5097547],[102.5908685,24.509784],[102.5905573,24.5097644],[102.5902194,24.509823],[102.5898278,24.5097791],[102.5895488,24.5098035],[102.5891519,24.5099353],[102.5889856,24.5100719],[102.5887978,24.5102574],[102.5884759,24.5103209],[102.5882131,24.5102281],[102.5880092,24.5100475],[102.5875425,24.5098132],[102.5869739,24.5097449],[102.5865072,24.5097107],[102.5862014,24.5096815],[102.5859225,24.50974],[102.5860995,24.5090957],[102.586019,24.5088224],[102.5857508,24.5083148],[102.5853753,24.5075484],[102.5852519,24.5066064],[102.5853324,24.5061622],[102.5855952,24.5053128],[102.5857079,24.5047954],[102.5858527,24.5042146],[102.586121,24.5038045],[102.5866359,24.5035507],[102.5870544,24.5035751],[102.5878698,24.5037557],[102.5882292,24.5039168],[102.5886905,24.5042146],[102.5888836,24.5044147],[102.5891519,24.5044293],[102.5901657,24.5044196],[102.5913995,24.5039022],[102.5923812,24.5032871],[102.5927138,24.5028527],[102.5927943,24.5024671],[102.5926977,24.5014127],[102.5928587,24.5003974],[102.5931376,24.5001631],[102.5941569,24.5000703],[102.5949722,24.5001484],[102.5952727,24.5003534],[102.5958466,24.500949],[102.5963885,24.5014518],[102.5975686,24.5016617],[102.5985932,24.5015494],[102.5998753,24.501237],[102.6006961,24.5012809],[102.6021284,24.5012711],[102.6031583,24.5010808],[102.603271,24.5006951],[102.6035231,24.4999044],[102.6035339,24.4988841],[102.6040596,24.4978297],[102.6046872,24.4971805],[102.6061892,24.4967607],[102.6069295,24.4966338],[102.6073265,24.4965361],[102.6076698,24.4962628],[102.6080668,24.4959015],[102.6090163,24.4956526],[102.6092899,24.4954036],[102.6094104,24.4947463],[102.6093972,24.4939245],[102.6107168,24.493036],[102.611264,24.4928652],[102.6118058,24.4929433],[102.613399,24.4933973],[102.6150513,24.494149],[102.6159203,24.4944224],[102.616328,24.4944517],[102.616682,24.4942564],[102.6170146,24.493778],[102.6175189,24.4935535],[102.6180339,24.4934949],[102.6186132,24.4936218],[102.6189566,24.4938659],[102.6194823,24.4938952],[102.6203835,24.4938952],[102.6210809,24.4940514],[102.6246214,24.495633],[102.6254046,24.4960529],[102.6263165,24.4962481],[102.6272285,24.496375],[102.6278186,24.4967168],[102.6283872,24.4974587],[102.629106,24.4978395],[102.6297927,24.4979274],[102.6308012,24.4979664],[102.6321423,24.4982593],[102.6339662,24.4987279],[102.6354039,24.4991966],[102.6364982,24.4997237],[102.6370776,24.4996554],[102.6377642,24.4993528],[102.6381612,24.4991185],[102.6395345,24.4991087],[102.6402748,24.4989427],[102.6409185,24.4986986],[102.6414442,24.4985717],[102.6421416,24.4984741],[102.6429999,24.4982691],[102.6436329,24.4981519],[102.6442122,24.4982593],[102.6449954,24.4985913],[102.6456821,24.4993137],[102.6463258,24.4997628],[102.6477098,24.5002119],[102.6485145,24.5006707],[102.6489437,24.5010124],[102.649169,24.5014322],[102.6492119,24.5018227],[102.6491046,24.5021449],[102.6490402,24.5025745],[102.6490402,24.5030333],[102.6489544,24.5033457],[102.649169,24.5040193],[102.6492011,24.5045172],[102.6492441,24.5049272],[102.6516902,24.5049565],[102.6532781,24.5052006],[102.6538682,24.5053665],[102.654984,24.5054642],[102.6555848,24.5052299],[102.6560783,24.5050249],[102.6574302,24.5049175],[102.6582992,24.5048589],[102.6589429,24.5048784],[102.659415,24.5051225],[102.6604986,24.505757],[102.6608419,24.505923],[102.6613462,24.5059425],[102.6623654,24.5057082],[102.6639855,24.5056497],[102.665112,24.5058059],[102.6656699,24.5057375],[102.6677942,24.5054837],[102.6682663,24.5052787],[102.6687491,24.5052689],[102.6692533,24.5054056],[102.6699293,24.5055618],[102.6704872,24.5052494],[102.6713669,24.5048101],[102.671957,24.5042634],[102.6728207,24.503785],[102.6731855,24.5037118],[102.6735556,24.5035214],[102.6737863,24.5031651],[102.6740599,24.5029113],[102.6745427,24.5027209],[102.6747572,24.5025842],[102.6748806,24.502428],[102.675519,24.5015201],[102.6759964,24.5006512],[102.6766401,24.5001045],[102.6772463,24.499509],[102.6776701,24.4992454],[102.6780671,24.4986889],[102.6782602,24.4983813],[102.6801324,24.4971756],[102.6818705,24.4960089],[102.6827127,24.4953157],[102.6835871,24.494852],[102.6844615,24.493285],[102.6854378,24.4915959],[102.6854002,24.4914202],[102.683925,24.4904829],[102.6807225,24.4896188],[102.6784158,24.4881054],[102.6775736,24.4869386],[102.6773429,24.4864114],[102.6773804,24.4855131],[102.6777023,24.4837263],[102.6783246,24.4826132],[102.6794028,24.4817491],[102.6811838,24.4808703],[102.6827341,24.4797864],[102.6817954,24.4786001],[102.6813984,24.4779409],[102.6814574,24.477194],[102.6818812,24.4763054],[102.6844346,24.4730049],[102.685942,24.4705343],[102.6863176,24.4702609],[102.6872563,24.4701584],[102.6876908,24.4703097],[102.6884526,24.4706222],[102.689622,24.471296],[102.6900673,24.471213],[102.690321,24.4707068],[102.691169,24.4683446],[102.6918375,24.4673278],[102.6932842,24.4662826],[102.6947206,24.4645914],[102.6962793,24.4665159],[102.6981354,24.4679026],[102.6979159,24.4694986],[102.6987576,24.4708029],[102.6999485,24.4711935],[102.7016866,24.4712814],[102.7047268,24.4722954],[102.704857,24.4722627],[102.7050233,24.4722237],[102.7052218,24.4721163],[102.7054632,24.4721602],[102.7057475,24.4722774],[102.7059942,24.4722823],[102.7063376,24.4720674],[102.7067265,24.4717745],[102.7069196,24.4715572],[102.7070591,24.4712984],[102.7071315,24.4712228],[102.7072281,24.4712936],[102.7074292,24.471357],[102.7074882,24.4713009],[102.7076867,24.4713131],[102.7077591,24.4713912],[102.7080595,24.471755],[102.7081668,24.4719893],[102.7082634,24.4722676],[102.7083921,24.4724043],[102.7085584,24.4725313],[102.708773,24.4726387],[102.7088857,24.4726045],[102.7089447,24.472541],[102.7089769,24.4723018],[102.7090627,24.4720235],[102.7092719,24.4719649],[102.7094167,24.4721553],[102.7095509,24.4729219],[102.7095723,24.4730293],[102.7097708,24.4730976],[102.70998,24.4730879],[102.710259,24.4730976],[102.7107149,24.4730195],[102.7108598,24.4729658],[102.7110958,24.4727559],[102.7112246,24.4727022],[102.7114713,24.4727803],[102.7117127,24.4729512],[102.7118844,24.4730146],[102.7122438,24.4729219],[102.7126032,24.4730244],[102.7128017,24.4731562],[102.7130055,24.4731953],[102.713542,24.4732734],[102.7140945,24.4734687],[102.7144593,24.4734345],[102.7148294,24.473581],[102.7151138,24.4738154],[102.7153981,24.4740107],[102.7157038,24.474123],[102.7165675,24.4741474],[102.7171576,24.4741571],[102.7178603,24.4739765],[102.7181983,24.4738935],[102.718429,24.4739374],[102.7185845,24.474123],[102.7198881,24.4750457],[102.7208376,24.4757634],[102.721653,24.4765837],[102.722522,24.4771842],[102.723096,24.4775406],[102.7234179,24.4779556],[102.7236539,24.4783706],[102.7238738,24.4786001],[102.7244586,24.478849],[102.7247482,24.4792006],[102.7248931,24.4793421],[102.7252257,24.4793861],[102.726084,24.4796058],[102.726953,24.4800598],[102.7275217,24.4801575],[102.7288574,24.4796107],[102.7296674,24.480343],[102.730397,24.4807726],[102.7309441,24.4808605],[102.7315342,24.4808507],[102.7318025,24.4807043],[102.7324462,24.4804309],[102.7327895,24.4804504],[102.7329826,24.4805188],[102.733165,24.4808019],[102.7332187,24.481339],[102.7332187,24.4817979],[102.7329504,24.4822959],[102.7328002,24.4834383],[102.7326715,24.4836433],[102.7325213,24.4841901],[102.7324998,24.4851274],[102.7326715,24.4863186],[102.7326071,24.4871974],[102.7322477,24.4876075],[102.7323389,24.4882031],[102.7324277,24.4889367],[102.7345812,24.489404],[102.7359331,24.4895016],[102.7365231,24.4892771],[102.7378642,24.4871095],[102.7400315,24.4881152],[102.7419412,24.4881933],[102.7441192,24.4883983],[102.7446878,24.4882031],[102.7459109,24.4878809],[102.7468765,24.4871583],[102.7469408,24.4869338],[102.7472305,24.4860355],[102.747488,24.485684],[102.7480888,24.4850884],[102.7478313,24.4848931],[102.7476489,24.4845025],[102.747606,24.484151],[102.7480996,24.4838093],[102.7494943,24.4831063],[102.7498162,24.4830184],[102.7498054,24.4828134],[102.749623,24.4825985],[102.748357,24.4820322],[102.7475309,24.4816709],[102.7469838,24.4813683],[102.7461898,24.4807629],[102.745825,24.4803918],[102.7453744,24.4800403],[102.744956,24.4795521],[102.7448594,24.4791225],[102.7450633,24.4780581],[102.7456427,24.4775504],[102.7472466,24.4767594],[102.7520907,24.4768913],[102.752316,24.4768229],[102.7524072,24.4766374],[102.7523428,24.4762419],[102.7525413,24.4758806],[102.7532011,24.4755291],[102.7553523,24.4749725],[102.756511,24.4750897],[102.7571064,24.4753631],[102.7577341,24.4764616],[102.7583778,24.4769059],[102.759617,24.4774869],[102.7612799,24.4777798],[102.7622026,24.4784438],[102.7628893,24.4791908],[102.7628303,24.4793861],[102.7623796,24.4805725],[102.761988,24.4818711],[102.7611941,24.4834724],[102.761119,24.4841315],[102.761355,24.4845855],[102.7629751,24.4852348],[102.7632379,24.4865334],[102.7635169,24.4870216],[102.7634954,24.4873634],[102.7635974,24.487959],[102.7639836,24.4887596],[102.7643108,24.4891697],[102.7651316,24.4893698],[102.7659577,24.4892136],[102.7664727,24.4892624],[102.7666068,24.4896676],[102.7668804,24.4903315],[102.7672934,24.4907709],[102.7678513,24.4911907],[102.769466,24.4911614],[102.7701259,24.4914397],[102.7703726,24.4920011],[102.7696001,24.492543],[102.7687365,24.4934168],[102.7679211,24.4944663],[102.7687526,24.494647],[102.7700025,24.4947739],[102.7703404,24.4949301],[102.7719176,24.4974246],[102.7721858,24.4982349],[102.7727812,24.4987767],[102.7730173,24.4989964],[102.7733016,24.4994016],[102.77372,24.4996456],[102.7754474,24.4991038],[102.776075,24.4990452],[102.7764344,24.4991233],[102.7794653,24.4989232],[102.7800018,24.4988402],[102.7802914,24.4988402],[102.780726,24.4988158],[102.781418,24.4980201],[102.781654,24.497942],[102.7823782,24.4980055],[102.7833652,24.4974343],[102.7835798,24.4972147],[102.7837568,24.4970829],[102.7841753,24.4970389],[102.7855593,24.496995],[102.7861118,24.4968632],[102.7871096,24.4972049],[102.7873081,24.4974685],[102.7882683,24.4991233],[102.7885044,24.5005194],[102.7885097,24.5013053],[102.7883649,24.5031797],[102.7883005,24.5041121],[102.7884132,24.5043854],[102.7886063,24.504815],[102.7887189,24.5049419],[102.7890837,24.505225],[102.7896202,24.5053909],[102.7898616,24.5053568],[102.7902317,24.5054251],[102.7912831,24.5061378],[102.7914816,24.5061524],[102.7918088,24.5060304],[102.793209,24.5053421],[102.7934182,24.505308],[102.7935523,24.5053665],[102.7938956,24.5056789],[102.7943301,24.5058156],[102.79477,24.5060304],[102.7951348,24.5059523],[102.7954888,24.5058742],[102.7960789,24.505923],[102.797066,24.5061475],[102.7977955,24.5062452],[102.7980423,24.5063135],[102.7983642,24.5065771],[102.7987933,24.5071335],[102.798965,24.5074947],[102.7992332,24.5080902],[102.7996302,24.508715],[102.8005421,24.5090372],[102.8046137,24.5111946],[102.8054184,24.5110335],[102.8060514,24.5110384],[102.8065503,24.5111262],[102.8080255,24.5113605],[102.8086746,24.5117119],[102.8091091,24.5120927],[102.8096348,24.5121366],[102.8105897,24.5120439],[102.8127944,24.5120731],[102.8139263,24.5121903],[102.8143712,24.5124155],[102.8146452,24.5128492],[102.8147417,24.5134886],[102.8139532,24.514538],[102.8135698,24.5166916],[102.8134167,24.5175153],[102.8128803,24.5188135],[102.8128159,24.5195798],[102.8112119,24.5188135],[102.8093719,24.5185549],[102.8076392,24.5179008],[102.8061962,24.5167295],[102.8054506,24.5174567],[102.8046405,24.5178813],[102.8039539,24.5179887],[102.8034335,24.5181351],[102.8034067,24.5182767],[102.8032082,24.5186622],[102.8029132,24.520473],[102.8027898,24.5207316],[102.8025162,24.5210098],[102.8023016,24.5211172],[102.8019744,24.5212734],[102.8016257,24.5215174],[102.8016633,24.5225082],[102.7979135,24.5226936],[102.7971142,24.5229132],[102.7967924,24.5231963],[102.79661,24.52366],[102.7966046,24.5241675],[102.7970767,24.5254169],[102.7971196,24.526149],[102.7968407,24.5292138],[102.796154,24.5297165],[102.7961647,24.5299166],[102.7962667,24.5300874],[102.7963579,24.5303949],[102.7963579,24.5304729],[102.7962559,24.5307365],[102.7960253,24.5311562],[102.7955908,24.5314832],[102.7952313,24.5316832],[102.794888,24.531776],[102.7946252,24.5319272],[102.7943677,24.5320444],[102.793901,24.5323762],[102.7937776,24.5325421],[102.7936488,24.5326642],[102.7934611,24.5327569],[102.7933055,24.532791],[102.7931338,24.5326837],[102.7929944,24.5326007],[102.7929085,24.5326446],[102.7929032,24.5328838],[102.792812,24.5330106],[102.7926725,24.5330594],[102.792474,24.533201],[102.7923828,24.5333767],[102.7922004,24.533484],[102.7920502,24.5335035],[102.7918678,24.5335035],[102.7916855,24.5336255],[102.7915406,24.5337475],[102.791487,24.5339427],[102.7913636,24.5340891],[102.7912295,24.5341867],[102.7910471,24.5342551],[102.7907467,24.5343966],[102.7906018,24.5345235],[102.7905428,24.5347284],[102.7906018,24.5350017],[102.7905858,24.5351628],[102.7904355,24.5352457],[102.7901405,24.5352945],[102.790001,24.5353384],[102.7898562,24.5354556],[102.7898133,24.5356312],[102.789706,24.5357825],[102.7894646,24.5357386],[102.7893251,24.5356703],[102.7891105,24.53568],[102.7888852,24.5362168],[102.7887404,24.5363632],[102.7884239,24.5363925],[102.7881288,24.5366121],[102.7880859,24.5368268],[102.7876568,24.5370269],[102.7869326,24.5371782],[102.7864927,24.5372221],[102.7863103,24.5371782],[102.7855754,24.5371782],[102.7852535,24.5373295],[102.7864873,24.5377736],[102.7870023,24.5382908],[102.7886438,24.5401354],[102.7896738,24.5423118],[102.7906501,24.5436977],[102.79109,24.5441466],[102.7914655,24.5451225],[102.7912187,24.5459521],[102.7909291,24.5463522],[102.7884185,24.5467231],[102.7857363,24.5475038],[102.7855539,24.5480113],[102.7865088,24.5505584],[102.7869379,24.5523833],[102.7872598,24.5537105],[102.7875495,24.5554865],[102.7879786,24.5561306],[102.7887297,24.5569405],[102.788912,24.557731],[102.7891695,24.5585506],[102.7895665,24.5591752],[102.7906609,24.5601022],[102.7914709,24.5602925],[102.7916747,24.5605364],[102.7917927,24.5617806],[102.7925706,24.5628588],[102.7925599,24.5634199],[102.7927369,24.5644055],[102.7932733,24.5653325],[102.7937883,24.5658643],[102.7939975,24.5670644],[102.793842,24.5677231],[102.7942926,24.5694989],[102.7949631,24.5708503],[102.7957946,24.5717724],[102.7957946,24.5727432],[102.7959233,24.5733238],[102.7963954,24.5741727],[102.7978599,24.5757533],[102.7978975,24.5758997],[102.7983105,24.576446],[102.798332,24.5766851],[102.7981979,24.5767778],[102.798112,24.576968],[102.7982408,24.5774461],[102.7980262,24.5776071],[102.7976721,24.5784511],[102.7976614,24.5793926],[102.7980477,24.5801975],[102.7982998,24.5818268],[102.798509,24.582061],[102.7989703,24.5821781],[102.799657,24.5820659],[102.8000539,24.5822269],[102.800349,24.5826464],[102.8004348,24.5831391],[102.8002632,24.5838757],[102.7985251,24.5863196],[102.7976561,24.5871391],[102.7969211,24.5875928],[102.7964169,24.5881781],[102.7962828,24.5889489],[102.7964598,24.5902318],[102.7962559,24.5914024],[102.7955854,24.5927682],[102.796036,24.5934072],[102.795977,24.5936414],[102.7958804,24.5938316],[102.7952903,24.5941047],[102.794711,24.5947047],[102.7946413,24.595212],[102.7947646,24.595651],[102.7952206,24.5960217],[102.7959716,24.596885],[102.7962935,24.5969582],[102.7970874,24.5970265],[102.7975863,24.5972362],[102.7983642,24.5979142],[102.7988148,24.5980557],[102.8002202,24.5978996],[102.8009123,24.5981288],[102.8014165,24.5979825],[102.8019422,24.598002],[102.8027737,24.5990019],[102.8042436,24.5999238],[102.8043723,24.5999189],[102.8046566,24.6000603],[102.8046888,24.6002993],[102.804383,24.60087],[102.8033209,24.601309],[102.8029132,24.6016504],[102.8022748,24.6020601],[102.8018081,24.6026795],[102.8018135,24.6032161],[102.8021997,24.6037574],[102.8026557,24.6039769],[102.8030634,24.6043281],[102.8038412,24.6052938],[102.8045386,24.6060839],[102.8057456,24.6067521],[102.8067166,24.6071423],[102.8069472,24.6075032],[102.8067756,24.608981],[102.8064269,24.6101857],[102.8064269,24.6110294],[102.80662,24.6113172],[102.8071511,24.6113903],[102.8076768,24.6113952],[102.8084278,24.6115074],[102.8097367,24.6123901],[102.8101015,24.6124828],[102.8114158,24.6122487],[102.812258,24.6122731],[102.8129393,24.6124194],[102.8132719,24.6125657],[102.8136742,24.6130339],[102.8138566,24.6134338],[102.8138405,24.6136679],[102.8137225,24.6138922],[102.8132826,24.6144775],[102.8129554,24.6147603],[102.8129661,24.6151602],[102.8127569,24.6152626],[102.8123492,24.6153114],[102.8119147,24.6154772],[102.8116733,24.6156235],[102.8116733,24.6158089],[102.8114855,24.6161015],[102.8110295,24.6163209],[102.810933,24.6167989],[102.8108042,24.6173695],[102.8108579,24.6196469],[102.8107023,24.6205443],[102.8107774,24.6209246],[102.8121453,24.6230899],[102.8110242,24.6245285],[102.8098333,24.6257574],[102.8090715,24.626245],[102.8066415,24.6280152],[102.8064859,24.6290392],[102.8061157,24.6295268],[102.8037018,24.6318821],[102.8030902,24.632399],[102.803058,24.6326331],[102.8031546,24.6329793],[102.8039378,24.6343885],[102.8045708,24.6350419],[102.8063196,24.6356173],[102.8073066,24.6352711],[102.8114212,24.6356027],[102.8123063,24.6359342],[102.8127408,24.6362024],[102.8132451,24.6365925],[102.8149295,24.6381529],[102.8171074,24.6395815],[102.8170913,24.6396985],[102.8171074,24.6398107],[102.8171664,24.6399521],[102.8173542,24.6400545],[102.8175688,24.640191],[102.8176707,24.6402983],[102.8180087,24.6405518],[102.8181589,24.6407079],[102.8182876,24.6407859],[102.8184915,24.6408249],[102.8188187,24.6409955],[102.8190011,24.6411467],[102.8192317,24.6412832],[102.8194088,24.6413222],[102.8196448,24.641371],[102.8197682,24.6414929],[102.8199506,24.6418001],[102.8200203,24.642195],[102.8200096,24.6424388],[102.8198433,24.6433701],[102.8193712,24.6439649],[102.8173327,24.6457154],[102.8159326,24.6461103],[102.8157502,24.6465296],[102.8158522,24.647417],[102.8160614,24.6475876],[102.8164315,24.6477241],[102.8178745,24.6477729],[102.8199935,24.6490064],[102.8208893,24.6498499],[102.8208786,24.6502448],[102.8214633,24.6512492],[102.8215492,24.6516392],[102.8215009,24.6522438],[102.8214365,24.6528045],[102.8215331,24.6533505],[102.8216404,24.6560515],[102.8230405,24.6566073],[102.8232497,24.6568267],[102.8237271,24.6578456],[102.8239202,24.6588012],[102.8243816,24.6597128],[102.8240865,24.6606342],[102.8242421,24.661034],[102.8247571,24.6616093],[102.8250468,24.6621601],[102.8252721,24.6630474],[102.8255778,24.6633789],[102.826758,24.6638079],[102.8272569,24.6646952],[102.8280884,24.6656507],[102.8284693,24.666611],[102.8276914,24.6673081],[102.8264737,24.6691947],[102.8263557,24.6702087],[102.8262538,24.6709643],[102.8263879,24.6714858],[102.8272676,24.6727192],[102.8275305,24.6731286],[102.8279543,24.6740061],[102.8280348,24.6742985],[102.8282386,24.6750882],[102.8284478,24.6757463],[102.8285873,24.6761558],[102.8287911,24.67638],[102.8289896,24.676536],[102.8293222,24.676653],[102.8296012,24.6766578],[102.8298694,24.676653],[102.8302449,24.6767504],[102.8309691,24.6767456],[102.8312856,24.6767212],[102.8314733,24.6768138],[102.8318489,24.6772184],[102.8322083,24.6773793],[102.8324711,24.6774816],[102.8328788,24.6778082],[102.8329861,24.6782372],[102.8334206,24.678788],[102.8343809,24.6805379],[102.8357327,24.6824828],[102.8361297,24.6830141],[102.8362262,24.6836233],[102.8362209,24.6840669],[102.8359902,24.6846031],[102.8359473,24.6853781],[102.8368002,24.6857826],[102.8379857,24.6870304],[102.84033,24.6882343],[102.8405392,24.6885755],[102.8408074,24.688712],[102.8411293,24.688751],[102.8414994,24.6887607],[102.8418428,24.6888582],[102.8424114,24.6891506],[102.8439349,24.6904861],[102.8443426,24.6906713],[102.844584,24.690647],[102.8451312,24.6907444],[102.845198,24.6907948],[102.8455979,24.6911002],[102.8460377,24.6916949],[102.8460377,24.6919093],[102.8457212,24.6926843],[102.8457159,24.6936054],[102.8465152,24.6940733],[102.846837,24.694356],[102.8472555,24.6946582],[102.8476095,24.6952089],[102.8483659,24.6963689],[102.8490204,24.696905],[102.8494549,24.6974996],[102.8492296,24.6978895],[102.849251,24.6982355],[102.8496373,24.6987667],[102.8496265,24.6990348],[102.8502488,24.6995173],[102.8505439,24.6995953],[102.8512144,24.6999754],[102.8512924,24.7001364],[102.8515792,24.7010427],[102.8518972,24.7014989],[102.8523962,24.7016836],[102.8527942,24.7017738],[102.8531724,24.7020516],[102.8533441,24.7023781],[102.8532422,24.7028557],[102.8523409,24.7051706],[102.8524321,24.7056384],[102.8536874,24.7073831],[102.8548568,24.709157],[102.8551143,24.7099513],[102.85505,24.7110721],[102.8550553,24.7138352],[102.854889,24.7142104],[102.8532851,24.715916],[102.8521961,24.7172366],[102.8521961,24.7179139],[102.852416,24.7184597],[102.8523838,24.7193758],[102.8518099,24.72113],[102.8505707,24.7225431],[102.8491008,24.7256713],[102.8483391,24.7267433],[102.847867,24.7279273],[102.8489292,24.7283805],[102.8494173,24.7289847],[102.8489292,24.7297058],[102.8476095,24.7299299],[102.8442943,24.7299104],[102.8436077,24.7301151],[102.8430927,24.7322979],[102.8414887,24.7336135],[102.8412473,24.734164],[102.8411615,24.7347584],[102.8416443,24.7372969],[102.8416282,24.7385636],[102.8416282,24.7392701],[102.841655,24.7395965],[102.840845,24.741102],[102.8407109,24.7411361],[102.8405124,24.7411361],[102.8400618,24.7411166],[102.8397399,24.7411361],[102.8394127,24.7414381],[102.8393269,24.7417207],[102.8394556,24.7421105],[102.8365588,24.7445172],[102.8359419,24.7450433],[102.8354216,24.7455354],[102.8355128,24.7457059],[102.8358668,24.7459105],[102.8358668,24.7461298],[102.835899,24.7462759],[102.8360438,24.7463928],[102.8364193,24.7465926],[102.8366446,24.7466559],[102.8367466,24.7468362],[102.8368699,24.7469969],[102.8367841,24.7472308],[102.8368002,24.7475572],[102.8368539,24.7476595],[102.8370523,24.747791],[102.8370845,24.747981],[102.8372776,24.7480395],[102.8376746,24.7480395],[102.8378946,24.7478787],[102.8382164,24.7477472],[102.8389889,24.7477033],[102.8396004,24.7477423],[102.8403193,24.7482392],[102.8405446,24.7484292],[102.8406519,24.7487069],[102.8406143,24.7488872],[102.8403461,24.7491697],[102.8389299,24.7499248],[102.8384793,24.7507141],[102.8387368,24.7516445],[102.8385115,24.7523314],[102.8382271,24.7524191],[102.837283,24.7522876],[102.8368968,24.7525653],[102.8368378,24.7536175],[102.8372991,24.7543823],[102.8374869,24.7544846],[102.8378141,24.75447],[102.8382164,24.7543336],[102.8390425,24.7539634],[102.8393054,24.7539195],[102.8396487,24.7543239],[102.840786,24.7541436],[102.8415209,24.7534275],[102.842052,24.7533057],[102.8429103,24.7533057],[102.8450078,24.7522632],[102.8453189,24.7497592],[102.8454262,24.7496033],[102.8457373,24.7495351],[102.8460646,24.7496472],[102.8470033,24.7504997],[102.8476685,24.7508261],[102.8489238,24.7510648],[102.850163,24.7506264],[102.8514934,24.7515568],[102.8531188,24.7519368],[102.8533602,24.7519563],[102.853682,24.7516981],[102.8539234,24.7510307],[102.8560692,24.7506653],[102.8565627,24.7507238],[102.8569828,24.7514867],[102.857185,24.751854],[102.8576356,24.7521901],[102.8578609,24.7522876],[102.8591752,24.7519076],[102.8641266,24.7494767],[102.8650868,24.7492526],[102.8654194,24.749272],[102.8653496,24.7494767],[102.8650117,24.7503438],[102.8652102,24.7506605],[102.8677261,24.7519612],[102.8680533,24.752083],[102.8685307,24.7520294],[102.8690404,24.7518735],[102.869212,24.7515033],[102.8693354,24.7509576],[102.8695232,24.7502025],[102.8697592,24.749579],[102.8697056,24.7490041],[102.8695714,24.7474792],[102.8696144,24.7462857],[102.8696573,24.7459008],[102.8697485,24.7454331],[102.8699684,24.7451457],[102.8703332,24.7449751],[102.8707409,24.744678],[102.8707892,24.7445513],[102.8710574,24.7440349],[102.8712612,24.7436305],[102.871862,24.7429484],[102.8720176,24.7428266],[102.8721785,24.7425684],[102.872259,24.7423346],[102.8723019,24.7416038],[102.8723234,24.7414722],[102.8728223,24.7411312],[102.8729618,24.7407414],[102.87301,24.7406245],[102.8728169,24.7402981],[102.8726828,24.7400593],[102.8725326,24.7396014],[102.8723395,24.739158],[102.8722161,24.7390411],[102.8722107,24.73889],[102.8722644,24.7386952],[102.8726399,24.7385977],[102.8731012,24.7386172],[102.8742599,24.7389972],[102.8746194,24.7392701],[102.8753596,24.7397816],[102.8756332,24.7401665],[102.8760785,24.7406976],[102.8766149,24.7412481],[102.877543,24.7418181],[102.8777736,24.7420569],[102.8786105,24.7425879],[102.8793293,24.7428607],[102.8810459,24.7438108],[102.8830576,24.7453308],[102.8835511,24.7462272],[102.8838301,24.7469677],[102.8839373,24.7477862],[102.8839481,24.7489749],[102.8838569,24.7513084],[102.8844523,24.753788],[102.8849298,24.7553566],[102.8852409,24.7561507],[102.8855896,24.756594],[102.88589,24.7567499],[102.8868449,24.7567791],[102.8870809,24.7568229],[102.8877568,24.7568132],[102.8885186,24.757125],[102.888717,24.7570178],[102.889114,24.7566476],[102.8892159,24.7566086],[102.8896558,24.7567401],[102.8899831,24.7566281],[102.8904229,24.7567206],[102.8907072,24.7565258],[102.8910345,24.7564819],[102.8912437,24.7565404],[102.891646,24.756745],[102.8922307,24.7568424],[102.8926943,24.7570839],[102.8932473,24.7580505],[102.8939847,24.7586852],[102.895031,24.7591514],[102.8965115,24.7595704],[102.8982342,24.7597101],[102.8984025,24.7600477],[102.8985339,24.7607151],[102.8984776,24.761626],[102.8984454,24.7617405],[102.8985098,24.7621326],[102.8984588,24.7623957],[102.8986148,24.7630537],[102.89884,24.763209],[102.89945,24.7634136],[102.9011699,24.7669465],[102.9027075,24.7676175],[102.9033136,24.7678951],[102.9038125,24.7683579],[102.9041398,24.7685332],[102.9045099,24.768465],[102.9053038,24.7684309],[102.9061353,24.7685332],[102.9071009,24.7683286],[102.908324,24.768655],[102.9102284,24.7686891],[102.9110438,24.7691128],[102.9118591,24.7692541],[102.912417,24.7694392],[102.9130608,24.769863],[102.9135919,24.7707787],[102.9139459,24.7717528],[102.9139352,24.7722886],[102.9130071,24.7727611],[102.9121113,24.7735307],[102.9118162,24.7740908],[102.911784,24.7743831],[102.9115963,24.7747094],[102.9114461,24.774987],[102.9114783,24.7753426],[102.9116607,24.7761024],[102.9118001,24.7762972],[102.9123795,24.7773785],[102.9132003,24.7782357],[102.9151314,24.7793413],[102.9161346,24.7808512],[102.9176903,24.7822685],[102.9177546,24.7826435],[102.9172987,24.7831062],[102.9159307,24.7832133],[102.9149705,24.7838173],[102.9146326,24.7848449],[102.9141176,24.7852735],[102.9133451,24.7854683],[102.911827,24.7856436],[102.9101908,24.7863985],[102.9083294,24.7878401],[102.9086405,24.789155],[102.9090428,24.7899537],[102.9092628,24.7906501],[102.9094666,24.79178],[102.9098207,24.7921647],[102.9086244,24.7943659],[102.90856,24.7948675],[102.9087348,24.7954935],[102.9092735,24.7963918],[102.9100365,24.7983147],[102.9085238,24.8006405],[102.9077768,24.8015878],[102.9061353,24.8033798],[102.9053092,24.8050257],[102.9047406,24.8054932],[102.9039359,24.8055711],[102.9026592,24.8059899],[102.9022086,24.8071099],[102.90223,24.8074897],[102.903099,24.8086778],[102.9029918,24.8094569],[102.9023266,24.8109372],[102.9011571,24.8128946],[102.9006529,24.8140632],[102.9013181,24.8155142],[102.9021549,24.8167704],[102.9022407,24.8174034],[102.9019618,24.8195263],[102.9027235,24.8209772],[102.902348,24.8220483],[102.9025411,24.8247943],[102.9029596,24.8256318],[102.9031956,24.8261381],[102.9031527,24.8270242],[102.9035658,24.8276863],[102.9047996,24.828587],[102.9082167,24.8293222],[102.9090482,24.8295218],[102.9109955,24.8308801],[102.9122937,24.831328],[102.9129857,24.8320729],[102.9136509,24.8333873],[102.9134685,24.8340592],[102.9118001,24.8349744],[102.9096651,24.8353395],[102.9087478,24.8352276],[102.9079324,24.8352227],[102.9075193,24.835359],[102.907353,24.8356073],[102.9067846,24.8361037],[102.9063123,24.8362694],[102.9060709,24.8363619],[102.9060763,24.8364641],[102.9062211,24.8368292],[102.9062694,24.8373988],[102.9061192,24.8381291],[102.9057115,24.8389274],[102.9057544,24.8401785],[102.9057813,24.8408455],[102.9059154,24.8412398],[102.9060817,24.8416536],[102.9062533,24.8418094],[102.9072404,24.8422377],[102.9075193,24.842413],[102.9075623,24.8425639],[102.9075034,24.842594],[102.907353,24.842671],[102.906999,24.8428024],[102.9069825,24.842845],[102.9068541,24.8431773],[102.9065216,24.8439318],[102.9065859,24.8444575],[102.9068112,24.8449784],[102.9069936,24.8459763],[102.9069722,24.8468866],[102.9069829,24.8471787],[102.9074174,24.8478943],[102.907476,24.848096],[102.907573,24.8484297],[102.9081953,24.848863],[102.9087049,24.8500653],[102.9090375,24.8504937],[102.9093379,24.8507419],[102.9096705,24.8508831],[102.9097617,24.8508733],[102.9099762,24.8508782],[102.9103947,24.8510875],[102.91062,24.8512384],[102.9107755,24.8513309],[102.9108614,24.8512774],[102.9110062,24.8511897],[102.9113012,24.8512141],[102.9114669,24.8512926],[102.9118967,24.8514964],[102.912181,24.8515548],[102.912578,24.8514575],[102.912873,24.8514526],[102.9129213,24.851584],[102.9126906,24.8519394],[102.9125273,24.8520913],[102.9122615,24.8523385],[102.9116607,24.8528739],[102.9097778,24.8541006],[102.9094773,24.8543683],[102.9091555,24.8545338],[102.9088926,24.8545484],[102.9084688,24.8544754],[102.9080933,24.8545289],[102.9077661,24.8548648],[102.9077071,24.8551033],[102.9076481,24.855444],[102.9076481,24.855702],[102.9077446,24.8562715],[102.9077661,24.8564857],[102.907632,24.8567096],[102.9075998,24.8567826],[102.9076374,24.8568556],[102.9077554,24.8570016],[102.9077661,24.8571038],[102.907691,24.8572791],[102.9076266,24.8574056],[102.9076534,24.8575078],[102.9080021,24.8576636],[102.9093969,24.8582039],[102.9097778,24.8583012],[102.9099119,24.8582477],[102.9100352,24.8580919],[102.9104215,24.8580919],[102.9106039,24.8581649],[102.910915,24.8584326],[102.9111242,24.8585884],[102.911371,24.8585933],[102.9115695,24.8584959],[102.9119503,24.8585981],[102.9123956,24.8588561],[102.9130179,24.8595619],[102.9136562,24.8604672],[102.9138333,24.8610707],[102.913903,24.8618349],[102.9140156,24.8620345],[102.9143784,24.8623172],[102.9152977,24.8628911],[102.9158235,24.8629787],[102.9159146,24.8634216],[102.9160065,24.8644881],[102.9171914,24.8657433],[102.9174,24.8657827],[102.9178888,24.8657725],[102.9204422,24.8639765],[102.9208767,24.8643221],[102.9214132,24.8639132],[102.9210698,24.8633973],[102.9216385,24.8586857],[102.9221749,24.8570211],[102.922824,24.8565149],[102.9253292,24.8553272],[102.9258388,24.8549913],[102.9261446,24.8543926],[102.9260266,24.8523677],[102.9257744,24.8508295],[102.9255706,24.8501237],[102.9252434,24.8499972],[102.9251736,24.8497781],[102.9257154,24.8493887],[102.9258817,24.8491015],[102.9253989,24.8465215],[102.9255277,24.84584],[102.9257476,24.8457914],[102.9260641,24.84713],[102.9265201,24.8483324],[102.9274482,24.8495493],[102.9280651,24.849985],[102.9284862,24.8499898],[102.9287973,24.8500458],[102.929205,24.8500799],[102.9293042,24.8502259],[102.9294383,24.8504036],[102.929441,24.8505156],[102.9292425,24.8506227],[102.9288,24.8507297],[102.9287463,24.8508125],[102.9288295,24.8509391],[102.9291594,24.8511143],[102.9292077,24.8511532],[102.9292372,24.8512749],[102.9291674,24.8513212],[102.9291379,24.8515086],[102.9290347,24.8515913],[102.9286484,24.8515913],[102.9283333,24.8517008],[102.9280436,24.8518858],[102.9278183,24.8526841],[102.927829,24.8531465],[102.9278988,24.8539059],[102.9279202,24.8541201],[102.9282904,24.8544462],[102.9286176,24.8545046],[102.9291755,24.8545971],[102.9295134,24.8547869],[102.93064,24.8547869],[102.932716,24.8543099],[102.933746,24.8539156],[102.9356343,24.8527863],[102.9360688,24.8527036],[102.9362833,24.8527182],[102.9364121,24.8528253],[102.9364389,24.8529713],[102.9364496,24.8536917],[102.9362673,24.8543148],[102.935999,24.8554489],[102.9360527,24.8556387],[102.9363985,24.8562413],[102.9365623,24.856656],[102.936632,24.8570406],[102.9364657,24.8579508],[102.9364711,24.8582039],[102.9369807,24.859484],[102.9381287,24.8603991],[102.9381486,24.8605088],[102.9381877,24.8607252],[102.9382746,24.8609829],[102.9383486,24.8612022],[102.938633,24.8614699],[102.9389226,24.8617619],[102.9401725,24.862857],[102.9403603,24.8629446],[102.9409879,24.8631734],[102.9414386,24.8632951],[102.9417121,24.8634654],[102.9418355,24.8637964],[102.9418087,24.8641468],[102.9418784,24.864434],[102.9420394,24.8647698],[102.9425007,24.86513],[102.9432115,24.8655267],[102.9435307,24.8657871],[102.9436299,24.8659866],[102.9439062,24.866118],[102.9453868,24.8660377],[102.9472321,24.865809],[102.9474092,24.8659355],[102.9477042,24.8661229],[102.9480126,24.866174],[102.9484286,24.8662639],[102.9493833,24.8667459],[102.9496971,24.8668092],[102.950145,24.86678],[102.9505366,24.866595],[102.9510248,24.8660596],[102.9516551,24.8657043],[102.9519635,24.8656313],[102.9521593,24.865663],[102.9524785,24.8656411],[102.952956,24.8656386],[102.9531974,24.8655875],[102.9535863,24.8655169],[102.9537445,24.8654099],[102.9542246,24.865315],[102.9543319,24.8652639],[102.9547048,24.8650643],[102.9549783,24.8650059],[102.9556382,24.8650327],[102.9563731,24.8649694],[102.9568961,24.8650108],[102.9571831,24.8651178],[102.957623,24.8650667],[102.9577357,24.8649913],[102.957961,24.8649232],[102.9580924,24.8649012],[102.958248,24.8649256],[102.9585376,24.8649986],[102.9587227,24.8651397],[102.9589185,24.8652931],[102.9584035,24.8659428],[102.9583418,24.8661375],[102.9581219,24.8665877],[102.957851,24.8670817],[102.9577732,24.8673178],[102.9577598,24.8676901],[102.9574621,24.8682644],[102.9569632,24.8684445],[102.9562631,24.8688655],[102.9560646,24.8693911],[102.9559118,24.8699873],[102.955842,24.8700262],[102.955555,24.8703937],[102.9556353,24.8704197],[102.9563436,24.8706492],[102.9571241,24.8707052],[102.9572234,24.8707441],[102.9574352,24.8708366],[102.9576659,24.8709047],[102.9579073,24.8709169],[102.9582131,24.8708755],[102.9584491,24.870878],[102.9592162,24.8711456],[102.9609382,24.8740609],[102.9622149,24.8775162],[102.9648542,24.8809375],[102.9649508,24.8812976],[102.9638672,24.8819108],[102.9634756,24.8825531],[102.9618394,24.8863878],[102.9620594,24.886636],[102.9622257,24.886945],[102.9622498,24.8872151],[102.9616731,24.8884609],[102.9640174,24.8885971],[102.9651976,24.8894098],[102.9661417,24.8895071],[102.9721016,24.8911713],[102.972933,24.8911324],[102.9733568,24.8910059],[102.9736251,24.8905533],[102.9735821,24.8893952],[102.973845,24.8878331],[102.9740918,24.8872881],[102.9748213,24.8866165],[102.9768424,24.8859548],[102.9784101,24.885181],[102.9796573,24.8843294],[102.9802582,24.884142],[102.9806793,24.8840836],[102.9812828,24.8839084],[102.9818487,24.8839084],[102.98211,24.8839466],[102.983915,24.8855843],[102.9876298,24.8883277],[102.9879257,24.8883317],[102.9885761,24.8883429],[102.9913281,24.8896645],[102.9934377,24.8913899],[102.9945751,24.8922704],[102.9960242,24.8943738],[102.9972652,24.8964696],[102.9985589,24.8998594],[102.9986634,24.9025028],[102.9986892,24.9071211],[102.9988105,24.912718],[102.9988024,24.9167695],[102.9989755,24.9224833],[102.9994795,24.9235016],[103.0004078,24.9233129],[103.0007125,24.923048],[103.0026389,24.9192106],[103.0052257,24.9157842],[103.0058075,24.911177],[103.0071353,24.9070425],[103.0114821,24.9043081],[103.0138421,24.9036231],[103.0144429,24.9035939],[103.0158123,24.9023667],[103.0164277,24.8999251],[103.0178275,24.8961892],[103.0187086,24.8942317],[103.01933,24.8923131],[103.0202109,24.8906184],[103.0209875,24.8894049],[103.0210948,24.889074],[103.0210948,24.8887723],[103.021009,24.8884901],[103.0208749,24.8882857],[103.0205905,24.8880959],[103.0203116,24.8878282],[103.020274,24.8876579],[103.0202687,24.8874438],[103.0204779,24.886782],[103.0210948,24.8858428],[103.0215347,24.8854632],[103.0222803,24.8849425],[103.0228811,24.8844705],[103.0230421,24.8842856],[103.0234873,24.8830252],[103.023541,24.8822611],[103.023541,24.8816285],[103.0231762,24.8806795],[103.0230743,24.8802415],[103.0233908,24.8789373],[103.0241901,24.8771221],[103.0246407,24.875993],[103.0250645,24.8746352],[103.0257297,24.8720655],[103.0263144,24.8702404],[103.0267274,24.8692475],[103.0268347,24.8689263],[103.0267811,24.8685905],[103.0266792,24.8683033],[103.0263466,24.8677728],[103.0260032,24.8669406],[103.0259013,24.8663078],[103.0259091,24.8660055],[103.0259174,24.8656849],[103.0261213,24.8647552],[103.0263698,24.8634229],[103.0264753,24.862857],[103.0264324,24.8621269],[103.0261695,24.8615137],[103.0258101,24.8608761],[103.0256009,24.8596398],[103.0254453,24.8580481],[103.0256975,24.8571525],[103.0258216,24.8567348],[103.02625,24.8552931],[103.0266523,24.8531027],[103.0266416,24.8522752],[103.0259657,24.851365],[103.0253166,24.8480841],[103.025074,24.8478089],[103.0249947,24.847719],[103.0239433,24.8473247],[103.0220228,24.8468331],[103.0217224,24.8460737],[103.0216956,24.8450612],[103.0218995,24.8444186],[103.0225056,24.8429777],[103.0224574,24.8425834],[103.0222106,24.8423254],[103.0209821,24.8416146],[103.0207515,24.8413469],[103.0207515,24.8411035],[103.0211538,24.8395895],[103.021583,24.839127],[103.0223983,24.8383822],[103.0226719,24.8378321],[103.0232191,24.8342734],[103.0237931,24.8325694],[103.024115,24.8315276],[103.0243081,24.8299697],[103.0244422,24.8282706],[103.0243081,24.827326],[103.0242705,24.8266104],[103.0239379,24.8255685],[103.0239594,24.8244146],[103.0237877,24.8237524],[103.0234176,24.8233434],[103.0230635,24.8227933],[103.0227417,24.8213764],[103.0225271,24.8210502],[103.022511,24.8205779],[103.0222213,24.8200229],[103.0219155,24.8195896],[103.0216366,24.8192147],[103.0215883,24.8189469],[103.0217117,24.8181191],[103.0217707,24.8175933],[103.0215615,24.817194],[103.0213952,24.8168483],[103.0213201,24.8165416],[103.0212986,24.8160498],[103.0213362,24.8155678],[103.0215722,24.8146572],[103.0218458,24.813922],[103.0218136,24.8136688],[103.0213952,24.8130942],[103.0209982,24.8122421],[103.0208588,24.8114436],[103.0209714,24.8109226],[103.0214435,24.8103967],[103.0228114,24.8088434],[103.0233908,24.8083467],[103.0234337,24.8080351],[103.0234122,24.8077234],[103.0230635,24.8072413],[103.0230206,24.8069492],[103.0229884,24.8062577],[103.0228168,24.8047823],[103.0226397,24.8041151],[103.022806,24.8024303],[103.0227578,24.8017047],[103.0224037,24.8013736],[103.0205476,24.8011496],[103.019582,24.8006821],[103.0189437,24.800609],[103.018375,24.800609],[103.0176401,24.8008671],[103.0173826,24.8010181],[103.0170339,24.8009304],[103.0167872,24.8006723],[103.016413,24.8002307],[103.0156382,24.7999136],[103.0140889,24.7994111],[103.0138153,24.7992212],[103.0137026,24.7989192],[103.0136597,24.7985637],[103.0137455,24.7983982],[103.0140084,24.7980135],[103.0140245,24.7975606],[103.014062,24.7973025],[103.0142552,24.7970687],[103.0143732,24.7967473],[103.0145234,24.7964259],[103.0149472,24.7958951],[103.0151296,24.7955152],[103.0154031,24.794999],[103.0154246,24.7945461],[103.015312,24.7942685],[103.0150652,24.7938059],[103.0147272,24.7935527],[103.0144322,24.7931144],[103.0139011,24.7917703],[103.0137938,24.7915267],[103.0138153,24.7910592],[103.0138314,24.7906014],[103.0138314,24.7899586],[103.0133325,24.7890966],[103.0129838,24.7878206],[103.0129892,24.7873725],[103.0125509,24.7863223],[103.013731,24.781906],[103.0134593,24.7799672],[103.0132198,24.7781042],[103.0127228,24.7757223],[103.0125381,24.7738204],[103.0119753,24.7733115],[103.010765,24.7727935],[103.0107339,24.7719655],[103.0114603,24.7702526],[103.0124473,24.7689765],[103.012619,24.7681679],[103.0112861,24.7675306],[103.0107415,24.7669209],[103.0108273,24.7656545],[103.0103921,24.7645623],[103.010366,24.7631799],[103.0118465,24.7622447],[103.0132798,24.7621036],[103.0142176,24.761777],[103.0150866,24.7611438],[103.0166179,24.760884],[103.0176401,24.760189],[103.0187881,24.7600039],[103.0208724,24.759203],[103.0226719,24.7587861],[103.0225155,24.7569487],[103.0235195,24.7567596],[103.0257022,24.7584864],[103.0279117,24.7607584],[103.0281222,24.7613581],[103.0279183,24.7620401],[103.0280256,24.7627415],[103.0292487,24.7641249],[103.0304074,24.7644367],[103.0315721,24.7645315],[103.0324459,24.7646315],[103.0334332,24.7657209],[103.0341196,24.7661513],[103.0346239,24.767106],[103.034764,24.7682824],[103.0362439,24.7698727],[103.0370524,24.77047],[103.0379535,24.7732423],[103.0382717,24.7737791],[103.0385828,24.7739499],[103.0391717,24.7739545],[103.0399318,24.773503],[103.0410164,24.7730241],[103.0420597,24.7728143],[103.04259,24.7727124],[103.0432839,24.7724645],[103.0452079,24.7710661],[103.0464574,24.769929],[103.0488921,24.7676369],[103.0497882,24.7668421],[103.05067,24.7660817],[103.0516178,24.7655482],[103.0520737,24.7653275],[103.0533445,24.7650041],[103.054108,24.7649216],[103.0543542,24.7646364],[103.0546224,24.7644026],[103.0552608,24.7644464],[103.0557597,24.764763],[103.0561781,24.7651625],[103.0564141,24.765294],[103.0575943,24.7653671],[103.0587956,24.7657401],[103.0598664,24.7657227],[103.0606949,24.7653719],[103.061567,24.7651179],[103.0625369,24.7652263],[103.0630392,24.7654304],[103.0634479,24.7649519],[103.063935,24.7647582],[103.0645627,24.7646169],[103.0657107,24.763896],[103.0662166,24.7637113],[103.0681123,24.7638102],[103.06916,24.7634917],[103.0709243,24.7626504],[103.0730867,24.7613581],[103.0738969,24.7606845],[103.0749416,24.7593018],[103.0758709,24.7576413],[103.0743129,24.7560969],[103.0729934,24.7543985],[103.0725863,24.753646],[103.072221,24.7533094],[103.0719006,24.7530398],[103.071709,24.7526021],[103.0715354,24.7517383],[103.0713618,24.7503966],[103.0713359,24.7497787],[103.0712321,24.7494048],[103.0707371,24.7488624],[103.0703898,24.7483849],[103.0695916,24.7466209],[103.0690358,24.7459638],[103.0688182,24.7456271],[103.0681587,24.744518],[103.067569,24.7437068],[103.0670821,24.7431136],[103.0668216,24.742611],[103.0667958,24.741747],[103.0668567,24.7406769],[103.0667789,24.7389882],[103.066718,24.7387063],[103.0665873,24.7384225],[103.0657103,24.7374668],[103.0652853,24.7372224],[103.064999,24.7369789],[103.0649471,24.736638],[103.0650339,24.7362589],[103.0651467,24.7359477],[103.0651896,24.7357007],[103.0649641,24.735093],[103.0647736,24.7343592],[103.0647816,24.7336894],[103.0648345,24.7329363],[103.0646609,24.7324416],[103.0640354,24.7315336],[103.0632284,24.7308638],[103.0624811,24.730369],[103.062126,24.7301516],[103.0618996,24.729915],[103.0618388,24.7294921],[103.0619695,24.7292029],[103.062152,24.7289446],[103.0622298,24.7285845],[103.0622468,24.7281115],[103.0620991,24.7265338],[103.0618738,24.7256612],[103.0612055,24.7242124],[103.0608843,24.7233759],[103.0606938,24.7227273],[103.0605801,24.7222025],[103.0605632,24.7214685],[103.0605283,24.7210566],[103.0603288,24.720696],[103.0596426,24.7197371],[103.0592087,24.7190969],[103.0588187,24.7182936],[103.0586183,24.717695],[103.0585146,24.7168902],[103.05835,24.7160955],[103.058002,24.7149322],[103.0578374,24.7145695],[103.057612,24.7142918],[103.0573168,24.7139514],[103.0567952,24.7131074],[103.0566048,24.7125276],[103.056171,24.7115596],[103.0554759,24.7105289],[103.0550599,24.7101257],[103.05433,24.7096831],[103.0539571,24.7093828],[103.0535054,24.7089597],[103.0531843,24.7083832],[103.0530717,24.7080005],[103.0530807,24.7073825],[103.0532103,24.7064683],[103.0531146,24.7053815],[103.052655,24.7045155],[103.0519949,24.7041248],[103.0496338,24.7039495],[103.0478023,24.7037014],[103.0464923,24.7033393],[103.0451376,24.7024433],[103.0442614,24.7016073],[103.0438008,24.7008243],[103.0437311,24.7000405],[103.0435317,24.699329],[103.0432457,24.6984527],[103.0433931,24.6975034],[103.0437142,24.6966687],[103.0438439,24.6960694],[103.043818,24.6954615],[103.0436615,24.6947308],[103.0434271,24.6941614],[103.0429677,24.6933584],[103.0423687,24.6925839],[103.0417178,24.6919244],[103.0413012,24.6910284],[103.0401202,24.6890052],[103.0394086,24.687263],[103.0391913,24.6865925],[103.0391306,24.6860666],[103.0389482,24.6844261],[103.0389223,24.6819112],[103.0388786,24.6807153],[103.0385059,24.6793553],[103.0380286,24.6775384],[103.0375771,24.6765596],[103.03729,24.6759083],[103.0358492,24.6716439],[103.0357974,24.671308],[103.0358492,24.6709869],[103.0361352,24.6704962],[103.0362916,24.6700578],[103.0364392,24.6693634],[103.0364652,24.6685494],[103.0363704,24.6680786],[103.0358663,24.6672999],[103.035077,24.6665658],[103.034808,24.6658955],[103.0343297,24.6641678],[103.0342779,24.6631239],[103.0344085,24.6618985],[103.0344165,24.6609975],[103.0341654,24.6602232],[103.0339741,24.6598406],[103.0335058,24.6593068],[103.0330364,24.6589081],[103.0327853,24.6585737],[103.0325243,24.6578894],[103.0321855,24.6570393],[103.032047,24.6562406],[103.0320301,24.6552876],[103.0321507,24.6544353],[103.0322902,24.653702],[103.0323162,24.6529659],[103.0322035,24.6522431],[103.0318818,24.651405],[103.0316476,24.6507736],[103.0315958,24.6498707],[103.0315958,24.6493177],[103.031543,24.6488008],[103.0312312,24.6479637],[103.0311445,24.6473968],[103.0310748,24.645618],[103.0310659,24.644151],[103.0310918,24.6432959],[103.0313181,24.6424903],[103.031899,24.6417508],[103.0322288,24.6411279],[103.0325418,24.6402681],[103.0328976,24.6388491],[103.0334447,24.6373997],[103.0338523,24.6366566],[103.0339649,24.6361253],[103.0341563,24.6347558],[103.0344602,24.633645],[103.0348858,24.6328659],[103.0351718,24.6322911],[103.0352496,24.6312469],[103.0352157,24.6303089],[103.0349287,24.6290356],[103.0347643,24.628391],[103.0347036,24.6278112],[103.0349458,24.6255875],[103.0350593,24.6250732],[103.0353973,24.6240423],[103.0354322,24.6233972],[103.0354412,24.6228661],[103.0351193,24.6223489],[103.0347556,24.6223018],[103.0340778,24.6223966],[103.0333484,24.6224774],[103.0329499,24.6223665],[103.0327675,24.6221079],[103.0328024,24.6215598],[103.0328972,24.6191265],[103.0330795,24.618417],[103.0334442,24.617968],[103.0344338,24.6174185],[103.0354752,24.6168868],[103.0358659,24.6164838],[103.0361091,24.6159691],[103.0361529,24.61555],[103.036153,24.614986],[103.0358919,24.6141486],[103.0353797,24.6124078],[103.0351894,24.6116833],[103.0351715,24.6111183],[103.0353279,24.6107329],[103.0357963,24.6105217],[103.0366215,24.6104416],[103.0376809,24.610507],[103.038245,24.6102806],[103.0388869,24.609311],[103.0390862,24.6087985],[103.0390085,24.6082676],[103.0387653,24.6073792],[103.0388431,24.607041],[103.0391819,24.6067351],[103.0399374,24.6064613],[103.0416817,24.6058021],[103.0420037,24.6055874],[103.0422458,24.6052528],[103.0423415,24.6047385],[103.0423068,24.6039056],[103.0421772,24.6034188],[103.0418124,24.6029217],[103.0414825,24.6018244],[103.0412483,24.6009648],[103.0411437,24.6003311],[103.0412304,24.5996518],[103.0414567,24.5990613],[103.0415175,24.5986661],[103.0414826,24.5979202],[103.0413351,24.5974445],[103.0407969,24.5961667],[103.0407013,24.5957479],[103.0407709,24.5951247],[103.0415167,24.5933148],[103.0418297,24.592942],[103.0422024,24.5926771],[103.0428195,24.5923857],[103.0434265,24.5918023],[103.0437655,24.5912315],[103.0438612,24.5907342],[103.0439819,24.5883128],[103.0438952,24.5876789],[103.043652,24.5871014],[103.0427758,24.5861753],[103.041196,24.5845209],[103.0403976,24.5837748],[103.0396591,24.5831655],[103.0394248,24.582824],[103.0392515,24.5822474],[103.0391648,24.5819306],[103.0389734,24.581479],[103.0389127,24.5811272],[103.0389914,24.5807888],[103.0393123,24.5805281],[103.0405014,24.5796802],[103.0411005,24.5792498],[103.04156,24.5787396],[103.0419358,24.5780517],[103.0419697,24.5770666],[103.0418142,24.5761508],[103.0417445,24.5753798],[103.0416229,24.5746902],[103.041293,24.5740909],[103.0408066,24.5734119],[103.0405206,24.5726656],[103.0402864,24.5719191],[103.0401907,24.5715103],[103.0402166,24.5710812],[103.040373,24.5708207],[103.0409283,24.5705475],[103.0437593,24.5703715],[103.0448027,24.5696521],[103.0453235,24.5681443],[103.0468594,24.5664371],[103.0475477,24.5639328],[103.0480967,24.5623497],[103.049239,24.5614716],[103.050509,24.5606196],[103.0509734,24.5586314],[103.0512321,24.5583213],[103.0515546,24.5580742],[103.0523318,24.5577797],[103.0530238,24.5575992],[103.0542093,24.5576724],[103.0552223,24.557857],[103.0580395,24.5585262],[103.0608223,24.5588402],[103.0643374,24.5585311],[103.0676038,24.5584842],[103.0691653,24.5590288],[103.0706167,24.5597799],[103.0723857,24.5597163],[103.0747987,24.5586089],[103.0768418,24.5570723],[103.0780293,24.5564153],[103.0793041,24.5560867],[103.0804896,24.556033],[103.0831379,24.5560298],[103.0841502,24.5559142],[103.0856695,24.5566439],[103.089224,24.5605255],[103.0907329,24.5620909],[103.0923653,24.562346],[103.0937482,24.5622253],[103.0946067,24.5625817],[103.0986344,24.5657516],[103.1006243,24.5660088],[103.1032717,24.566962],[103.1073258,24.5688323],[103.1097377,24.568568],[103.1115428,24.5677188],[103.1122079,24.5658589],[103.1121957,24.5651526],[103.1119246,24.564645],[103.111533,24.5643279],[103.1111469,24.5638892],[103.1106809,24.5634218],[103.110174,24.5626371],[103.1101088,24.5622216],[103.1100657,24.5607644],[103.1101848,24.5604273],[103.1103133,24.5598035],[103.1105495,24.559208],[103.1106454,24.5588107],[103.1106665,24.5585995],[103.1106454,24.5583978],[103.110603,24.5582051],[103.1105277,24.5579995],[103.1104954,24.5577844],[103.1104311,24.5575795],[103.1103984,24.5573718],[103.1102964,24.5538074],[103.110334,24.5533924],[103.110334,24.553028],[103.1103127,24.5527123],[103.1100929,24.551167],[103.11005,24.5509619],[103.1100229,24.55076],[103.1100186,24.5505743],[103.1100721,24.550347],[103.1101141,24.5502467],[103.1101195,24.5498212],[103.1101196,24.5496832],[103.1100928,24.5493367],[103.1100175,24.549009],[103.1100175,24.5488963],[103.1100392,24.5488258],[103.1101147,24.5483961],[103.1103236,24.5478603],[103.1103394,24.5476399],[103.110334,24.5473022],[103.1104628,24.5465307],[103.1104736,24.5461981],[103.1105003,24.5460911],[103.1105003,24.545167],[103.1104682,24.5445048],[103.1104306,24.5442554],[103.1104359,24.5437725],[103.1103399,24.5432243],[103.1100176,24.5421834],[103.1100122,24.5419482],[103.1098143,24.5410189],[103.1097451,24.5407912],[103.1096221,24.5404752],[103.109402,24.5399771],[103.1091168,24.5391545],[103.1089662,24.5380637],[103.1088644,24.5367569],[103.1088376,24.5366499],[103.1088159,24.5364424],[103.1088159,24.5362307],[103.1088321,24.5360138],[103.1089072,24.5356724],[103.1089556,24.5347525],[103.109053,24.5345507],[103.1091217,24.5342525],[103.1091323,24.5337298],[103.1090956,24.5335388],[103.1088921,24.5330467],[103.1088592,24.5329319],[103.1087458,24.532091],[103.1086935,24.5319928],[103.1086341,24.5316837],[103.1086026,24.5315929],[103.108394,24.531082],[103.1082939,24.5308903],[103.1079836,24.5305544],[103.1078582,24.5303659],[103.1077707,24.5301669],[103.1077278,24.5299621],[103.107279,24.5289704],[103.1072142,24.5288771],[103.1070472,24.528431],[103.1068337,24.5279455],[103.106459,24.5274147],[103.1062821,24.5271221],[103.106003,24.5267461],[103.1057174,24.5262412],[103.1056247,24.5260228],[103.1055499,24.5258049],[103.1054475,24.5252358],[103.1051845,24.5241762],[103.1050501,24.5231146],[103.1050501,24.5230085],[103.1050501,24.5227787],[103.1050501,24.5226658],[103.1051204,24.5224591],[103.1052433,24.5217687],[103.1053559,24.5200024],[103.1053987,24.5196763],[103.1053773,24.5186534],[103.1053505,24.5182479],[103.1053612,24.5177084],[103.1054207,24.517389],[103.1059516,24.5151836],[103.1060961,24.5139315],[103.1061122,24.5126575],[103.1061984,24.5119467],[103.1065753,24.510769],[103.1066516,24.5106567],[103.106802,24.5103684],[103.1069533,24.5100759],[103.1071588,24.5101769],[103.1073117,24.5103013],[103.1077355,24.5106918],[103.108229,24.5115118],[103.1085348,24.5118389],[103.1088728,24.512078],[103.1094307,24.512244],[103.109774,24.5125564],[103.1098545,24.5128785],[103.1100261,24.5137034],[103.1107879,24.5148113],[103.1109327,24.5150066],[103.111555,24.5157338],[103.1117266,24.5161291],[103.1119305,24.5164854],[103.1127512,24.5168027],[103.1132984,24.5169784],[103.1137007,24.5173396],[103.1138188,24.5174811],[103.1142372,24.5175738],[103.114543,24.5175104],[103.1149882,24.5171151],[103.1152886,24.5168466],[103.1154978,24.5167685],[103.1157124,24.5169735],[103.115766,24.5172224],[103.1158572,24.5175348],[103.1163615,24.5178764],[103.117193,24.5180863],[103.1179333,24.5181156],[103.1190061,24.5177154],[103.1195962,24.5177642],[103.1202507,24.5180473],[103.1209481,24.5183304],[103.1217205,24.5188282],[103.1225574,24.5188477],[103.1229758,24.5186622],[103.1237912,24.5183108],[103.124671,24.5178325],[103.1250358,24.5175885],[103.1256258,24.5175202],[103.1261945,24.5175006],[103.1267846,24.5173054],[103.1272673,24.5170809],[103.1276321,24.5166416],[103.1283831,24.5157045],[103.1287587,24.5154995],[103.1293166,24.5155776],[103.1298315,24.5158119],[103.1308401,24.5168759],[103.1331253,24.5202631],[103.1342947,24.5214149],[103.1351852,24.5218835],[103.1360328,24.5228303],[103.1360865,24.5271446],[103.1362796,24.5277986],[103.1366014,24.5283159],[103.1373417,24.5290479],[103.1381805,24.5293051],[103.139112,24.5292334],[103.1395948,24.5292822],[103.1408715,24.5303753],[103.1415474,24.5309024],[103.1423628,24.5312635],[103.1430709,24.5321322],[103.1438005,24.5321517],[103.1449161,24.5321432],[103.1456888,24.5324738],[103.1469118,24.5332937],[103.1471693,24.5329618],[103.1472766,24.5315564],[103.1473517,24.5310879],[103.1478882,24.5305803],[103.1482744,24.5305706],[103.1487143,24.5308341],[103.1493688,24.5320444],[103.1504202,24.5335279],[103.1506133,24.533606],[103.1513858,24.5332449],[103.1522763,24.5322884],[103.1522334,24.5319663],[103.1512034,24.5310488],[103.1501305,24.5297995],[103.1499803,24.529331],[103.1500876,24.5288234],[103.1515145,24.5277595],[103.1530273,24.5269103],[103.1548083,24.5262564],[103.1556129,24.5253974],[103.1555915,24.5245873],[103.1557095,24.5239723],[103.1560528,24.5233574],[103.1565027,24.5223637],[103.1568468,24.5218444],[103.1566644,24.5205657],[103.1567824,24.5190527],[103.1571257,24.5182327],[103.1578767,24.5172859],[103.1600869,24.5154507],[103.1626671,24.5139181],[103.1651294,24.5129956],[103.1653279,24.5134544],[103.1658697,24.5136546],[103.1659341,24.5147283],[103.1661969,24.5150651],[103.1662272,24.5155012],[103.1674361,24.5159388],[103.167243,24.5164415],[103.1664973,24.5174518],[103.1650329,24.5183743],[103.1633806,24.5191064],[103.1621307,24.5201118],[103.1651509,24.5228547],[103.165462,24.5227131],[103.1662506,24.5214686],[103.1677902,24.5198434],[103.1684229,24.5192475],[103.169024,24.5188868],[103.1697804,24.5187891],[103.1702417,24.5188477],[103.1707781,24.5190039],[103.1711107,24.5191698],[103.1712931,24.5193309],[103.1714487,24.5195652],[103.1716579,24.5200191],[103.1717062,24.520307],[103.1716847,24.520717],[103.1716398,24.5210154],[103.1716579,24.521288],[103.171872,24.5215887],[103.1720871,24.52182],[103.1722587,24.5221568],[103.1723124,24.522435],[103.1723875,24.5226887],[103.1725645,24.522884],[103.1730473,24.5231768],[103.1732833,24.5233769],[103.1735086,24.5236892],[103.1735408,24.5238698],[103.1735301,24.5242066],[103.1733584,24.5246556],[103.1733048,24.5249484],[103.1733477,24.5251631],[103.1741899,24.5267249],[103.1756061,24.5263198],[103.1763357,24.5265687],[103.1772691,24.5274569],[103.177802,24.5278239],[103.1781059,24.5276961],[103.1782722,24.5267249],[103.178964,24.5257958],[103.1796187,24.5252754],[103.18111,24.5244018],[103.1818074,24.523821],[103.1827837,24.5235038],[103.1834006,24.5234745],[103.1848973,24.5232354],[103.1859004,24.5234794],[103.1867051,24.5238405],[103.1880677,24.5251778],[103.1886524,24.5269006],[103.1893873,24.5283549],[103.1918657,24.5303753],[103.1922358,24.530717],[103.1931478,24.5320346],[103.1936949,24.5324201],[103.1944245,24.532713],[103.1955403,24.5329033],[103.1974983,24.5329423],[103.1982064,24.5326739],[103.1984907,24.5323177],[103.1987268,24.5312099],[103.1987858,24.5295896],[103.1990004,24.5288625],[103.1992096,24.528638],[103.199923,24.5283744],[103.2001215,24.5279254],[103.1994832,24.5266907],[103.1990969,24.5256658],[103.1989092,24.5246263],[103.1989145,24.5237185],[103.1991667,24.5230304],[103.1995422,24.5226741],[103.2002985,24.5222544],[103.2012749,24.5218737],[103.2028091,24.5215028],[103.2040402,24.5214222],[103.2046974,24.5215418],[103.2061243,24.5225375],[103.2067788,24.5222056],[103.208195,24.521083],[103.2089782,24.5211611],[103.2101369,24.5221372],[103.2110917,24.523494],[103.213774,24.5242749],[103.2142353,24.5244506],[103.2146001,24.5245189],[103.2148361,24.5242847],[103.2148683,24.5234745],[103.2145786,24.5226058],[103.2144982,24.5207609],[103.2146054,24.519082],[103.214997,24.5175982],[103.2165903,24.5143428],[103.2189989,24.5131421],[103.2201523,24.5129419],[103.2235211,24.5128053],[103.2247388,24.5129712],[103.2263589,24.5132494],[103.2270724,24.5135521],[103.2287192,24.5137717],[103.2290411,24.5136643],[103.2294273,24.5131957],[103.2296687,24.5126735],[103.2305324,24.5120683],[103.2308382,24.5117461],[103.2309294,24.5111653],[103.231498,24.5108041],[103.232013,24.5106674],[103.2326674,24.510809],[103.2331341,24.5111555],[103.2334109,24.5112213],[103.2340193,24.5106869],[103.2350707,24.510194],[103.2363421,24.5099109],[103.2379782,24.5105259],[103.239314,24.511219],[103.2396519,24.5112873],[103.2404673,24.5109017],[103.2409608,24.5108724],[103.2415187,24.5106869],[103.242479,24.5106869],[103.2434338,24.5111555],[103.2453328,24.5128492],[103.2456011,24.513391],[103.2460356,24.5143184],[103.246218,24.5150846],[103.2461053,24.5154946],[103.2456601,24.5162268],[103.2451397,24.5170955],[103.244335,24.5177105],[103.242656,24.5184377],[103.2422376,24.5188575],[103.2416636,24.5194578],[103.2414651,24.5196725],[103.2409984,24.5198434],[103.2407087,24.5200044],[103.24058,24.5203119],[103.2404083,24.520473],[103.2401025,24.5206438],[103.2390028,24.5208341],[103.2386112,24.5208585],[103.2379836,24.5207414],[103.2378226,24.5206438],[103.2375652,24.5205462],[103.2373184,24.5206633],[103.2368678,24.5208829],[103.2363689,24.5209757],[103.2358646,24.5214247],[103.2359397,24.5220884],[103.2363474,24.5225179],[103.2365942,24.5245482],[103.2369107,24.5249728],[103.2387668,24.5257586],[103.2392389,24.5260611],[103.2396626,24.5267786],[103.2396305,24.5285404],[103.2393354,24.5288088],[103.2387743,24.5289573],[103.2381713,24.5287551],[103.2379031,24.528594],[103.2373774,24.5278181],[103.2369858,24.5275692],[103.2364279,24.5275643],[103.2352102,24.5280914],[103.2349205,24.5288137],[103.2354945,24.5300484],[103.2363421,24.5319468],[103.2363313,24.5322933],[103.2349044,24.5330399],[103.2349795,24.5343868],[103.2351673,24.5348553],[103.2366157,24.5356996],[103.237077,24.5359436],[103.2373291,24.5371148],[103.2376188,24.5372221],[103.2383054,24.5365926],[103.2385415,24.536373],[103.2387453,24.5362266],[103.2390886,24.5361924],[103.2433748,24.5402672],[103.2451183,24.5409308],[103.245703,24.5413749],[103.2462072,24.5420142],[103.2463735,24.5433366],[103.2468295,24.5442637],[103.2475537,24.5446004],[103.2491577,24.5444979],[103.2502574,24.5447078],[103.2511908,24.5443516],[103.2524943,24.5442247],[103.2533205,24.5443028],[103.2535136,24.544576],[103.2534975,24.54705],[103.2540446,24.54705],[103.2559168,24.5476355],[103.2565767,24.5480405],[103.256759,24.5487432],[103.257215,24.5497679],[103.2579285,24.550856],[103.2580519,24.5512756],[103.258481,24.5518953],[103.2593071,24.5525248],[103.2594895,24.553403],[103.2604605,24.5539056],[103.2613671,24.5544326],[103.2620054,24.5549254],[103.2624024,24.5554865],[103.2625687,24.556516],[103.2633787,24.5594142],[103.2634377,24.5599314],[103.2633305,24.5601071],[103.2631803,24.5601364],[103.2629549,24.5600339],[103.2627886,24.5599168],[103.2626009,24.5598534],[103.2621074,24.559868],[103.2615817,24.56019],[103.2611203,24.5607901],[103.2604659,24.5621221],[103.2599562,24.5626198],[103.2597899,24.5627613],[103.2591194,24.5630735],[103.2589263,24.5633858],[103.2596129,24.5646201],[103.2587653,24.5653617],[103.2583737,24.5659326],[103.25854,24.5682158],[103.258658,24.5690062],[103.2584649,24.5701234],[103.2577407,24.5717626],[103.2559383,24.5771973],[103.2556486,24.5780266],[103.2546991,24.580017],[103.2531756,24.5816122],[103.2530683,24.5818025],[103.2530469,24.5819098],[103.2533526,24.5828464],[103.2533312,24.5831488],[103.2530951,24.5834952],[103.2529181,24.583622],[103.2525641,24.5836854],[103.2506919,24.5837537],[103.2497209,24.5839879],[103.2491201,24.5842513],[103.2485622,24.5846806],[103.2479453,24.5852269],[103.2475913,24.585705],[103.2475322,24.5860562],[103.2475805,24.5863928],[103.2477468,24.5866952],[103.2482833,24.5872708],[103.2489753,24.586666],[103.2499784,24.5860806],[103.2501769,24.5860318],[103.2511049,24.5861294],[103.2512873,24.5863001],[103.2515126,24.5868562],[103.2515341,24.587822],[103.25118,24.588822],[103.251223,24.5890171],[103.2512873,24.5891001],[103.2533044,24.5900805],[103.2551658,24.5906805],[103.2558685,24.590783],[103.2570219,24.5910268],[103.2574028,24.5911829],[103.2576978,24.5913878],[103.2578427,24.5915488],[103.2580465,24.5919293],[103.258481,24.5951193],[103.2583898,24.5959875],[103.2585454,24.5985971],[103.2590228,24.6011675],[103.2589638,24.6014651],[103.2584059,24.6020943],[103.2577407,24.6031039],[103.2575047,24.6037623],[103.2574564,24.6040598],[103.2575208,24.6042598],[103.2577783,24.6047476],[103.2579875,24.6049963],[103.2585561,24.6058547],[103.25876,24.6067765],[103.2589531,24.6070252],[103.2590496,24.6070691],[103.2592803,24.6070691],[103.2604551,24.6069131],[103.2606804,24.6069277],[103.2607609,24.6070057],[103.2607287,24.6074935],[103.2605785,24.6077666],[103.2606161,24.6079666],[103.260439,24.6080592],[103.2598275,24.608903],[103.2595324,24.6092444],[103.2595164,24.6094443],[103.2594627,24.6095273],[103.2593554,24.6095614],[103.2590336,24.609537],[103.2588565,24.6096589],[103.2586312,24.6096638],[103.2584435,24.609776],[103.2583603,24.6098955],[103.2581484,24.6105441],[103.2578695,24.6110831],[103.2578051,24.6116195],[103.2578802,24.6120487],[103.2579768,24.6122048],[103.2581538,24.612356],[103.2584649,24.6125315],[103.2586688,24.6127022],[103.2588029,24.6128827],[103.2587546,24.613146],[103.2586366,24.6134484],[103.2586366,24.6137215],[103.2587278,24.6138581],[103.2591623,24.6141019],[103.2596183,24.6140824],[103.2603157,24.6139264],[103.2607716,24.6138044],[103.261131,24.6135801],[103.2612973,24.6133314],[103.2613295,24.6131119],[103.2614315,24.6129705],[103.2617587,24.6127461],[103.2620108,24.6125803],[103.2622737,24.612317],[103.262499,24.6121999],[103.2630247,24.6121463],[103.2633626,24.6120829],[103.263663,24.611839],[103.2630354,24.6105905],[103.2630193,24.6102881],[103.2631642,24.6100345],[103.2639688,24.6097516],[103.266297,24.609142],[103.2671821,24.6090639],[103.2683194,24.609142],[103.2694942,24.6091858],[103.2705349,24.6091371],[103.2714575,24.6089859],[103.2723319,24.6086591],[103.2727557,24.6083567],[103.2736033,24.6076983],[103.2744563,24.6072789],[103.2747728,24.6068155],[103.274864,24.60624],[103.2747889,24.6052499],[103.275497,24.6053914],[103.2780558,24.6063034],[103.2791555,24.6069179],[103.279767,24.6075325],[103.2799548,24.6079714],[103.2802391,24.6085762],[103.2807112,24.6091517],[103.2808667,24.6094492],[103.2808238,24.6097516],[103.2806039,24.6105953],[103.2804483,24.6113269],[103.2804483,24.6116781],[103.2806629,24.6120487],[103.2813013,24.6124291],[103.2827711,24.6128485],[103.2829213,24.6130046],[103.2827818,24.6131656],[103.2822937,24.6133265],[103.2814193,24.6135216],[103.280856,24.6138386],[103.2807004,24.6141946],[103.2807219,24.6143994],[103.2809097,24.6146286],[103.2813388,24.6150529],[103.2813924,24.6154772],[103.2810652,24.616238],[103.2804054,24.6170427],[103.2791018,24.6181205],[103.2782543,24.6189837],[103.278206,24.6193494],[103.2783401,24.61992],[103.2787371,24.6205052],[103.2792681,24.6209393],[103.2799923,24.6212124],[103.2807541,24.621544],[103.281548,24.622217],[103.2822239,24.6231143],[103.2825994,24.6241579],[103.2828677,24.6253965],[103.2828355,24.6263816],[103.2822561,24.627708],[103.2809097,24.6290929],[103.2798046,24.6301266],[103.2787371,24.6307654],[103.277691,24.6313604],[103.2767147,24.6315749],[103.2749873,24.6315749],[103.2744563,24.631609],[103.2717901,24.6316188],[103.2711571,24.631453],[103.2709372,24.6313213],[103.2706743,24.6313799],[103.2702666,24.6317651],[103.269403,24.6322137],[103.2692796,24.6352613],[103.2682872,24.6364609],[103.2679989,24.6368835],[103.2677507,24.6375482],[103.2678312,24.6383138],[103.2680966,24.6390848],[103.2686841,24.6400057],[103.2699001,24.6410806],[103.2707764,24.6418903],[103.2719243,24.6424047],[103.2726914,24.6425753],[103.2731903,24.6424583],[103.2738608,24.6420585],[103.2742685,24.642039],[103.2748479,24.642273],[103.2750517,24.6425266],[103.2758027,24.6432921],[103.2775569,24.6443843],[103.2783616,24.6445891],[103.2795203,24.6443891],[103.2800353,24.6441405],[103.2803571,24.6438674],[103.2809097,24.6433847],[103.2813442,24.6432677],[103.2815909,24.6432921],[103.2822561,24.6445744],[103.2825941,24.6462858],[103.2806629,24.6470318],[103.2795417,24.6477534],[103.278147,24.6498548],[103.2785386,24.6525705],[103.27856,24.6533213],[103.2783294,24.6546376],[103.2779968,24.6550764],[103.2777232,24.6554031],[103.2774657,24.656188],[103.2773799,24.6571387],[103.277294,24.6574556],[103.2771224,24.6575238],[103.2769078,24.6574751],[103.2767844,24.6572703],[103.2766664,24.6570363],[103.276425,24.6568803],[103.2763445,24.6568413],[103.2760763,24.6570461],[103.275497,24.6580699],[103.2751,24.6594934],[103.2750624,24.6599176],[103.2751858,24.6601467],[103.2759476,24.6604441],[103.2761085,24.6603563],[103.2763928,24.6601418],[103.2763874,24.6591912],[103.2766181,24.6588158],[103.2773101,24.6585574],[103.278324,24.6584404],[103.2790965,24.6586013],[103.2796544,24.6587231],[103.2798743,24.6588207],[103.2805985,24.6598688],[103.2813742,24.6602289],[103.2821894,24.6603059],[103.2831895,24.6603027],[103.2835543,24.6602052],[103.2852924,24.6597274],[103.2857376,24.6596787],[103.2865316,24.6598639],[103.2868051,24.6598396],[103.2871538,24.6597128],[103.2876205,24.6594447],[103.2882482,24.6590059],[103.2884252,24.6587865],[103.2884842,24.6583868],[103.2887149,24.6579529],[103.2888919,24.6579139],[103.2890207,24.6578797],[103.2892674,24.6580211],[103.2896429,24.6580406],[103.2899487,24.6580699],[103.2902759,24.6580504],[103.2910055,24.6578797],[103.2920408,24.6572947],[103.292824,24.6569193],[103.2935536,24.6563928],[103.2940578,24.6556761],[103.2948625,24.654701],[103.296209,24.6529849],[103.2966542,24.6527021],[103.2971585,24.6523023],[103.2981884,24.6512638],[103.298226,24.6507958],[103.2979792,24.6497914],[103.2978183,24.6490844],[103.2977003,24.6487285],[103.2976735,24.6483824],[103.2978129,24.64828],[103.2984889,24.6480654],[103.2992613,24.647846],[103.3012542,24.6469099],[103.3024451,24.6461932],[103.3039284,24.6448304],[103.304438,24.6442063],[103.3050683,24.6427679],[103.3053463,24.6422699],[103.3055189,24.6420268],[103.3058475,24.6418882],[103.307839,24.6417318],[103.3080697,24.6419634],[103.3094752,24.6428484],[103.3106285,24.6430849],[103.3110952,24.643258],[103.3113688,24.6434432],[103.311924,24.6442063],[103.3122539,24.64455],[103.3126536,24.6446988],[103.3134878,24.6447426],[103.3139008,24.6449035],[103.3141583,24.6451546],[103.3139786,24.6465028],[103.3138257,24.6467441],[103.3138311,24.6473731],[103.3140618,24.6480216],[103.314389,24.6484945],[103.3159608,24.6495769],[103.3166903,24.6497914],[103.3174245,24.6499087],[103.3179402,24.6499133],[103.3183211,24.649845],[103.3199626,24.6489967],[103.3202094,24.6488504],[103.3204508,24.6488065],[103.3206761,24.6487724],[103.3208907,24.648748],[103.321014,24.6486164],[103.3211321,24.648475],[103.3212876,24.6484896],[103.3215719,24.6485384],[103.3219796,24.6484067],[103.322264,24.6480557],[103.322618,24.6474462],[103.3226502,24.6471001],[103.3225644,24.6465198],[103.3225,24.6462176],[103.322103,24.6458129],[103.3216256,24.6454228],[103.3208585,24.644984],[103.320145,24.6446768],[103.3198339,24.6443745],[103.3197963,24.6441454],[103.3200377,24.6437894],[103.3204937,24.6431751],[103.3212608,24.6427362],[103.3224302,24.6423949],[103.3248281,24.6425705],[103.328189,24.6432653],[103.3295193,24.6432238],[103.3297822,24.6431385],[103.3300343,24.6427899],[103.3301604,24.6424096],[103.3300987,24.6423169],[103.3299056,24.6422243],[103.3296373,24.6420829],[103.3292779,24.6420097],[103.3291975,24.6416489],[103.3296508,24.6413052],[103.3297071,24.6412028],[103.3297339,24.6411491],[103.3296508,24.6410029],[103.3295354,24.6410029],[103.3284277,24.640859],[103.3281353,24.6408029],[103.3279154,24.6406128],[103.3278993,24.6405226],[103.3278188,24.6404251],[103.3276525,24.6404104],[103.3276123,24.6403544],[103.3275533,24.6402666],[103.3273092,24.6402349],[103.3270115,24.6402715],[103.3266118,24.6401618],[103.3265018,24.640074],[103.326416,24.6397814],[103.3263946,24.6395425],[103.3269417,24.6394742],[103.3273441,24.6394547],[103.328771,24.6390549],[103.3296883,24.63866],[103.3308363,24.6378457],[103.3319199,24.6363341],[103.3319628,24.6362122],[103.3318877,24.6358806],[103.331641,24.6351882],[103.3318073,24.6349151],[103.3321828,24.6346323],[103.3327407,24.6345006],[103.33332,24.6345494],[103.3337438,24.6346908],[103.3340603,24.6348712],[103.3345002,24.6347981],[103.334747,24.6346323],[103.3353639,24.6338862],[103.3356535,24.6336473],[103.336029,24.6335986],[103.336705,24.6342032],[103.3371234,24.6347493],[103.3377993,24.6351297],[103.3386254,24.6352272],[103.338958,24.6349931],[103.339237,24.6339887],[103.3398485,24.6320382],[103.3404386,24.630624],[103.3412003,24.629444],[103.3426326,24.627942],[103.3434749,24.627313],[103.3439738,24.6269911],[103.3445531,24.6268594],[103.3465111,24.6269619],[103.3470422,24.6269472],[103.3473051,24.6268107],[103.3474177,24.6263474],[103.3473641,24.6260304],[103.3463931,24.6247479],[103.3462053,24.6244358],[103.3457601,24.6235434],[103.3455241,24.6225291],[103.3455455,24.6221389],[103.3456796,24.6218122],[103.3460766,24.621305],[103.3468169,24.6209198],[103.3474606,24.6206857],[103.3477879,24.6206613],[103.3508241,24.6216903],[103.3535922,24.6212416],[103.3571166,24.619959],[103.3609843,24.6188569],[103.3616066,24.6185399],[103.3618534,24.6183058],[103.3622718,24.6176426],[103.3627117,24.6158771],[103.3629584,24.6142775],[103.3631408,24.6135655],[103.3637416,24.6124047],[103.3646321,24.6118488],[103.3696854,24.6082884],[103.371532,24.6068323],[103.3723032,24.6063766],[103.3725285,24.6063083],[103.3729148,24.6064449],[103.3732796,24.6066546],[103.3742773,24.607791],[103.3747333,24.6086347],[103.3748192,24.6089079],[103.3752483,24.6091273],[103.3755434,24.6090883],[103.376053,24.6088883],[103.376922,24.608425],[103.3778769,24.607752],[103.3780968,24.607352],[103.3785635,24.6071228],[103.3790517,24.6070643],[103.3799958,24.6077373],[103.3801299,24.608108],[103.3801514,24.6092541],[103.3804142,24.6096248],[103.3807415,24.6096541],[103.381809,24.6093663],[103.3833915,24.6090444],[103.3841264,24.6087128],[103.3846629,24.6083714],[103.3850169,24.6077568],[103.3853549,24.606679],[103.3855426,24.6054304],[103.3859825,24.6044403],[103.3867818,24.6036258],[103.3874094,24.6033673],[103.3884501,24.6031039],[103.3891958,24.6025576],[103.3900756,24.6015968],[103.3911699,24.6007529],[103.3917654,24.6004603],[103.3925754,24.600153],[103.3936912,24.6001042],[103.3948231,24.6003871],[103.3953971,24.6004359],[103.396073,24.6002408],[103.3964914,24.599953],[103.3969098,24.5992214],[103.397178,24.5985532],[103.3975267,24.5977045],[103.3978593,24.5974606],[103.3985093,24.5974289],[103.3986908,24.5973972],[103.3988947,24.5971338],[103.3989215,24.5966509],[103.3986264,24.5955095],[103.3986694,24.5949779],[103.3989161,24.594534],[103.3993185,24.5941877],[103.3996725,24.5941974],[103.4000963,24.5942803],[103.4007025,24.5946169],[103.4015608,24.5952608],[103.4022045,24.5959436],[103.4027624,24.5962509],[103.4029126,24.5962168],[103.403331,24.5955095],[103.40361,24.5947047],[103.4041572,24.5940365],[103.4054714,24.5930316],[103.4061286,24.5923804],[103.4066731,24.591561],[103.4069359,24.5913268],[103.4073007,24.5911415],[103.4077165,24.5910586],[103.4090897,24.5914537],[103.4092882,24.5914024],[103.4095779,24.5910756],[103.4099105,24.5905074],[103.4100419,24.5894562],[103.4101626,24.5892245],[103.4103423,24.5892367],[103.4106964,24.5892562],[103.4110504,24.5892952],[103.4115386,24.5891342],[103.4126329,24.5886269],[103.4133786,24.5881733],[103.4134805,24.5881147],[103.4137702,24.5877147],[103.4141296,24.5874416],[103.4143013,24.5871196],[103.4144032,24.5865782],[103.4140223,24.585944],[103.4136736,24.5852123],[103.4137005,24.5846757],[103.413915,24.5841733],[103.4144676,24.5834464],[103.4175146,24.5801195],[103.4182388,24.5794755],[103.4204864,24.5780218],[103.4211174,24.5771171],[103.4219241,24.5768461],[103.4228629,24.5768558],[103.4267092,24.5750069],[103.4279859,24.5748118],[103.4296489,24.5747288],[103.4301424,24.5746459],[103.4302926,24.5745483],[103.4306306,24.5739922],[103.4309417,24.573558],[103.431167,24.5734067],[103.4314352,24.5733384],[103.4329319,24.5732409],[103.4332752,24.5731287],[103.433994,24.5725335],[103.4345627,24.5721822],[103.4350562,24.5720066],[103.4358072,24.5716309],[103.4365261,24.5714236],[103.4368131,24.5713675],[103.4370679,24.5710796],[103.4373334,24.5708796],[103.4377706,24.5707869],[103.4379208,24.5707528],[103.4380361,24.5707381],[103.4382132,24.5707747],[103.4383902,24.5708674],[103.4385699,24.5708723],[103.4387657,24.5708894],[103.4389642,24.5709552],[103.4392083,24.571004],[103.4392941,24.5709626],[103.4398627,24.5708943],[103.4431457,24.5731189],[103.4463,24.57428],[103.4466755,24.5742507],[103.4493041,24.5724066],[103.4494007,24.5721042],[103.4493577,24.5717627],[103.4469759,24.568855],[103.4465897,24.5682012],[103.4464717,24.5678207],[103.4465146,24.5674206],[103.4466541,24.5671572],[103.447051,24.5668742],[103.447727,24.5667668],[103.4490842,24.5671035],[103.4508008,24.5666985],[103.453424,24.5667815],[103.4540945,24.5665522],[103.455897,24.5652202],[103.4561223,24.5648934],[103.4566641,24.5645274],[103.4569323,24.564225],[103.4570396,24.5639273],[103.4571522,24.5636444],[103.4573239,24.5633858],[103.4573615,24.5631516],[103.4573561,24.5626881],[103.4573078,24.5623905],[103.4572166,24.5615806],[103.4572488,24.5613854],[103.4575814,24.5609609],[103.4581929,24.5609268],[103.4598023,24.5610926],[103.4606391,24.5612829],[103.4611702,24.5615659],[103.4619266,24.5624734],[103.4622753,24.5625759],[103.4632409,24.5625173],[103.4656227,24.5626149],[103.4678113,24.5633272],[103.4698552,24.5644103],[103.4701395,24.5642396],[103.4704131,24.5636883],[103.4719151,24.5618733],[103.4727198,24.5611902],[103.4730416,24.5616342],[103.4735298,24.5621563],[103.4738624,24.5624197],[103.4745866,24.5625905],[103.4757024,24.5627222],[103.4761798,24.562532],[103.4768182,24.5622099],[103.4768826,24.5620977],[103.4770167,24.5618928],[103.4771776,24.5616879],[103.4779715,24.5614683],[103.4787708,24.5607658],[103.4788942,24.5607072],[103.4796131,24.5606877],[103.4806269,24.5609072],[103.4815656,24.5612253],[103.4822094,24.5611024],[103.4832501,24.5614293],[103.483454,24.5616684],[103.4840923,24.5613659],[103.4846288,24.5605999],[103.4849989,24.5602925],[103.4855998,24.5604047],[103.4864634,24.5607706],[103.4881961,24.5613464],[103.4891617,24.560151],[103.4895855,24.5592532],[103.49002,24.558253],[103.4900308,24.5580676],[103.4898806,24.5576334],[103.4897411,24.557448],[103.4894192,24.5572528],[103.4891295,24.5572284],[103.4884107,24.5573162],[103.4875578,24.5574431],[103.4872574,24.5573992],[103.4853637,24.5568234],[103.4847951,24.5568234],[103.4840655,24.5567258],[103.4833145,24.5563745],[103.4818554,24.5545204],[103.480761,24.5539154],[103.4798813,24.554013],[103.4783792,24.5541106],[103.4764809,24.5539691],[103.474195,24.551261],[103.4718776,24.5493092],[103.4709763,24.5490457],[103.4707403,24.5486163],[103.4705472,24.5482552],[103.4702039,24.5478942],[103.4692919,24.5474452],[103.4689808,24.5471232],[103.4686911,24.5465181],[103.468616,24.5458447],[103.4687984,24.5452006],[103.4695709,24.5449664],[103.4708047,24.5446541],[103.4735083,24.5427705],[103.4765392,24.5411748],[103.4770006,24.5409992],[103.478626,24.5408137],[103.4801495,24.540843],[103.480804,24.5405844],[103.483277,24.5379883],[103.4832609,24.5376906],[103.482483,24.5357288],[103.4819144,24.5346552],[103.4815443,24.5333718],[103.4810293,24.5325031],[103.4808415,24.5323225],[103.4795594,24.5310781],[103.4788889,24.5302826],[103.4783336,24.529309],[103.477757,24.5285916],[103.4772554,24.5282183],[103.4770462,24.5281255],[103.4765795,24.5281621],[103.47541,24.5284623],[103.4749085,24.5284964],[103.4745625,24.5283598],[103.4735271,24.5273788],[103.4728539,24.5264662],[103.4725454,24.5261173],[103.4724435,24.5259221],[103.4723979,24.5256609],[103.4723684,24.5255438],[103.472186,24.5252388],[103.4716389,24.5244799],[103.4715182,24.5242529],[103.4712633,24.5239333],[103.4710246,24.5236746],[103.4708342,24.5235087],[103.4706438,24.5234843],[103.4704466,24.5235026],[103.4703487,24.5235599],[103.4701891,24.5236246],[103.4700416,24.5236905],[103.4698606,24.5236966],[103.4695441,24.5236819],[103.4692436,24.5236746],[103.4690398,24.5236209],[103.4688252,24.5235062],[103.4687501,24.5234452],[103.468675,24.5233647],[103.4685865,24.523289],[103.4684363,24.5231719],[103.4682834,24.5230792],[103.4680125,24.5229596],[103.4674291,24.5226631],[103.4673849,24.522629],[103.46735,24.5225618],[103.4673446,24.5224618],[103.4673339,24.5223691],[103.4673004,24.5223081],[103.4672266,24.5222715],[103.4671046,24.5222702],[103.4669544,24.5223093],[103.4668471,24.5223935],[103.4667331,24.5224459],[103.4665655,24.5224667],[103.4663495,24.522413],[103.4661967,24.5223105],[103.4660464,24.5222324],[103.4658185,24.5221763],[103.4656924,24.5221763],[103.4655529,24.5221958],[103.4654482,24.5222542],[103.4653437,24.5223764],[103.4652418,24.5224569],[103.4651372,24.522474],[103.4650514,24.5224447],[103.464936,24.5223422],[103.4647912,24.5221665],[103.4647029,24.5220902],[103.4645417,24.522003],[103.4642988,24.5220012],[103.4640563,24.5220421],[103.4638014,24.5221812],[103.4634501,24.5224886],[103.462581,24.5223032],[103.4613365,24.5221226],[103.4604675,24.5218932],[103.4591263,24.5213417],[103.4580437,24.5210372],[103.4574795,24.5209415],[103.4569269,24.5209464],[103.4550977,24.5214735],[103.4541053,24.5216053],[103.4539554,24.521447],[103.4536439,24.5210489],[103.4533274,24.5209317],[103.4524637,24.5208244],[103.451702,24.5206584],[103.4511548,24.5203851],[103.4505379,24.519858],[103.4502268,24.5192674],[103.4499425,24.5169296],[103.4497386,24.5155922],[103.4498244,24.5151676],[103.4501302,24.5148601],[103.4506023,24.5146502],[103.4508437,24.5146161],[103.45285,24.5145136],[103.455795,24.5139279],[103.4584719,24.5132543],[103.4611541,24.512815],[103.4631711,24.512654],[103.4651345,24.5122928],[103.4663039,24.5118535],[103.4665883,24.5111946],[103.4673446,24.5105161],[103.4676343,24.5099987],[103.4677523,24.5095497],[103.4677523,24.5091836],[103.4681278,24.5088712],[103.4682566,24.5082513],[103.4681868,24.50769],[103.4681708,24.5075338],[103.467629,24.5070554],[103.4673554,24.5067382],[103.4673339,24.506499],[103.4674734,24.5062208],[103.4678596,24.506006],[103.468616,24.505552],[103.469182,24.5046929],[103.4692624,24.5041999],[103.4692517,24.5040925],[103.4692168,24.5038607],[103.469249,24.5036557],[103.4692597,24.5035019],[103.469249,24.5032896],[103.4692168,24.5030455],[103.4693107,24.5028991],[103.469536,24.5027575],[103.4700959,24.5025332],[103.4706401,24.5024239],[103.4712328,24.5024691],[103.4716523,24.5026233],[103.4721833,24.5027697],[103.4724033,24.5027453],[103.4728485,24.5027697],[103.4740019,24.5029357],[103.474195,24.5030284],[103.4745169,24.5035068],[103.4752464,24.5042097],[103.4760725,24.5046441],[103.476727,24.5049028],[103.4771025,24.5049712],[103.4794521,24.506787],[103.4796452,24.506909],[103.4798759,24.5069627],[103.4802622,24.5069139],[103.4815362,24.5067235],[103.4818688,24.5066942],[103.4825286,24.5066674],[103.4831509,24.5067406],[103.4836739,24.5068699],[103.4842667,24.5070749],[103.4844545,24.5072409],[103.4846449,24.5074776],[103.4847039,24.5075362],[103.4848514,24.5075875],[103.4851974,24.507585],[103.4854174,24.5076192],[103.485471,24.5076607],[103.4856024,24.5077217],[103.4859592,24.5077998],[103.4860906,24.5078657],[103.4862328,24.508017],[103.4863789,24.5081183],[103.4865922,24.5082464],[103.4867608,24.5084331],[103.4886467,24.5094813],[103.4897947,24.509784],[103.4909159,24.5097693],[103.4920424,24.5095594],[103.4924501,24.5095497],[103.4928685,24.5097351],[103.4942633,24.5111897],[103.4985173,24.5148504],[103.4989893,24.5151188],[103.4996813,24.515275],[103.5007006,24.5160608],[103.5014731,24.5167929],[103.5017466,24.5173054],[103.501634,24.5178618],[103.5008937,24.5193553],[103.5010064,24.5199898],[103.5013014,24.5205218],[103.502157,24.5215013],[103.5033292,24.522108],[103.5038227,24.5222788],[103.5043216,24.5228547],[103.5054025,24.5237161],[103.506006,24.5237576],[103.5074866,24.5234501],[103.5082108,24.5235331],[103.5092273,24.5238601],[103.5102078,24.5244265],[103.5113704,24.5248557],[103.5124218,24.5246263],[103.5127528,24.5241112],[103.5132458,24.5236885],[103.5149557,24.5225192],[103.5163212,24.5218295],[103.5171989,24.5209655],[103.5184866,24.5209132],[103.519502,24.5228312],[103.5213077,24.5235032],[103.5286492,24.5258994],[103.5343864,24.5317782],[103.5346037,24.5331082],[103.5346788,24.5336597],[103.5347968,24.5341379],[103.5350007,24.5344844],[103.5355478,24.5350017],[103.5362506,24.5358362],[103.5370499,24.5377443],[103.5375971,24.5392229],[103.5378706,24.5400183],[103.5381603,24.5407015],[103.5382998,24.540843],[103.5387504,24.5411212],[103.5391098,24.5413895],[103.5396087,24.542102],[103.5399091,24.5426827],[103.5399413,24.5429804],[103.5397965,24.5433073],[103.5398608,24.5436196],[103.5401666,24.5441076],[103.5403061,24.5443272],[103.540628,24.5445321],[103.5410249,24.5449762],[103.5410303,24.5451469],[103.5409176,24.5454446],[103.5407031,24.5457569],[103.5402042,24.5468353],[103.5398823,24.547943],[103.5397911,24.548387],[103.5397471,24.5488386],[103.5398882,24.5493506],[103.5400754,24.5496752],[103.5403222,24.5500509],[103.5405421,24.5502851],[103.5408747,24.5506023],[103.5409874,24.5507291],[103.540982,24.5509243],[103.5409015,24.5511683],[103.5406601,24.5515586],[103.5405314,24.5519783],[103.5405314,24.5521734],[103.5405958,24.5524174],[103.540526,24.5527297],[103.5403141,24.5533103],[103.5402954,24.553586],[103.5403356,24.5539617],[103.5403678,24.5544497],[103.5402337,24.5547205],[103.5402846,24.5550547],[103.5404348,24.5551816],[103.5406843,24.5553133],[103.5410437,24.5553816],[103.5411912,24.5555304],[103.5412073,24.5557378],[103.5410437,24.5562282],[103.5408935,24.556477],[103.5408989,24.5567039],[103.5408157,24.5570918],[103.5408586,24.5573235],[103.5411698,24.5574284],[103.5413629,24.5575407],[103.5417223,24.5579944],[103.5427791,24.5586385],[103.5444742,24.5590776],[103.5508794,24.5594484],[103.5531324,24.5590093],[103.5542321,24.5592142],[103.5550904,24.559668],[103.5557932,24.5598631],[103.5563672,24.5598582],[103.5591191,24.5584677],[103.5605514,24.5584335],[103.5622358,24.5586629],[103.5636145,24.5592825],[103.5649073,24.5604925],[103.5664147,24.5626442],[103.5674822,24.5644835],[103.568132,24.5653398],[103.5700893,24.5666254],[103.5708994,24.5674206],[103.5713232,24.5682646],[103.5717255,24.5685574],[103.573662,24.5681427],[103.5756415,24.5684159],[103.5767841,24.5683476],[103.5778355,24.5683964],[103.5789406,24.5686793],[103.5800993,24.5693233],[103.5820413,24.571226],[103.5832912,24.572192],[103.5847342,24.5729579],[103.5858983,24.5737873],[103.5864723,24.5748069],[103.5865581,24.5761972],[103.5864454,24.5769436],[103.5865045,24.5776705],[103.5869765,24.5781145],[103.589648,24.578856],[103.5935533,24.5801975],[103.5938322,24.5825586],[103.5941434,24.583622],[103.5947442,24.5850562],[103.5950714,24.5856025],[103.5957849,24.5863391],[103.5960209,24.5871245],[103.5956776,24.5884952],[103.5957527,24.5887733],[103.5966057,24.5890952],[103.5977,24.5893342],[103.5996902,24.5885733],[103.6006397,24.5887781],[103.6013263,24.5891196],[103.6016482,24.5895586],[103.6026192,24.5905635],[103.6029893,24.590783],[103.6046845,24.5915146],[103.606149,24.5917439],[103.6070073,24.5922707],[103.6078548,24.5932804],[103.6093676,24.5955388],[103.6106014,24.5964314],[103.6113846,24.5967777],[103.6119372,24.5969192],[103.6138362,24.5969972],[103.6156064,24.5974118],[103.6158317,24.5976947],[103.6158585,24.5984703],[103.6159873,24.5994019],[103.6164647,24.6002115],[103.620531,24.6029624],[103.6232239,24.6053328],[103.6246562,24.6068984],[103.6252034,24.6082787],[103.6253267,24.6089127],[103.6256164,24.6096833],[103.6263245,24.6106783],[103.6269414,24.6114098],[103.6298758,24.6139654],[103.6302245,24.6147993],[103.6301333,24.6154772],[103.6293769,24.6189398],[103.6290389,24.6195591],[103.628481,24.6212806],[103.6284488,24.6229533],[103.6282664,24.6236848],[103.6271721,24.6251283],[103.6263192,24.6249381],[103.6260295,24.6250112],[103.6255681,24.6249869],[103.6240339,24.625533],[103.6220813,24.6257915],[103.621577,24.6259573],[103.6203754,24.6260402],[103.6194205,24.6262011],[103.6177683,24.6279908],[103.6175805,24.6286003],[103.6174893,24.6305753],[103.6176825,24.6314432],[103.6181438,24.6322137],[103.618809,24.6328379],[103.6203325,24.6339448],[103.6215019,24.6343105],[103.6224675,24.6343056],[103.6230791,24.6345787],[103.6236691,24.6350712],[103.6243451,24.6366998],[103.624388,24.6368948],[103.6243021,24.6382114],[103.6243129,24.6387672],[103.6247313,24.6406884],[103.6260831,24.6445793],[103.626287,24.6449694],[103.6264372,24.6451156],[103.6268556,24.6453399],[103.627274,24.6454862],[103.6279607,24.6454667],[103.6288726,24.6453204],[103.6290979,24.6453204],[103.6304927,24.6460323],[103.6314261,24.6458763],[103.6318767,24.6458763],[103.6323273,24.645964],[103.6327028,24.6461981],[103.6329818,24.6465199],[103.6333036,24.6475145],[103.6335289,24.6478655],[103.6339903,24.6483043],[103.6354387,24.6499621],[103.6359751,24.6507031],[103.6374557,24.6515125],[103.6378419,24.651766],[103.6380029,24.651922],[103.6381209,24.6520878],[103.6383784,24.6529166],[103.6392152,24.6538625],[103.6393762,24.6542622],[103.6393869,24.6546718],[103.6392581,24.6553251],[103.6388075,24.6564074],[103.6387324,24.6569242],[103.639344,24.65865],[103.6402559,24.6603758],[103.6409318,24.6612534],[103.6409747,24.6614484],[103.6409426,24.6616336],[103.6408567,24.6618091],[103.640331,24.6623454],[103.639816,24.6625891],[103.6395854,24.6626574],[103.6390489,24.6626769],[103.6386841,24.662633],[103.6365062,24.6618213],[103.6360073,24.6617482],[103.6357123,24.6616434],[103.635554,24.661658],[103.6353824,24.6617945],[103.6352482,24.6620943],[103.6351758,24.6624795],[103.6351436,24.663257],[103.6350203,24.6637128],[103.6347413,24.6640663],[103.6344302,24.6643344],[103.6337838,24.6647098],[103.6333841,24.6646683],[103.633014,24.6645148],[103.6324909,24.6642345],[103.6319169,24.6638274],[103.631469,24.6636105],[103.6311471,24.6632912],[103.6308762,24.6628158],[103.6306,24.6627427],[103.6304873,24.6627451],[103.6304095,24.6628134],[103.6304525,24.6633228],[103.6305624,24.6637592],[103.630498,24.664271],[103.6305088,24.6645733],[103.630777,24.665129],[103.6308253,24.665324],[103.6308896,24.665402],[103.6312437,24.6656555],[103.6313456,24.665831],[103.6313027,24.6660943],[103.6310559,24.6664648],[103.6309969,24.66665],[103.6309969,24.6670498],[103.6310559,24.6673666],[103.6320698,24.6693068],[103.6326224,24.6701404],[103.6327887,24.670662],[103.6329496,24.6709496],[103.6331159,24.6714469],[103.6331695,24.6720611],[103.6332473,24.6724803],[103.6333036,24.6725827],[103.6339715,24.6731384],[103.6341512,24.6734601],[103.6343229,24.6735966],[103.6345643,24.6739061],[103.6349478,24.6745471],[103.6350632,24.6750249],[103.635031,24.6754684],[103.63509,24.6757585],[103.6350954,24.6763849],[103.6350605,24.6771502],[103.6351973,24.6776522],[103.6354682,24.6782494],[103.636018,24.6788294],[103.6370292,24.6796879],[103.6373511,24.6798067],[103.6380163,24.6797921],[103.6383811,24.6798214],[103.6386573,24.6799335],[103.6388826,24.6801894],[103.6390221,24.6804112],[103.639124,24.6808011],[103.6390516,24.6811277],[103.638829,24.6815761],[103.6387888,24.681737],[103.6387968,24.6820124],[103.6391401,24.6825729],[103.6392769,24.683231],[103.6394861,24.6834235],[103.640154,24.6837038],[103.6404544,24.6839792],[103.6404651,24.6850174],[103.6405456,24.6853829],[103.6406609,24.685573],[103.6409265,24.6857729],[103.6411598,24.6858655],[103.6418009,24.6859532],[103.641884,24.6860288],[103.6419967,24.6862798],[103.6420503,24.6870109],[103.6421254,24.6872839],[103.6421737,24.6876884],[103.6421683,24.6878493],[103.6420342,24.688149],[103.6420423,24.6885194],[103.6421549,24.688651],[103.6422729,24.6886925],[103.642517,24.688673],[103.6428335,24.6885146],[103.6430696,24.6885341],[103.6435041,24.6888704],[103.6436838,24.6891336],[103.6436677,24.6893334],[103.6435658,24.6894455],[103.6432385,24.6895576],[103.6428362,24.6895576],[103.6427236,24.6897282],[103.6427772,24.689928],[103.6429891,24.6901132],[103.6430562,24.690257],[103.6430481,24.6909784],[103.6430776,24.691127],[103.6432654,24.691322],[103.6434209,24.6913951],[103.643606,24.6913878],[103.6438501,24.6912318],[103.6439627,24.6912196],[103.6442336,24.6913074],[103.6444455,24.6914804],[103.6445582,24.6916559],[103.6445957,24.6918143],[103.6445931,24.6922237],[103.6446306,24.6924552],[103.644805,24.6926721],[103.6448961,24.6927354],[103.6451805,24.692811],[103.6453816,24.6930254],[103.6454326,24.6932326],[103.6454487,24.6935689],[103.6455345,24.6938174],[103.6456069,24.6938954],[103.6457759,24.6939149],[103.6459744,24.6937151],[103.646087,24.6936883],[103.6463043,24.6937614],[103.6464062,24.6938881],[103.6464572,24.6941415],[103.6463875,24.6944876],[103.6464813,24.6947264],[103.6465323,24.695265],[103.6465913,24.6954014],[103.6468059,24.695477],[103.6470902,24.6954818],[103.6477795,24.6955793],[103.6478895,24.6956281],[103.6479753,24.6957694],[103.6479753,24.6958644],[103.6479378,24.6960618],[103.6477795,24.6964054],[103.6478037,24.6965638],[103.6479002,24.6967027],[103.6482221,24.696983],[103.6483723,24.6970658],[103.6485413,24.6971024],[103.6489356,24.6970488],[103.6490187,24.6971072],[103.6490402,24.6975459],[103.6494237,24.6978895],[103.6496839,24.6982623],[103.6498743,24.6987838],[103.6498958,24.6994759],[103.6501801,24.7001484],[103.6503518,24.7003726],[103.6506066,24.7006017],[103.6509472,24.700838],[103.651092,24.7010525],[103.6511108,24.7012084],[103.6510518,24.7015691],[103.6511129,24.7020493],[103.6513013,24.7023513],[103.6514515,24.7024341],[103.6517331,24.7024804],[103.6520576,24.7026023],[103.6522078,24.7027753],[103.6525592,24.7030604],[103.6528972,24.7035014],[103.6530849,24.7036306],[103.6534792,24.7037792],[103.6536241,24.7038718],[103.6537206,24.7040497],[103.6535865,24.7043738],[103.6535892,24.7045297],[103.6540639,24.7053143],[103.6542356,24.7053314],[103.6544099,24.7052948],[103.6545145,24.7053265],[103.6545816,24.7054069],[103.6547881,24.7058797],[103.6550376,24.7060161],[103.6554641,24.7061696],[103.6555418,24.7062525],[103.6554292,24.7067861],[103.6553702,24.7075926],[103.6554721,24.7079191],[103.6554721,24.7080751],[103.6554319,24.7081701],[103.6551717,24.7084796],[103.6550671,24.7087306],[103.6550027,24.709213],[103.6546996,24.7095419],[103.6545414,24.7098002],[103.6545521,24.7105117],[103.6548123,24.7110039],[103.6549544,24.7115692],[103.6557054,24.7128557],[103.6556786,24.7130555],[103.6557323,24.7131481],[103.6565584,24.7137036],[103.6570519,24.7145126],[103.6576956,24.7150315],[103.6578512,24.715341],[103.6585459,24.7158234],[103.6587256,24.7158526],[103.6588731,24.7157625],[103.6589858,24.7157625],[103.6591253,24.7159184],[103.6592808,24.7163887],[103.6594659,24.7168077],[103.6599541,24.7177385],[103.6605281,24.718255],[103.6621803,24.7195171],[103.6622876,24.7196633],[103.6624861,24.7199897],[103.6626202,24.720477],[103.662293,24.7227819],[103.6623359,24.7233909],[103.6628884,24.7253985],[103.6630601,24.7256762],[103.6633766,24.7259491],[103.663618,24.7261489],[103.6639935,24.7265435],[103.6643447,24.7271075],[103.6647141,24.7276455],[103.6645836,24.7277373],[103.6644494,24.7280004],[103.6643958,24.7283756],[103.6639774,24.7291503],[103.6634195,24.7295499],[103.6627436,24.7306462],[103.6622339,24.731913],[103.6617243,24.7326],[103.6597127,24.7337353],[103.6565798,24.7373651],[103.6568588,24.7379741],[103.6589643,24.7413163],[103.6591521,24.7414674],[103.6593291,24.7415794],[103.6593498,24.7416898],[103.6592486,24.7418181],[103.6591762,24.7418498],[103.6588919,24.7418766],[103.659144,24.742013],[103.6595598,24.7424052],[103.6599997,24.7429314],[103.6602411,24.7432481],[103.6607346,24.7437401],[103.6607963,24.7441177],[103.6608446,24.7443394],[103.660858,24.7444295],[103.6617565,24.7459495],[103.6618343,24.7463246],[103.6621615,24.747925],[103.6623064,24.7486704],[103.6626175,24.7487021],[103.6627865,24.7488482],[103.6633176,24.7492964],[103.6634544,24.7495302],[103.6635509,24.7498006],[103.6639613,24.7501148],[103.6641946,24.7503925],[103.6645755,24.751038],[103.6646426,24.7511062],[103.6648411,24.7513133],[103.6648786,24.7514131],[103.6650825,24.7516957],[103.6656135,24.7522827],[103.6664799,24.7528332],[103.6667401,24.7531206],[103.6668044,24.753447],[103.6668929,24.7537637],[103.6668688,24.7539683],[103.6665308,24.7542459],[103.6668527,24.7559217],[103.6669595,24.7568487],[103.6674911,24.7583866],[103.6675662,24.7589274],[103.6684245,24.7608174],[103.6687785,24.7621813],[103.6689663,24.7637888],[103.6680436,24.764237],[103.6674106,24.7644416],[103.666901,24.7649676],[103.6650824,24.7655083],[103.664251,24.7657811],[103.662765,24.7658347],[103.6623278,24.7661221],[103.6619738,24.7666287],[103.6618236,24.7673106],[103.6617136,24.7679998],[103.6613864,24.7689959],[103.6606944,24.7700286],[103.6594337,24.772162],[103.6597046,24.772313],[103.6598629,24.772559],[103.6598361,24.7726247],[103.6598334,24.7727343],[103.6602813,24.7731581],[103.6603269,24.773253],[103.6601499,24.7734893],[103.6600506,24.7738595],[103.6598441,24.774271],[103.6594337,24.7756494],[103.6594015,24.7758735],[103.6589429,24.7764336],[103.6587846,24.7766723],[103.658731,24.7767989],[103.6585647,24.7769767],[103.6583608,24.7771204],[103.6581275,24.7772519],[103.6580417,24.7772299],[103.65787,24.7772251],[103.6575401,24.7774418],[103.6573926,24.7775417],[103.6573228,24.7776245],[103.6573604,24.777829],[103.6572316,24.7779484],[103.6570197,24.7781724],[103.6569232,24.7783648],[103.6568508,24.7785547],[103.6563331,24.7791684],[103.6561587,24.7793316],[103.6557162,24.7796092],[103.6555231,24.7796774],[103.6551878,24.7797456],[103.6549866,24.7797699],[103.6547817,24.7800551],[103.6545682,24.7803203],[103.6545092,24.7804031],[103.654469,24.7805663],[103.6543322,24.7806685],[103.6541927,24.7808025],[103.654139,24.7808707],[103.654139,24.781029],[103.6541042,24.7811215],[103.6540264,24.7812749],[103.6540022,24.781404],[103.6540364,24.7815182],[103.65408,24.7817206],[103.6540693,24.7818861],[103.6540237,24.7819933],[103.6538896,24.7820639],[103.6536804,24.7820785],[103.6534899,24.782081],[103.6533397,24.7821297],[103.6531574,24.7824341],[103.6530957,24.7826752],[103.6530876,24.7830112],[103.6530876,24.7831646],[103.6529937,24.7834909],[103.6528301,24.7837345],[103.6525619,24.7841216],[103.6525109,24.7843286],[103.6525539,24.7844942],[103.6528462,24.7849813],[103.6529428,24.785086],[103.6531118,24.7851931],[103.6532298,24.7852954],[103.6533558,24.7854269],[103.653498,24.7856144],[103.6535543,24.7857337],[103.653557,24.7858238],[103.6535329,24.785948],[103.6535275,24.7861014],[103.653565,24.7863474],[103.6536026,24.7864472],[103.6537126,24.7864886],[103.6540371,24.7864131],[103.6542705,24.786267],[103.6543751,24.7861404],[103.6544394,24.78606],[103.654941,24.7861866],[103.6551797,24.7862305],[103.6555338,24.7863839],[103.6560139,24.7866712],[103.6561266,24.7867979],[103.6562848,24.7871461],[103.6563706,24.7874797],[103.6564511,24.7877865],[103.6565289,24.7879424],[103.6568347,24.788254],[103.6574221,24.7887532],[103.6575025,24.7888141],[103.6576635,24.7888604],[103.6578968,24.7887922],[103.6580685,24.788724],[103.6582857,24.7886753],[103.6584815,24.7886753],[103.6586478,24.7887654],[103.6587283,24.7889237],[103.6587363,24.7891745],[103.6587363,24.7896299],[103.658798,24.7899683],[103.6589482,24.7902337],[103.6591199,24.7905673],[103.659203,24.7908961],[103.6592084,24.7911347],[103.6592084,24.7913368],[103.6592084,24.7914805],[103.6592004,24.7916899],[103.6592218,24.7918214],[103.6592594,24.7919237],[103.659372,24.7920941],[103.6594981,24.79234],[103.6595625,24.7925568],[103.6596832,24.792715],[103.6599809,24.7930316],[103.660064,24.7931558],[103.660233,24.7932507],[103.6604744,24.793297],[103.6608767,24.7933895],[103.6612442,24.7934236],[103.6613615,24.7934284],[103.6615661,24.7933457],[103.6618155,24.7931071],[103.6620516,24.7928733],[103.6622339,24.7927248],[103.6623895,24.7927004],[103.6624619,24.792754],[103.6625934,24.792978],[103.6626631,24.7931217],[103.6628723,24.7933335],[103.663229,24.7934747],[103.663567,24.7936184],[103.6636716,24.793689],[103.6637279,24.7939057],[103.6636743,24.7940835],[103.6634141,24.7952523],[103.6634195,24.7956954],[103.6635965,24.7966743],[103.6636475,24.7977651],[103.6635831,24.7980549],[103.6634785,24.7985077],[103.6635241,24.7987585],[103.6636662,24.7989996],[103.6639935,24.7993161],[103.6641195,24.7994719],[103.664259,24.7997252],[103.6642724,24.7998323],[103.6642671,24.8000344],[103.6640927,24.8003582],[103.6638889,24.8005847],[103.6636984,24.8008403],[103.6634383,24.8017607],[103.6633578,24.8020845],[103.663339,24.8023085],[103.6632988,24.8028564],[103.6632934,24.8030463],[103.6632585,24.8033287],[103.6631137,24.8036525],[103.6629608,24.8039228],[103.6628616,24.804215],[103.6628589,24.8044097],[103.6628482,24.8048626],[103.6626926,24.8051937],[103.6622554,24.8057294],[103.6620006,24.8059412],[103.6619577,24.806153],[103.662065,24.8065158],[103.6621749,24.8068834],[103.6621696,24.8071026],[103.6620811,24.8075871],[103.6619443,24.8079084],[103.6619872,24.8083004],[103.6619765,24.8086559],[103.6620837,24.8090893],[103.6620918,24.8092962],[103.6620596,24.8095372],[103.6620113,24.8097588],[103.6620998,24.8103017],[103.6621025,24.8112391],[103.6621052,24.8115288],[103.6620274,24.8117357],[103.6619014,24.8120376],[103.6618155,24.8121861],[103.6617941,24.8122397],[103.6618075,24.8124515],[103.6618558,24.8125562],[103.6619228,24.8126633],[103.6618933,24.8127437],[103.6617646,24.8127875],[103.6615527,24.8126633],[103.6614668,24.8125732],[103.661432,24.8124199],[103.6613649,24.8123492],[103.6612308,24.8123395],[103.6611047,24.8124369],[103.6609492,24.8131746],[103.6609116,24.8134034],[103.6609277,24.8135203],[103.6610189,24.813625],[103.6611959,24.8140291],[103.6612281,24.8141728],[103.6612093,24.8143018],[103.661153,24.8143627],[103.6610216,24.814404],[103.6609626,24.814404],[103.6608231,24.8143797],[103.6605817,24.8143456],[103.6603811,24.8144355],[103.6603269,24.8144917],[103.6602947,24.8149007],[103.6603108,24.8157382],[103.6602464,24.8161642],[103.6601338,24.8166925],[103.6600345,24.8169627],[103.6601123,24.8175446],[103.6600774,24.8178879],[103.6600292,24.8180558],[103.6599299,24.8181995],[103.6597824,24.8183115],[103.6591038,24.8184186],[103.6583367,24.8184429],[103.6577252,24.81846],[103.6572692,24.8186036],[103.6567596,24.8188568],[103.6564726,24.8191246],[103.656376,24.819407],[103.6564752,24.8197892],[103.6565262,24.8204368],[103.6562902,24.8211573],[103.6561292,24.8224086],[103.6561453,24.8232412],[103.6559281,24.8233605],[103.6557162,24.8234481],[103.6555633,24.8235017],[103.6553004,24.8236599],[103.6551207,24.823823],[103.6549732,24.8239472],[103.6548042,24.8240129],[103.6544126,24.8241054],[103.6539754,24.8241541],[103.6536536,24.8240981],[103.6527309,24.824344],[103.6518779,24.8248162],[103.6513978,24.825269],[103.6511537,24.8254808],[103.6509553,24.8257048],[103.6508694,24.8261064],[103.6508016,24.8262875],[103.6507287,24.8263815],[103.6506307,24.826457],[103.6504242,24.8265227],[103.6501989,24.8266055],[103.6499467,24.8268075],[103.6496544,24.8274088],[103.6495659,24.827679],[103.6494908,24.8278616],[103.6492869,24.8283947],[103.6492118,24.8284896],[103.6490616,24.8286211],[103.6487988,24.8287525],[103.6484984,24.8287915],[103.6482516,24.8288621],[103.6478868,24.8290325],[103.6477151,24.8291931],[103.6477205,24.8292637],[103.6479244,24.8294122],[103.6480182,24.8295583],[103.6481255,24.8297725],[103.6481577,24.8299526],[103.6482248,24.8301839],[103.6483911,24.830308],[103.6484903,24.8303981],[103.64856,24.8306026],[103.6485359,24.8309604],[103.6489597,24.8318586],[103.6490348,24.8320704],[103.6492574,24.8322676],[103.6495069,24.8324721],[103.6495873,24.8325378],[103.6496088,24.8325987],[103.6496866,24.8327033],[103.6497402,24.8327837],[103.6497429,24.8329151],[103.6496517,24.8332121],[103.6496356,24.8333265],[103.6496732,24.8334287],[103.649759,24.833492],[103.6498234,24.8337013],[103.6497858,24.8340178],[103.6496544,24.834714],[103.6495095,24.8350645],[103.6491126,24.8357363],[103.6490536,24.836026],[103.6491099,24.8364763],[103.649413,24.8370094],[103.6495444,24.8372017],[103.6496866,24.8376203],[103.6499038,24.8382215],[103.6500835,24.8385672],[103.6506388,24.8393242],[103.6507219,24.8395481],[103.6500996,24.8396674],[103.6493272,24.8396966],[103.6476508,24.8398061],[103.6469614,24.840237],[103.6447218,24.8404706],[103.6441532,24.8408284],[103.6439145,24.8408357],[103.643657,24.8407846],[103.6434209,24.8408211],[103.648662,24.8463755],[103.6491716,24.8463414],[103.6494398,24.846468],[103.6497509,24.8467601],[103.6499602,24.8472371],[103.6501479,24.8474805],[103.6509043,24.848162],[103.6531252,24.8505642],[103.6535382,24.8511216],[103.6534926,24.851528],[103.6537582,24.8525795],[103.6541042,24.8533169],[103.655,24.8546993],[103.6547399,24.8549743],[103.6542463,24.8555024],[103.6538574,24.8557994],[103.653388,24.8561425],[103.6530313,24.8563031],[103.6527953,24.8564492],[103.652586,24.8566998],[103.6520067,24.8569067],[103.6509311,24.8575103],[103.6503169,24.8578802],[103.650105,24.8578632],[103.6499575,24.8579289],[103.6498287,24.8580773],[103.649303,24.8583183],[103.6489034,24.8586079],[103.6487988,24.8586784],[103.6487585,24.858749],[103.6486271,24.8588634],[103.6485037,24.8589291],[103.6481604,24.8589729],[103.6480209,24.8590362],[103.6476722,24.8590143],[103.6474603,24.8589145],[103.6473745,24.8589681],[103.6474013,24.8592017],[103.6476588,24.8596641],[103.6480665,24.8602044],[103.6481202,24.8604283],[103.6480933,24.860584],[103.6482221,24.860988],[103.6485171,24.8615283],[103.6489516,24.8618446],[103.6497241,24.8624871],[103.6504161,24.8629203],[103.6507165,24.863188],[103.6514729,24.8631393],[103.6522883,24.8632221],[103.6546379,24.8642929],[103.6551046,24.8647552],[103.6552012,24.8650716],[103.6552173,24.8654561],[103.654992,24.8661862],[103.6542571,24.8667994],[103.6542624,24.8669065],[103.6538869,24.8670087],[103.6540264,24.8671206],[103.6538601,24.8673494],[103.6540049,24.8674954],[103.6539996,24.8677242],[103.6538923,24.8678215],[103.6537903,24.8679237],[103.6538386,24.8686927],[103.6539084,24.8691113],[103.6538118,24.869705],[103.6539942,24.8702209],[103.6540693,24.8704545],[103.6546755,24.8710532],[103.6548471,24.8715934],[103.6552602,24.8727128],[103.6556303,24.8741485],[103.6557054,24.8743286],[103.6558771,24.8744843],[103.656494,24.8747763],[103.6572504,24.8749953],[103.6574972,24.8751024],[103.6579961,24.875701],[103.6582643,24.8761341],[103.6583394,24.8767132],[103.6589724,24.8778569],[103.6595893,24.8783387],[103.6593211,24.8785577],[103.6590958,24.8786258],[103.6584091,24.8788059],[103.6579531,24.879059],[103.6577225,24.8793656],[103.6573845,24.8796478],[103.6567837,24.8797938],[103.6565423,24.8799058],[103.6566067,24.8793412],[103.6554962,24.879278],[103.6544019,24.8779834],[103.654139,24.877487],[103.6536187,24.8777304],[103.6533183,24.8779153],[103.6533719,24.8783533],[103.6537099,24.878874],[103.6535275,24.8792147],[103.6530071,24.8796916],[103.6513764,24.8807915],[103.6487693,24.8830106],[103.6481068,24.883322],[103.6455023,24.8836724],[103.6441827,24.883889],[103.6437374,24.8842491],[103.6427638,24.8847722],[103.6426136,24.8849012],[103.6421308,24.8851348],[103.641766,24.8851883],[103.6411786,24.885709],[103.6409211,24.88631],[103.6406261,24.8867674],[103.6404544,24.8870496],[103.640154,24.8873173],[103.6398536,24.8873952],[103.6395907,24.8874],[103.6391616,24.8877553],[103.6378849,24.8883319],[103.6376488,24.888439],[103.6373913,24.888546],[103.6372255,24.8885867],[103.6369273,24.8885241],[103.63671,24.8884925],[103.6364257,24.8884073],[103.6363158,24.8883903],[103.6360288,24.8882346],[103.6358705,24.8881178],[103.6356157,24.8880497],[103.635436,24.8879742],[103.6352777,24.8878939],[103.635141,24.8878988],[103.6349854,24.8878793],[103.634862,24.8876896],[103.6348405,24.8875898],[103.6347064,24.88749],[103.6345616,24.8874973],[103.6343041,24.8875655],[103.6338736,24.8876287],[103.6337435,24.8876141],[103.6336242,24.8875825],[103.6335115,24.8875971],[103.6333586,24.8876421],[103.633313,24.8876397],[103.6331628,24.8876068],[103.6331038,24.887608],[103.6330019,24.8876275],[103.6328584,24.8876713],[103.6327189,24.8876701],[103.6326277,24.8876141],[103.6323595,24.8875509],[103.6320269,24.8875947],[103.6311659,24.8882905],[103.6309192,24.8885217],[103.6307073,24.8887188],[103.6303049,24.8887918],[103.6301333,24.8888964],[103.6298141,24.8892054],[103.6285722,24.8898137],[103.6253428,24.8891519],[103.6096043,24.880751],[103.5991001,24.8806844],[103.5974371,24.8939304],[103.5960102,24.8975093],[103.5834146,24.891147],[103.5831758,24.8909742],[103.5827976,24.8908477],[103.5821566,24.8909377],[103.5821164,24.8908672],[103.5820949,24.8907309],[103.5820627,24.890456],[103.5820627,24.8903124],[103.58206,24.8901859],[103.5820278,24.8899937],[103.5818642,24.8897577],[103.5817516,24.8895314],[103.5817516,24.8893051],[103.5817516,24.8891811],[103.5816765,24.8889742],[103.5815451,24.8887772],[103.5812956,24.8883368],[103.5812178,24.8882613],[103.5810193,24.8881786],[103.5808343,24.8881178],[103.5804199,24.8881202],[103.5801959,24.8881227],[103.5800739,24.8881202],[103.5799974,24.8880898],[103.5799733,24.8880326],[103.5798459,24.8879365],[103.5797453,24.8879523],[103.5795857,24.8879718],[103.57952,24.8879584],[103.5794449,24.8879098],[103.5794637,24.8878416],[103.5795361,24.887765],[103.5796541,24.8875582],[103.5796997,24.8874414],[103.5797051,24.8873222],[103.5797131,24.8872394],[103.579579,24.887091],[103.579579,24.8870107],[103.579697,24.8869304],[103.5799518,24.8866555],[103.5799679,24.8865192],[103.5799679,24.8863732],[103.5797855,24.8859474],[103.5796836,24.8857333],[103.5796621,24.8854657],[103.5796353,24.8852077],[103.5794181,24.8847917],[103.5793698,24.8845143],[103.5792759,24.884198],[103.5792062,24.8840398],[103.5790667,24.8837892],[103.5788226,24.8835751],[103.5785061,24.8833318],[103.5782003,24.8830081],[103.5780528,24.8828889],[103.5780206,24.8826991],[103.5780877,24.8824996],[103.5781977,24.8822611],[103.5783479,24.882103],[103.5783586,24.8818694],[103.5782593,24.8815847],[103.5781521,24.8812781],[103.5783023,24.8804751],[103.5782728,24.8803024],[103.5781145,24.8799374],[103.5779664,24.8798035],[103.5775566,24.8796284],[103.5773528,24.8795359],[103.5771167,24.879385],[103.5768887,24.8790444],[103.5767466,24.8786623],[103.576811,24.8782949],[103.5769612,24.8780808],[103.5774753,24.8778603],[103.5776076,24.8777206],[103.5776961,24.877543],[103.5777175,24.8772607],[103.5778517,24.8766767],[103.5778517,24.8765088],[103.5778302,24.8763896],[103.5776558,24.876285],[103.577165,24.8761706],[103.5769746,24.8761584],[103.5767949,24.8761609],[103.5765803,24.8762144],[103.5764837,24.8763507],[103.5762906,24.8764504],[103.5761324,24.8765794],[103.57584,24.8767789],[103.5757568,24.8768325],[103.5756442,24.8768836],[103.5753465,24.8768544],[103.575089,24.8767716],[103.5748529,24.8766573],[103.574692,24.8765088],[103.5746357,24.8763677],[103.5746598,24.8761025],[103.5748073,24.8756669],[103.5748395,24.8754309],[103.5748583,24.8752411],[103.5748395,24.8750561],[103.5746464,24.8749369],[103.5744935,24.8748006],[103.5745016,24.8746011],[103.5744801,24.874477],[103.5743487,24.8743188],[103.5743138,24.8740998],[103.5743031,24.8739246],[103.5744345,24.8737372],[103.5745954,24.8735377],[103.5747671,24.8734817],[103.5750541,24.8733698],[103.5751909,24.8732506],[103.5752338,24.8730607],[103.5751533,24.8728052],[103.5749871,24.8726446],[103.5744935,24.8724086],[103.5743433,24.8716786],[103.5743058,24.8713866],[103.574118,24.8711627],[103.5740805,24.8709534],[103.5741073,24.8708244],[103.5742468,24.8707003],[103.5744345,24.870659],[103.5730371,24.8663078],[103.5728788,24.8659428],[103.5728064,24.8657165],[103.5728011,24.8654415],[103.5730129,24.8654391],[103.5732704,24.8652833],[103.5735387,24.8653004],[103.5737264,24.8652225],[103.5738149,24.8650789],[103.5739973,24.8646944],[103.5745704,24.8645166],[103.5750058,24.8644875],[103.5758695,24.8649305],[103.5759902,24.8650302],[103.5761511,24.865113],[103.5763764,24.865113],[103.5770389,24.8649305],[103.5776183,24.8647163],[103.5777658,24.8646871],[103.5779643,24.8646652],[103.5780153,24.8646238],[103.5779831,24.8645605],[103.5776049,24.8643683],[103.5773742,24.8641444],[103.5771355,24.8638913],[103.5764649,24.8627402],[103.5761672,24.8622803],[103.5759714,24.8621123],[103.5756952,24.861942],[103.5754001,24.8618081],[103.574971,24.8616913],[103.5744131,24.8616159],[103.5736567,24.8614042],[103.5735252,24.8613336],[103.5733885,24.8612581],[103.5732651,24.8607763],[103.5732383,24.8606108],[103.5732141,24.8604064],[103.5730934,24.8601946],[103.5727447,24.8598101],[103.5725489,24.8597006],[103.5725382,24.8596008],[103.5725838,24.8594694],[103.5726401,24.8593501],[103.5726052,24.8591725],[103.5725784,24.8590021],[103.5722834,24.8587466],[103.5722485,24.8585714],[103.5722485,24.8581649],[103.5722351,24.857464],[103.5731229,24.8556704],[103.5732973,24.8554173],[103.5733053,24.8552323],[103.5734475,24.855079],[103.5737398,24.854877],[103.5738686,24.854675],[103.573831,24.8543221],[103.5741341,24.8538621],[103.5741904,24.8535603],[103.5743836,24.8533364],[103.574228,24.8531806],[103.5742629,24.852835],[103.5744955,24.8522265],[103.5744452,24.8521468],[103.5741971,24.8521176],[103.5739571,24.8517787],[103.5740161,24.851657],[103.573485,24.8507711],[103.5732329,24.8506007],[103.5728198,24.8504499],[103.5724175,24.8504304],[103.5716182,24.8506543],[103.5711461,24.8509123],[103.570599,24.8508733],[103.5701376,24.850849],[103.5695153,24.8509756],[103.5689789,24.8513601],[103.5686034,24.8515986],[103.5669404,24.8498511],[103.5666561,24.8502162],[103.5655618,24.8513066],[103.5650361,24.851988],[103.5643065,24.8525235],[103.5642368,24.8526208],[103.5640973,24.8535846],[103.5639095,24.8538718],[103.5638022,24.8544218],[103.5637593,24.8547431],[103.5635501,24.8550059],[103.5633463,24.8551666],[103.5630995,24.8552104],[103.5624236,24.8555219],[103.5618013,24.8560622],[103.5613346,24.8564127],[103.5607392,24.8564905],[103.5601866,24.8566268],[103.5599291,24.8569043],[103.5596716,24.8570357],[103.5590923,24.8577317],[103.5587382,24.8576782],[103.5579872,24.8576539],[103.5567266,24.8577707],[103.5551602,24.8579556],[103.5539854,24.8583548],[103.553524,24.8587296],[103.5530251,24.8592358],[103.5526711,24.8593769],[103.5523814,24.8594791],[103.5517162,24.8601508],[103.5513353,24.8607203],[103.551169,24.8616159],[103.5509384,24.8618398],[103.5501391,24.8631491],[103.5488731,24.8648964],[103.5485083,24.8653539],[103.5485405,24.8664003],[103.5488623,24.8675587],[103.5488141,24.8677631],[103.5482454,24.8687998],[103.5480952,24.8688776],[103.5472959,24.8688192],[103.5466468,24.868829],[103.5447907,24.869267],[103.544088,24.8696564],[103.5438198,24.8697878],[103.5435945,24.8697683],[103.5432672,24.8695006],[103.5427523,24.8689993],[103.542012,24.8680016],[103.5413843,24.8673981],[103.5407084,24.8671693],[103.5398555,24.8670087],[103.5368192,24.8574008],[103.5376346,24.8528155],[103.5376346,24.8527085],[103.5355425,24.8506056],[103.527807,24.8437809],[103.5275334,24.8432454],[103.5273027,24.8429387],[103.5269326,24.8426223],[103.526659,24.8422329],[103.5257202,24.8414832],[103.5242504,24.8406118],[103.5219705,24.8412106],[103.5196182,24.8423765],[103.5193714,24.842503],[103.5191166,24.8426759],[103.5188913,24.8428365],[103.5187894,24.842873],[103.5187331,24.8428511],[103.5186687,24.8427464],[103.5185775,24.8425688],[103.5185614,24.8423594],[103.5183656,24.8419018],[103.5181269,24.8414881],[103.5177648,24.8410743],[103.5174456,24.8404317],[103.5101876,24.8373088],[103.5100052,24.8372674],[103.5097182,24.8373015],[103.50945,24.8375157],[103.5091871,24.8375643],[103.5088438,24.8374962],[103.5085219,24.8373355],[103.5081732,24.8373453],[103.5077977,24.8376228],[103.5076529,24.8378808],[103.5073096,24.83791],[103.5032111,24.8370142],[103.5013229,24.836581],[103.5010493,24.8365615],[103.5003948,24.8364057],[103.4967712,24.8356657],[103.4957653,24.8354247],[103.4955239,24.8353395],[103.4952557,24.8353639],[103.4948614,24.8356535],[103.4946334,24.8358093],[103.4943786,24.8359651],[103.4942016,24.8361842],[103.4941184,24.8363619],[103.4940836,24.8364885],[103.494215,24.8365736],[103.4942418,24.8366783],[103.4941238,24.836839],[103.4941131,24.8368633],[103.4940943,24.8370629],[103.4941533,24.8370872],[103.494215,24.8372966],[103.4941936,24.8373891],[103.4940568,24.8375181],[103.493928,24.8375911],[103.4936973,24.8377299],[103.4936678,24.8377785],[103.4937242,24.8379343],[103.4937698,24.8381364],[103.4936893,24.8382629],[103.4935901,24.8383579],[103.4934399,24.8384771],[103.4932601,24.8385648],[103.4930858,24.8385867],[103.4927881,24.8386378],[103.4926701,24.8386792],[103.4924018,24.8389274],[103.4922194,24.8392779],[103.4921041,24.8395092],[103.4918386,24.8399497],[103.4917581,24.8400276],[103.4916106,24.8400958],[103.4914497,24.840181],[103.4912485,24.8402272],[103.4911787,24.8403002],[103.4911439,24.8403392],[103.4911868,24.8405315],[103.4911814,24.8406629],[103.4911466,24.8407213],[103.4910339,24.8408455],[103.4909508,24.8410353],[103.4909508,24.8411984],[103.4908703,24.8413323],[103.4907415,24.8414735],[103.4906584,24.8415294],[103.4904867,24.8417047],[103.4903714,24.8417655],[103.4900227,24.8418483],[103.489666,24.8420966],[103.4895372,24.8421915],[103.4893683,24.8422572],[103.4890786,24.8422596],[103.488923,24.842228],[103.4887809,24.8421501],[103.4887111,24.842043],[103.4886789,24.8418483],[103.4886628,24.8417582],[103.4885958,24.8417363],[103.4885153,24.8417631],[103.4883195,24.8417777],[103.488172,24.8417023],[103.4880808,24.8415976],[103.4881318,24.8413591],[103.4881586,24.8411692],[103.4882793,24.8409623],[103.488408,24.8406142],[103.4884053,24.8405485],[103.4882525,24.8404171],[103.488062,24.8403781],[103.4873056,24.8404536],[103.4871072,24.8405217],[103.4868765,24.8406361],[103.4868067,24.8406337],[103.4867477,24.8405461],[103.4866726,24.840439],[103.4865922,24.840366],[103.4865332,24.8403733],[103.4864098,24.840512],[103.48634,24.840585],[103.4861335,24.8406775],[103.486104,24.8405923],[103.4861228,24.8403489],[103.4861979,24.8401834],[103.4861979,24.840069],[103.4861791,24.8400033],[103.4861281,24.8399595],[103.4860584,24.8399181],[103.4859189,24.8398548],[103.4858653,24.8397185],[103.4858572,24.8395457],[103.4858197,24.8394386],[103.4857661,24.8393534],[103.4855649,24.8392877],[103.4853825,24.8393996],[103.4851921,24.8395481],[103.485007,24.8396309],[103.4846798,24.8397234],[103.4845966,24.8397015],[103.4843928,24.8396893],[103.4842184,24.8397209],[103.4840736,24.8398037],[103.4838402,24.839828],[103.4834996,24.8397867],[103.4832931,24.8397672],[103.4830409,24.8398719],[103.4828129,24.840086],[103.4826708,24.8402929],[103.4826708,24.8404439],[103.4828317,24.8415927],[103.483462,24.8423838],[103.4836578,24.8429241],[103.4843793,24.8439513],[103.4844705,24.8440438],[103.4849319,24.8440243],[103.4850955,24.8440243],[103.4852779,24.8443967],[103.4852967,24.8445841],[103.4853852,24.8446669],[103.48542,24.8446863],[103.4856588,24.8448129],[103.4857795,24.8449565],[103.4857553,24.845066],[103.4857285,24.8451829],[103.4855837,24.8453094],[103.4853128,24.8455893],[103.4852511,24.8457232],[103.4853691,24.8462149],[103.4855434,24.8463998],[103.4856668,24.8465824],[103.4856722,24.846743],[103.4856749,24.8469158],[103.4855622,24.84704],[103.4853798,24.8471957],[103.4851813,24.8476119],[103.4850767,24.8478626],[103.4850231,24.8480914],[103.4847817,24.8483543],[103.4844276,24.8485076],[103.4841514,24.8486999],[103.4838375,24.8487948],[103.483521,24.8489384],[103.4831643,24.8493035],[103.4830543,24.8496345],[103.482998,24.8500994],[103.4828773,24.850445],[103.4819412,24.8515645],[103.4816891,24.8517447],[103.4815925,24.8517885],[103.4812921,24.8518688],[103.4811151,24.8518907],[103.480863,24.851971],[103.4807718,24.851971],[103.4807476,24.8518834],[103.4807503,24.8517227],[103.4806216,24.8515426],[103.4805545,24.8514575],[103.4804687,24.8512287],[103.4804043,24.8510388],[103.4803104,24.850978],[103.4800959,24.8509537],[103.4798276,24.8510997],[103.4794629,24.8514745],[103.4792939,24.851769],[103.4792697,24.85219],[103.47931,24.8523263],[103.4790069,24.8530516],[103.4791142,24.8531757],[103.4791437,24.8532682],[103.4790203,24.8534459],[103.4791008,24.8537136],[103.4791061,24.8537428],[103.4790069,24.8538986],[103.4789345,24.8539911],[103.4789371,24.8541054],[103.4789935,24.8541201],[103.4790981,24.8541712],[103.4791544,24.8542831],[103.4793878,24.8545581],[103.4793904,24.8546823],[103.4793663,24.8548818],[103.479369,24.8551082],[103.4794387,24.8552785],[103.479538,24.8555219],[103.4795111,24.8558091],[103.4803238,24.86073],[103.4801039,24.8608079],[103.4807289,24.8649451],[103.4808549,24.8658406],[103.4808764,24.8660694],[103.4808469,24.866157],[103.4807289,24.8661618],[103.4805089,24.8661643],[103.4802675,24.8661643],[103.4799242,24.8662348],[103.4786394,24.8662251],[103.4784141,24.8663784],[103.4766465,24.8663249],[103.4763971,24.8663638],[103.4757641,24.866578],[103.4751928,24.866612],[103.4746161,24.8663516],[103.473731,24.8665536],[103.473224,24.8668943],[103.4730121,24.8670282],[103.4728029,24.8672667],[103.4727198,24.8673835],[103.4725079,24.8674832],[103.4723926,24.867527],[103.4720975,24.8675562],[103.471604,24.8675782],[103.4714887,24.8675562],[103.4713814,24.8675392],[103.4712499,24.8675514],[103.4710112,24.8676585],[103.4708637,24.8676974],[103.4706196,24.8676779],[103.4704748,24.8677655],[103.4703487,24.8678531],[103.4701556,24.8679018],[103.4700671,24.8679943],[103.4693965,24.8686002],[103.4692329,24.8686903],[103.4691524,24.868919],[103.4690613,24.8690285],[103.4688172,24.8690748],[103.4685731,24.8692135],[103.4684443,24.8692548],[103.4682754,24.8692889],[103.466379,24.8703329],[103.4659231,24.8705665],[103.465974,24.8707174],[103.4660625,24.8708755],[103.4660116,24.8710288],[103.4657863,24.8711067],[103.4655797,24.8712965],[103.4652176,24.8716591],[103.4649897,24.8717297],[103.4647188,24.8717516],[103.4646597,24.871681],[103.4642601,24.8716226],[103.4639731,24.871827],[103.4633562,24.8722894],[103.4630424,24.8724621],[103.462683,24.8726446],[103.4617335,24.8728442],[103.4612158,24.872961],[103.4609744,24.8730583],[103.4609234,24.8731216],[103.4613606,24.8732433],[103.4615806,24.8733479],[103.4617791,24.8734063],[103.4620231,24.8734331],[103.4621733,24.8734598],[103.462337,24.8735645],[103.4624362,24.8736861],[103.46297,24.8741071],[103.4630156,24.8741679],[103.4632543,24.8741996],[103.4634447,24.874258],[103.4635547,24.8743724],[103.4635439,24.8745232],[103.4632865,24.8748006],[103.4632033,24.875005],[103.4632382,24.875263],[103.4633186,24.875426],[103.4635198,24.8756523],[103.4634876,24.8759029],[103.4634447,24.8761244],[103.4634662,24.8763653],[103.4631872,24.8771804],[103.4630451,24.8773921],[103.4629673,24.8776768],[103.4631738,24.8780856],[103.4630933,24.8785115],[103.462919,24.8789957],[103.4627956,24.8792317],[103.4622163,24.8798863],[103.461476,24.8806601],[103.4613445,24.8808207],[103.4608725,24.8819132],[103.4601054,24.883962],[103.4600276,24.8842126],[103.4598586,24.8853416],[103.4597862,24.8859596],[103.4597057,24.8860642],[103.4585738,24.8860788],[103.4583512,24.8861445],[103.4580427,24.8862662],[103.457635,24.8864754],[103.457171,24.8866652],[103.456479,24.8869256],[103.4554008,24.8871275],[103.4552318,24.8871251],[103.4550092,24.8870788],[103.4547731,24.8871226],[103.4531182,24.8881227],[103.4516779,24.8890229],[103.4507015,24.8897163],[103.450487,24.8898258],[103.4501088,24.8899791],[103.4497413,24.8900983],[103.4490359,24.8905047],[103.4478986,24.8914608],[103.4456053,24.8933294],[103.4453103,24.8937041],[103.4445995,24.8946116],[103.444334,24.8952223],[103.4442991,24.8953147],[103.4442991,24.8954023],[103.444283,24.8955313],[103.444224,24.8956967],[103.4442213,24.8959011],[103.4442776,24.8960106],[103.444401,24.8960811],[103.4457019,24.8962952],[103.446587,24.8970713],[103.4467426,24.8973779],[103.4470645,24.8986552],[103.4471825,24.8987938],[103.4474963,24.8989958],[103.4476358,24.8990712],[103.4477109,24.8992391],[103.4477457,24.8993485],[103.4478155,24.8995237],[103.4483063,24.8999641],[103.4484807,24.9002511],[103.4484941,24.9004458],[103.4484673,24.9005358],[103.448419,24.9007012],[103.4484458,24.9009153],[103.4485236,24.9010491],[103.4487462,24.9015235],[103.4487972,24.9017717],[103.4487945,24.9019614],[103.4487435,24.9020685],[103.4485558,24.9024115],[103.4485584,24.9025259],[103.4485906,24.9026524],[103.4487542,24.9027205],[103.4491003,24.9026597],[103.4493765,24.9026694],[103.4497011,24.9028105],[103.449752,24.902937],[103.4497172,24.903117],[103.449575,24.9032606],[103.4493095,24.903499],[103.4488991,24.9037788],[103.4485987,24.9039101],[103.4484726,24.9040099],[103.448419,24.9041899],[103.4484673,24.9043894],[103.4484994,24.9044818],[103.4485799,24.9045208],[103.4488374,24.9045913],[103.4490117,24.9046521],[103.4490868,24.9047032],[103.4490707,24.9048078],[103.448942,24.9049295],[103.4488294,24.9050414],[103.4487033,24.9052044],[103.4486496,24.9054039],[103.4486228,24.9056131],[103.4483519,24.9058199],[103.4480891,24.9059926],[103.4479737,24.9062407],[103.4479576,24.9064013],[103.4479952,24.9066251],[103.4482983,24.907063],[103.4484592,24.9072187],[103.4486309,24.9074012],[103.4489474,24.9080921],[103.449119,24.9083694],[103.4493738,24.90862],[103.4494141,24.9088219],[103.4493121,24.9089289],[103.4491432,24.9089289],[103.4488562,24.9088073],[103.4486228,24.9086905],[103.4484887,24.9086516],[103.4483922,24.9086856],[103.4484243,24.9088778],[103.4486899,24.9092427],[103.4487221,24.9093717],[103.448714,24.9094909],[103.4487006,24.9095468],[103.4485772,24.909666],[103.4482875,24.9097852],[103.4482044,24.9098606],[103.4481534,24.9102572],[103.4482071,24.9103228],[103.4483063,24.9103472],[103.4487033,24.9103472],[103.4488535,24.9103593],[103.4489447,24.9104518],[103.4489447,24.9105685],[103.4489018,24.9106683],[103.4487328,24.9107242],[103.4485638,24.910734],[103.448427,24.9107656],[103.4484002,24.9109115],[103.4483975,24.9117995],[103.4482071,24.9127579],[103.4482071,24.9129209],[103.4482259,24.9129842],[103.448309,24.9130425],[103.4485102,24.9130523],[103.4486175,24.9130498],[103.4488401,24.9131107],[103.4489259,24.9132396],[103.4489313,24.9134293],[103.4489903,24.9139402],[103.4492505,24.9142078],[103.449339,24.9143464],[103.4493738,24.9144851],[103.4493361,24.9145619],[103.4492183,24.9147794],[103.4490788,24.9150105],[103.4490466,24.9151686],[103.4489983,24.9153973],[103.4488723,24.9155579],[103.4487247,24.915716],[103.4486335,24.9159495],[103.4486496,24.916003],[103.4487355,24.9161976],[103.4487462,24.9163509],[103.4487355,24.916886],[103.4487623,24.9169639],[103.4488213,24.9170125],[103.4490412,24.9169785],[103.4493175,24.9169006],[103.4494194,24.9169031],[103.4496126,24.9170077],[103.4496206,24.9170904],[103.4493148,24.9173823],[103.4491593,24.9176061],[103.4491432,24.9177763],[103.4492397,24.9180391],[103.4500042,24.9187566],[103.4501946,24.9189294],[103.4503582,24.9191094],[103.4503609,24.9192772],[103.4503019,24.9194061],[103.4501356,24.9195205],[103.4499344,24.9195545],[103.4496474,24.919535],[103.4494436,24.9194815],[103.4492943,24.9194171],[103.4490922,24.919394],[103.4489179,24.9194159],[103.4485558,24.9196323],[103.448317,24.9198756],[103.4481937,24.9199972],[103.4480783,24.9200702],[103.4479791,24.9200702],[103.4478879,24.9200191],[103.4477779,24.9198561],[103.4476653,24.9197321],[103.4473595,24.919625],[103.4470859,24.9196445],[103.4469867,24.9198148],[103.4469759,24.9200532],[103.4469625,24.9203183],[103.4467319,24.9206783],[103.4465092,24.9211551],[103.4464261,24.9221086],[103.4465012,24.9224929],[103.4465012,24.9226218],[103.4463644,24.922707],[103.4462357,24.9227994],[103.4461471,24.922887],[103.4461042,24.9230694],[103.4461069,24.9232956],[103.4460345,24.9233735],[103.4458306,24.9234051],[103.445262,24.9232056],[103.4449992,24.9231059],[103.4447175,24.9231132],[103.4444547,24.9231691],[103.4442213,24.9233005],[103.444047,24.9235267],[103.4437707,24.9240691],[103.4437573,24.9242054],[103.443768,24.9244389],[103.4438431,24.924614],[103.4438592,24.9248645],[103.4437627,24.9249862],[103.4436554,24.9250348],[103.4435454,24.9250445],[103.4432504,24.9249375],[103.4430224,24.9248816],[103.4427971,24.9249497],[103.4427595,24.9250859],[103.4427944,24.9252051],[103.4429687,24.925317],[103.4432048,24.9255505],[103.4434462,24.925925],[103.4434435,24.9260467],[103.4433442,24.9261099],[103.4431779,24.9260953],[103.4429231,24.9259932],[103.4425181,24.9258545],[103.4423196,24.9257767],[103.4421802,24.925818],[103.4421587,24.9258983],[103.4423679,24.9261464],[103.4424645,24.9263167],[103.4424591,24.9266012],[103.4424564,24.9267326],[103.4423304,24.9268372],[103.4421819,24.9268993],[103.4420836,24.9268469],[103.441928,24.9267375],[103.4417751,24.9266572],[103.4415606,24.9266158],[103.4413192,24.9266645],[103.4411368,24.926808],[103.4411073,24.9270196],[103.4412602,24.9271777],[103.4418127,24.9275085],[103.4419548,24.9276836],[103.4419736,24.9278004],[103.4418449,24.9279682],[103.4416518,24.9280825],[103.4415418,24.9282188],[103.4415445,24.9283331],[103.4416705,24.9284547],[103.4419629,24.9285398],[103.4425583,24.9287076],[103.4429848,24.9288998],[103.443253,24.9291795],[103.4436475,24.9295756],[103.4443618,24.9294431],[103.4450219,24.9293433],[103.4467927,24.9291827],[103.4483111,24.9287856],[103.4490235,24.9286441],[103.4500653,24.9287252],[103.4526339,24.9297405],[103.4534935,24.9303782],[103.4539272,24.9310771],[103.4543701,24.9315349],[103.4551086,24.9317546],[103.4561586,24.9318349],[103.4572348,24.9322343],[103.4581727,24.9331914],[103.4590925,24.9353043],[103.4602129,24.9373766],[103.4610887,24.9389116],[103.4618443,24.9397293],[103.4623995,24.9404864],[103.463077,24.9408452],[103.4647348,24.9406863],[103.4652069,24.9418925],[103.4652525,24.9421163],[103.4652123,24.9422695],[103.4639597,24.9434271],[103.4638873,24.9436339],[103.4638417,24.9439476],[103.4638953,24.9443464],[103.4637746,24.944772],[103.4632865,24.9457011],[103.4631523,24.9461656],[103.4632087,24.9469316],[103.4633535,24.9472381],[103.4637961,24.9476369],[103.4640026,24.9480406],[103.4640026,24.9482425],[103.4639785,24.9485805],[103.4640348,24.9487143],[103.4641126,24.9488237],[103.464244,24.9489064],[103.4643325,24.9489574],[103.4643781,24.9489574],[103.4646866,24.9489574],[103.4647885,24.949062],[103.4648395,24.9492177],[103.465172,24.9495338],[103.4652203,24.9496505],[103.4651828,24.949794],[103.4649843,24.9500494],[103.4649762,24.9502464],[103.4651265,24.9505892],[103.4655368,24.9506865],[103.4657165,24.9507254],[103.4657702,24.9507643],[103.4657809,24.9508689],[103.4655073,24.9510926],[103.4654322,24.951224],[103.4654617,24.9514137],[103.4655368,24.9516131],[103.4658936,24.9520265],[103.4660572,24.9522916],[103.4660599,24.9525347],[103.4657702,24.9536947],[103.4648904,24.9552803],[103.4647027,24.956287],[103.4646732,24.9569825],[103.464649,24.9573886],[103.4646142,24.9577607],[103.4645605,24.9580695],[103.4643996,24.9582519],[103.464244,24.9583637],[103.4636861,24.9588258],[103.4627259,24.958996],[103.4627259,24.9591468],[103.4627902,24.9593559],[103.4632945,24.9595747],[103.4635091,24.9597693],[103.4635949,24.9601292],[103.4637827,24.9602702],[103.4638846,24.9604501],[103.4637183,24.9608344],[103.463096,24.9628186],[103.4629834,24.9632903],[103.4631389,24.96348],[103.4649226,24.9635529],[103.4654081,24.9640782],[103.4654376,24.9642751],[103.4652793,24.9645694],[103.465443,24.9648879],[103.4656012,24.9649608],[103.466253,24.9650654],[103.4664407,24.9652235],[103.4664193,24.9654472],[103.4660652,24.9660794],[103.4654939,24.9664636],[103.4653437,24.9668769],[103.4654,24.9679152],[103.4657407,24.9677961],[103.4660733,24.9676234],[103.4667411,24.9672222],[103.4669369,24.9671444],[103.4673741,24.9671809],[103.4683049,24.9674702],[103.4687072,24.967711],[103.4691578,24.9680295],[103.4694636,24.9680635],[103.4697238,24.9678957],[103.4701395,24.9673219],[103.47022,24.9672514],[103.4704345,24.9671298],[103.4706169,24.9670423],[103.4708852,24.9669791],[103.4712365,24.9670034],[103.4716281,24.9670885],[103.4718212,24.9671371],[103.4719366,24.9673608],[103.4719232,24.9675602],[103.4719232,24.9676915],[103.4719366,24.9677839],[103.4720197,24.967886],[103.4726903,24.9682021],[103.4729424,24.9683091],[103.4732026,24.9683432],[103.4734842,24.9682532],[103.4737846,24.9681292],[103.4740984,24.9680489],[103.474417,24.9680452],[103.4745625,24.9681802],[103.474592,24.9683675],[103.4744123,24.968489],[103.4740984,24.9687225],[103.4740475,24.9688538],[103.4741709,24.9689705],[103.4746724,24.9692282],[103.4751552,24.9694009],[103.4752437,24.96952],[103.4752437,24.9697218],[103.4751177,24.9697996],[103.4750158,24.9698191],[103.4746483,24.969717],[103.4743908,24.9696464],[103.4742862,24.969644],[103.4741011,24.9697923],[103.4740931,24.9700914],[103.4740931,24.9702106],[103.4740502,24.9703808],[103.4739563,24.9704975],[103.4736639,24.9706531],[103.4733984,24.9711224],[103.4732696,24.9711686],[103.4729478,24.9712026],[103.4726205,24.9712342],[103.4724033,24.9713266],[103.4723791,24.9714749],[103.4726581,24.9718494],[103.4731838,24.9723478],[103.4733528,24.9724256],[103.4738061,24.9724937],[103.4739777,24.9727514],[103.4739804,24.9730335],[103.474144,24.9732183],[103.4744605,24.9731721],[103.4748387,24.9730262],[103.4750614,24.9730116],[103.4752947,24.9732256],[103.4753269,24.9737046],[103.4751204,24.9739793],[103.4746698,24.9740498],[103.4732079,24.9737994],[103.4728566,24.9735198],[103.4727386,24.9731113],[103.4725401,24.9730067],[103.4722075,24.9730845],[103.4716228,24.973617],[103.4714055,24.9741908],[103.4715155,24.9744218],[103.4718052,24.9744121],[103.4721646,24.9740912],[103.4722236,24.9741617],[103.4721297,24.9747112],[103.4703675,24.9746698],[103.4696513,24.9744583],[103.4685087,24.9739137],[103.4682164,24.9739088],[103.4671891,24.9746188],[103.4671113,24.9747671],[103.4671327,24.9749762],[103.467114,24.9751999],[103.4670174,24.975443],[103.4668994,24.9758564],[103.4668994,24.9761554],[103.4669879,24.976756],[103.4670496,24.9769578],[103.4672722,24.9774732],[103.4673098,24.9776385],[103.4672266,24.9779473],[103.4667975,24.9783728],[103.4666955,24.97865],[103.4667143,24.9793283],[103.4667465,24.9803446],[103.4667519,24.9809743],[103.4669933,24.9814776],[103.4672534,24.9816867],[103.4673741,24.9817791],[103.4676665,24.9819347],[103.4677872,24.98201],[103.4678087,24.9821875],[103.4677443,24.9824452],[103.4674895,24.9830725],[103.4674895,24.9833788],[103.4676102,24.9837046],[103.4676477,24.98378],[103.4677201,24.9838699],[103.4678891,24.9839429],[103.4680474,24.9840815],[103.468042,24.9842298],[103.4679133,24.9843562],[103.4677309,24.9843999],[103.4674412,24.9843902],[103.4671891,24.984361],[103.4670657,24.9843635],[103.467012,24.9844316],[103.4671006,24.9846455],[103.4672347,24.9848035],[103.4674466,24.9850442],[103.4676746,24.9853189],[103.4677845,24.9855207],[103.4677899,24.9856083],[103.4676719,24.9857322],[103.4672588,24.9861164],[103.4665427,24.98687],[103.46654,24.9870086],[103.46654,24.9871229],[103.4665802,24.9874049],[103.4666875,24.987665],[103.4666848,24.9879397],[103.4667063,24.9882461],[103.4666875,24.9883919],[103.4665695,24.9885597],[103.4663656,24.9887056],[103.4661671,24.9887833],[103.4658158,24.9887761],[103.4652123,24.9887615],[103.464708,24.9886594],[103.464472,24.9885913],[103.4642628,24.9886059],[103.4641555,24.9887931],[103.4640509,24.9892307],[103.4636003,24.9901034],[103.4632918,24.9906286],[103.4632274,24.9908644],[103.4629565,24.9913725],[103.4628519,24.9916545],[103.4627634,24.9918903],[103.4627634,24.9920945],[103.4627849,24.9922817],[103.4628761,24.9925856],[103.4629646,24.9927363],[103.4630451,24.9927849],[103.4633133,24.9929405],[103.4633991,24.9930523],[103.4634286,24.9931739],[103.4634018,24.9932979],[103.4632167,24.9937063],[103.463147,24.9941755],[103.4631792,24.9944186],[103.4632414,24.9945573],[103.4634152,24.9948318],[103.4634742,24.9949291],[103.4634635,24.9953934],[103.4636432,24.9958213],[103.4600893,24.9975886],[103.4594214,24.9977758],[103.4587804,24.9981776],[103.4586677,24.9989864],[103.4586724,24.9996157],[103.4587857,24.999898],[103.458901,25.0001386],[103.4589949,25.0005592],[103.4594107,25.0015218],[103.459526,25.0016798],[103.4596655,25.0018597],[103.4598988,25.0020663],[103.4600678,25.0021708],[103.46021,25.0023532],[103.4603387,25.0024942],[103.4604245,25.002623],[103.4603414,25.0026765],[103.4601402,25.0026667],[103.4597298,25.0026789],[103.4591934,25.0027178],[103.4587884,25.0029074],[103.4583136,25.0030946],[103.4580079,25.0034641],[103.4576243,25.0037558],[103.4573883,25.0039648],[103.4572166,25.0042638],[103.4571281,25.0044656],[103.4570181,25.0046187],[103.4567955,25.0047718],[103.4563851,25.0049274],[103.4559667,25.0049323],[103.4554249,25.004767],[103.4549314,25.0047986],[103.4545478,25.0047524],[103.4543949,25.004677],[103.4542555,25.0045871],[103.4541884,25.0045045],[103.4540516,25.0043975],[103.453947,25.0044534],[103.4536815,25.0046746],[103.4535259,25.0048642],[103.4533864,25.0050854],[103.4533006,25.0052386],[103.4531718,25.0053139],[103.452976,25.0053115],[103.452799,25.0053163],[103.4524396,25.0054209],[103.4517449,25.0058001],[103.451525,25.0059654],[103.4513667,25.006014],[103.4509054,25.0062109],[103.4498057,25.0069255],[103.4485504,25.007735],[103.4480354,25.0081531],[103.4479013,25.008294],[103.4476438,25.0086684],[103.4474856,25.0088774],[103.4473836,25.0091205],[103.447334,25.0092583],[103.4470054,25.0095337],[103.4453398,25.0100296],[103.4451815,25.0101438],[103.4451199,25.0105109],[103.4451064,25.0105716],[103.4449643,25.0106324],[103.4448436,25.0106227],[103.4446827,25.0108001],[103.4446478,25.0108584],[103.4446719,25.010997],[103.4447256,25.011048],[103.4448409,25.0110651],[103.4449321,25.0111015],[103.4450126,25.0112109],[103.4450126,25.0113324],[103.4449938,25.0114102],[103.4450206,25.0114807],[103.4452271,25.0116387],[103.4455571,25.0118307],[103.4456643,25.0119158],[103.445726,25.0120738],[103.445726,25.0122318],[103.445667,25.0124165],[103.4456952,25.0126122],[103.4457327,25.0127313],[103.445773,25.0127908],[103.4458709,25.0128443],[103.4460439,25.0128783],[103.446174,25.0128735],[103.446418,25.012837],[103.446469,25.0128638],[103.4464931,25.0129002],[103.4464878,25.0130631],[103.4464797,25.0131968],[103.4464824,25.0132818],[103.4465367,25.0133185],[103.4466594,25.0134228],[103.4468257,25.0134811],[103.4469759,25.0137145],[103.4470913,25.0138433],[103.4471557,25.0138968],[103.447212,25.0140353],[103.4471744,25.0141374],[103.4471101,25.01422],[103.4471235,25.014293],[103.4471905,25.0144704],[103.44722,25.0147645],[103.4471503,25.0148909],[103.4471101,25.0150708],[103.4471154,25.0151413],[103.4472361,25.0152433],[103.4473675,25.0154305],[103.4474212,25.0155374],[103.4474507,25.0156468],[103.4474158,25.0157538],[103.4473756,25.0158972],[103.4474158,25.0159628],[103.447499,25.0160527],[103.4475687,25.0161986],[103.4475526,25.0162763],[103.4473515,25.0165534],[103.4473085,25.0166361],[103.4473434,25.0167649],[103.4474319,25.0169375],[103.4474212,25.0171757],[103.4473675,25.0174843],[103.4470028,25.0183593],[103.447035,25.0187677],[103.4456751,25.0189159],[103.4452111,25.0189062],[103.4446585,25.0183861],[103.4442294,25.01816],[103.4439236,25.0180045],[103.4434247,25.0178781],[103.4432691,25.0179073],[103.4429929,25.0181309],[103.4424457,25.0182694],[103.4418368,25.0183375],[103.4412253,25.0183496],[103.4404179,25.0184395],[103.4390607,25.0190083],[103.4385431,25.0191979],[103.4383178,25.0193121],[103.4379449,25.0199003],[103.4374756,25.0202284],[103.4367245,25.0209673],[103.4356865,25.0234682],[103.4357402,25.0237064],[103.4377411,25.0246251],[103.4422445,25.0260032],[103.4426844,25.0263434],[103.4426576,25.0266667],[103.4425557,25.0269461],[103.4423867,25.0271697],[103.4416303,25.0278259],[103.440721,25.0288953],[103.4388649,25.0308347],[103.438535,25.0314593],[103.4384492,25.0320207],[103.4384653,25.0323585],[103.4383231,25.0326209],[103.4382722,25.0327813],[103.4381917,25.032898],[103.4380978,25.0329514],[103.4377706,25.0330754],[103.4376204,25.0331726],[103.437607,25.0332965],[103.4373307,25.0334059],[103.4371912,25.0334545],[103.4368721,25.0336538],[103.4367835,25.033785],[103.4366494,25.0338871],[103.4363893,25.0339357],[103.4355873,25.0339114],[103.4350803,25.0338701],[103.4347075,25.0339187],[103.433927,25.0338749],[103.4335569,25.0339308],[103.4332082,25.0340378],[103.4331492,25.0341812],[103.432728,25.0349928],[103.4323552,25.035389],[103.4311777,25.0355032],[103.4306467,25.0355348],[103.4302309,25.0356612],[103.4300083,25.0357827],[103.429791,25.0357462],[103.4294799,25.035649],[103.4293351,25.0356806],[103.4293324,25.0360233],[103.4298098,25.0372043],[103.4306681,25.0390051],[103.4305796,25.0395397],[103.4303489,25.0398192],[103.4293082,25.0403465],[103.4284714,25.0403465],[103.4284714,25.0405919],[103.428289,25.0415178],[103.4277499,25.0419747],[103.4258535,25.0428155],[103.4245768,25.0432067],[103.4240565,25.0432966],[103.4234342,25.0436514],[103.4230104,25.0438045],[103.4228146,25.0439138],[103.4226081,25.0439843],[103.4223828,25.0438555],[103.4223291,25.0436271],[103.4222755,25.0434205],[103.4221575,25.043248],[103.4220555,25.043197],[103.422026,25.0432067],[103.4206367,25.0442711],[103.4198588,25.0456124],[103.4196845,25.0457461],[103.4194028,25.0457339],[103.416734,25.0449029],[103.4163451,25.0450657],[103.4150072,25.0460594],[103.4138399,25.0461009],[103.4124613,25.0460571],[103.4113187,25.0459721],[103.4104174,25.0461276],[103.4102592,25.046339],[103.4101492,25.0466014],[103.4100392,25.0468128],[103.4100017,25.0470097],[103.4098032,25.0473037],[103.4095806,25.0474835],[103.4092399,25.0476196],[103.4091112,25.0477046],[103.4088671,25.0478699],[103.4085533,25.0478796],[103.4083065,25.0477265],[103.408159,25.0476706],[103.4078827,25.0476074],[103.4070218,25.0476293],[103.4067106,25.0477362],[103.4063458,25.0478334],[103.4061527,25.0478164],[103.4057799,25.047848],[103.4052569,25.0481104],[103.4050155,25.0483],[103.4046614,25.0484361],[103.404479,25.0487155],[103.4045139,25.0491164],[103.4045944,25.0495028],[103.4046829,25.0498065],[103.4061688,25.0502293],[103.4067106,25.050589],[103.4069359,25.0514249],[103.4071532,25.0516897],[103.4071639,25.0522121],[103.4070325,25.0524989],[103.4069359,25.0530116],[103.4069306,25.0532545],[103.4070218,25.0533663],[103.407231,25.0535486],[103.4073383,25.0536628],[103.4074107,25.0538304],[103.4073704,25.0540224],[103.407231,25.0541779],[103.4068286,25.0543893],[103.4062466,25.054382],[103.4059945,25.0544646],[103.4055707,25.0545254],[103.4054849,25.0545205],[103.4050423,25.0545715],[103.4048277,25.0547027],[103.4047285,25.0547781],[103.4049565,25.0549287],[103.405171,25.0550308],[103.4052569,25.055145],[103.4051737,25.0553369],[103.4046668,25.0556431],[103.4044817,25.0557986],[103.4043503,25.0559055],[103.4043235,25.0560221],[103.4041652,25.0560926],[103.4038836,25.0560634],[103.4036422,25.0560586],[103.4036261,25.0561436],[103.4036985,25.0562578],[103.4038272,25.0563331],[103.4038648,25.056564],[103.4038085,25.0566393],[103.4038165,25.056683],[103.4039533,25.0567195],[103.4041572,25.0567292],[103.4042215,25.0568653],[103.4042966,25.0569552],[103.4044817,25.0569454],[103.4048063,25.0567608],[103.4049189,25.0567462],[103.4050289,25.0568798],[103.405171,25.0570451],[103.4053186,25.0571957],[103.4054956,25.0572419],[103.4057128,25.0573075],[103.4057826,25.0573512],[103.4058309,25.057412],[103.4058577,25.0574605],[103.4059811,25.0575869],[103.4061474,25.0577303],[103.4062064,25.0578274],[103.4062171,25.0579538],[103.4060776,25.0580364],[103.4059703,25.0580315],[103.405914,25.0580145],[103.4057075,25.0579101],[103.4055948,25.0579465],[103.4055519,25.0579684],[103.4056109,25.0581773],[103.4056431,25.0582842],[103.4056807,25.058464],[103.4056807,25.0585418],[103.4056136,25.0585515],[103.405399,25.058481],[103.4050986,25.0584033],[103.4048116,25.0583741],[103.4046426,25.05843],[103.4045139,25.0585515],[103.4044978,25.0586876],[103.4045622,25.0588334],[103.404707,25.0589208],[103.4050825,25.0591128],[103.4054929,25.0599705],[103.4057263,25.060714],[103.4057584,25.0608816],[103.4056887,25.0611197],[103.4055036,25.0614817],[103.4054634,25.0617466],[103.4054607,25.0618049],[103.4056458,25.0618438],[103.4058416,25.0618438],[103.4058657,25.0617879],[103.4059006,25.0617466],[103.4059623,25.0617199],[103.406083,25.061732],[103.406252,25.0618049],[103.4063083,25.0618851],[103.4063217,25.0621451],[103.4063378,25.0623953],[103.4063002,25.0625508],[103.4060186,25.062716],[103.4057799,25.0628108],[103.4056109,25.0629104],[103.4055921,25.0630246],[103.4056672,25.0633259],[103.4061232,25.0636587],[103.4061527,25.0637608],[103.406209,25.0639114],[103.4062493,25.0640426],[103.4060508,25.0643512],[103.4059328,25.0644702],[103.4058979,25.0646354],[103.4059274,25.0649294],[103.4059703,25.0650801],[103.4060883,25.0653133],[103.4062868,25.065498],[103.4063995,25.0655223],[103.4065765,25.0655223],[103.4069037,25.0656049],[103.4073329,25.0657604],[103.4100151,25.0656826],[103.4103799,25.0656972],[103.4105945,25.065877],[103.4112543,25.0670529],[103.4119302,25.0680199],[103.4132525,25.0696404],[103.4137139,25.0700777],[103.4142154,25.070464],[103.4143764,25.0704591],[103.4146446,25.0704543],[103.4149557,25.0703814],[103.4153742,25.0701579],[103.415696,25.0699489],[103.4160125,25.0698566],[103.4162754,25.0698566],[103.4168386,25.0700218],[103.4172463,25.0701579],[103.417933,25.0705855],[103.4184641,25.0709742],[103.4196174,25.0715573],[103.4208539,25.0742831],[103.4212804,25.0749463],[103.4216049,25.0750387],[103.4233893,25.0751459],[103.4266542,25.0751541],[103.4278826,25.0752184],[103.4295577,25.0754699],[103.4297977,25.0756193],[103.4298567,25.0758562],[103.4300686,25.0761805],[103.4302349,25.0762862],[103.4305206,25.076285],[103.4307124,25.0763311],[103.4311362,25.0763141],[103.4314017,25.0765194],[103.4314942,25.0765983],[103.4315827,25.0766384],[103.4317437,25.0766639],[103.4319663,25.0766421],[103.4327683,25.0764793],[103.432889,25.0765315],[103.4329721,25.07654],[103.4331451,25.0766324],[103.4332846,25.0766336],[103.4335636,25.0765388],[103.4338398,25.0765327],[103.4344903,25.0767915],[103.4345815,25.0769275],[103.4347303,25.0769287],[103.4349784,25.0770453],[103.4352654,25.0771012],[103.4357697,25.0771498],[103.4366065,25.0771741],[103.4371912,25.0773733],[103.4378766,25.077513],[103.4380683,25.0775081],[103.4382574,25.0776466],[103.4383996,25.0776916],[103.4387449,25.0776029],[103.4388046,25.0774432],[103.4388757,25.0774808],[103.4389447,25.0775877],[103.4389937,25.0775871],[103.4390607,25.0775671],[103.4392002,25.0774589],[103.4393632,25.0774085],[103.4394108,25.0774013],[103.4395047,25.0774037],[103.4396113,25.0774183],[103.4397233,25.0774875],[103.4398252,25.0775142],[103.4399432,25.0775191],[103.4402812,25.0775871],[103.4404367,25.0776454],[103.4405977,25.0777547],[103.4407237,25.0779175],[103.440882,25.0780195],[103.4411207,25.0782722],[103.4414774,25.0783232],[103.4426388,25.0783353],[103.4435105,25.0782989],[103.4439611,25.0784641],[103.4444332,25.07869],[103.4446827,25.0787775],[103.4451064,25.0789087],[103.4455571,25.0789645],[103.4465575,25.079516],[103.4467185,25.0796593],[103.4467989,25.0798027],[103.4468284,25.0800383],[103.4468552,25.0801355],[103.4469223,25.0802302],[103.4471342,25.0804197],[103.4471825,25.0803104],[103.4472549,25.0798755],[103.4473354,25.0796472],[103.4473059,25.0794188],[103.4473139,25.0791419],[103.447389,25.0789864],[103.4476411,25.0787313],[103.4479469,25.0787823],[103.4480435,25.0787775],[103.448301,25.0785273],[103.4486228,25.0781021],[103.448655,25.07809],[103.4487516,25.078141],[103.4488642,25.0781872],[103.4489903,25.0781896],[103.4490895,25.078141],[103.4491673,25.0780754],[103.4492022,25.0779904],[103.4492317,25.0778446],[103.4492987,25.0776576],[103.4493336,25.0775677],[103.4494999,25.077349],[103.4497172,25.0768413],[103.449921,25.0765376],[103.4505138,25.0756897],[103.4509778,25.0753059],[103.4513801,25.0748467],[103.4516135,25.0746913],[103.4518307,25.0745844],[103.4520292,25.0745212],[103.452386,25.0744507],[103.4527078,25.0744556],[103.4529117,25.0744143],[103.4530672,25.0743511],[103.4533086,25.0742467],[103.4535634,25.0741325],[103.4538585,25.073892],[103.4539711,25.0738191],[103.4542246,25.0737693],[103.4549555,25.073796],[103.455036,25.0739308],[103.4550682,25.0741483],[103.4550427,25.0744143],[103.4549716,25.0745467],[103.4549166,25.0750374],[103.454462,25.0759898],[103.4544258,25.0768741],[103.4543681,25.0771972],[103.4542353,25.0776296],[103.4540221,25.0778616],[103.4539819,25.0780584],[103.4539779,25.0791395],[103.4539591,25.0793447],[103.4539255,25.0794723],[103.4539336,25.0795694],[103.4539671,25.0796022],[103.4540436,25.0796545],[103.4543279,25.080795],[103.4550253,25.0815578],[103.455209,25.0817157],[103.455901,25.0822939],[103.4564911,25.0826474],[103.4567593,25.0827798],[103.4568988,25.0828381],[103.4570114,25.0828575],[103.4572488,25.0828053],[103.4574084,25.0827761],[103.45791,25.0827749],[103.4582801,25.0828065],[103.4584665,25.082832],[103.4585477,25.0828636],[103.4586838,25.0829784],[103.4587348,25.0830221],[103.4591129,25.0831089],[103.4592792,25.0831527],[103.4596682,25.0833786],[103.459864,25.0835268],[103.4601617,25.0835802],[103.4605291,25.0837114],[103.4606928,25.0838353],[103.4608322,25.0839835],[103.4608617,25.0840588],[103.4609583,25.0841924],[103.4610897,25.0842968],[103.4614371,25.084513],[103.4619118,25.0847329],[103.4623276,25.0849382],[103.4625408,25.0849309],[103.4626186,25.0849321],[103.4626588,25.0849479],[103.4626964,25.0850159],[103.4627312,25.0851264],[103.4627902,25.0852333],[103.4628586,25.0853645],[103.4629995,25.085475],[103.4633455,25.0857155],[103.4634393,25.0858248],[103.4635225,25.086024],[103.4639275,25.0864661],[103.4640566,25.0869526],[103.4643352,25.0871439],[103.4644908,25.0873819],[103.4644076,25.0875933],[103.4644586,25.0878775],[103.4648502,25.0886111],[103.4650996,25.0887714],[103.4651935,25.0887908],[103.4655154,25.0887908],[103.4658319,25.0888443],[103.468557,25.0904378],[103.469705,25.0915066],[103.471985,25.0932296],[103.4725964,25.0933333],[103.4734654,25.0936685],[103.4744149,25.0943243],[103.4750587,25.0949413],[103.4762979,25.0960926],[103.4768611,25.0964036],[103.4773064,25.096491],[103.4776014,25.0961461],[103.4779608,25.0961364],[103.4782934,25.0962918],[103.4786153,25.0962335],[103.4790176,25.0961752],[103.4797847,25.0961849],[103.4806055,25.0962627],[103.4811848,25.0962384],[103.4822524,25.095568],[103.4825742,25.0952328],[103.4829551,25.0947421],[103.4838778,25.0938482],[103.4846288,25.0935033],[103.4854495,25.0931146],[103.4861362,25.0930612],[103.486973,25.0928037],[103.487429,25.0925511],[103.4882659,25.0925268],[103.4884483,25.0927357],[103.4886306,25.0928912],[103.4886092,25.093377],[103.4887004,25.0936053],[103.4898537,25.0943535],[103.4908622,25.0945284],[103.4912163,25.0946012],[103.4916562,25.0949656],[103.4922838,25.095432],[103.492654,25.0956068],[103.4931314,25.0956797],[103.493464,25.0956846],[103.4936517,25.0957672],[103.4937429,25.095942],[103.4935766,25.0961655],[103.4934264,25.0963064],[103.4933084,25.0966659],[103.4932387,25.0968456],[103.493287,25.0975355],[103.4933406,25.0980796],[103.4934586,25.098473],[103.4934586,25.0989637],[103.4934962,25.0993912],[103.4936249,25.0995855],[103.4939521,25.099945],[103.4941024,25.1001344],[103.4941935,25.1004696],[103.4943169,25.100936],[103.4945422,25.1011983],[103.4947514,25.1012906],[103.4950465,25.1014363],[103.4952825,25.1016987],[103.495599,25.1020678],[103.4957761,25.1027139],[103.4957278,25.1031997],[103.4956419,25.1036758],[103.4951806,25.1038021],[103.4946334,25.1042538],[103.4944779,25.1046862],[103.4944725,25.1051476],[103.4948963,25.1061677],[103.4947783,25.1068818],[103.4947997,25.107353],[103.4947193,25.107659],[103.494215,25.1079019],[103.4939521,25.1080622],[103.4937054,25.1087811],[103.4935981,25.1091745],[103.4933406,25.1094514],[103.4928042,25.1097283],[103.4922731,25.1098789],[103.4920156,25.1099032],[103.4917849,25.1100635],[103.4917581,25.1101849],[103.4915435,25.1106706],[103.4912538,25.1108552],[103.490712,25.1110835],[103.4903258,25.1113895],[103.4900147,25.111545],[103.4896553,25.1117636],[103.4896016,25.1120016],[103.4895801,25.112191],[103.4895855,25.1123173],[103.4895265,25.112565],[103.4893084,25.1128856],[103.4889525,25.1131042],[103.4882712,25.1135656],[103.4877992,25.1136871],[103.4866029,25.1141534],[103.4861845,25.1143477],[103.4852296,25.1144934],[103.4848326,25.1145322],[103.4846878,25.1145905],[103.4845161,25.1147848],[103.484382,25.1151151],[103.484205,25.1153725],[103.4837758,25.1155571],[103.4834486,25.1158291],[103.4832931,25.1160574],[103.4829873,25.116276],[103.4828156,25.1163246],[103.4824938,25.1164897],[103.4823328,25.1167083],[103.4820968,25.1167666],[103.4816033,25.116922],[103.4814852,25.1171794],[103.4814101,25.1173349],[103.4811795,25.1177137],[103.4810185,25.1178983],[103.4807664,25.1179566],[103.4805465,25.1182091],[103.4796667,25.1194283],[103.4795058,25.1197731],[103.4791142,25.1198071],[103.4789532,25.1197148],[103.4783363,25.1194574],[103.4764749,25.1188551],[103.4762871,25.118758],[103.4758902,25.1188163],[103.4756648,25.1187628],[103.4753644,25.1186366],[103.4750962,25.1185249],[103.4749353,25.11852],[103.4744793,25.1185734],[103.4741306,25.118622],[103.4740448,25.1185686],[103.4738624,25.1185346],[103.4735727,25.1185491],[103.4734493,25.1187094],[103.4731489,25.1189183],[103.4729397,25.1190203],[103.47265,25.1190688],[103.4724945,25.1190688],[103.472296,25.1189766],[103.4720975,25.1188794],[103.4718776,25.1187726],[103.4716415,25.1186948],[103.4712285,25.1185151],[103.4710622,25.1184083],[103.4708959,25.1182966],[103.4704399,25.1182383],[103.4704024,25.1183694],[103.470338,25.1187143],[103.4701663,25.119166],[103.4700054,25.1193943],[103.4699517,25.1195351],[103.4696299,25.1196468],[103.4692168,25.1197148],[103.4689754,25.1197148],[103.4686375,25.1196517],[103.4685463,25.1197197],[103.4684873,25.1197731],[103.4685892,25.1205114],[103.4688574,25.121104],[103.4693509,25.1219734],[103.4696245,25.1230322],[103.4697211,25.1239647],[103.4697264,25.1250575],[103.4697264,25.1253829],[103.4698874,25.1256889],[103.4706169,25.1263591],[103.470971,25.1269079],[103.4710944,25.1276947],[103.4711534,25.128229],[103.4711426,25.1284135],[103.4707993,25.1287098],[103.470279,25.1289235],[103.469646,25.1291566],[103.4689808,25.1293412],[103.4682941,25.1297151],[103.4680152,25.1301134],[103.4680313,25.130769],[103.4691739,25.1315024],[103.4695065,25.1318132],[103.4702253,25.1324397],[103.4703058,25.1326485],[103.4708154,25.1341346],[103.4709603,25.1346057],[103.4711695,25.1349554],[103.4714323,25.1356547],[103.4715557,25.1361355],[103.4715557,25.1366551],[103.471427,25.1371456],[103.4715396,25.138146],[103.4718829,25.1397972],[103.4723175,25.140443],[103.4733367,25.1415066],[103.474549,25.1418853],[103.4752625,25.1424778],[103.4754288,25.1428566],[103.4756756,25.1428906],[103.4764105,25.1429197],[103.4766948,25.1429343],[103.4769738,25.1429828],[103.477124,25.1432353],[103.4771776,25.1434005],[103.4773064,25.1437695],[103.4774405,25.1439346],[103.4775907,25.1440997],[103.4778535,25.1442211],[103.47839,25.144328],[103.4784007,25.1444785],[103.4783149,25.1448233],[103.4779018,25.145542],[103.477639,25.1459402],[103.4761423,25.1466249],[103.4756434,25.1467948],[103.4751499,25.146824],[103.474549,25.1468094],[103.4738249,25.1467657],[103.4723335,25.1470085],[103.4717274,25.1474504],[103.4715021,25.1477612],[103.4710836,25.1483245],[103.4708798,25.1487227],[103.4704077,25.1491403],[103.4699786,25.1493539],[103.469013,25.1496744],[103.4686804,25.1498881],[103.4686804,25.150228],[103.4680581,25.1509661],[103.4678221,25.1511117],[103.4668565,25.1513254],[103.4659445,25.151374],[103.4654295,25.1513157],[103.4650648,25.1513254],[103.4643567,25.1515682],[103.4640241,25.1517333],[103.4639382,25.152112],[103.4637773,25.1524228],[103.4637236,25.1526559],[103.4637236,25.1528792],[103.4635734,25.1530638],[103.4634447,25.1531415],[103.4627151,25.1532094],[103.4622753,25.1536659],[103.4620392,25.1540932],[103.4615269,25.154756],[103.4613553,25.1550012],[103.4612024,25.1551469],[103.4609824,25.1552512],[103.4607276,25.1553411],[103.4605828,25.1555596],[103.460497,25.1558728],[103.460505,25.1560888],[103.4605587,25.1562199],[103.4607276,25.1563243],[103.4609932,25.1564627],[103.461999,25.1571109],[103.462235,25.1572688],[103.4624469,25.1576839],[103.4625301,25.157849],[103.4626695,25.1579874],[103.4629485,25.1582083],[103.4632435,25.1584875],[103.4634393,25.1585506],[103.4637612,25.1586769],[103.4639463,25.1587885],[103.4641126,25.1589026],[103.464869,25.1598592],[103.4650594,25.1600947],[103.4652418,25.160233],[103.4653652,25.160437],[103.4653652,25.1606652],[103.4654108,25.1608327],[103.4659928,25.1619033],[103.4661269,25.1624034],[103.4659794,25.1632871],[103.4659982,25.1638746],[103.4660572,25.1643553],[103.4659097,25.1647971],[103.4658989,25.1649015],[103.4659553,25.1650738],[103.4665936,25.1656686],[103.4669182,25.16604],[103.4671247,25.1664794],[103.4681439,25.1678753],[103.4681547,25.1679578],[103.4679428,25.1683487],[103.4671032,25.1688342],[103.4661001,25.1692881],[103.4653169,25.1698877],[103.4650701,25.1700989],[103.4650111,25.1702737],[103.4650138,25.1704024],[103.4651399,25.1704801],[103.4653115,25.1704825],[103.4655234,25.1704291],[103.4662905,25.170179],[103.4665668,25.1701256],[103.4668216,25.1701086],[103.467004,25.1701863],[103.4670845,25.1703174],[103.4670979,25.1704509],[103.4670737,25.1708199],[103.4670335,25.170951],[103.4669638,25.171019],[103.4666902,25.1711039],[103.4663737,25.1712471],[103.4661457,25.1713685],[103.4660277,25.1714875],[103.4660169,25.1715967],[103.466025,25.1716962],[103.4660786,25.1717399],[103.466194,25.1717545],[103.4663522,25.1717545],[103.4666392,25.1718006],[103.466768,25.1719317],[103.4668457,25.1721186],[103.4669155,25.172575],[103.4669504,25.1729294],[103.4669343,25.1731163],[103.4668592,25.173279],[103.4663415,25.17383],[103.4662905,25.1739829],[103.4663308,25.1742269],[103.4664059,25.1745922],[103.4664837,25.1746505],[103.466489,25.1747646],[103.4664977,25.1750364],[103.4664099,25.1751226],[103.466249,25.1751857],[103.4662107,25.1752094],[103.466139,25.175292],[103.4659874,25.1755025],[103.465687,25.1763594],[103.4648428,25.1769887],[103.4625388,25.1792193],[103.4623772,25.1795781],[103.462404,25.1801072],[103.4627795,25.1812238],[103.4636807,25.1826899],[103.4636164,25.1835516],[103.463662,25.1843962],[103.4638068,25.1847409],[103.4639168,25.1853283],[103.4639087,25.1859448],[103.4638551,25.1861851],[103.4637639,25.1862337],[103.4634635,25.1861099],[103.4632409,25.1858599],[103.4628707,25.1853647],[103.4623799,25.1849327],[103.4602609,25.1833064],[103.4582573,25.1820928],[103.4578952,25.1818088],[103.456943,25.1810782],[103.4568425,25.181026],[103.4567499,25.181015],[103.4566346,25.1810563],[103.4565742,25.1811085],[103.4565997,25.1811716],[103.456648,25.1812638],[103.4566721,25.1814738],[103.4566829,25.1815891],[103.4566936,25.1816935],[103.4566292,25.1818707],[103.4565903,25.1819714],[103.4566225,25.1820916],[103.4566332,25.1822323],[103.4566654,25.1823137],[103.4566547,25.1825576],[103.456644,25.1827275],[103.4566239,25.1828392],[103.4565407,25.1829441],[103.4565333,25.182989],[103.4565528,25.1830497],[103.4565615,25.1831001],[103.4565213,25.1831486],[103.4564656,25.1831826],[103.4564187,25.1831875],[103.4563462,25.183216],[103.4560043,25.1836462],[103.4554893,25.1838695],[103.4548241,25.1844424],[103.4545559,25.1845686],[103.4538907,25.1848113],[103.4535205,25.1840394],[103.4523833,25.1821802],[103.4521419,25.1818403],[103.4519648,25.1817044],[103.4516913,25.1816462],[103.4514767,25.1816219],[103.4510207,25.1816462],[103.4506828,25.1817335],[103.4499961,25.1819666],[103.4494168,25.1821802],[103.4479415,25.182185],[103.4468043,25.1825442],[103.4464019,25.1826656],[103.4460694,25.1840297],[103.4460908,25.1853404],[103.4458816,25.1870055],[103.4455597,25.1869181],[103.444975,25.1872143],[103.4435803,25.187224],[103.4434569,25.1875832],[103.4430009,25.1895977],[103.4428722,25.1897919],[103.442781,25.1898841],[103.442325,25.1899327],[103.4418422,25.189855],[103.4407425,25.1895977],[103.4395891,25.1894036],[103.4394175,25.1893793],[103.4391439,25.1893841],[103.4389079,25.1895929],[103.4380066,25.1895055],[103.4369981,25.1890589],[103.4368426,25.1888744],[103.4359682,25.1884861],[103.4361935,25.1880346],[103.4366065,25.1878793],[103.4371376,25.187588],[103.4372878,25.1874133],[103.4372288,25.1872045],[103.4371161,25.1870929],[103.4362739,25.1866511],[103.435539,25.1865832],[103.4338653,25.1867385],[103.4327924,25.1868259],[103.4317195,25.187088],[103.4295845,25.1875977],[103.4289247,25.1878113],[103.4285545,25.1880201],[103.4272188,25.1890152],[103.4270364,25.1891026],[103.4267843,25.1890977],[103.4252769,25.1888502],[103.4246036,25.188923],[103.4245205,25.1889691],[103.4242684,25.1890807],[103.4240591,25.1891972],[103.42374,25.1895759],[103.4235951,25.1897336],[103.4235093,25.1898065],[103.4233913,25.1898623],[103.4232223,25.189923],[103.4231177,25.1900031],[103.4230641,25.190156],[103.4230211,25.1903768],[103.4230453,25.1906729],[103.4227797,25.1909399],[103.4225249,25.1911608],[103.4222138,25.1913792],[103.4219483,25.1914375],[103.4217927,25.1914739],[103.4216344,25.1918549],[103.4216022,25.1920807],[103.4216022,25.1924059],[103.4215915,25.1925976],[103.421444,25.1926656],[103.421149,25.1928258],[103.4208298,25.1933792],[103.4206876,25.193469],[103.4204435,25.1935588],[103.4202182,25.1937554],[103.4200761,25.1939447],[103.419883,25.1941704],[103.4197837,25.1944058],[103.4198078,25.1946],[103.419714,25.1946703],[103.4195396,25.1947068],[103.4192499,25.1947966],[103.4191078,25.1948548],[103.41892,25.1948888],[103.4188101,25.1948766],[103.4185874,25.194799],[103.4184855,25.194697],[103.4183729,25.1946048],[103.418228,25.1945951],[103.4177855,25.1946364],[103.4175494,25.1946218],[103.4172866,25.1945344],[103.4170988,25.1944252],[103.4166133,25.1939883],[103.4164524,25.1939204],[103.4160903,25.1939544],[103.4159106,25.1940442],[103.4157148,25.1938379],[103.4151784,25.1928913],[103.4149021,25.1925103],[103.4145883,25.1918962],[103.4144944,25.1916778],[103.414489,25.1911001],[103.4146419,25.1908016],[103.4146553,25.1907263],[103.4145775,25.1901026],[103.4143978,25.1897531],[103.414371,25.1897118],[103.4142315,25.1896511],[103.4140331,25.1896171],[103.4139633,25.1895662],[103.4138238,25.1893356],[103.4138185,25.1892021],[103.413915,25.1888113],[103.4139955,25.1886487],[103.4140545,25.1883696],[103.414025,25.18819],[103.4140116,25.1881317],[103.4139097,25.1880176],[103.4137863,25.1877968],[103.4135395,25.1872701],[103.4134564,25.1870905],[103.4133732,25.186923],[103.4131265,25.1865492],[103.412928,25.1863599],[103.4123781,25.1859545],[103.4114286,25.1857021],[103.4113508,25.1856511],[103.4113026,25.1855468],[103.4113374,25.185287],[103.4112328,25.1847725],[103.4111899,25.1844424],[103.4111711,25.1842895],[103.4108466,25.1837142],[103.4107259,25.1834351],[103.4105971,25.1832603],[103.410235,25.1829569],[103.4097415,25.1821607],[103.4095296,25.1818525],[103.4094009,25.1817481],[103.4092963,25.1816898],[103.4090951,25.1817117],[103.4083039,25.1820127],[103.4081188,25.1822069],[103.4080061,25.1824981],[103.4082127,25.1829545],[103.4083119,25.1833234],[103.4084648,25.183503],[103.408505,25.1837603],[103.4085023,25.1838817],[103.4082529,25.1841875],[103.4081215,25.1842652],[103.4078693,25.1846414],[103.4078318,25.1847409],[103.4076333,25.1849448],[103.4074804,25.1853089],[103.4073302,25.1853769],[103.4072122,25.1854036],[103.4070459,25.1853186],[103.4059703,25.1851657],[103.405222,25.1851147],[103.4047902,25.1851463],[103.4043878,25.1852215],[103.404302,25.1852069],[103.4042188,25.1851535],[103.4042081,25.185054],[103.4041411,25.1844205],[103.4041089,25.184338],[103.4040982,25.1843089],[103.4040418,25.1842166],[103.4037977,25.1839132],[103.4036449,25.1837312],[103.4036046,25.1836001],[103.4036154,25.183503],[103.4035724,25.1832215],[103.4035054,25.18302],[103.4034249,25.1826947],[103.4033874,25.1823622],[103.4032157,25.1820782],[103.4030816,25.1818646],[103.4030414,25.1817529],[103.4029984,25.1815442],[103.4027436,25.1809519],[103.4027114,25.1807602],[103.4027839,25.1802043],[103.4027758,25.1797577],[103.4027463,25.179498],[103.4027275,25.1792989],[103.4028161,25.1788693],[103.4029314,25.1785489],[103.4030843,25.1781217],[103.4031326,25.1778134],[103.4033096,25.1770439],[103.4036341,25.1754321],[103.4044227,25.1733081],[103.4044334,25.1727206],[103.4037951,25.1709971],[103.4037495,25.1705456],[103.403492,25.1700528],[103.4030387,25.1697008],[103.4026605,25.1695794],[103.4022555,25.1689701],[103.40177,25.167533],[103.4017217,25.1666494],[103.4020919,25.1657948],[103.4025103,25.1643674],[103.402639,25.1638285],[103.4025586,25.1635711],[103.4023762,25.1633381],[103.4014615,25.162668],[103.3998576,25.16193],[103.399922,25.1617358],[103.4005362,25.1612697],[103.4009492,25.1610997],[103.401939,25.1611119],[103.4025773,25.1612697],[103.4032157,25.1615634],[103.4038715,25.1620975],[103.404019,25.1623245],[103.4040794,25.1624301],[103.4042752,25.1624981],[103.4044093,25.1624981],[103.4045273,25.1624107],[103.4045756,25.162299],[103.404597,25.1620174],[103.4046024,25.1617746],[103.4046829,25.1615562],[103.4050047,25.161124],[103.4054151,25.160454],[103.4054849,25.1602962],[103.4055412,25.1599878],[103.4055519,25.1596722],[103.4054178,25.1592765],[103.4053427,25.1590872],[103.4052622,25.1588541],[103.4050128,25.1584584],[103.4048358,25.1583103],[103.4046936,25.1581816],[103.4044737,25.1580311],[103.4043154,25.1578781],[103.4042698,25.1576669],[103.4043637,25.157446],[103.4046292,25.1572493],[103.4047124,25.1570891],[103.4047633,25.1568123],[103.4047499,25.1565744],[103.4046936,25.1563583],[103.4044817,25.1561835],[103.4043691,25.1561447],[103.4041116,25.1561957],[103.4040177,25.1563049],[103.4039426,25.1567007],[103.4037119,25.157395],[103.4035832,25.1576888],[103.4034008,25.1577228],[103.4030333,25.15773],[103.4027946,25.1578441],[103.4027356,25.1582107],[103.4025103,25.1588759],[103.4023601,25.1595751],[103.4021696,25.1599951],[103.4019792,25.1601262],[103.4015822,25.1602743],[103.4014428,25.1602816],[103.4010377,25.1602889],[103.4006166,25.1602889],[103.400327,25.1602088],[103.4002116,25.1601456],[103.4000427,25.1598762],[103.4000212,25.1596747],[103.4000534,25.159478],[103.4001633,25.1592522],[103.4002304,25.1588492],[103.4005201,25.1583515],[103.4005308,25.1581865],[103.4004718,25.157968],[103.4004718,25.1575407],[103.4004235,25.157293],[103.4002733,25.1568997],[103.4001607,25.1564676],[103.400268,25.1564093],[103.3998012,25.155278],[103.3999407,25.1537241],[103.3998227,25.1535882],[103.3996725,25.1535688],[103.3989966,25.1536804],[103.3984441,25.153797],[103.3981383,25.1538844],[103.3979022,25.1540009],[103.3977789,25.1542777],[103.3977789,25.1543748],[103.3978647,25.1546856],[103.3980361,25.1551457],[103.3981436,25.1554139],[103.3981115,25.155579],[103.3979505,25.1556713],[103.3976769,25.1557053],[103.3973497,25.1556907],[103.3966631,25.155681],[103.3963519,25.1557975],[103.3959389,25.1559286],[103.3955526,25.1563413],[103.3951503,25.1564822],[103.394587,25.1565453],[103.3942062,25.1564336],[103.3933049,25.1554916],[103.3929509,25.1550255],[103.3928868,25.1545782],[103.3929509,25.1544088],[103.3931923,25.1535251],[103.3934337,25.1531657],[103.3936,25.152787],[103.393718,25.1525782],[103.3939809,25.1523354],[103.3944583,25.1520975],[103.3949089,25.1518741],[103.3950859,25.1516993],[103.3951449,25.1514856],[103.3951288,25.15117],[103.3951288,25.1504611],[103.3951718,25.1503494],[103.3951986,25.1502231],[103.3950859,25.150058],[103.3948821,25.1500143],[103.3946085,25.1500143],[103.3931708,25.1504562],[103.392806,25.1507378],[103.391937,25.1519324],[103.3911592,25.1526704],[103.3908266,25.1530152],[103.3898717,25.153593],[103.389743,25.1536853],[103.3895606,25.1538892],[103.3895552,25.1540495],[103.3896196,25.1542874],[103.3897376,25.1546322],[103.3899468,25.1550158],[103.3901131,25.1553265],[103.3900756,25.1553896],[103.3900058,25.1554382],[103.3898824,25.1556616],[103.3889598,25.1563365],[103.3886594,25.1566035],[103.3884662,25.1566715],[103.3880424,25.1567201],[103.3876723,25.1566327],[103.3873022,25.1565404],[103.386873,25.1564482],[103.3865136,25.156419],[103.3862829,25.1564142],[103.3858216,25.1566715],[103.3857518,25.1567735],[103.385489,25.1568803],[103.385092,25.1568803],[103.3845609,25.1568609],[103.3840138,25.1568609],[103.3830106,25.1570357],[103.3828604,25.1571911],[103.3828765,25.1575989],[103.3828658,25.1580117],[103.3827853,25.1582496],[103.3825976,25.1584389],[103.38175,25.1589973],[103.3790034,25.1603909],[103.3791214,25.160823],[103.3794379,25.1616047],[103.3807361,25.1634206],[103.3808219,25.1636197],[103.3808005,25.1638867],[103.3800065,25.1646684],[103.3782417,25.1649986],[103.3769864,25.1651734],[103.3754522,25.1659551],[103.3747119,25.16646],[103.3742773,25.1668436],[103.374272,25.1671494],[103.3739448,25.1675524],[103.3726358,25.167499],[103.3706886,25.1669528],[103.3703721,25.1666785],[103.3702835,25.1663168],[103.370128,25.1661323],[103.3690084,25.1658713],[103.3687064,25.1658871],[103.3682558,25.1661274],[103.3676094,25.1665353],[103.367317,25.1668193],[103.3658257,25.1669625],[103.3653322,25.1669552],[103.3645946,25.1669018],[103.3637229,25.1668994],[103.3622235,25.1667853],[103.3615556,25.1666421],[103.3611587,25.1666882],[103.3609387,25.1667319],[103.3607349,25.166761],[103.3603942,25.1668023],[103.3601287,25.1668921],[103.3595976,25.1669067],[103.3595145,25.1667562],[103.3593911,25.1664891],[103.3591819,25.1663386],[103.3589673,25.1662172],[103.358624,25.166091],[103.3584791,25.1660085],[103.3583987,25.1659065],[103.3582967,25.1657269],[103.3581626,25.1656735],[103.3579802,25.1654841],[103.3578461,25.1653919],[103.3577335,25.1652025],[103.3576262,25.1651442],[103.3573097,25.164984],[103.3571488,25.1650326],[103.3569932,25.1651394],[103.3568108,25.1653433],[103.3568108,25.1654987],[103.3566338,25.165824],[103.3564246,25.1660085],[103.3558023,25.1662852],[103.3553034,25.1665911],[103.3549547,25.166727],[103.3547026,25.1667222],[103.3542252,25.1666979],[103.353914,25.1666639],[103.3536243,25.166761],[103.3534473,25.1667853],[103.3533508,25.1667513],[103.3531523,25.1667707],[103.352825,25.1668144],[103.3525568,25.1667513],[103.3523369,25.166761],[103.3520096,25.1668727],[103.3518648,25.1668727],[103.3515912,25.1668824],[103.350808,25.1669844],[103.3501965,25.167096],[103.3497566,25.1670523],[103.3492255,25.1669261],[103.3484906,25.1667853],[103.3476055,25.1666785],[103.3472353,25.1666348],[103.3467498,25.1666324],[103.3462805,25.1669285],[103.3458084,25.167164],[103.3445907,25.1676277],[103.3441642,25.1677539],[103.3438289,25.1678947],[103.3434936,25.1679942],[103.3423979,25.1682302],[103.3412299,25.1685914],[103.3407015,25.1691109],[103.3404225,25.169242],[103.3402884,25.169344],[103.340224,25.1695624],[103.3400792,25.1697275],[103.3397573,25.1698101],[103.3393711,25.1697227],[103.3389848,25.1697081],[103.3383679,25.1697567],[103.3380085,25.1698586],[103.337692,25.1700188],[103.3373737,25.170113],[103.3369678,25.1702373],[103.3368337,25.1703732],[103.3363885,25.1703635],[103.3358735,25.1703198],[103.3357286,25.1703198],[103.3355623,25.1703587],[103.335396,25.1703878],[103.3351225,25.1703878],[103.3348381,25.1703295],[103.3345109,25.170315],[103.3341944,25.1702859],[103.3341193,25.1701839],[103.3339798,25.1699217],[103.3337331,25.1697761],[103.3334112,25.1695527],[103.3330786,25.1694362],[103.3324993,25.1693682],[103.3319306,25.1692809],[103.3314049,25.1691158],[103.3308792,25.1689313],[103.33045,25.1686594],[103.3293342,25.1677078],[103.3284746,25.1667667],[103.327674,25.1658313],[103.3275372,25.1656225],[103.3273762,25.1652413],[103.3270624,25.1643213],[103.3270034,25.1641562],[103.3269927,25.1639037],[103.3270651,25.1636537],[103.326982,25.1630467],[103.3269444,25.1623476],[103.3270597,25.1616387],[103.327159,25.161459],[103.3273977,25.1611143],[103.3276337,25.1606433],[103.3276525,25.1603107],[103.3274272,25.1598228],[103.327285,25.1595072],[103.3273146,25.1592061],[103.3273414,25.1589925],[103.3272904,25.1585895],[103.327328,25.1580796],[103.3273494,25.157883],[103.3273816,25.1575941],[103.3273816,25.1572809],[103.3271804,25.156805],[103.3271885,25.1567031],[103.3271509,25.1565477],[103.3270946,25.1563632],[103.3269551,25.1561981],[103.3266279,25.1560209],[103.3263731,25.155982],[103.3262792,25.1559602],[103.3262095,25.1558752],[103.3261478,25.1557198],[103.3260298,25.1554965],[103.3258608,25.1553654],[103.3256623,25.1552537],[103.3253887,25.1551614],[103.3251688,25.1548264],[103.3251205,25.1546516],[103.3250883,25.1543942],[103.3251902,25.1540228],[103.3254048,25.1536416],[103.3255148,25.1534425],[103.3255389,25.1533648],[103.3254397,25.153156],[103.3250481,25.1525199],[103.3249247,25.1523524],[103.3247638,25.1521703],[103.3246618,25.1520028],[103.3246511,25.1517891],[103.3247504,25.1512526],[103.3247665,25.151034],[103.324863,25.1508325],[103.3250025,25.1506699],[103.32526,25.1501066],[103.3253351,25.1498929],[103.3253539,25.1496088],[103.3255497,25.1491281],[103.3255818,25.1490771],[103.3254451,25.1487081],[103.3249354,25.1478753],[103.3249113,25.1477248],[103.3249596,25.1475159],[103.3251259,25.1472343],[103.3253485,25.146773],[103.325378,25.1465545],[103.3249596,25.1459863],[103.3246189,25.1453283],[103.3242595,25.1446679],[103.3239725,25.1438084],[103.3239645,25.143313],[103.3240476,25.1429901],[103.3240342,25.1424729],[103.3239511,25.1421743],[103.3237284,25.1417591],[103.3234307,25.1414847],[103.3230954,25.1410743],[103.3229023,25.1408],[103.3226234,25.1406611],[103.3224249,25.1407126],[103.3223686,25.1408412],[103.3222049,25.1415673],[103.3220601,25.1422374],[103.3219528,25.1424778],[103.3217543,25.1425968],[103.3214781,25.1427182],[103.3211616,25.1427594],[103.3207861,25.1427813],[103.3205688,25.1427376],[103.3201906,25.14274],[103.3193243,25.1432014],[103.3189139,25.1435146],[103.3185974,25.1439103],[103.3183104,25.1445732],[103.3181146,25.1449787],[103.3176425,25.1454764],[103.3171302,25.1458698],[103.3169907,25.1459523],[103.3167145,25.1460859],[103.3165562,25.1463044],[103.3160036,25.1464266],[103.3148441,25.1471981],[103.3139706,25.1484507],[103.3135736,25.1484799],[103.3109343,25.1484799],[103.3102798,25.1486741],[103.3090138,25.1491985],[103.3072972,25.1504028],[103.3064389,25.1509466],[103.305881,25.1517333],[103.3049369,25.1524131],[103.3049369,25.1526656],[103.3050012,25.1534619],[103.3045936,25.1553071],[103.304615,25.1558121],[103.3052158,25.1570066],[103.3053982,25.1576281],[103.3056664,25.1589099],[103.306278,25.1598907],[103.3068359,25.1606385],[103.3077907,25.1608618],[103.3084372,25.1612308],[103.3094832,25.1623646],[103.3100438,25.1631439],[103.3108512,25.1640882],[103.3117041,25.1653457],[103.3115646,25.1656686],[103.3116102,25.1661517],[103.3118033,25.1666154],[103.3117041,25.1667465],[103.3114654,25.166795],[103.3114681,25.1671689],[103.3114064,25.167499],[103.311165,25.1677175],[103.3111167,25.1677515],[103.3108431,25.167817],[103.3106473,25.167885],[103.3105239,25.1680622],[103.3103067,25.1687953],[103.310135,25.1692857],[103.3100545,25.169543],[103.3100572,25.170014],[103.3103576,25.170951],[103.3104032,25.1712083],[103.3104032,25.1715603],[103.3102772,25.1723687],[103.3102396,25.1729197],[103.3100411,25.1731406],[103.3098373,25.1731988],[103.3096924,25.1736698],[103.3095261,25.173898],[103.3090997,25.1742888],[103.3086517,25.1745582],[103.3085069,25.175085],[103.3077693,25.176539],[103.3078203,25.1766944],[103.3080268,25.1767939],[103.3088958,25.1769177],[103.3096281,25.1767356],[103.3098963,25.1768133],[103.3101109,25.177794],[103.3096093,25.1783425],[103.3093652,25.1785367],[103.3091077,25.1786848],[103.308692,25.1791023],[103.308008,25.1796121],[103.307426,25.1803742],[103.3073696,25.180532],[103.3073401,25.1806874],[103.3074152,25.1809786],[103.3073455,25.1812262],[103.3071926,25.1815806],[103.3069056,25.1818282],[103.3066991,25.1819059],[103.3064845,25.1818233],[103.3063048,25.1815151],[103.3061331,25.1814447],[103.305814,25.1814325],[103.3051166,25.1813573],[103.3042449,25.1811922],[103.3039901,25.1809058],[103.303864,25.1806534],[103.3034053,25.1800732],[103.3030915,25.1798572],[103.3027402,25.1797868],[103.3023646,25.1798135],[103.3018577,25.1798451],[103.3013105,25.1797601],[103.3004817,25.1800441],[103.3001626,25.1800927],[103.2999694,25.1801703],[103.299728,25.180282],[103.2994571,25.1804568],[103.2990709,25.180651],[103.2983601,25.180782],[103.2980195,25.1808112],[103.2978183,25.1807092],[103.2976037,25.1805854],[103.2971826,25.1805611],[103.2968259,25.1806048],[103.296622,25.1806048],[103.2965174,25.1806946],[103.2965443,25.1812189],[103.296437,25.1820175],[103.2964236,25.1822336],[103.2966408,25.1826049],[103.2966167,25.1828671],[103.2965389,25.1830928],[103.2961312,25.1833501],[103.2961071,25.183537],[103.2958576,25.1838258],[103.2956591,25.1839618],[103.2955867,25.1841171],[103.295466,25.184139],[103.2953051,25.1839763],[103.2952917,25.1838501],[103.2952595,25.1837724],[103.2950878,25.1837797],[103.2949322,25.1837822],[103.2944977,25.1838477],[103.2938218,25.1839763],[103.2932183,25.1841317],[103.2930842,25.1842312],[103.2929769,25.1843695],[103.2927355,25.1846948],[103.2925639,25.1848599],[103.2922259,25.1850249],[103.291609,25.1851633],[103.2912174,25.1852239],[103.2909036,25.1852312],[103.2905817,25.1851948],[103.2891333,25.1854497],[103.2890072,25.1856414],[103.288967,25.185906],[103.2889992,25.1861827],[103.2890528,25.1865346],[103.2889214,25.186855],[103.2887524,25.1870055],[103.2886451,25.1871123],[103.2882616,25.1873016],[103.2880814,25.1874302],[103.2878948,25.1876244],[103.2878269,25.1878025],[103.2878349,25.1883154],[103.2878429,25.1887735],[103.2878119,25.1890735],[103.2876532,25.1895317],[103.2874486,25.189918],[103.287259,25.1902341],[103.2870185,25.1905144],[103.2868528,25.1907426],[103.2867969,25.1910118],[103.2867968,25.1912878],[103.2869396,25.1919986],[103.2869476,25.1922114],[103.2868997,25.1924486],[103.2865564,25.193036],[103.2864934,25.1932571],[103.2865174,25.1934231],[103.2866512,25.1935649],[103.2870533,25.1938094],[103.287717,25.1941725],[103.2883407,25.1945517],[103.2889204,25.1949349],[103.2893705,25.1953133],[103.2897896,25.1957237],[103.2900101,25.1960084],[103.2901448,25.1962611],[103.2902316,25.196553],[103.2903264,25.1971219],[103.2904052,25.1975008],[103.2905629,25.1978396],[103.2908182,25.1980362],[103.2912653,25.1982266],[103.2922202,25.1985032],[103.2928688,25.1987543],[103.2932609,25.1989437],[103.2939624,25.1991687],[103.2945401,25.1993958],[103.2951048,25.199726],[103.2953941,25.2000325],[103.2955657,25.2004661],[103.2955846,25.2007142],[103.2955587,25.2009622],[103.2946926,25.2032965],[103.2945688,25.2035797],[103.2943044,25.2041051],[103.2942685,25.2042441],[103.2942924,25.20447],[103.2943633,25.204616],[103.2945638,25.2048087],[103.2948083,25.2049163],[103.295375,25.2050454],[103.2954817,25.2050873],[103.2956643,25.205238],[103.2957671,25.2054548],[103.2957521,25.2057169],[103.2956603,25.205905],[103.2955635,25.2060311],[103.2948511,25.2066782],[103.2947662,25.2068273],[103.2947483,25.2071394],[103.2948142,25.2073073],[103.2949966,25.207517],[103.2951863,25.2076377],[103.2956173,25.207811],[103.2962718,25.207986],[103.2964025,25.2080398],[103.296615,25.2081885],[103.2968824,25.2085191],[103.2968138,25.2088362],[103.2966435,25.2089781],[103.2957914,25.2093332],[103.2954848,25.2095375],[103.2946855,25.2098433],[103.2941168,25.2096977],[103.2934838,25.209586],[103.292588,25.2095812],[103.2921964,25.2097122],[103.2918531,25.2101151],[103.2913917,25.2109207],[103.2909062,25.2113551],[103.2906246,25.2115347],[103.2902116,25.2116779],[103.288672,25.2119618],[103.2875293,25.2118938],[103.287068,25.2118405],[103.2867998,25.21169],[103.286376,25.2115323],[103.2855579,25.2107242],[103.2840076,25.2102218],[103.2838681,25.2101296],[103.2837582,25.2100083],[103.2834524,25.2083654],[103.2833317,25.2082901],[103.2831788,25.2082489],[103.283034,25.2082732],[103.2828355,25.2084212],[103.2826692,25.2087318],[103.2823151,25.2085425],[103.2821435,25.208426],[103.281709,25.20846],[103.28143,25.208096],[103.2812744,25.2080572],[103.28062,25.2081979],[103.2803893,25.2084212],[103.2802445,25.2086056],[103.2798099,25.2087901],[103.2793057,25.2089017],[103.2789463,25.2089308],[103.2785332,25.2088483],[103.2774174,25.2088726],[103.2752609,25.209654],[103.2746601,25.2100908],[103.2720584,25.2115274],[103.2706743,25.212566],[103.2701057,25.2128136],[103.2698965,25.2130562],[103.2682121,25.2146772],[103.2675469,25.2157401],[103.2672183,25.2166234],[103.2671472,25.216826],[103.2670078,25.2169995],[103.2669229,25.2170318],[103.266821,25.2170048],[103.2665524,25.2169539],[103.2662488,25.2169431],[103.2660051,25.2169413],[103.2657275,25.2170304],[103.2654408,25.2172016],[103.2648596,25.2172649],[103.2644251,25.2174082],[103.2639996,25.2177014],[103.2635921,25.2181676],[103.2633404,25.2187298],[103.2632794,25.2190657],[103.2631236,25.2192609],[103.2628889,25.219376],[103.2624814,25.2193932],[103.2620728,25.2193744],[103.2617602,25.2192765],[103.2615005,25.2191706],[103.2610749,25.2191748],[103.2608582,25.2191939],[103.2605795,25.219192],[103.2602938,25.219157],[103.2599632,25.2190273],[103.2596685,25.2189294],[103.2592429,25.2189405],[103.2586186,25.2192697],[103.2582709,25.2194629],[103.2580451,25.2195389],[103.2577764,25.219543],[103.2574467,25.219476],[103.2572469,25.2194592],[103.2570821,25.2194952],[103.2568572,25.2195831],[103.2560295,25.2200497],[103.2557505,25.2203554],[103.2557183,25.2205447],[103.2558525,25.2212727],[103.255831,25.2215687],[103.2556379,25.2220443],[103.255375,25.22235],[103.2553911,25.2224568],[103.255654,25.2228062],[103.2558578,25.2228936],[103.2563192,25.2229518],[103.2568395,25.2234662],[103.257097,25.2238059],[103.2571828,25.2242184],[103.2570541,25.22466],[103.2569843,25.2257131],[103.2570326,25.2258005],[103.2574886,25.2261547],[103.2576495,25.2264168],[103.2577407,25.2267079],[103.2577407,25.226902],[103.2578963,25.2271641],[103.2578802,25.227858],[103.2580841,25.2281104],[103.258481,25.2296244],[103.258878,25.2303523],[103.2593393,25.231022],[103.2597577,25.2312161],[103.2602298,25.2316723],[103.2606268,25.2325651],[103.2606912,25.2331766],[103.2606161,25.2335454],[103.260498,25.2337103],[103.2603156,25.2338074],[103.2601654,25.2339627],[103.2600796,25.2347682],[103.2603156,25.2353311],[103.2607233,25.2358066],[103.2612276,25.236253],[103.2617855,25.2365927],[103.2620644,25.2372235],[103.262161,25.2379902],[103.26244,25.2385142],[103.2634699,25.2390965],[103.2638883,25.239213],[103.2644355,25.2395818],[103.2651114,25.2398826],[103.2656586,25.2402999],[103.2661199,25.2407754],[103.266238,25.2411539],[103.266238,25.2423475],[103.2660448,25.2435315],[103.2661092,25.2437158],[103.2662594,25.2438614],[103.2663453,25.2440555],[103.2663345,25.2444437],[103.2662658,25.2446193],[103.2657766,25.2453753],[103.2657444,25.2455693],[103.265723,25.2471511],[103.2658625,25.2477236],[103.2659483,25.2479177],[103.2661199,25.2480536],[103.2673001,25.2487522],[103.2674396,25.2489172],[103.2678044,25.2496353],[103.2681584,25.2506154],[103.2684803,25.2509162],[103.2687378,25.2512752],[103.2688719,25.2519933],[103.2690757,25.2526434],[103.2692367,25.252852],[103.2699877,25.2533372],[103.2707334,25.2537011],[103.2708782,25.2538224],[103.2711571,25.2538466],[103.2713878,25.2539679],[103.2714039,25.2541086],[103.2710659,25.2547757],[103.2709426,25.2548655],[103.2708111,25.2549722],[103.2707092,25.255176],[103.2706448,25.2555423],[103.2706663,25.2558989],[103.2706985,25.2561633],[103.2708085,25.2565248],[103.2707897,25.2571555],[103.2709184,25.2576819],[103.270964,25.2579924],[103.271023,25.2583077],[103.2710633,25.258412],[103.2711437,25.2585091],[103.2713476,25.2585867],[103.2715943,25.2587055],[103.2716453,25.2588729],[103.2716265,25.259033],[103.2716104,25.2591373],[103.2716614,25.2592392],[103.2717124,25.2593775],[103.2717177,25.2595441],[103.272186,25.259978],[103.2723023,25.2600449],[103.2743812,25.2608717],[103.2774496,25.2616092],[103.2779217,25.2615703],[103.2783401,25.2614054],[103.2792842,25.260765],[103.2797348,25.2605321],[103.2801747,25.2605418],[103.2808721,25.2607456],[103.2814407,25.2610949],[103.2817304,25.2614054],[103.2820988,25.2621497],[103.2825458,25.26256],[103.2831788,25.2628802],[103.2841766,25.2635109],[103.2847667,25.264161],[103.2849491,25.2643259],[103.2851422,25.2644132],[103.2860649,25.2644035],[103.2879209,25.2639475],[103.2890797,25.2640057],[103.2920945,25.2633363],[103.2927811,25.2633751],[103.2936931,25.263278],[103.2941651,25.2632974],[103.2945514,25.2634818],[103.2948625,25.2637729],[103.2952165,25.2643065],[103.2952487,25.2645103],[103.2950663,25.2650827],[103.2948732,25.266053],[103.2945192,25.2669068],[103.2944119,25.2672949],[103.2944441,25.2674889],[103.2946587,25.2678285],[103.2946908,25.2680129],[103.2946372,25.2682069],[103.2940578,25.2684301],[103.2936287,25.2684495],[103.2929742,25.268333],[103.2921159,25.268333],[103.2908392,25.2678285],[103.2901847,25.2679643],[103.2899916,25.2680614],[103.2896697,25.268333],[103.2894659,25.2684398],[103.289262,25.2684689],[103.2892406,25.2689928],[103.2891226,25.269148],[103.2885754,25.2695361],[103.2884681,25.2697107],[103.2884467,25.2701085],[103.2881892,25.2706616],[103.2874381,25.2710787],[103.2870412,25.2712243],[103.2869339,25.2713892],[103.2870519,25.2715541],[103.2875883,25.2719228],[103.2878029,25.2721848],[103.2880282,25.2727766],[103.2880819,25.2731744],[103.2879853,25.2733684],[103.2879639,25.2737565],[103.2878244,25.2739117],[103.2874703,25.2741155],[103.2872772,25.2744744],[103.2863116,25.2753573],[103.2860756,25.2759006],[103.2860005,25.2764924],[103.2860541,25.2773267],[103.2864082,25.2778506],[103.2869661,25.2785006],[103.2870412,25.2786946],[103.2870304,25.2795193],[103.2869768,25.280111],[103.2867837,25.2807125],[103.2859898,25.2816826],[103.2858825,25.2818476],[103.2858503,25.2820319],[103.285979,25.2822162],[103.2861936,25.2822647],[103.2868481,25.2820804],[103.2877171,25.2832348],[103.287878,25.2838169],[103.2881462,25.284399],[103.2896376,25.2860093],[103.2897019,25.2862033],[103.2894337,25.286766],[103.2894122,25.2869697],[103.2898843,25.2879786],[103.2900774,25.2880659],[103.2907426,25.2879301],[103.2911503,25.2877264],[103.2919979,25.2874256],[103.2923949,25.2872025],[103.2928455,25.2867466],[103.2935536,25.2856795],[103.2945514,25.2845154],[103.2950127,25.2840594],[103.2952165,25.2839624],[103.2962894,25.2850198],[103.296386,25.2851847],[103.2963109,25.2855631],[103.2963645,25.2861451],[103.296107,25.2864652],[103.2960856,25.286669],[103.2963323,25.2878137],[103.2967615,25.2879495],[103.2974481,25.287998],[103.2988644,25.288483],[103.2997548,25.2886091],[103.299948,25.2887255],[103.2999909,25.2893076],[103.3002162,25.2896471],[103.3003342,25.2900351],[103.3003235,25.2904231],[103.2999265,25.2913544],[103.2999372,25.2915678],[103.3000767,25.2917327],[103.3009136,25.2920916],[103.3022547,25.2929549],[103.3024692,25.2930422],[103.3030915,25.2931683],[103.3035099,25.2930325],[103.3037245,25.293081],[103.3037674,25.293275],[103.3037138,25.2938668],[103.3036065,25.294022],[103.3027589,25.2942548],[103.302319,25.2942936],[103.3021259,25.2943809],[103.3019972,25.2947592],[103.3020079,25.2951472],[103.3027267,25.295671],[103.3033061,25.2960008],[103.3035207,25.2960687],[103.3046472,25.2960978],[103.3060205,25.2957874],[103.3062029,25.2958844],[103.3061814,25.2960784],[103.3060741,25.296253],[103.3048725,25.2973297],[103.3045077,25.2975722],[103.3041108,25.2977565],[103.3039713,25.2979117],[103.303982,25.2987168],[103.3041215,25.2993182],[103.3037996,25.2998711],[103.3039606,25.3002397],[103.3043146,25.3004821],[103.3044863,25.3008604],[103.3044648,25.3010544],[103.3040571,25.30152],[103.3038962,25.3018886],[103.3039498,25.3020729],[103.3043897,25.3027519],[103.3045185,25.3033435],[103.3047974,25.3036539],[103.3052373,25.3037121],[103.3055162,25.3038382],[103.3057737,25.304168],[103.3056879,25.304556],[103.3054626,25.3048857],[103.3053875,25.3052737],[103.3051729,25.3053222],[103.3049691,25.3053028],[103.3047759,25.3053998],[103.3044863,25.3056908],[103.3040893,25.3059042],[103.303982,25.3060691],[103.3039927,25.3062727],[103.304261,25.3065637],[103.3046687,25.3067577],[103.3048725,25.3068159],[103.3055377,25.3067965],[103.305999,25.3069129],[103.3062136,25.3070002],[103.3063745,25.307136],[103.3064389,25.3073203],[103.3064282,25.3088042],[103.305999,25.3095025],[103.3056772,25.3097741],[103.305484,25.3098614],[103.3050763,25.3097644],[103.3049154,25.3096383],[103.304379,25.3089982],[103.3041537,25.30894],[103.3039498,25.3089982],[103.3034456,25.309425],[103.3030486,25.309939],[103.3026194,25.3106276],[103.3021474,25.311035],[103.3019435,25.3109671],[103.3018577,25.3107925],[103.3018362,25.3105791],[103.3016431,25.3102203],[103.3014071,25.3102106],[103.3012783,25.3103755],[103.3014607,25.3120631],[103.3020508,25.3138476],[103.3020186,25.3141289],[103.302083,25.3145362],[103.3020079,25.3151181],[103.3014071,25.3159328],[103.3013856,25.3169414],[103.30145,25.3171257],[103.3015895,25.3172809],[103.3018148,25.3172906],[103.3022332,25.3171548],[103.3026194,25.3169123],[103.3028018,25.3167766],[103.3031344,25.3162529],[103.3034348,25.3159522],[103.303628,25.3156031],[103.3038103,25.3154673],[103.3040678,25.3151084],[103.3042395,25.3145071],[103.3045614,25.3139834],[103.3046257,25.3137797],[103.3046257,25.3131687],[103.3044326,25.3128099],[103.3044433,25.3126159],[103.3059776,25.3129941],[103.3076191,25.3128971],[103.3082843,25.3131202],[103.3086598,25.313353],[103.3090997,25.3134985],[103.3099472,25.3137118],[103.3103871,25.3137215],[103.310473,25.3139058],[103.3104193,25.3141095],[103.3101833,25.3144392],[103.3098078,25.3151666],[103.309679,25.3155546],[103.309561,25.3157194],[103.3096039,25.3159134],[103.3098292,25.3158843],[103.3104622,25.3156128],[103.3113313,25.3153606],[103.3124685,25.315186],[103.3126938,25.3151957],[103.3131552,25.3153218],[103.3135092,25.3155643],[103.3136594,25.3157291],[103.3137989,25.3163207],[103.3139169,25.316505],[103.3145177,25.3171354],[103.3145392,25.317921],[103.3146572,25.3181149],[103.3153224,25.3183283],[103.3155262,25.3184253],[103.3156657,25.3185902],[103.3159876,25.3196473],[103.3161271,25.3217324],[103.3165669,25.3228864],[103.3168137,25.3232161],[103.3171141,25.3237592],[103.3173501,25.3245641],[103.3174682,25.3255824],[103.3178222,25.3267461],[103.31779,25.3276965],[103.3177149,25.3280844],[103.3176291,25.3282686],[103.3174789,25.3284141],[103.3170712,25.3285596],[103.316406,25.3286662],[103.3159447,25.3286565],[103.315537,25.3285111],[103.3149791,25.3281814],[103.3147645,25.3281329],[103.3145606,25.3281717],[103.314389,25.3282977],[103.3141529,25.3286178],[103.3141208,25.3288117],[103.3138096,25.3295681],[103.313638,25.3296845],[103.3134127,25.3297427],[103.3132088,25.329733],[103.3127797,25.3296554],[103.3118355,25.3293693],[103.3116317,25.3294129],[103.3107197,25.3294517],[103.3098078,25.3295778],[103.3093464,25.3295778],[103.3091211,25.3295196],[103.3087563,25.3292869],[103.3085418,25.3292093],[103.3081233,25.3292578],[103.3079195,25.3293257],[103.3077586,25.3294808],[103.307147,25.3303536],[103.3066749,25.33079],[103.3053338,25.3311488],[103.304851,25.3312166],[103.3036923,25.3311972],[103.3028662,25.3308675],[103.3023083,25.3305378],[103.3017397,25.3301596],[103.3002269,25.3289572],[103.2998299,25.3287438],[103.2980919,25.3281426],[103.2978773,25.3281329],[103.2969439,25.3275898],[103.2965255,25.327551],[103.2961285,25.327328],[103.2955921,25.3269304],[103.2951951,25.3267461],[103.2949805,25.3266782],[103.2945192,25.3266782],[103.2938754,25.3268334],[103.2930493,25.3272019],[103.2925129,25.3275704],[103.2921374,25.328065],[103.2916653,25.3293063],[103.2911718,25.3299657],[103.2905066,25.3305184],[103.2890797,25.3313815],[103.2882428,25.3320894],[103.2873845,25.3330397],[103.2871699,25.3333791],[103.2868588,25.3341355],[103.2866013,25.3344652],[103.286097,25.3348628],[103.2851529,25.3352603],[103.2842302,25.3354834],[103.28408,25.3356676],[103.2842088,25.3380821],[103.2843268,25.3386833],[103.2843161,25.3397014],[103.2845521,25.3410008],[103.2847667,25.3416407],[103.2849705,25.3420189],[103.284992,25.3423001],[103.2843697,25.3426104],[103.2830715,25.3431049],[103.2819343,25.3437352],[103.2801425,25.3444236],[103.2775569,25.3448599],[103.277117,25.3447533],[103.27672,25.3445496],[103.2763982,25.3442491],[103.2761407,25.3436964],[103.2744777,25.343803],[103.2733726,25.3437642],[103.2722032,25.3436382],[103.2707763,25.3432503],[103.2705724,25.3432406],[103.2701325,25.343357],[103.269808,25.343523],[103.2696095,25.3438564],[103.2694673,25.3441036],[103.2694781,25.3442878],[103.2698214,25.3447726],[103.2709479,25.3471676],[103.271935,25.3484765],[103.2725894,25.3495431],[103.2726753,25.3497273],[103.2726753,25.3499406],[103.2725894,25.3501345],[103.2725787,25.3503381],[103.2729113,25.3508617],[103.2729006,25.3512883],[103.2727718,25.351647],[103.2731044,25.3524421],[103.2734263,25.3526942],[103.2734477,25.3530626],[103.2733512,25.3534601],[103.2733941,25.3536637],[103.2746279,25.3553604],[103.2757974,25.3575127],[103.2758617,25.3577163],[103.275851,25.358298],[103.2757759,25.3584822],[103.2755184,25.3588022],[103.2754433,25.3590058],[103.2754218,25.3593936],[103.2754862,25.3595875],[103.2754433,25.3599753],[103.2751536,25.3606054],[103.2751912,25.3609448],[103.2753387,25.3611532],[103.2754782,25.3612792],[103.2756498,25.3613835],[103.2758188,25.3615798],[103.2757571,25.3623239],[103.275615,25.3627407],[103.2754353,25.3630267],[103.275454,25.3635963],[103.2756472,25.3637587],[103.275387,25.3643137],[103.2753977,25.3644858],[103.2755077,25.3647063],[103.2757008,25.3654625],[103.2760656,25.3661508],[103.2766557,25.3672269],[103.2773101,25.3680703],[103.2788336,25.3692918],[103.2791555,25.3694857],[103.2797885,25.3695341],[103.2800996,25.3692821],[103.2809472,25.3682933],[103.2814515,25.3677213],[103.2819664,25.3677795],[103.2821488,25.367954],[103.2825565,25.3686519],[103.2826853,25.3689331],[103.2826638,25.3696117],[103.2828569,25.3699704],[103.2831252,25.370077],[103.2832539,25.3700382],[103.2833826,25.3696601],[103.2834041,25.3690397],[103.2836079,25.3687683],[103.2840478,25.3684775],[103.2844341,25.3684484],[103.2847881,25.3685647],[103.2850242,25.368904],[103.2852602,25.3696311],[103.2857001,25.3710949],[103.2861292,25.3712597],[103.2864511,25.371376],[103.2869446,25.3714632],[103.2870948,25.371599],[103.2870841,25.3718607],[103.2868481,25.3720061],[103.2858395,25.3724036],[103.2851636,25.3731985],[103.2847988,25.3736832],[103.2856679,25.375903],[103.2870626,25.3779581],[103.2885647,25.3794218],[103.289026,25.379732],[103.2898307,25.3800809],[103.2898414,25.3804784],[103.2900131,25.3813411],[103.2904959,25.3825139],[103.2912898,25.3839485],[103.2914829,25.3845204],[103.2914615,25.3849178],[103.2913113,25.3852958],[103.2906568,25.3859065],[103.2903993,25.3865656],[103.2903993,25.3868467],[103.2901311,25.3879032],[103.2898414,25.3886011],[103.2893479,25.3888822],[103.2892406,25.3893571],[103.2892835,25.389706],[103.290807,25.3907044],[103.2922125,25.3915379],[103.2928669,25.3918965],[103.2931888,25.3922648],[103.2938647,25.3936024],[103.2936609,25.3942905],[103.2931566,25.3951628],[103.292309,25.395977],[103.2983494,25.4015982],[103.2997012,25.4031973],[103.2999265,25.4035171],[103.3003986,25.403585],[103.3006668,25.403585],[103.302083,25.4043894],[103.3025336,25.4048255],[103.3035636,25.4062986],[103.3041429,25.4070642],[103.3045721,25.407258],[103.3051729,25.4079654],[103.3062887,25.4094675],[103.3075011,25.4108727],[103.3084345,25.411367],[103.3098548,25.4122178],[103.3115244,25.4139738],[103.3125543,25.41597],[103.3129084,25.4165708],[103.3132839,25.4165708],[103.3138096,25.4161735],[103.3146465,25.4143517],[103.3148396,25.4141191],[103.3151185,25.4140997],[103.3160734,25.4144195],[103.3188951,25.4160282],[103.3208799,25.4169487],[103.3218133,25.4173461],[103.3220923,25.4176271],[103.3227038,25.4185767],[103.3236802,25.4194488],[103.3248174,25.420321],[103.3254933,25.4202725],[103.3261585,25.4202822],[103.3268559,25.4204082],[103.3273172,25.4206698],[103.327682,25.4210477],[103.3282506,25.4215128],[103.329227,25.421852],[103.330332,25.422133],[103.3313084,25.4221814],[103.3316195,25.4224043],[103.3319521,25.4229954],[103.3327675,25.4240613],[103.3348489,25.4260574],[103.3353317,25.4263577],[103.3364046,25.4265709],[103.3375311,25.4266387],[103.3383572,25.4264353],[103.3390868,25.4264353],[103.3393657,25.4264643],[103.3396876,25.4268616],[103.3399022,25.4273073],[103.3401382,25.4276949],[103.3405459,25.4279856],[103.3410931,25.4286057],[103.3412647,25.428877],[103.3414291,25.4291392],[103.3432066,25.4301851],[103.3434641,25.4304273],[103.3435821,25.4305436],[103.3436894,25.4311443],[103.3437109,25.4315997],[103.3438396,25.4320551],[103.3440649,25.4325105],[103.3445907,25.4327333],[103.3452451,25.4329949],[103.3454275,25.4333341],[103.3455026,25.4339251],[103.3456635,25.4342545],[103.3463395,25.4352331],[103.346318,25.4359791],[103.3460498,25.4371127],[103.3459854,25.4382172],[103.3455562,25.4385854],[103.3450627,25.4389051],[103.344816,25.4393314],[103.3465218,25.4409882],[103.3480159,25.4416156],[103.3488607,25.4416857],[103.3493328,25.4420345],[103.3495468,25.4426187],[103.349719,25.4435071],[103.3502984,25.4451735],[103.3506417,25.4463942],[103.3513284,25.4469174],[103.3522939,25.4469174],[103.3536243,25.4469174],[103.3545899,25.4473243],[103.3554697,25.4483948],[103.3561295,25.4487338],[103.3571541,25.4487871],[103.3606517,25.4490729],[103.361569,25.4492618],[103.3619606,25.4493006],[103.362245,25.4494459],[103.362878,25.4502209],[103.3631623,25.4512769],[103.3634788,25.4519259],[103.3643478,25.4528317],[103.3660966,25.4534275],[103.3663648,25.4535437],[103.3665419,25.4539458],[103.3665526,25.4542461],[103.3663756,25.4544156],[103.3662951,25.454992],[103.3664185,25.4555345],[103.3667618,25.4565904],[103.3668208,25.4566776],[103.367062,25.456734],[103.3674699,25.4566534],[103.3680278,25.4564548],[103.3689558,25.4562804],[103.3695728,25.4563095],[103.3700985,25.456387],[103.3704418,25.4566388],[103.3704686,25.4568955],[103.3703667,25.4571862],[103.3699,25.4574283],[103.3694869,25.4575107],[103.3691651,25.4575204],[103.3684623,25.4576075],[103.3681405,25.4577093],[103.3664185,25.4592398],[103.3652223,25.4607098],[103.3637899,25.4639912],[103.3635539,25.4649744],[103.3633286,25.4653909],[103.3625239,25.4660786],[103.3619982,25.4663062],[103.3614671,25.4665436],[103.3611399,25.466931],[103.3616549,25.4681951],[103.3619285,25.468505],[103.362143,25.4687375],[103.3621752,25.4691007],[103.3603299,25.4702437],[103.359505,25.471055],[103.3593053,25.4715755],[103.3593374,25.4721858],[103.3592623,25.4727378],[103.3590102,25.4731474],[103.3587635,25.4734304],[103.3585167,25.4736047],[103.3574653,25.4736241],[103.3571112,25.4738275],[103.3568888,25.4742845],[103.3568752,25.4746314],[103.3582377,25.4763942],[103.358624,25.4774306],[103.3587742,25.4780117],[103.3592248,25.4786413],[103.3595467,25.4794742],[103.3596432,25.4798907],[103.3597612,25.4807333],[103.3597612,25.4813047],[103.3594608,25.4821667],[103.359096,25.4833967],[103.3588064,25.4842296],[103.3584309,25.4848785],[103.3574438,25.4858421],[103.3569932,25.4861763],[103.3569288,25.4865201],[103.3564353,25.4868639],[103.3560866,25.4873287],[103.3560115,25.4881035],[103.3560222,25.4884715],[103.3562046,25.4886217],[103.3564138,25.4887282],[103.3567196,25.4888105],[103.3576852,25.4886894],[103.3578354,25.4886362],[103.3579749,25.488428],[103.3581358,25.4881858],[103.3584362,25.4880309],[103.3587688,25.487905],[103.3590424,25.4876871],[103.3593643,25.487566],[103.3595949,25.4875757],[103.3599168,25.4870866],[103.3597344,25.486922],[103.3595896,25.4867477],[103.3595896,25.4865637],[103.3599704,25.4863167],[103.3607215,25.4859729],[103.361097,25.4857308],[103.3614188,25.4853192],[103.3616549,25.4847962],[103.3618051,25.4844814],[103.3624595,25.4843216],[103.3638596,25.4846461],[103.365131,25.4849947],[103.3655387,25.4852078],[103.3657962,25.4854547],[103.3657855,25.4856727],[103.3656514,25.487014],[103.3656728,25.4875902],[103.3655977,25.4878614],[103.3645034,25.4884522],[103.3640742,25.4888977],[103.3637738,25.4897935],[103.3638167,25.490176],[103.3638811,25.4905101],[103.3643532,25.4910525],[103.3661503,25.492786],[103.3670944,25.4942144],[103.3673572,25.4944904],[103.3676312,25.4945594],[103.3681458,25.4944081],[103.3684784,25.4941611],[103.3687715,25.4935373],[103.3689223,25.4932801],[103.3695245,25.4928102],[103.370018,25.4922194],[103.370136,25.4917255],[103.3699394,25.4911101],[103.3692026,25.4894013],[103.3686554,25.4885781],[103.3687627,25.4877452],[103.3689773,25.4876193],[103.3704901,25.487445],[103.3715951,25.4874837],[103.3723783,25.4878614],[103.3731615,25.4884038],[103.3743203,25.4900985],[103.3753288,25.4912219],[103.3760691,25.4917352],[103.3775014,25.4920209],[103.3783168,25.4924422],[103.3785099,25.4926601],[103.3791107,25.4935123],[103.3793145,25.4936818],[103.3795989,25.4935994],[103.380205,25.4928925],[103.3807683,25.4925584],[103.381235,25.492539],[103.3814979,25.4925293],[103.3818251,25.4925584],[103.3820397,25.4926359],[103.3822757,25.4927327],[103.3825117,25.4927279],[103.3826405,25.4925729],[103.382619,25.4923211],[103.3826619,25.4918224],[103.3829409,25.4915609],[103.3842015,25.4907668],[103.3854246,25.4904084],[103.3864385,25.4903891],[103.3865833,25.4905005],[103.3867872,25.4905634],[103.3869481,25.4905198],[103.3870286,25.4905053],[103.3872646,25.4906554],[103.3875436,25.4907522],[103.3878279,25.4907426],[103.3879512,25.4906263],[103.3882141,25.4905537],[103.3884126,25.4903358],[103.3884448,25.490239],[103.3884877,25.4900356],[103.3884126,25.4899194],[103.388257,25.4897838],[103.388257,25.4895901],[103.3882731,25.48944],[103.3883858,25.4893093],[103.3883965,25.4890575],[103.3885252,25.4889461],[103.3886164,25.4888008],[103.3886862,25.4885926],[103.3887881,25.4884812],[103.3890241,25.488457],[103.3892065,25.4884861],[103.3892441,25.4885781],[103.3893031,25.4887621],[103.3893835,25.4888444],[103.3895123,25.4889267],[103.3897698,25.4894158],[103.3899897,25.4897741],[103.3900917,25.4898613],[103.3901828,25.4898758],[103.3902901,25.4898032],[103.3904082,25.4896966],[103.3902955,25.489595],[103.3900487,25.4895368],[103.3899307,25.489377],[103.3898342,25.4890962],[103.3898932,25.4888153],[103.3904336,25.488362],[103.3907055,25.4878772],[103.3906978,25.4875806],[103.390494,25.4870334],[103.3904672,25.4861085],[103.3905369,25.4857211],[103.3907676,25.4855516],[103.3910358,25.4854693],[103.3914059,25.4853966],[103.3917707,25.4854596],[103.3924788,25.486031],[103.39279,25.4860261],[103.3935034,25.4854402],[103.3948713,25.4842054],[103.3953112,25.4839681],[103.3957672,25.4839778],[103.396073,25.4841424],[103.3969152,25.4852659],[103.3978325,25.4863796],[103.3986556,25.4898571],[103.3987176,25.4902438],[103.3987874,25.4904569],[103.3989537,25.4904569],[103.3996242,25.4900259],[103.4003055,25.4893674],[103.4005791,25.4892221],[103.4006917,25.4892221],[103.4008312,25.4892705],[103.4011424,25.4892705],[103.4012979,25.4893335],[103.4014159,25.4895611],[103.4015179,25.4898516],[103.4015286,25.489992],[103.4015769,25.4900889],[103.4017056,25.4902148],[103.4017324,25.4903116],[103.4015769,25.4905343],[103.4014481,25.4907329],[103.401255,25.491004],[103.4012121,25.491159],[103.4010029,25.4912268],[103.4007615,25.4912752],[103.4001338,25.4917497],[103.4001017,25.4919628],[103.4005362,25.492263],[103.4018397,25.4929458],[103.402167,25.4929893],[103.4025317,25.4929554],[103.4031594,25.4928247],[103.4035617,25.492539],[103.4044844,25.4922097],[103.4060723,25.4920742],[103.4061903,25.4920306],[103.4065604,25.4915899],[103.4065658,25.4895175],[103.4066087,25.489193],[103.4067267,25.4886991],[103.4069198,25.488457],[103.4074348,25.4883311],[103.4078103,25.4882536],[103.408041,25.4882488],[103.4082878,25.4882924],[103.4084165,25.4883553],[103.408556,25.4884667],[103.4085935,25.4886071],[103.4088081,25.4890236],[103.4091031,25.4893722],[103.4094948,25.4897547],[103.4096557,25.4898903],[103.4096825,25.4900356],[103.4097576,25.4902729],[103.4099561,25.4904133],[103.4101492,25.491096],[103.4103531,25.4914398],[103.4108198,25.4916335],[103.4111524,25.4917207],[103.4112704,25.4916868],[103.4130192,25.4892947],[103.4133625,25.4887379],[103.4136254,25.4879147],[103.4138989,25.4872464],[103.4139794,25.4871932],[103.4143817,25.4872706],[103.4147894,25.4875467],[103.4153688,25.4877307],[103.4158087,25.4881955],[103.4162486,25.4883311],[103.4166723,25.4883069],[103.4171337,25.4881762],[103.4176433,25.4878614],[103.4178954,25.4877985],[103.4184587,25.4877742],[103.4187537,25.4876774],[103.4188825,25.4875612],[103.4188878,25.487382],[103.4188235,25.4871835],[103.4187001,25.487014],[103.4185338,25.4866847],[103.4184587,25.4863215],[103.4184211,25.4858373],[103.4183407,25.4853434],[103.4184158,25.4851448],[103.4186035,25.485169],[103.4195155,25.4862198],[103.4207439,25.4871593],[103.4209907,25.4874934],[103.4222299,25.4880648],[103.4231365,25.4888735],[103.4240162,25.4900453],[103.4241664,25.4907619],[103.423984,25.4913478],[103.422423,25.4927811],[103.4216613,25.4938803],[103.4215379,25.4952796],[103.4215057,25.4956428],[103.4216505,25.4960786],[103.4220046,25.4963836],[103.423394,25.4965386],[103.4240377,25.4970712],[103.4245151,25.4977878],[103.4247941,25.4980347],[103.4256148,25.4986787],[103.4258331,25.4993557],[103.4269291,25.5000586],[103.4283507,25.5011045],[103.4285223,25.5014047],[103.4285599,25.5019372],[103.4284794,25.5021406],[103.4276694,25.5032252],[103.4266502,25.5056121],[103.4272563,25.5059946],[103.4272885,25.5062173],[103.4273475,25.5065949],[103.427251,25.5071662],[103.4266072,25.507999],[103.4266555,25.5082507],[103.4271276,25.5086816],[103.4287316,25.5099162],[103.430078,25.5115042],[103.4315532,25.5128695],[103.4317839,25.5132907],[103.4317732,25.5150045],[103.4316444,25.5152417],[103.4300619,25.5165198],[103.4292036,25.5177688],[103.4277821,25.5185143],[103.4276158,25.5184707],[103.4271598,25.5184126],[103.4268969,25.5184126],[103.4257972,25.5193712],[103.4255183,25.5194777],[103.4254163,25.5195842],[103.4252071,25.5196713],[103.4251106,25.5198456],[103.4249604,25.5200635],[103.4244776,25.5201845],[103.4243113,25.5203588],[103.4243113,25.5206153],[103.4241664,25.520717],[103.4237909,25.520838],[103.4238285,25.521143],[103.4240109,25.5213705],[103.4243327,25.521569],[103.4247512,25.5223581],[103.424638,25.5227814],[103.4245158,25.5230047],[103.4241074,25.5231617],[103.4234422,25.5240137],[103.423351,25.5246139],[103.4234261,25.5251513],[103.4221039,25.525572],[103.4216344,25.5255579],[103.4211516,25.525495],[103.4210068,25.5251852],[103.4209907,25.5248221],[103.4208566,25.5243235],[103.420009,25.5244978],[103.4191775,25.5251997],[103.4186947,25.5259452],[103.4184587,25.5265454],[103.4182388,25.5268601],[103.4180403,25.5270198],[103.4177828,25.5270828],[103.4177077,25.527228],[103.4173965,25.5273926],[103.4172141,25.5274652],[103.4169406,25.5274361],[103.4168172,25.5275426],[103.4166348,25.5275329],[103.4165865,25.5274264],[103.4163934,25.5273248],[103.4161949,25.5276878],[103.4160018,25.5277701],[103.415814,25.527712],[103.4151542,25.5278089],[103.414709,25.5279154],[103.4143978,25.5281671],[103.4143442,25.5285446],[103.4144354,25.5288448],[103.4147572,25.5289609],[103.4147787,25.5290723],[103.4153473,25.5296822],[103.4156585,25.5299388],[103.4164202,25.5299049],[103.4167582,25.5300695],[103.416836,25.5309408],[103.4170586,25.5316233],[103.4175736,25.5320057],[103.417705,25.5321969],[103.4179249,25.5322647],[103.418102,25.5324075],[103.4181395,25.5326374],[103.4180832,25.5327584],[103.4180027,25.5326979],[103.4177801,25.5326664],[103.4176058,25.5327269],[103.4175307,25.5329907],[103.4174448,25.5330391],[103.4171873,25.5330149],[103.4169298,25.53309],[103.4164283,25.5333538],[103.4164229,25.5335111],[103.4166348,25.5340774],[103.4168789,25.5341888],[103.4170103,25.5341283],[103.4173214,25.5340435],[103.4173053,25.5342517],[103.417072,25.5346752],[103.4171793,25.5348446],[103.4175575,25.5348059],[103.4184507,25.535152],[103.4188423,25.5353723],[103.4188825,25.5355538],[103.418743,25.5358127],[103.4183836,25.5360814],[103.4176272,25.5368558],[103.4173885,25.5373011],[103.4173644,25.5375577],[103.4174851,25.5378481],[103.4182817,25.5381627],[103.419309,25.5388912],[103.4196576,25.5394236],[103.419942,25.5395035],[103.4204489,25.5393171],[103.4215566,25.5391526],[103.4217256,25.539201],[103.4221628,25.5396487],[103.4222031,25.5398229],[103.4221709,25.5401811],[103.4219885,25.5404812],[103.4216666,25.5406627],[103.421554,25.5408636],[103.4213313,25.5409967],[103.4210765,25.5411177],[103.4208727,25.5414565],[103.4208566,25.5416065],[103.4209263,25.5416646],[103.4211329,25.5417179],[103.4213045,25.5416525],[103.4216183,25.5416211],[103.4219241,25.5415025],[103.422305,25.5412072],[103.4228843,25.5411588],[103.4233886,25.541304],[103.4237373,25.5415122],[103.424027,25.5420736],[103.4239519,25.5422963],[103.4239358,25.5424705],[103.4239411,25.5425964],[103.4243596,25.5425431],[103.4252179,25.5431191],[103.4254968,25.5431191],[103.425706,25.5429545],[103.425867,25.5426254],[103.4260333,25.5424802],[103.4272832,25.5430755],[103.4275353,25.5431481],[103.428694,25.5438935],[103.4287637,25.5440629],[103.4286672,25.5442033],[103.4286296,25.5444356],[103.4295952,25.5463329],[103.4295469,25.5465168],[103.4285921,25.5470056],[103.4283319,25.5478763],[103.4279644,25.5483415],[103.4279162,25.54884],[103.4280288,25.5491788],[103.4288388,25.5493191],[103.4300512,25.548777],[103.4304213,25.548898],[103.4304696,25.5490239],[103.4298742,25.549837],[103.4297615,25.5506452],[103.4311777,25.5514002],[103.431403,25.5516035],[103.4318161,25.5524698],[103.4321755,25.5527989],[103.4348577,25.5539266],[103.4350187,25.5541734],[103.4360862,25.5551897],[103.4363544,25.5554172],[103.436349,25.5555624],[103.4361935,25.5556543],[103.4360057,25.5558237],[103.4358662,25.5557801],[103.4355122,25.5557366],[103.4349489,25.5556737],[103.4337956,25.5560318],[103.4331143,25.5560802],[103.4328997,25.5558721],[103.4321004,25.5559447],[103.4315211,25.5561237],[103.4315211,25.5563609],[103.4308344,25.5567142],[103.4306574,25.5568739],[103.4303248,25.5582919],[103.4301799,25.5584322],[103.4298849,25.558558],[103.4294718,25.558379],[103.4287906,25.5575998],[103.4285062,25.5574498],[103.4281307,25.5574933],[103.4279108,25.5576676],[103.4275889,25.5580886],[103.4275138,25.5583645],[103.4272563,25.5586016],[103.4269077,25.5586887],[103.4265161,25.5589452],[103.4260869,25.5605228],[103.4250677,25.5625602],[103.4247726,25.563078],[103.4244668,25.5645201],[103.424617,25.5651202],[103.4253091,25.5661558],[103.4256953,25.5672156],[103.4256899,25.567414],[103.4255934,25.5675156],[103.4251642,25.5676995],[103.4249067,25.567864],[103.4248155,25.5683963],[103.4246063,25.5688512],[103.4243756,25.5689576],[103.4241235,25.5690254],[103.4238714,25.5693109],[103.4234208,25.569969],[103.4233135,25.570148],[103.4225893,25.5703755],[103.4221387,25.5704239],[103.4207815,25.5706271],[103.4200948,25.5708013],[103.4199768,25.5710239],[103.4202719,25.5714449],[103.4201646,25.5715562],[103.4180403,25.5717013],[103.4162754,25.5721707],[103.4152025,25.5726836],[103.4146875,25.5730127],[103.4143066,25.5732498],[103.413962,25.5733526],[103.4137514,25.5732365],[103.4131452,25.572449],[103.4128971,25.5724078],[103.4127805,25.5725191],[103.4126101,25.5727393],[103.4121568,25.5730611],[103.4120764,25.5732256],[103.4121126,25.5733115],[103.4121783,25.5733974],[103.4126115,25.5737167],[103.4132257,25.5742139],[103.4133571,25.5742914],[103.4135436,25.574376],[103.41362,25.5744365],[103.4138305,25.5745672],[103.4140384,25.5747377],[103.4141766,25.5748974],[103.4143107,25.5751829],[103.4145159,25.5753801],[103.4148377,25.5754224],[103.4150107,25.5755386],[103.4151757,25.5755567],[103.4153071,25.5756196],[103.4154895,25.5756341],[103.4155391,25.575668],[103.4157671,25.5757007],[103.4158328,25.5756813],[103.4159991,25.5756632],[103.4160689,25.5756704],[103.4161641,25.5757345],[103.4162807,25.5759414],[103.4165409,25.5761979],[103.4166844,25.5762874],[103.4168158,25.5764374],[103.417013,25.5766152],[103.4170841,25.5768245],[103.4171699,25.5768305],[103.417249,25.5769587],[103.4172289,25.5771184],[103.417308,25.5772672],[103.4173322,25.5774148],[103.4174596,25.5775212],[103.4175419,25.5776665],[103.4174475,25.5777874],[103.417477,25.5778793],[103.4175293,25.5778987],[103.4176299,25.577912],[103.4177385,25.5779858],[103.4178659,25.5780172],[103.4179611,25.5783257],[103.418173,25.5785301],[103.4184775,25.5785797],[103.4185217,25.5786124],[103.4185499,25.5786583],[103.4185888,25.5786801],[103.4186438,25.5787079],[103.4187457,25.5789112],[103.4187993,25.5791047],[103.4188382,25.5791253],[103.4189187,25.5791422],[103.4189884,25.5791773],[103.4190153,25.5792172],[103.4190233,25.5792426],[103.4190246,25.5793648],[103.4189536,25.5796793],[103.4190032,25.5798063],[103.4190528,25.5798861],[103.4191319,25.5799624],[103.4191883,25.5801196],[103.4191816,25.5803289],[103.4192419,25.58037],[103.419368,25.5803797],[103.4194444,25.5804015],[103.4195343,25.5805091],[103.4195906,25.5806482],[103.419612,25.5808466],[103.4197167,25.5809555],[103.419773,25.5809579],[103.4198695,25.5809603],[103.4199393,25.5809869],[103.4199473,25.5810692],[103.4200117,25.5811563],[103.420355,25.5814055],[103.4205052,25.5814611],[103.4212133,25.5815143],[103.4215915,25.5815772],[103.4221038,25.5815821],[103.422305,25.5815869],[103.422431,25.581628],[103.4225866,25.5818337],[103.4228227,25.5819837],[103.4229299,25.5821941],[103.4230265,25.5822522],[103.4233242,25.5823224],[103.4234932,25.5824724],[103.4238204,25.5829199],[103.4238794,25.583232],[103.4240699,25.5834328],[103.4243086,25.5835247],[103.4247056,25.5834086],[103.4248289,25.5834062],[103.4249228,25.5834255],[103.424896,25.5837134],[103.4252098,25.5840304],[103.4265456,25.5843521],[103.4271786,25.5842674],[103.4275782,25.5838658],[103.427833,25.5834594],[103.4285921,25.5829804],[103.4287852,25.5826732],[103.428922,25.5823272],[103.4291312,25.5810135],[103.4292117,25.5805079],[103.4291393,25.5802442],[103.4290776,25.5800966],[103.4288657,25.5799781],[103.4287906,25.5798716],[103.4287932,25.5796926],[103.4289569,25.5795353],[103.4298125,25.5793442],[103.4325752,25.5784878],[103.4326878,25.5782313],[103.432779,25.5775902],[103.4327388,25.5769394],[103.4327522,25.5767337],[103.4330285,25.5762523],[103.4330231,25.5761458],[103.433066,25.5760055],[103.4331036,25.5759039],[103.4333852,25.5758773],[103.433648,25.5760031],[103.4341228,25.5767942],[103.434568,25.5770894],[103.4348202,25.5770967],[103.4350643,25.576862],[103.4367192,25.5751732],[103.4370169,25.5750861],[103.4371456,25.5750837],[103.4373763,25.5751103],[103.4377143,25.5751321],[103.4377786,25.575074],[103.4378886,25.5750353],[103.4383661,25.5748224],[103.4386128,25.5746337],[103.4389588,25.5741692],[103.43905,25.5738159],[103.4390071,25.5734627],[103.4389991,25.572824],[103.4390259,25.5725748],[103.4391466,25.5723546],[103.439168,25.5721683],[103.4400907,25.5715005],[103.4401792,25.5713481],[103.4402356,25.5710916],[103.4402356,25.570915],[103.440257,25.5707529],[103.4402946,25.5705037],[103.4402731,25.570165],[103.4401444,25.5699182],[103.4401551,25.5696665],[103.4403482,25.5693689],[103.4409115,25.568885],[103.4420916,25.5684713],[103.4422928,25.5680866],[103.4420702,25.5676535],[103.4420863,25.5675833],[103.4422499,25.5675301],[103.4429124,25.5676075],[103.4430331,25.5675204],[103.4431243,25.5671914],[103.4432852,25.5660421],[103.4434622,25.5657348],[103.4437251,25.5655848],[103.4441113,25.5653525],[103.4442186,25.5652412],[103.4443849,25.5651589],[103.4445995,25.5651879],[103.4447443,25.5652654],[103.4463161,25.5650089],[103.4467184,25.5649847],[103.4472603,25.5649266],[103.4475553,25.5648927],[103.4478557,25.5649315],[103.4481776,25.5649992],[103.448301,25.564975],[103.4486496,25.5647621],[103.4502858,25.5647427],[103.4527481,25.5653815],[103.4541428,25.5651928],[103.4556502,25.5642636],[103.4567499,25.562807],[103.4568036,25.5624247],[103.4566909,25.5617956],[103.4586006,25.5605906],[103.4597003,25.5597921],[103.4602582,25.5591388],[103.4605104,25.5588871],[103.4606767,25.5588387],[103.460741,25.558771],[103.4606445,25.5586645],[103.4604621,25.5585048],[103.4604996,25.5583209],[103.4606123,25.5582241],[103.4620982,25.5579386],[103.4634876,25.5577595],[103.4640831,25.5577208],[103.464523,25.557866],[103.4647053,25.5580838],[103.4650594,25.5584516],[103.4656978,25.5586887],[103.4664595,25.5587661],[103.466953,25.5591533],[103.4672159,25.5591823],[103.4674734,25.5591194],[103.4678864,25.5589065],[103.4682995,25.5589065],[103.4684551,25.5587081],[103.468734,25.5574401],[103.4683746,25.5568594],[103.4678489,25.5564577],[103.4673124,25.555935],[103.4669048,25.5556398],[103.4665829,25.5551703],[103.4664327,25.5549284],[103.4663147,25.5545364],[103.4661162,25.5539508],[103.4661162,25.55352],[103.4661323,25.5531667],[103.4662718,25.5530119],[103.4664488,25.5529199],[103.4669316,25.5528957],[103.467409,25.5528425],[103.4681493,25.552615],[103.4686321,25.5526682],[103.4690076,25.5528425],[103.4691471,25.5529489],[103.4692705,25.5532054],[103.4692866,25.5534523],[103.4691095,25.5540137],[103.4690881,25.554154],[103.4708798,25.555543],[103.4712714,25.5557124],[103.4713679,25.5558334],[103.4715933,25.556027],[103.4717005,25.5561189],[103.4720224,25.5561673],[103.4721726,25.556085],[103.4727681,25.5561528],[103.4733206,25.5561625],[103.4738302,25.5563173],[103.4740877,25.5566029],[103.4744149,25.5566513],[103.4745544,25.5567481],[103.474651,25.5568158],[103.4747904,25.5567287],[103.4751391,25.5566755],[103.4754932,25.5566997],[103.4758526,25.5568739],[103.4763676,25.5571449],[103.4767431,25.5572514],[103.4773171,25.556869],[103.4774673,25.5567674],[103.477698,25.5568206],[103.4782451,25.5568932],[103.4787494,25.5568255],[103.4798974,25.5570239],[103.4804982,25.5571546],[103.4809166,25.5569755],[103.4814906,25.5560318],[103.4818876,25.555785],[103.4824079,25.5555478],[103.483175,25.5559398],[103.4833842,25.5566367],[103.4837061,25.5571836],[103.484323,25.5574595],[103.4850901,25.5575175],[103.4857553,25.557866],[103.4859538,25.5584467],[103.4861308,25.5588194],[103.4866673,25.5591194],[103.4872473,25.5591003],[103.488003,25.5591484],[103.4884322,25.5593856],[103.4888238,25.5597873],[103.4893441,25.560368],[103.4900683,25.5606293],[103.490594,25.5606535],[103.4914899,25.5603099],[103.4917957,25.5602518],[103.4925681,25.5605083],[103.4929222,25.5607842],[103.4932601,25.5614423],[103.4935927,25.5622989],[103.4939843,25.5630054],[103.4941131,25.5631845],[103.4947139,25.5632329],[103.4948534,25.5632958],[103.4951591,25.5635861],[103.4954327,25.5639878],[103.4960175,25.5643556],[103.496173,25.5643556],[103.4963447,25.5642153],[103.496983,25.5638475],[103.4973532,25.5637846],[103.4977663,25.5639152],[103.4979594,25.5641185],[103.4982759,25.5643798],[103.5000461,25.5649605],[103.5008347,25.5652702],[103.5011405,25.565488],[103.5013443,25.5658461],[103.5020953,25.5662138],[103.5027122,25.5666203],[103.5029215,25.5668236],[103.5029858,25.567593],[103.5028563,25.5683308],[103.5029697,25.5688076],[103.5030073,25.5690326],[103.5029992,25.5692964],[103.5028678,25.5694681],[103.5027578,25.5696569],[103.5028088,25.5698141],[103.5029563,25.5698722],[103.5033613,25.5699327],[103.5038844,25.5701359],[103.5046005,25.570569],[103.5053825,25.5711361],[103.50577,25.5718272],[103.5063815,25.5721465],[103.5074758,25.5723594],[103.5083449,25.5727949],[103.5089028,25.5736079],[103.5110164,25.5743434],[103.5123682,25.5765499],[103.5135484,25.576937],[103.515619,25.5757563],[103.5181993,25.5744982],[103.5188538,25.5748369],[103.5206615,25.5749564],[103.5226464,25.5743482],[103.5234779,25.5741547],[103.5237783,25.5742176],[103.5247064,25.5749386],[103.5255325,25.5749482],[103.5264766,25.575224],[103.5277775,25.5759741],[103.5288826,25.5763394],[103.5299313,25.5769684],[103.5301083,25.5770192],[103.530516,25.5768281],[103.5308164,25.5765499],[103.5311866,25.5762087],[103.5313582,25.5761531],[103.531664,25.5762402],[103.5318437,25.5765571],[103.5316479,25.5772321],[103.5311007,25.5778539],[103.5304248,25.5788652],[103.5301942,25.5791483],[103.530044,25.5794265],[103.5299823,25.5798232],[103.530221,25.5802249],[103.5303712,25.5806192],[103.5304356,25.5808176],[103.5310632,25.5814321],[103.5316265,25.581553],[103.5319483,25.5816401],[103.5321844,25.581824],[103.5325223,25.5818482],[103.5330266,25.5819885],[103.5337508,25.5820514],[103.5339546,25.582095],[103.5340834,25.582424],[103.5345554,25.5832417],[103.5347915,25.583711],[103.5351241,25.5837836],[103.5351777,25.5839046],[103.5353279,25.5841465],[103.5357141,25.5848868],[103.5359234,25.5849787],[103.5361379,25.5849593],[103.5367763,25.5851577],[103.5371089,25.5852158],[103.5373342,25.585298],[103.5376346,25.5854964],[103.537876,25.5858738],[103.5382408,25.5862125],[103.5386646,25.5865947],[103.5391152,25.5867882],[103.539598,25.5874269],[103.5398447,25.587485],[103.5409927,25.5874704],[103.5420444,25.5873517],[103.5430739,25.5875522],[103.5421836,25.5881478],[103.5419047,25.5882591],[103.5411912,25.5884091],[103.540864,25.5886703],[103.5398877,25.5895944],[103.5398394,25.5905814],[103.5396892,25.5909201],[103.5377097,25.5926618],[103.5373503,25.5927973],[103.5369211,25.5932473],[103.5365778,25.5937843],[103.5365832,25.5941616],[103.536256,25.5948341],[103.5358483,25.5952067],[103.5356873,25.5953131],[103.5355478,25.5954486],[103.5354245,25.5958162],[103.5353708,25.5963097],[103.5350329,25.5968564],[103.5349256,25.5971564],[103.5347915,25.5975434],[103.5345072,25.5978192],[103.534314,25.5982207],[103.5343301,25.5983658],[103.5344911,25.5989077],[103.5347872,25.59938],[103.5351777,25.5995801],[103.5356069,25.599764],[103.5358322,25.5999285],[103.5357571,25.600509],[103.5355317,25.6008476],[103.5349309,25.6006445],[103.5344481,25.6006445],[103.5340083,25.6007993],[103.5337293,25.6010605],[103.5330534,25.6011863],[103.531605,25.6013024],[103.5302639,25.6012927],[103.5298133,25.6012927],[103.5287726,25.6008089],[103.5280859,25.6005187],[103.5274637,25.6005283],[103.5269594,25.6008476],[103.5268414,25.6013604],[103.5267341,25.6021248],[103.5270774,25.6026279],[103.5279572,25.603102],[103.5283005,25.6033729],[103.5284936,25.6043405],[103.5286653,25.6052499],[103.5289872,25.6069721],[103.5289979,25.6074462],[103.5287619,25.607988],[103.5276568,25.6086169],[103.526262,25.6094295],[103.5251848,25.610104],[103.5249209,25.6104938],[103.5247815,25.6109678],[103.5244918,25.6110743],[103.5238802,25.6116934],[103.5234833,25.6118579],[103.522743,25.6121965],[103.521713,25.6129898],[103.5207689,25.6133671],[103.5199427,25.6134639],[103.5178292,25.6123126],[103.5174215,25.6118966],[103.5171103,25.611529],[103.5170567,25.6110936],[103.5167912,25.6106012],[103.516016,25.6097875],[103.5152972,25.6093134],[103.5149002,25.6090909],[103.5139024,25.6090038],[103.5132694,25.6089264],[103.5130548,25.6086749],[103.5124969,25.6084137],[103.5114133,25.6082589],[103.5110807,25.6080557],[103.5107589,25.6079783],[103.510319,25.6078525],[103.51004,25.6076203],[103.509804,25.6075139],[103.5089457,25.6075333],[103.5083127,25.6075333],[103.5076368,25.6076397],[103.5076046,25.6077945],[103.50739,25.6079203],[103.5070145,25.6080364],[103.506242,25.6081815],[103.5060811,25.6084427],[103.5057056,25.6086846],[103.5055768,25.6090909],[103.5053515,25.6092941],[103.5050082,25.6093231],[103.5048044,25.6094876],[103.5040533,25.6096811],[103.500781,25.611529],[103.5000944,25.6117805],[103.4999871,25.6127576],[103.4999978,25.6136187],[103.5001159,25.6143539],[103.5005255,25.6152105],[103.5005772,25.6163662],[103.500663,25.6179528],[103.5005128,25.6184752],[103.5004055,25.6188428],[103.4997725,25.6193168],[103.4992361,25.619491],[103.4986353,25.6195587],[103.4979301,25.6195147],[103.4973693,25.6192104],[103.4968758,25.6187654],[103.4963393,25.6183107],[103.4956956,25.6179625],[103.4948802,25.6176626],[103.4946549,25.6177496],[103.4947193,25.6181559],[103.4946871,25.6185139],[103.4948265,25.6191137],[103.4950197,25.6194039],[103.4953523,25.6195684],[103.4960067,25.6202939],[103.4964057,25.6205243],[103.4962642,25.6207776],[103.4960604,25.6209227],[103.4951377,25.6220159],[103.4948587,25.6223254],[103.4949016,25.6226447],[103.4945798,25.6230026],[103.4936249,25.6230606],[103.4931314,25.6230993],[103.4923053,25.6230123],[103.4919619,25.6233025],[103.4911251,25.6238055],[103.4903633,25.6242311],[103.4900844,25.6248599],[103.4899235,25.6251598],[103.4890544,25.6257596],[103.4883678,25.6261368],[103.4878957,25.6278587],[103.4874773,25.628739],[103.487488,25.6289711],[103.4881318,25.6298127],[103.4885824,25.6303254],[103.4886145,25.6313991],[103.4883892,25.6318441],[103.4871232,25.6329565],[103.4871447,25.6334885],[103.4891111,25.6363918],[103.4901273,25.6369223],[103.4905136,25.6374446],[103.4909856,25.6386634],[103.4911358,25.6392244],[103.4915757,25.6394275],[103.493185,25.63965],[103.4934425,25.6398047],[103.4934747,25.6401626],[103.4927881,25.6412556],[103.4921658,25.642571],[103.4917366,25.6434995],[103.490535,25.6449406],[103.489607,25.6464059],[103.4888667,25.6470539],[103.4888184,25.6472184],[103.4887379,25.6476052],[103.4887487,25.6481614],[103.4890759,25.6489109],[103.4892958,25.6491769],[103.4898162,25.6496653],[103.4899396,25.6503085],[103.4904599,25.6520783],[103.4913933,25.6529391],[103.4915382,25.6532196],[103.4913826,25.6536016],[103.4902668,25.654443],[103.4900737,25.6548008],[103.4901756,25.6549942],[103.4904439,25.6550745],[103.4910232,25.6549024],[103.4913665,25.654854],[103.4918547,25.6548878],[103.4922033,25.6550087],[103.4924126,25.6553182],[103.4930456,25.6562273],[103.4948051,25.6574458],[103.4977877,25.6588288],[103.4987211,25.6603955],[103.4990108,25.6609854],[103.5000193,25.6614786],[103.5019612,25.6618751],[103.5021758,25.6620878],[103.502605,25.6628808],[103.5028624,25.6636931],[103.5032701,25.6644668],[103.5039997,25.6655692],[103.5043645,25.6665459],[103.5039568,25.6673001],[103.5039997,25.6679867],[103.5045791,25.6693695],[103.5066229,25.6708587],[103.5101044,25.6725896],[103.5101044,25.6731553],[103.5093534,25.6745042],[103.5093373,25.6768732],[103.5095519,25.6771488],[103.5116762,25.6782414],[103.5158229,25.679861],[103.5161716,25.6800206],[103.5162038,25.6801656],[103.515898,25.68033],[103.5153669,25.6803928],[103.5145569,25.6803348],[103.5143959,25.6809923],[103.5136342,25.6820076],[103.5127222,25.6842604],[103.5124862,25.6858847],[103.5125399,25.6875477],[103.5127759,25.6881762],[103.5127544,25.688853],[103.5117352,25.6895201],[103.510952,25.6906803],[103.5105872,25.6912991],[103.5094392,25.6921209],[103.5076529,25.6936533],[103.5073096,25.6943203],[103.5075617,25.6967228],[103.5085648,25.6969887],[103.5096055,25.6974286],[103.5099971,25.6974769],[103.5099971,25.6975784],[103.5099918,25.6977959],[103.5099719,25.6979992],[103.5100561,25.6981633],[103.5102224,25.6984437],[103.5102814,25.6991687],[103.5104531,25.7000001],[103.5106087,25.700382],[103.5107106,25.7006334],[103.511188,25.7009766],[103.5114831,25.7013874],[103.5117137,25.7016968],[103.5126364,25.7026007],[103.5138166,25.7035771],[103.5143423,25.7039976],[103.5145998,25.7043118],[103.5148144,25.7044664],[103.5149538,25.7044858],[103.5153562,25.7044858],[103.5156029,25.7044858],[103.5157639,25.7046308],[103.5158282,25.7047951],[103.5159033,25.7049691],[103.5164612,25.7052591],[103.5166383,25.7052591],[103.5168904,25.7053075],[103.5171103,25.7054283],[103.517282,25.7055782],[103.5174429,25.7055782],[103.5188591,25.7059358],[103.5190523,25.7069219],[103.5191166,25.7074149],[103.5194814,25.7074149],[103.5199213,25.7070572],[103.5201466,25.7068349],[103.5211015,25.7069219],[103.5220671,25.7078499],[103.5240626,25.7090099],[103.5241914,25.7093096],[103.523891,25.7094449],[103.5219812,25.7100829],[103.5210907,25.7105953],[103.5206509,25.7113493],[103.5205758,25.7123352],[103.5209834,25.7134759],[103.5208547,25.7139012],[103.5195351,25.7153028],[103.5261655,25.7184443],[103.5261333,25.718773],[103.5256398,25.7194689],[103.5256612,25.7197686],[103.5270345,25.7211604],[103.5287404,25.721982],[103.52947,25.7221077],[103.5294592,25.7229099],[103.5294056,25.7234029],[103.5291588,25.7240601],[103.5276246,25.7256549],[103.5259187,25.7275397],[103.5253715,25.7281486],[103.5248029,25.7295307],[103.5239339,25.7314637],[103.5235262,25.7324495],[103.5229254,25.7330778],[103.5216164,25.7340539],[103.5200715,25.7349624],[103.5185051,25.7356776],[103.5171533,25.7366923],[103.5163057,25.7374558],[103.5149968,25.7382483],[103.5140955,25.7387992],[103.5135162,25.739582],[103.512615,25.7411283],[103.512218,25.7419401],[103.5119712,25.7425682],[103.5119176,25.7433607],[103.5117781,25.7441821],[103.5112631,25.7454674],[103.5108662,25.7471199],[103.5107696,25.7479413],[103.5108662,25.7484728],[103.5115635,25.7499127],[103.5121858,25.7504538],[103.5130119,25.751024],[103.5145461,25.7522126],[103.5151791,25.7531789],[103.5153723,25.7536041],[103.5154903,25.7544061],[103.5153937,25.7554014],[103.5154903,25.756387],[103.5158443,25.7569571],[103.5161784,25.7571449],[103.5165954,25.757334],[103.5168958,25.757363],[103.5188288,25.7571941],[103.5198891,25.7574596],[103.5202861,25.7576529],[103.5214662,25.7585998],[103.5229146,25.7598366],[103.5246313,25.7619527],[103.5254788,25.7631702],[103.5264444,25.7641461],[103.5298884,25.7669771],[103.5307681,25.7674892],[103.5316372,25.767808],[103.532474,25.7679143],[103.5346734,25.767837],[103.5377955,25.7681269],[103.5401344,25.7682235],[103.5411644,25.7685714],[103.5421085,25.7692284],[103.5424089,25.7697887],[103.542881,25.7711414],[103.5433316,25.7723008],[103.5435891,25.7728805],[103.5460354,25.7748259],[103.5491152,25.7772014],[103.5498977,25.7779044],[103.5506165,25.7787642],[103.5517853,25.780199],[103.5528266,25.7809186],[103.5535133,25.7813244],[103.5545003,25.7820973],[103.5549816,25.7827346],[103.5553265,25.7838072],[103.5555839,25.7846284],[103.555681,25.785656],[103.5554981,25.7866088],[103.5551011,25.7874493],[103.5544681,25.7887244],[103.5541677,25.7895262],[103.5539424,25.789932],[103.5532665,25.7905405],[103.5523224,25.7915549],[103.5517752,25.7921151],[103.5510671,25.7933226],[103.549472,25.7947388],[103.5480845,25.796607],[103.545928,25.7985485],[103.5438144,25.7998719],[103.5407245,25.801398],[103.5399337,25.8020252],[103.5394263,25.8025572],[103.5389757,25.8034168],[103.538734,25.8046629],[103.5388577,25.8056094],[103.5390186,25.8061793],[103.5393512,25.8065173],[103.5398662,25.8068457],[103.5417867,25.8078406],[103.5432269,25.8088675],[103.5444689,25.8101297],[103.5453486,25.8114626],[103.5458184,25.8126385],[103.5460353,25.8141283],[103.5459387,25.8149299],[103.5456815,25.8156352],[103.544898,25.8172189],[103.5436535,25.8187834],[103.5425591,25.8200278],[103.5416257,25.8209081],[103.5410464,25.8212462],[103.5403754,25.8215115],[103.5392332,25.821729],[103.5381013,25.8218015],[103.5368836,25.8216518],[103.5360146,25.8217194],[103.5348742,25.822192],[103.5333753,25.8219415],[103.5315138,25.8216518],[103.5310095,25.8215359],[103.5305536,25.8214103],[103.530221,25.821024],[103.5295343,25.8193726],[103.5289174,25.818006],[103.5285019,25.8174941],[103.5280108,25.8173589],[103.5277802,25.817412],[103.5274959,25.8175665],[103.5270131,25.8181315],[103.5264337,25.8185372],[103.5243845,25.8176631],[103.5239822,25.8173396],[103.5231346,25.8171223],[103.5221422,25.8170643],[103.5211819,25.8165283],[103.5192668,25.8142538],[103.5192776,25.8137564],[103.518945,25.8133508],[103.5186714,25.813032],[103.5182261,25.8126312],[103.5175019,25.8123318],[103.5160857,25.8120179],[103.5149056,25.811564],[103.513838,25.8116074],[103.5134169,25.8114505],[103.5134391,25.8100276],[103.5129603,25.8098458],[103.5124326,25.8095695],[103.512086,25.8095137],[103.5115635,25.8095164],[103.5111988,25.8095985],[103.5102385,25.8098689],[103.5097557,25.8100911],[103.5091013,25.810318],[103.5084683,25.8104146],[103.5076261,25.8105305],[103.5071325,25.8105547],[103.5067087,25.8106078],[103.5062206,25.8106368],[103.5058987,25.8106851],[103.5056144,25.8108058],[103.5054427,25.8111728],[103.5052335,25.8115833],[103.5048366,25.8120034],[103.5044825,25.8131286],[103.5043538,25.8135971],[103.5042143,25.8140703],[103.5040051,25.814447],[103.5034364,25.8150072],[103.5029966,25.815321],[103.5025459,25.8155335],[103.5022938,25.8158136],[103.5021329,25.8160647],[103.5021329,25.8163641],[103.5021329,25.8167166],[103.5021222,25.8169967],[103.5019505,25.8173299],[103.5019505,25.8175038],[103.5020256,25.8176293],[103.5024279,25.8178804],[103.5028571,25.8181219],[103.5032541,25.8182378],[103.5035974,25.8185178],[103.5039461,25.81888],[103.5041279,25.8192894],[103.50393,25.8196285],[103.5038602,25.8200051],[103.503828,25.8201693],[103.5038978,25.8203335],[103.5038173,25.8205701],[103.5038817,25.8210433],[103.5041928,25.8218449],[103.5041767,25.8220767],[103.5032809,25.8241193],[103.5020524,25.8250126],[103.5003573,25.8271227],[103.5003143,25.8278518],[103.498249,25.8314538],[103.4965217,25.8332741],[103.4963125,25.8337183],[103.4951591,25.8351958],[103.4949768,25.8350509],[103.4943706,25.8333417],[103.4944081,25.8318063],[103.4939521,25.8311834],[103.4938985,25.8306523],[103.4942633,25.8300488],[103.4958243,25.8285712],[103.4973049,25.8274462],[103.4978414,25.8265288],[103.4978521,25.8263549],[103.4977877,25.8262052],[103.4975141,25.8262052],[103.4972459,25.8262535],[103.4967577,25.8263405],[103.4963822,25.8264708],[103.4956795,25.8268088],[103.4951806,25.8270841],[103.4948641,25.8272482],[103.4943974,25.8273979],[103.4937376,25.8279146],[103.4929275,25.8284119],[103.4927219,25.8284873],[103.4925982,25.8285842],[103.4924716,25.8288223],[103.492375,25.8290058],[103.4922141,25.8292617],[103.4919995,25.8293728],[103.4917957,25.8294307],[103.4914631,25.8294307],[103.491168,25.8294645],[103.4909159,25.8295949],[103.4906262,25.8299087],[103.4904653,25.8301405],[103.4902292,25.8302757],[103.4899932,25.8302902],[103.4896123,25.8301791],[103.489033,25.8300053],[103.4878957,25.8297108],[103.4874505,25.8296818],[103.4869623,25.8294018],[103.486619,25.8291169],[103.485868,25.8286968],[103.4854066,25.8282912],[103.4850097,25.8279773],[103.4845751,25.8273255],[103.4844063,25.8270261],[103.4843069,25.8268523],[103.4841406,25.8266591],[103.4840065,25.8265239],[103.4837866,25.826437],[103.4835935,25.8263694],[103.4833516,25.8263218],[103.4831965,25.8261521],[103.4830624,25.8260314],[103.4828242,25.8259696],[103.4825367,25.8259493],[103.4823167,25.8259107],[103.4819412,25.8256596],[103.4812009,25.825056],[103.4808093,25.8247277],[103.4804566,25.8243716],[103.480407,25.8242738],[103.4803198,25.8242001],[103.4802112,25.8241482],[103.480079,25.8241365],[103.4796828,25.8241],[103.4795594,25.8240758],[103.4793717,25.8239551],[103.4792107,25.8237571],[103.4790498,25.8232839],[103.4788299,25.8230569],[103.478626,25.8229169],[103.4782183,25.8227672],[103.4774995,25.822125],[103.4771991,25.8218353],[103.4770489,25.821618],[103.477006,25.8213862],[103.4769469,25.8210144],[103.4768504,25.8207874],[103.4766895,25.8206474],[103.4753001,25.8214683],[103.4747851,25.8216856],[103.4742862,25.8218304],[103.4736371,25.8218449],[103.4726393,25.82142],[103.4727091,25.8210723],[103.4729558,25.8206522],[103.4740984,25.8197299],[103.4741735,25.8196719],[103.474136,25.8194112],[103.4740394,25.8192325],[103.4732187,25.8190925],[103.471207,25.8190587],[103.4682888,25.8201452],[103.4690773,25.8217339],[103.4688199,25.8218594],[103.4685463,25.821985],[103.4680903,25.8224775],[103.4677738,25.8228203],[103.4675002,25.823226],[103.4671301,25.8238778],[103.4668887,25.8241241],[103.4666794,25.8242448],[103.4665185,25.8243945],[103.4664166,25.8246166],[103.4663147,25.8248725],[103.4659177,25.8251671],[103.4654671,25.8255534],[103.4651667,25.8259445],[103.4650594,25.8262632],[103.4649789,25.8267509],[103.4641421,25.829281],[103.4638739,25.8309131],[103.465172,25.8344378],[103.4668457,25.8360021],[103.4683907,25.8378465],[103.4686321,25.838281],[103.4692383,25.8398839],[103.4696406,25.8407723],[103.4708315,25.8406516],[103.4713948,25.8406661],[103.4719634,25.8408206],[103.4721672,25.8410378],[103.47265,25.8417765],[103.4729022,25.8424524],[103.4727895,25.842998],[103.4730148,25.8449533],[103.4727895,25.8467492],[103.4727895,25.8475024],[103.4730095,25.847932],[103.4736907,25.848101],[103.4736854,25.8485065],[103.4718293,25.8500659],[103.4725159,25.8516493],[103.4728432,25.8535321],[103.4692974,25.8550044],[103.4681654,25.8552217],[103.4678543,25.8553472],[103.4679991,25.8561244],[103.4679669,25.8568968],[103.4679669,25.8572637],[103.4681654,25.8579395],[103.4682941,25.8583209],[103.4684122,25.8594022],[103.4685677,25.8600345],[103.4672642,25.8603145],[103.4656924,25.8604883],[103.4655476,25.8605897],[103.4655656,25.8622029],[103.4656709,25.863848],[103.4655529,25.8640604],[103.4636486,25.8646734],[103.4631067,25.8650692],[103.4625649,25.8656871],[103.4619051,25.8661167],[103.4609556,25.8664256],[103.4603655,25.8665511],[103.4598881,25.8665511],[103.4592819,25.8664449],[103.4585845,25.8661698],[103.4582949,25.8659622],[103.4579784,25.8656002],[103.4577692,25.8654651],[103.4572327,25.865412],[103.4570074,25.8653396],[103.455814,25.8641119],[103.4545183,25.8633942],[103.453939,25.8630515],[103.4534776,25.8628971],[103.4523565,25.8627426],[103.4513479,25.8628005],[103.4491807,25.8625447],[103.4488374,25.8625157],[103.4483921,25.8625254],[103.4482312,25.8625929],[103.4478879,25.8626847],[103.44733,25.862564],[103.4467989,25.8621778],[103.4460533,25.8618544],[103.4458601,25.8618978],[103.4456241,25.861864],[103.4454632,25.8616372],[103.4452969,25.8613813],[103.4450179,25.8611979],[103.4447765,25.8611641],[103.4445029,25.8612944],[103.4442455,25.8612993],[103.4441221,25.8610145],[103.4439558,25.8608938],[103.4437251,25.8609131],[103.4433764,25.8608503],[103.4430492,25.8607103],[103.4425503,25.8605076],[103.4421909,25.8601697],[103.4419924,25.8598221],[103.4418529,25.8595277],[103.4419227,25.8590498],[103.4418905,25.8587457],[103.4417725,25.8585284],[103.4415901,25.8583933],[103.4413433,25.8582581],[103.4405547,25.8580216],[103.4400558,25.8578381],[103.4396321,25.857785],[103.439219,25.8576885],[103.4390527,25.8575919],[103.4387684,25.8573168],[103.4385002,25.8569258],[103.4381086,25.856612],[103.4379905,25.8564865],[103.4378779,25.856332],[103.4378082,25.8561244],[103.4377974,25.8558299],[103.4377116,25.8555499],[103.4376097,25.8554582],[103.4374005,25.85527],[103.4372985,25.8549707],[103.4372395,25.8547438],[103.4371376,25.8545845],[103.4372771,25.8543431],[103.4373844,25.8540969],[103.4373629,25.8538941],[103.43732,25.8534452],[103.4373629,25.85331],[103.4375185,25.8531604],[103.4379423,25.8529817],[103.4380388,25.85289],[103.4383392,25.8526728],[103.438527,25.8526148],[103.4385914,25.8524362],[103.4393531,25.8522914],[103.4394228,25.8519486],[103.4394121,25.8510411],[103.4378564,25.8484003],[103.4361935,25.846083],[103.434096,25.8442146],[103.4330338,25.8435291],[103.4320146,25.84224],[103.4310168,25.8416027],[103.4299171,25.8404198],[103.4297079,25.840246],[103.4295523,25.8402219],[103.4291017,25.8403378],[103.4288979,25.8403233],[103.4288174,25.8402219],[103.4288174,25.8401205],[103.4289086,25.839995],[103.4289676,25.839966],[103.4290668,25.8398381],[103.4291044,25.8397825],[103.4291071,25.8397222],[103.4290051,25.8395967],[103.4285867,25.8394398],[103.4281576,25.8393915],[103.4272349,25.8396812],[103.4267628,25.8398453],[103.4262049,25.8399419],[103.4255612,25.8399033],[103.424896,25.8396425],[103.4243381,25.8393722],[103.4239733,25.8391018],[103.4232652,25.8386286],[103.4227931,25.838619],[103.4219563,25.8380203],[103.4196603,25.8359249],[103.4193063,25.8355965],[103.4188235,25.8355096],[103.4184909,25.8357124],[103.4184801,25.8360601],[103.4175897,25.8363691],[103.4174395,25.8361566],[103.4171712,25.8358283],[103.4166241,25.8355],[103.4150576,25.8334818],[103.4136307,25.8327479],[103.4118497,25.8299184],[103.4112382,25.8295418],[103.4111524,25.8291458],[103.4107125,25.8290106],[103.4086525,25.829619],[103.4077406,25.8295321],[103.4063887,25.8302371],[103.4063029,25.8305847],[103.4018183,25.8326513],[103.4003913,25.8327479],[103.3989751,25.8353744],[103.3985031,25.8355869],[103.3979559,25.8355483],[103.39728,25.8345536],[103.3967132,25.8338427],[103.395499,25.8338004],[103.3944261,25.8340901],[103.3926344,25.8364173],[103.3902097,25.8374795],[103.3878815,25.8367843],[103.3870983,25.8369581],[103.3863902,25.8382424],[103.3866155,25.840444],[103.3865082,25.8413903],[103.3859396,25.84168],[103.3843303,25.8421338],[103.3811116,25.845832],[103.3809507,25.8465175],[103.3822703,25.8494721],[103.3835363,25.8512004],[103.3867657,25.8546086],[103.3874953,25.8560665],[103.3873236,25.8568582],[103.3863687,25.858065],[103.3847594,25.8588374],[103.383193,25.8589919],[103.3811545,25.8577464],[103.3765626,25.8576981],[103.3728234,25.8571748],[103.3722281,25.8569354],[103.3686125,25.8527452],[103.36784,25.8524266],[103.3673036,25.8524169],[103.3648789,25.8496845],[103.3643103,25.8491438],[103.3640957,25.8490666],[103.3636665,25.8478982],[103.3629048,25.8472417],[103.3619606,25.8460733],[103.3614242,25.845523],[103.3611989,25.8456195],[103.3593321,25.847232],[103.3582806,25.8478017],[103.3574653,25.8482362],[103.3571691,25.8484415],[103.3564246,25.8503411],[103.3557379,25.8510845],[103.3554268,25.8512583],[103.3553409,25.8514611],[103.3554053,25.8528707],[103.3553195,25.85317],[103.355062,25.8535272],[103.352884,25.8543383],[103.3514786,25.8553327],[103.3474123,25.8569837],[103.346951,25.857254],[103.3468276,25.8575002],[103.347069,25.8578961],[103.3477235,25.8581809],[103.3479843,25.8584304],[103.3478093,25.8586395],[103.3433998,25.8608262],[103.3417797,25.8610483],[103.3412754,25.8611931],[103.3403098,25.8618399],[103.3397412,25.8630757],[103.3396232,25.8634039],[103.339473,25.8635294],[103.3391511,25.8635198],[103.3389687,25.8633749],[103.3387649,25.8622454],[103.3388185,25.8612124],[103.339194,25.8601504],[103.3393443,25.859938],[103.3393121,25.8597739],[103.3390224,25.8598318],[103.3380997,25.8606042],[103.3375096,25.8609421],[103.3362758,25.8611255],[103.3355141,25.8610965],[103.3351278,25.8610289],[103.3347416,25.8607876],[103.3337331,25.8602663],[103.3332074,25.8601697],[103.3319521,25.8608648],[103.3315551,25.8610386],[103.3309436,25.861251],[103.3305466,25.8615213],[103.3302677,25.8615696],[103.3299887,25.8616082],[103.3296454,25.8619172],[103.3294094,25.8620909],[103.3290982,25.8620716],[103.3281863,25.8616661],[103.3278644,25.8616661],[103.3269846,25.8618882],[103.3263302,25.8621102],[103.3257079,25.8616372],[103.3244526,25.8592911],[103.3243561,25.8587891],[103.3243668,25.8584609],[103.3245277,25.8581036],[103.325032,25.8577754],[103.3270812,25.8565203],[103.3280146,25.8557865],[103.3297527,25.854792],[103.3312333,25.8542417],[103.3312654,25.8541162],[103.3310723,25.8538459],[103.3304608,25.8530445],[103.3302784,25.8520597],[103.3301389,25.8517024],[103.3294094,25.8512293],[103.3287656,25.8512293],[103.3262229,25.8505631],[103.3255362,25.8501383],[103.3243346,25.8483521],[103.3241415,25.8475217],[103.3239591,25.8472417],[103.3227146,25.8468458],[103.3200645,25.8449823],[103.3194959,25.8444319],[103.3189702,25.8435918],[103.3185196,25.8432442],[103.3175969,25.841313],[103.3172858,25.8411682],[103.3167064,25.8411199],[103.3160627,25.8413806],[103.3152097,25.8438139],[103.31514,25.8442484],[103.3154458,25.8447988],[103.3160841,25.8455133],[103.3162343,25.845972],[103.316229,25.846194],[103.316009,25.8462665],[103.3154458,25.8461989],[103.3120072,25.8446636],[103.3113903,25.8445767],[103.31065,25.8446395],[103.3093893,25.8451995],[103.3089763,25.8455857],[103.3089119,25.8462375],[103.3091265,25.8473768],[103.3094966,25.8482555],[103.3093786,25.84855],[103.3093464,25.8492355],[103.310194,25.8494286],[103.3103549,25.8497907],[103.3101403,25.8511588],[103.3098202,25.8514769],[103.309389,25.851656],[103.3082332,25.8516234],[103.307898,25.8519631],[103.3079624,25.8527259],[103.3079195,25.8532183],[103.3077746,25.8538024],[103.3077854,25.85415],[103.308059,25.8547583],[103.3082253,25.8550623],[103.3079249,25.8563127],[103.3073616,25.8572733],[103.3067983,25.858036],[103.3060741,25.8586636],[103.3053231,25.859185],[103.3017611,25.8600539],[103.2999373,25.8610773],[103.2979953,25.8613089],[103.2953024,25.8612897],[103.2924807,25.8606525],[103.2908606,25.8599573],[103.2902276,25.8597015],[103.2896269,25.8593057],[103.2880604,25.8593588],[103.288098,25.8595953],[103.2889032,25.8604901],[103.289613,25.8611225],[103.2910967,25.8613669],[103.2922339,25.8619461],[103.2928347,25.8620427],[103.2942295,25.8620427],[103.2941329,25.8624578],[103.2937145,25.8627957],[103.2923128,25.8631127],[103.2918906,25.8636066],[103.2919127,25.8638943],[103.29247,25.8644176],[103.2926953,25.8650065],[103.2927704,25.8651996],[103.294833,25.867058],[103.2957852,25.8676613],[103.2965845,25.8685157],[103.2977834,25.8694014],[103.2981053,25.8697683],[103.2983547,25.870666],[103.2982931,25.8708084],[103.2978129,25.8709243],[103.2965898,25.8713394],[103.2955813,25.8714842],[103.2931673,25.8725557],[103.2919979,25.8729129],[103.2908606,25.8747181],[103.2906139,25.8755676],[103.2893674,25.8775407],[103.2893219,25.8783413],[103.2896054,25.8793805],[103.2894766,25.8797666],[103.2893801,25.8805099],[103.2884145,25.8826239],[103.2875025,25.8837436],[103.2866335,25.884786],[103.2865584,25.8856065],[103.2868481,25.8876335],[103.2872879,25.8889655],[103.2872879,25.8902492],[103.2866979,25.8923243],[103.2866335,25.8931158],[103.2869983,25.894274],[103.2876205,25.8962043],[103.2885432,25.8972563],[103.2899594,25.8985014],[103.290807,25.8985979],[103.2915795,25.8982118],[103.2928777,25.897266],[103.2931244,25.8972081],[103.2935214,25.8971984],[103.2946908,25.8977775],[103.2946372,25.8981443],[103.2932746,25.8996788],[103.2923841,25.9005378],[103.2921696,25.9011168],[103.2924592,25.9020337],[103.2926524,25.9021688],[103.2933283,25.9021881],[103.2941866,25.9020723],[103.2948625,25.9014546],[103.2954955,25.900586],[103.2969868,25.8996788],[103.2975018,25.8995437],[103.2992828,25.9000166],[103.3005771,25.900885],[103.3023512,25.9023522],[103.3027375,25.9024197],[103.3027911,25.902854],[103.3007312,25.9039542],[103.2996476,25.9046587],[103.298403,25.9064538],[103.2980811,25.9075347],[103.2974481,25.9079786],[103.2966971,25.9078821],[103.2963538,25.9084997],[103.2965684,25.9089147],[103.2980811,25.9092428],[103.300817,25.9109992],[103.3023298,25.9112694],[103.3037031,25.9119931],[103.3045721,25.9126687],[103.3046901,25.9131994],[103.3043361,25.9146083],[103.3041859,25.9156312],[103.3046579,25.9170401],[103.3043785,25.917261],[103.3033812,25.9179086],[103.3027911,25.9183911],[103.3027375,25.9188253],[103.3028877,25.9195876],[103.3037782,25.9204657],[103.3038962,25.9210351],[103.3038962,25.9214017],[103.3026945,25.9229167],[103.3010638,25.922],[103.300302,25.9226948],[103.2992291,25.9233799],[103.2984352,25.9235729],[103.2969117,25.9236114],[103.2969653,25.9243351],[103.2975018,25.9254255],[103.2980919,25.925879],[103.2998621,25.9265255],[103.3000445,25.9279053],[103.3001303,25.9292947],[103.3007741,25.9316876],[103.3014178,25.9332507],[103.3017611,25.9337717],[103.3018523,25.9348234],[103.3025283,25.9361259],[103.3033061,25.9381231],[103.3041644,25.9399031],[103.3051783,25.9407907],[103.3052373,25.9411815],[103.3051568,25.9415481],[103.304218,25.9423103],[103.3037245,25.9428505],[103.303467,25.943386],[103.3034134,25.9443121],[103.3039981,25.9458172],[103.3041108,25.946232],[103.3040947,25.9463429],[103.3033115,25.9464539],[103.3022815,25.9464442],[103.3011872,25.9464491],[103.3008438,25.9465697],[103.3002967,25.9468012],[103.3000338,25.9468108],[103.2994759,25.946806],[103.299197,25.9467192],[103.2986981,25.9469459],[103.2984084,25.9473656],[103.2980812,25.9479396],[103.2976413,25.9483496],[103.296386,25.9485859],[103.2948571,25.949488],[103.2943153,25.9501102],[103.2941276,25.9502404],[103.2937092,25.9502115],[103.2912201,25.9498931],[103.2907909,25.9498594],[103.2900774,25.9499896],[103.28776,25.9516875],[103.2875991,25.9518708],[103.2874489,25.9531828],[103.2872182,25.9542005],[103.2869272,25.9549074],[103.2863975,25.9558501],[103.2860649,25.9561877],[103.2860273,25.9570559],[103.2858342,25.9573694],[103.2852977,25.9577505],[103.2852441,25.9581315],[103.2851314,25.9585366],[103.2855284,25.9599209],[103.2859576,25.9606588],[103.2868534,25.9607408],[103.2875723,25.9611749],[103.28798,25.9613727],[103.2884896,25.9615318],[103.2886773,25.9616669],[103.288334,25.9619563],[103.2865959,25.9631909],[103.2866228,25.9633308],[103.287127,25.9639482],[103.2910699,25.9668371],[103.2912576,25.9668612],[103.2916117,25.9667165],[103.2927114,25.9647777],[103.2930762,25.9644498],[103.2934302,25.9644546],[103.2974294,25.9673314],[103.2976064,25.967616],[103.297601,25.9677366],[103.2972202,25.9680669],[103.2965738,25.9686336],[103.2958925,25.9690604],[103.2955626,25.969193],[103.2952997,25.969234],[103.2950503,25.9693932],[103.2947981,25.9694125],[103.2945567,25.9694149],[103.2942027,25.9695355],[103.2939345,25.9701383],[103.2938594,25.9706495],[103.2937279,25.971221],[103.2936797,25.9713392],[103.2935107,25.9715321],[103.293339,25.9716189],[103.2931432,25.9716068],[103.2928991,25.9715562],[103.2926631,25.9716213],[103.2922742,25.9718455],[103.2919443,25.9721687],[103.2918638,25.9724243],[103.2917297,25.9726919],[103.2914963,25.9728896],[103.2910618,25.9731742],[103.2908848,25.9733405],[103.2908124,25.9735793],[103.2908446,25.9737505],[103.2909089,25.9739193],[103.2909304,25.9740543],[103.2908875,25.9741411],[103.2907104,25.9743244],[103.2906702,25.9745438],[103.2905871,25.9747367],[103.2903939,25.9749513],[103.2902008,25.9751659],[103.2900265,25.9752913],[103.2897529,25.9754504],[103.28949,25.9756723],[103.2894257,25.9759086],[103.2894471,25.9760484],[103.2896349,25.9761883],[103.2900292,25.9763426],[103.2900801,25.9763595],[103.2902947,25.9764656],[103.2905388,25.9765331],[103.2909492,25.9765692],[103.2914373,25.9766416],[103.2916144,25.9767019],[103.2917914,25.9768803],[103.2918665,25.9770467],[103.2919013,25.9772347],[103.2921508,25.977459],[103.2923466,25.9776302],[103.2926175,25.9777893],[103.2927409,25.9779581],[103.2928508,25.9781775],[103.2929662,25.9784476],[103.2930654,25.9786164],[103.2932585,25.9786863],[103.293457,25.9786308],[103.2936662,25.9784669],[103.2939318,25.9783487],[103.2942697,25.9783391],[103.2944977,25.9783584],[103.2947767,25.9787634],[103.2947874,25.9790817],[103.2945835,25.9796411],[103.2943153,25.9799787],[103.2944226,25.980268],[103.2946694,25.9802584],[103.2950771,25.9799305],[103.2953775,25.9798629],[103.2963216,25.9798919],[103.2969653,25.980297],[103.2974374,25.9807117],[103.2984245,25.9810299],[103.2992506,25.9812132],[103.2997012,25.9815893],[103.3002484,25.9816472],[103.3012032,25.9818112],[103.3024478,25.9813868],[103.3038211,25.9820426],[103.3031559,25.9862668],[103.2873201,25.9846852],[103.2862687,25.9847623],[103.2850027,25.9851288],[103.2835865,25.9848395],[103.2832646,25.9867105],[103.2832432,25.9898351],[103.2818282,25.9910947],[103.2792084,25.996467],[103.2796953,25.9998999],[103.2805916,26.0030666],[103.2792949,26.0038372],[103.2785224,26.00565],[103.2788658,26.0078485],[103.2847452,26.0149065],[103.2891225,26.022234],[103.2956457,26.034844],[103.2963752,26.0379288],[103.2998943,26.0425559],[103.3001089,26.047949],[103.3026355,26.0505274],[103.3033061,26.0521468],[103.3035582,26.0525998],[103.3048135,26.0534528],[103.3047384,26.054248],[103.3044058,26.0544938],[103.3030271,26.0553179],[103.3028877,26.0559636],[103.3025014,26.056913],[103.3022332,26.0569516],[103.3016592,26.0573612],[103.3010745,26.0582913],[103.3007634,26.0590768],[103.3006668,26.0601466],[103.29961,26.0615152],[103.2992023,26.0624116],[103.2986595,26.0648596],[103.2979417,26.0659245],[103.2972175,26.0666329],[103.295812,26.0675822],[103.2948142,26.0686471],[103.2942134,26.0689073],[103.2924056,26.0691241],[103.2910967,26.0696253],[103.2906032,26.0699337],[103.2902384,26.0706227],[103.2896429,26.0710661],[103.2877117,26.0716057],[103.2872021,26.0719575],[103.2872075,26.073032],[103.2869768,26.0736825],[103.2858932,26.074598],[103.285228,26.0750558],[103.2852119,26.0752678],[103.2849652,26.0753401],[103.2847935,26.0753352],[103.2846272,26.0755135],[103.2845843,26.0756484],[103.2848203,26.0761977],[103.2845628,26.0786551],[103.2846614,26.0797199],[103.2838225,26.0805246],[103.2827553,26.0810521],[103.2814467,26.081405],[103.2796758,26.0810979],[103.2779324,26.0815653],[103.2780343,26.081811],[103.2791995,26.0828129],[103.2799816,26.0839647],[103.2808399,26.0850295],[103.2808077,26.0857281],[103.2807863,26.0858726],[103.2804054,26.0862292],[103.2795149,26.0865568],[103.2787585,26.0871253],[103.2785761,26.0875445],[103.2776856,26.0890765],[103.2773799,26.089303],[103.2770473,26.0896932],[103.2766074,26.0907242],[103.2761514,26.0910229],[103.2728655,26.0929569],[103.2717794,26.0937498],[103.2709426,26.0941255],[103.2698804,26.0942749],[103.2684052,26.0943279],[103.2672518,26.0935908],[103.2669032,26.093586],[103.2662272,26.0939714],[103.265605,26.0950072],[103.265664,26.096173],[103.2661414,26.0981],[103.2662111,26.0985625],[103.266179,26.0989383],[103.2654923,26.1004557],[103.265267,26.101424],[103.2653421,26.103587],[103.2655889,26.1051381],[103.2657395,26.1062841],[103.2654601,26.1070313],[103.264752,26.1080284],[103.2640707,26.1084523],[103.2637489,26.1089051],[103.2635826,26.1094832],[103.2634056,26.10983],[103.2626867,26.1103936],[103.2621878,26.1109042],[103.2616568,26.11233],[103.2616728,26.1128261],[103.2615387,26.1133222],[103.2614154,26.1136305],[103.2601815,26.1149311],[103.2598436,26.1156632],[103.2593071,26.1175273],[103.2586634,26.1182739],[103.2576978,26.1191409],[103.2570487,26.1195454],[103.2566464,26.119531],[103.2554877,26.1191216],[103.2545328,26.1190879],[103.2534277,26.1193239],[103.252902,26.1212987],[103.2525909,26.1240633],[103.2524836,26.1242078],[103.2518935,26.1246124],[103.2515341,26.1249784],[103.2505953,26.1271554],[103.2505149,26.1290771],[103.2507616,26.130599],[103.251518,26.1323761],[103.2519311,26.1329492],[103.2521993,26.1333923],[103.2518184,26.1342399],[103.2517111,26.1348708],[103.2518452,26.1352609],[103.2537442,26.1373125],[103.2541144,26.137404],[103.2544845,26.1376448],[103.2550532,26.1389451],[103.2550049,26.1397878],[103.2550394,26.1403299],[103.2550532,26.1406113],[103.2546347,26.1413963],[103.2543343,26.1426243],[103.2542217,26.1435922],[103.2545757,26.1438619],[103.2546079,26.1440882],[103.2540017,26.1447768],[103.2536209,26.1463322],[103.2536477,26.1470594],[103.2521081,26.1494237],[103.2518721,26.1507094],[103.2516843,26.1513354],[103.2509279,26.1519518],[103.2488948,26.1530593],[103.247956,26.1538442],[103.2474196,26.1547927],[103.2469583,26.1550817],[103.2458854,26.1554332],[103.2441151,26.156454],[103.2404888,26.1577251],[103.2395285,26.1583992],[103.2390028,26.1586641],[103.2385683,26.1587266],[103.2381928,26.1585774],[103.2375008,26.1574844],[103.2370555,26.1574459],[103.2362294,26.1577781],[103.2356822,26.1585244],[103.2354569,26.1603974],[103.2359505,26.1604071],[103.2363582,26.160513],[103.2365942,26.1606671],[103.2367819,26.1608982],[103.2368463,26.1611726],[103.2368892,26.1614423],[103.2367337,26.1616541],[103.2367337,26.1618708],[103.2367887,26.1621374],[103.2384235,26.16345],[103.2402903,26.1633874],[103.2422376,26.1633393],[103.2437128,26.163633],[103.2450646,26.1642445],[103.2453918,26.1645141],[103.2456011,26.1656744],[103.245821,26.16644],[103.2459766,26.1666374],[103.2456815,26.1670226],[103.2457834,26.1673596],[103.2457566,26.1675618],[103.2456601,26.168024],[103.2457995,26.1682021],[103.2459927,26.1685343],[103.2459658,26.1689965],[103.246175,26.1693769],[103.246631,26.1696706],[103.2468349,26.1699402],[103.2467973,26.1706383],[103.2471406,26.1713316],[103.2474893,26.1720248],[103.2480365,26.1720393],[103.2486427,26.1723041],[103.2487768,26.1728385],[103.2494795,26.1730792],[103.2511586,26.1730118],[103.2515073,26.1731996],[103.2520598,26.1744994],[103.2528377,26.1762374],[103.252784,26.1766033],[103.2520705,26.1772002],[103.252607,26.1780668],[103.2524461,26.1791403],[103.2522583,26.1799539],[103.2517004,26.1807675],[103.2499516,26.1818844],[103.2473177,26.1841132],[103.2467812,26.184431],[103.2463843,26.1843924],[103.2460678,26.1842432],[103.2441097,26.1841181],[103.2432461,26.1845802],[103.2430959,26.1847102],[103.2429028,26.1852782],[103.2428652,26.1856585],[103.2428598,26.186265],[103.2412398,26.1881665],[103.2411647,26.1883013],[103.2413953,26.188773],[103.2419908,26.1894229],[103.2424146,26.1902653],[103.242479,26.1918682],[103.2422537,26.1927058],[103.241626,26.1932064],[103.2403815,26.1935337],[103.2392549,26.1935096],[103.2385522,26.194145],[103.2373935,26.1950115],[103.2347059,26.1963592],[103.2315409,26.1976203],[103.2313961,26.1977888],[103.2314122,26.1979476],[103.2315141,26.1981354],[103.2325387,26.1986456],[103.2328552,26.1991221],[103.2329893,26.199589],[103.2329529,26.2002072],[103.2321149,26.2008019],[103.2293093,26.2016442],[103.2265896,26.2030882],[103.2264769,26.2033337],[103.2257152,26.2036176],[103.2249856,26.2037235],[103.2236177,26.2043637],[103.222695,26.2051482],[103.222239,26.2057498],[103.2221746,26.2061108],[103.2223999,26.2064622],[103.2223892,26.2068087],[103.222062,26.2072659],[103.2204741,26.2083585],[103.2200664,26.2094606],[103.2178885,26.2116456],[103.2174915,26.2124927],[103.2168209,26.2129451],[103.212921,26.2143937],[103.21217,26.2150771],[103.2117462,26.2158231],[103.2103354,26.2162321],[103.2095629,26.2165786],[103.2092839,26.2170214],[103.2094127,26.2181716],[103.2092598,26.2187154],[103.2090506,26.2190499],[103.2087287,26.2193579],[103.2083827,26.2190138],[103.2069692,26.2189729],[103.2047456,26.2186649],[103.2042253,26.2183304],[103.2040483,26.2180007],[103.2026052,26.2176952],[103.202219,26.2177385],[103.2019186,26.217546],[103.2013714,26.2173342],[103.2009315,26.2176422],[103.1996012,26.2173342],[103.1992471,26.2169781],[103.1989145,26.216853],[103.198775,26.217007],[103.1985712,26.2170551],[103.1981099,26.2169396],[103.1977129,26.2170743],[103.1977236,26.2171995],[103.1974769,26.2173727],[103.1970584,26.2174401],[103.1959855,26.2219157],[103.1956422,26.2228974],[103.1954062,26.2229263],[103.1947517,26.2228396],[103.1942797,26.2225509],[103.1915867,26.2216751],[103.1862062,26.217777],[103.1849939,26.2165546],[103.184495,26.215414],[103.1842053,26.2143793],[103.1838244,26.2139413],[103.1830198,26.2138017],[103.1825262,26.2135274],[103.1822312,26.21346],[103.1821775,26.2133927],[103.1821561,26.2125119],[103.1824565,26.2102114],[103.1827623,26.2092825],[103.1836796,26.2085847],[103.1873006,26.2068953],[103.1904066,26.2061445],[103.1900471,26.2057691],[103.1898487,26.2054274],[103.1896448,26.2052589],[103.1891835,26.2050423],[103.1891835,26.2049124],[103.1892693,26.2046958],[103.1892693,26.2043974],[103.1892854,26.2042145],[103.1886792,26.2035502],[103.1886792,26.2029294],[103.1883734,26.2023807],[103.1880569,26.2020437],[103.1872952,26.2017357],[103.1867909,26.2017453],[103.1859326,26.2018175],[103.1844628,26.2015576],[103.1838942,26.2013699],[103.1831592,26.2009078],[103.1816465,26.1997141],[103.1803322,26.1987515],[103.1790501,26.1978562],[103.178696,26.1976059],[103.1780469,26.1972256],[103.177312,26.1969224],[103.1764483,26.1966047],[103.1759226,26.1965469],[103.1754774,26.1967299],[103.174265,26.1992472],[103.1730527,26.20433],[103.1732619,26.2045321],[103.1735408,26.2046139],[103.1739002,26.2049749],[103.1749195,26.2056439],[103.1738788,26.2065295],[103.173911,26.2067076],[103.1738573,26.2069049],[103.1737125,26.2070686],[103.1734228,26.2071697],[103.1730741,26.2072419],[103.1725162,26.2072419],[103.1717706,26.2074055],[103.1708425,26.2072226],[103.1703651,26.2073886],[103.1697321,26.2076654],[103.1693432,26.2080336],[103.1693029,26.2083055],[103.1693137,26.2084186],[103.1695282,26.2086569],[103.1698421,26.2089095],[103.1699494,26.2091021],[103.1699091,26.2093355],[103.1698287,26.2094558],[103.1697321,26.2095063],[103.1695282,26.2095617],[103.1692171,26.2095761],[103.1689087,26.2096074],[103.1686887,26.209682],[103.1685653,26.2098697],[103.1686029,26.2100718],[103.1687209,26.2102523],[103.1689247,26.2104424],[103.1689838,26.2106325],[103.1689703,26.2107673],[103.1687584,26.210866],[103.1684983,26.2108924],[103.1681335,26.2111162],[103.1680369,26.2114339],[103.1681549,26.2116553],[103.1681013,26.2117804],[103.1674576,26.212021],[103.1667709,26.2127045],[103.1665027,26.21359],[103.1663525,26.214514],[103.1665993,26.2156691],[103.1668782,26.2159001],[103.1669319,26.2162562],[103.1668568,26.2166797],[103.1663632,26.21693],[103.1646252,26.2163813],[103.1636917,26.2162851],[103.163445,26.2163236],[103.1633377,26.2166316],[103.1634128,26.2176518],[103.1632841,26.2179791],[103.1626189,26.2182871],[103.1625438,26.2193747],[103.1638205,26.2194036],[103.1675112,26.220164],[103.1681871,26.2207511],[103.1686807,26.2218387],[103.1686968,26.2225317],[103.1674951,26.2247597],[103.1667119,26.224856],[103.1662828,26.2250677],[103.1655103,26.2251495],[103.1637776,26.2248752],[103.1612992,26.2246779],[103.1606448,26.2243796],[103.1596041,26.2242641],[103.1589818,26.224139],[103.1583488,26.2237636],[103.1577372,26.2236289],[103.1574368,26.2237829],[103.1567502,26.2240427],[103.1561279,26.2245817],[103.1560421,26.2246491],[103.1549048,26.2248319],[103.1545401,26.2250244],[103.1540036,26.2250822],[103.1537568,26.2249763],[103.1530702,26.2246394],[103.1526196,26.2246106],[103.1523192,26.2247164],[103.1507099,26.2256693],[103.1503343,26.225804],[103.1493688,26.2258618],[103.1477702,26.2253228],[103.1479633,26.2266221],[103.1485426,26.2277962],[103.1489396,26.2283063],[103.1457209,26.2309433],[103.1453991,26.2313283],[103.1449485,26.2317036],[103.1449163,26.2319442],[103.1460643,26.2322618],[103.1461716,26.2323965],[103.1446803,26.2337535],[103.1454635,26.2358033],[103.145957,26.2360535],[103.1470942,26.236323],[103.1479847,26.2372276],[103.1490791,26.239287],[103.1490898,26.2399799],[103.1478625,26.242025],[103.1479955,26.2448107],[103.1471157,26.2466197],[103.1473865,26.2480201],[103.1479311,26.2491986],[103.1469427,26.250123],[103.143661,26.2501031],[103.1414697,26.2507557],[103.1392407,26.250334],[103.1381249,26.2488137],[103.13658,26.2480054],[103.1351852,26.2471394],[103.1325859,26.2459828],[103.131035,26.2460454],[103.12922,26.2471201],[103.1269672,26.2490504],[103.1257009,26.2509114],[103.1198273,26.2531584],[103.1192422,26.2538943],[103.1173754,26.2577045],[103.1155714,26.2576302],[103.1115603,26.2588784],[103.1101618,26.2597445],[103.10521,26.2614914],[103.1052518,26.2623421],[103.1056595,26.2635544],[103.1049728,26.2668833],[103.1063032,26.2687498],[103.1065178,26.2700775],[103.106389,26.2714821],[103.1069684,26.2730021],[103.1071615,26.273714],[103.1068396,26.2745799],[103.1058097,26.2751571],[103.1055736,26.2758882],[103.1058526,26.276908],[103.1077388,26.2791124],[103.1100267,26.2842857],[103.1102862,26.2883315],[103.1095851,26.2918233],[103.1095614,26.2939098],[103.1081067,26.2957968],[103.1078696,26.2978973],[103.1087713,26.2993047],[103.1091477,26.3020243],[103.1087674,26.305776],[103.1073975,26.308227],[103.1062024,26.3113057],[103.1051659,26.3143629],[103.1057531,26.3158866],[103.1036488,26.3176031],[103.1026339,26.319806],[103.1017912,26.3244956],[103.1022072,26.3278956],[103.102063,26.3315784],[103.1013635,26.3350533],[103.1004986,26.3395188],[103.1005418,26.341624],[103.1003487,26.3419798],[103.0998981,26.3427394],[103.0997693,26.3430759],[103.0997479,26.3436431],[103.0993187,26.3447969],[103.0990934,26.3453064],[103.0988467,26.345816],[103.0988896,26.3461429],[103.0992651,26.3467967],[103.0992758,26.3473543],[103.0992436,26.3476524],[103.0985999,26.3477773],[103.0979991,26.3482581],[103.0976987,26.3485753],[103.0975377,26.3490272],[103.0975699,26.3493637],[103.0977845,26.3500271],[103.0977094,26.3503539],[103.0974412,26.3506231],[103.097173,26.3509692],[103.0973446,26.3513923],[103.097409,26.3517384],[103.0975914,26.3521325],[103.0975377,26.3524594],[103.0973554,26.3528728],[103.0974734,26.3532766],[103.0976772,26.3539303],[103.0976665,26.3543533],[103.0966902,26.3551801],[103.0961108,26.3557377],[103.0961537,26.3561511],[103.0965078,26.3569106],[103.0970764,26.3570163],[103.0977738,26.3576412],[103.0983531,26.3586698],[103.0988252,26.3591986],[103.0993402,26.3593524],[103.0999303,26.3595927],[103.1004238,26.3621402],[103.1005096,26.3625824],[103.1005096,26.3629669],[103.1002951,26.3633514],[103.0997372,26.3636206],[103.0991149,26.3641205],[103.0989861,26.3643896],[103.0989218,26.3647934],[103.0990076,26.3651202],[103.0990031,26.3654782],[103.0983424,26.3661007],[103.097806,26.3668986],[103.0974519,26.3675811],[103.0973124,26.3682636],[103.0973949,26.3689344],[103.0968726,26.3697631],[103.0963898,26.3702245],[103.0959391,26.3709262],[103.0955529,26.3716376],[103.0950165,26.372022],[103.0948985,26.372272],[103.0947804,26.3732236],[103.0946088,26.3739253],[103.0946135,26.3749118],[103.0942976,26.3757612],[103.093965,26.3763379],[103.0935466,26.3768569],[103.0926025,26.3776451],[103.0915672,26.3783419],[103.0915135,26.3791013],[103.0915725,26.3796059],[103.0918407,26.3801922],[103.0920392,26.381014],[103.0920339,26.3815138],[103.091771,26.3821673],[103.0911648,26.3843924],[103.0911702,26.3851853],[103.0914169,26.3864732],[103.0915832,26.3872565],[103.0920443,26.3880347],[103.0925381,26.3885588],[103.092345,26.3889384],[103.0914599,26.3895823],[103.0909663,26.3897649],[103.0893195,26.3902551],[103.0883753,26.3909567],[103.0879784,26.3916438],[103.0879569,26.3922925],[103.0880266,26.3928067],[103.0881393,26.3931815],[103.0883861,26.3937822],[103.0888313,26.3943059],[103.088944,26.3946471],[103.0889332,26.3948585],[103.0886543,26.39507],[103.0886328,26.3955697],[103.0886543,26.3967902],[103.0883861,26.397362],[103.0879354,26.3976936],[103.087678,26.3985729],[103.0875975,26.3992312],[103.0876833,26.400048],[103.0875492,26.4009706],[103.0875975,26.4013069],[103.0872542,26.4020613],[103.0871898,26.402412],[103.0872488,26.4028829],[103.0874687,26.4034307],[103.0872327,26.4050883],[103.0866265,26.4061262],[103.0866963,26.4065874],[103.0867445,26.4068805],[103.0870771,26.4079087],[103.0868947,26.4086967],[103.0865729,26.4100035],[103.086487,26.4106569],[103.0870664,26.4117427],[103.0870557,26.4121463],[103.0865729,26.4133859],[103.0860579,26.4145101],[103.0852532,26.4155863],[103.0846417,26.4164414],[103.0837941,26.4172678],[103.0834722,26.4176041],[103.083086,26.4187763],[103.0830431,26.4193816],[103.083204,26.4205442],[103.0833864,26.4209958],[103.0831182,26.4224755],[103.0830324,26.4229655],[103.0830967,26.4234074],[103.0833864,26.4236957],[103.0835688,26.4241857],[103.0835259,26.4246949],[103.0834722,26.4251561],[103.083837,26.4258767],[103.0839229,26.4263474],[103.0837405,26.4268182],[103.0833971,26.4271929],[103.0829358,26.4274523],[103.0829143,26.4276733],[103.0824959,26.4289895],[103.0821419,26.4300271],[103.0812943,26.4313722],[103.0807685,26.4318814],[103.080157,26.4323137],[103.0796313,26.4333225],[103.0796313,26.4338701],[103.0794811,26.4342832],[103.0791592,26.4348596],[103.0790949,26.4350998],[103.0796065,26.4358726],[103.080374,26.4394776],[103.0786336,26.4465895],[103.0787843,26.4503182],[103.0771974,26.4527346],[103.0716018,26.4656449],[103.0716325,26.4770595],[103.0676362,26.4854697],[103.0653397,26.4937356],[103.0624233,26.4991079],[103.0582016,26.5092248],[103.056977,26.5159808],[103.0599829,26.521288],[103.0613479,26.5271243],[103.0621912,26.5339685],[103.061049,26.5361885],[103.0585168,26.539573],[103.0555051,26.5460393],[103.0541186,26.548485],[103.0525253,26.5457619],[103.0523117,26.5414395],[103.0545056,26.5373947],[103.0546133,26.533148],[103.0526085,26.5229036],[103.0504255,26.5182174],[103.0416929,26.5145581],[103.0406712,26.505305],[103.0309121,26.4901],[103.0261838,26.4895922],[103.018631,26.4855117],[103.0069587,26.4869393],[102.997246,26.4884072],[102.9910889,26.4861183],[102.9878838,26.484683],[102.9887238,26.4785194],[102.9937157,26.469177],[102.9978117,26.4494864],[102.9927701,26.4434391],[102.9893589,26.4346482],[102.9882989,26.4239376],[102.9874435,26.4081864],[102.9904599,26.4013386],[102.992697,26.3865299],[102.9965528,26.3750026],[102.9909081,26.3698473],[102.9889829,26.3583499],[102.9834936,26.3492294],[102.9714153,26.3436692],[102.940569,26.3441687],[102.9276681,26.3382684],[102.9238658,26.3377579],[102.9219174,26.3412683],[102.9161703,26.345515],[102.9084625,26.3446083],[102.8918432,26.3417104],[102.8860977,26.3494132],[102.8889721,26.3595036],[102.8887083,26.3621805],[102.8837738,26.3655012],[102.8807527,26.3700875],[102.8783153,26.3689039],[102.8759122,26.3632649],[102.8681901,26.3517405],[102.8666516,26.3438968],[102.852999,26.332294],[102.8500143,26.3244116],[102.8365978,26.3176117],[102.8326114,26.3110321],[102.8182624,26.3086555],[102.8104563,26.3091727],[102.802785,26.3061666],[102.7926242,26.3045627],[102.7830675,26.3017288],[102.7695385,26.2906287],[102.7582422,26.2770205],[102.7473675,26.2771901],[102.7398476,26.2733223],[102.7357351,26.2644701],[102.7295716,26.2605334],[102.7203064,26.2447395],[102.7210004,26.2281479],[102.7119675,26.214871],[102.7065541,26.2136061],[102.7006578,26.2138916],[102.6993401,26.2174488],[102.6967696,26.2188982],[102.6851769,26.211795],[102.677063,26.2092507],[102.6715878,26.2090826],[102.6632379,26.2119043],[102.6613669,26.2134667],[102.6589462,26.2239265],[102.6547852,26.2276591],[102.65117,26.2300902],[102.6419833,26.2327687],[102.6332898,26.2365868],[102.6266354,26.2423473],[102.6218829,26.2442256],[102.6203723,26.2488467],[102.6162832,26.2494038],[102.6123494,26.2485218],[102.6067592,26.2494502],[102.6001265,26.252445],[102.5994021,26.254586],[102.6012067,26.2569565],[102.6017809,26.259859],[102.6037557,26.2614288],[102.604987,26.2642874],[102.6070771,26.2708873],[102.6074088,26.2790934],[102.6092764,26.2838463],[102.611228,26.2872669],[102.6168506,26.2922054],[102.6282591,26.3043404],[102.635472,26.3077625],[102.6365737,26.3097953],[102.6376525,26.3125663],[102.6358107,26.3165141],[102.6350166,26.3219994],[102.6312555,26.329692],[102.6288015,26.3401323],[102.619895,26.3470483],[102.6101823,26.3473274],[102.6018358,26.3510292],[102.5935306,26.3526767],[102.5810699,26.3588562],[102.5713864,26.3659518],[102.564003,26.3679924],[102.5594641,26.3667927],[102.556412,26.3672753],[102.5520172,26.3666516],[102.5469416,26.3646211],[102.5446169,26.3613678],[102.5435015,26.359082],[102.5422089,26.3444795],[102.5390227,26.3405563],[102.5312868,26.337325],[102.5009725,26.3275614],[102.4914335,26.3277569],[102.4706139,26.3158542],[102.4324017,26.3023343],[102.4142124,26.3032871],[102.3949376,26.3006794],[102.390971,26.2998165],[102.3828278,26.2932123],[102.379822,26.282834],[102.358823,26.258856],[102.3522083,26.2506088],[102.3475385,26.2484288],[102.3434372,26.2482147],[102.3241272,26.2381744],[102.3097684,26.2307323],[102.2862783,26.2246158],[102.2785742,26.2238186],[102.2641392,26.2249292],[102.2543564,26.2224312],[102.2461925,26.217935],[102.243414,26.2136909],[102.2418268,26.1957396],[102.235014,26.1885006],[102.2350019,26.1881955],[102.234993,26.1871799],[102.2353573,26.1864447],[102.2354794,26.1857103],[102.2360429,26.1849731],[102.2368505,26.1842351],[102.2377272,26.1833279],[102.238908,26.1821347],[102.2401488,26.1810555],[102.2416417,26.1797492],[102.2424491,26.1785597],[102.2431355,26.177258],[102.2438118,26.1758433],[102.2437429,26.1743754],[102.243977,26.1732447],[102.2447844,26.1720561],[102.246347,26.1705214],[102.2470842,26.1691627],[102.2471973,26.1674706],[102.2473419,26.1666181],[102.2477442,26.1659296],[102.2481251,26.1654578],[102.248109,26.1651593],[102.2478944,26.1648848],[102.2474813,26.1647163],[102.2468752,26.1647067],[102.2466928,26.1646874],[102.2465748,26.1644852],[102.2467786,26.1641674],[102.2473741,26.1635849],[102.2475511,26.1634019],[102.2476315,26.1631612],[102.247476,26.1628915],[102.2469717,26.162463],[102.246623,26.1620586],[102.2466445,26.1618515],[102.2466928,26.1615963],[102.2466391,26.1613074],[102.2464782,26.1610763],[102.2463226,26.1609319],[102.2461241,26.1605804],[102.2462314,26.1604022],[102.2467625,26.1601567],[102.2471756,26.1599641],[102.2479427,26.1598726],[102.2483987,26.15981],[102.2485757,26.1597041],[102.2486079,26.1594344],[102.2485274,26.1591022],[102.2482806,26.1585966],[102.248345,26.1583366],[102.2490102,26.1580622],[102.2504908,26.1577155],[102.2506195,26.1574362],[102.2507751,26.1562036],[102.2512579,26.1559243],[102.2518051,26.1558906],[102.2524381,26.1559869],[102.2527224,26.1558906],[102.2529423,26.155645],[102.2529048,26.1553802],[102.2526687,26.1542246],[102.2527707,26.1540271],[102.2530496,26.1538105],[102.2535592,26.1535071],[102.2540313,26.1530545],[102.2544712,26.1524429],[102.254793,26.1519373],[102.2552919,26.1514654],[102.2555119,26.151191],[102.255646,26.1511573],[102.2562039,26.1513547],[102.256912,26.1515184],[102.2573572,26.1513836],[102.2577542,26.1510947],[102.25806,26.1507865],[102.2585535,26.1496019],[102.2586822,26.1487977],[102.2590846,26.1482247],[102.2596532,26.1476469],[102.2600663,26.1475891],[102.2602969,26.1475217],[102.2606617,26.1472568],[102.2607797,26.1469679],[102.2610587,26.1467223],[102.2614342,26.1465297],[102.2617239,26.1463226],[102.2618687,26.1460722],[102.2619438,26.1457929],[102.2619438,26.1454992],[102.261697,26.145085],[102.2613698,26.1446709],[102.2612679,26.1442712],[102.2611445,26.1436933],[102.2611606,26.1434622],[102.2612679,26.1431155],[102.2611874,26.142918],[102.2609621,26.1426724],[102.2608495,26.1422679],[102.2606617,26.1421475],[102.2604525,26.14182],[102.2597176,26.1408136],[102.2596371,26.1403416],[102.2594815,26.1398745],[102.2593743,26.1394363],[102.2594547,26.1387958],[102.2594225,26.1385742],[102.2593099,26.1383527],[102.2593528,26.1381601],[102.2597176,26.137587],[102.2596961,26.1372643],[102.2598034,26.1371295],[102.2598088,26.1367731],[102.2598517,26.1362337],[102.2601253,26.1358196],[102.2603506,26.1354343],[102.260651,26.1352368],[102.2609407,26.1352706],[102.2613269,26.1353428],[102.2616756,26.1353524],[102.2621745,26.1352657],[102.2623086,26.135049],[102.2622603,26.1347552],[102.2621047,26.1344037],[102.2617561,26.134187],[102.2613054,26.134187],[102.2608387,26.1342159],[102.2605383,26.134317],[102.2602165,26.1344711],[102.2598785,26.1343218],[102.259782,26.1342399],[102.2594064,26.133792],[102.2593325,26.1335889],[102.2592562,26.1331708],[102.2592455,26.1327999],[102.2591382,26.1326507],[102.25887,26.1324725],[102.2586125,26.1323087],[102.25806,26.1316826],[102.257942,26.1312588],[102.2580278,26.1308783],[102.2583926,26.1304256],[102.2588968,26.1301077],[102.2593152,26.1301511],[102.259562,26.1302715],[102.2596854,26.1304208],[102.2601306,26.1308061],[102.2606027,26.1308831],[102.2610694,26.1307098],[102.261166,26.1305508],[102.2611606,26.1301174],[102.261107,26.1299825],[102.2607744,26.129838],[102.2603613,26.1297514],[102.2602111,26.1297273],[102.2601467,26.1294672],[102.2602487,26.1292119],[102.2605276,26.1288555],[102.2610587,26.1287062],[102.2615683,26.1286918],[102.261858,26.1285521],[102.2623515,26.1282198],[102.2628665,26.1278971],[102.2630918,26.1276563],[102.2633439,26.1274685],[102.2634083,26.1273432],[102.2638214,26.1274251],[102.2641325,26.1275022],[102.2644812,26.1274348],[102.264685,26.1274107],[102.2649693,26.1271699],[102.2650552,26.1269628],[102.2650766,26.1266882],[102.2652912,26.1265004],[102.2654897,26.1263752],[102.2657311,26.1263704],[102.265951,26.1263993],[102.2663802,26.1265197],[102.2666377,26.1264956],[102.2675335,26.1262644],[102.267673,26.1260525],[102.2678071,26.1258743],[102.2678071,26.1257779],[102.2678447,26.1254986],[102.2684884,26.1255034],[102.2689766,26.1253686],[102.2692877,26.1250988],[102.269572,26.1249832],[102.2699261,26.1249784],[102.2703874,26.1247713],[102.2706127,26.1246702],[102.2706971,26.124527],[102.2705376,26.1244053],[102.270323,26.1242512],[102.2702211,26.12402],[102.2702372,26.1239188],[102.2706073,26.1237743],[102.2710848,26.1238658],[102.2714174,26.123967],[102.2718197,26.1240344],[102.2719699,26.1241211],[102.271927,26.1242897],[102.2719592,26.1244631],[102.272163,26.1245498],[102.2724205,26.1244486],[102.2726458,26.1243186],[102.2732252,26.1241018],[102.2736061,26.123914],[102.2741425,26.1237117],[102.2744214,26.123731],[102.2746038,26.1241356],[102.2748399,26.1244053],[102.2751295,26.1244246],[102.2758055,26.1243764],[102.2761702,26.1241356],[102.2767067,26.1241259],[102.2772056,26.1241885],[102.2774684,26.1240537],[102.277683,26.123967],[102.2776508,26.123784],[102.2776776,26.1232927],[102.2778547,26.1232108],[102.2782999,26.1231097],[102.2784877,26.1230374],[102.2786432,26.1229122],[102.2786969,26.1226425],[102.2790992,26.1220549],[102.2798502,26.1216406],[102.2799468,26.121501],[102.2799951,26.1211975],[102.2800595,26.1211108],[102.2804779,26.1209422],[102.2807032,26.1207207],[102.2807622,26.1205136],[102.2807461,26.1200223],[102.2810894,26.1196321],[102.281186,26.1194491],[102.2817761,26.1189675],[102.2819209,26.1188181],[102.2820175,26.1186399],[102.2820765,26.1184473],[102.2820765,26.118245],[102.2817922,26.1178307],[102.2817332,26.1176718],[102.2818217,26.1174526],[102.2821167,26.116995],[102.282452,26.1169035],[102.2828034,26.1169493],[102.2830421,26.1170793],[102.2831655,26.1173033],[102.283372,26.1173153],[102.2837582,26.1169107],[102.2842786,26.1163231],[102.2846138,26.1161497],[102.2850054,26.1156174],[102.2852871,26.1154513],[102.285727,26.1153646],[102.2858289,26.1154103],[102.2858933,26.1155982],[102.2860488,26.1157066],[102.2862446,26.1157066],[102.286765,26.1154633],[102.2870842,26.115497],[102.2874543,26.1156632],[102.2880551,26.1155645],[102.2885969,26.1150828],[102.288495,26.1149118],[102.2885916,26.1148058],[102.2889483,26.1145361],[102.289238,26.1144831],[102.2894418,26.1142495],[102.2896001,26.1138376],[102.2898442,26.113486],[102.2903913,26.1134403],[102.2905228,26.1135824],[102.2907749,26.1135848],[102.2908527,26.1134017],[102.2908741,26.113132],[102.2908151,26.1130525],[102.2908741,26.1129441],[102.2910377,26.112867],[102.2912094,26.1128213],[102.2916171,26.1128213],[102.2921696,26.112867],[102.2930682,26.1127755],[102.2935778,26.1129128],[102.2944173,26.1128839],[102.295045,26.1125371],[102.2956672,26.1125443],[102.2959328,26.1126551],[102.2960508,26.1126575],[102.2962144,26.1125323],[102.2963136,26.1122794],[102.2963297,26.1114557],[102.2963887,26.1111402],[102.2969037,26.1106633],[102.2972846,26.1102828],[102.2976145,26.1100732],[102.2977191,26.1099335],[102.297636,26.1095169],[102.2974563,26.1093194],[102.2974241,26.1091243],[102.2975099,26.1086185],[102.2976655,26.1084692],[102.2979552,26.1084354],[102.2983521,26.1082235],[102.2984084,26.1079706],[102.2988939,26.107737],[102.2990897,26.1073155],[102.2992721,26.1071589],[102.3000017,26.1071397],[102.3001519,26.1070915],[102.3002002,26.1070265],[102.299881,26.106776],[102.2997764,26.1065496],[102.2997844,26.1063689],[102.2999668,26.1062389],[102.3001921,26.1062027],[102.3004308,26.1059378],[102.3006481,26.1056367],[102.3008895,26.1055909],[102.3011926,26.1055982],[102.301552,26.1057355],[102.3020455,26.1058029],[102.3022172,26.1055861],[102.3022521,26.1052586],[102.3020992,26.104601],[102.3022065,26.1043457],[102.3025203,26.104218],[102.3035502,26.1039844],[102.3040089,26.1037941],[102.3044032,26.1037219],[102.3046258,26.1037869],[102.3052454,26.1042638],[102.3053688,26.1042373],[102.3055431,26.1038905],[102.3057282,26.1037941],[102.3061573,26.1038014],[102.30719,26.1035075],[102.3077023,26.1031847],[102.308169,26.1026838],[102.3082682,26.1024477],[102.3082736,26.1020864],[102.3083594,26.1019154],[102.3089442,26.1016504],[102.3091909,26.1016071],[102.3097971,26.1012169],[102.3098561,26.1007496],[102.3095503,26.1003233],[102.309604,26.0999306],[102.3095289,26.0993164],[102.3095396,26.0987937],[102.3099124,26.0982638],[102.3104006,26.098271],[102.3107949,26.098141],[102.3109424,26.0979483],[102.3110256,26.097664],[102.311216,26.097558],[102.3116827,26.0973196],[102.3115352,26.0970546],[102.3117015,26.096556],[102.3114279,26.0958334],[102.3110497,26.095448],[102.3107466,26.0950963],[102.3107386,26.0948217],[102.3108512,26.0944435],[102.3109907,26.0942315],[102.311267,26.0941352],[102.3114064,26.0939762],[102.3115191,26.0936654],[102.3117202,26.0933981],[102.311798,26.0930584],[102.3118731,26.0927742],[102.3120287,26.092673],[102.312254,26.0923719],[102.3125383,26.0922539],[102.3132625,26.0922755],[102.3133752,26.0924201],[102.3136488,26.0924104],[102.3138553,26.092355],[102.3140699,26.0921816],[102.3143998,26.0921286],[102.3146304,26.092184],[102.315022,26.0920443],[102.3159072,26.0917215],[102.3161727,26.0916589],[102.316905,26.0916059],[102.3171356,26.0914397],[102.3180208,26.0909772],[102.318171,26.0908447],[102.3183185,26.0905652],[102.3185679,26.0903171],[102.3189649,26.09011],[102.319327,26.0899967],[102.3200405,26.0895872],[102.3207217,26.0891103],[102.3212421,26.088997],[102.3220119,26.0889176],[102.3226798,26.0887369],[102.3228031,26.0886261],[102.3232645,26.0874577],[102.3237017,26.086723],[102.3240986,26.0863496],[102.3246753,26.0861256],[102.3249301,26.0861954],[102.325083,26.0863882],[102.3252681,26.0865134],[102.3262927,26.0867615],[102.3279101,26.0868772],[102.328366,26.0869567],[102.3285645,26.0870723],[102.3292163,26.0872578],[102.3300531,26.0873156],[102.3316088,26.0869591],[102.3324859,26.0869494],[102.3337305,26.0866001],[102.3345512,26.0857715],[102.3349267,26.0855691],[102.335549,26.085916],[102.3361981,26.0857329],[102.3369759,26.0852945],[102.3377269,26.0846778],[102.3381025,26.0839406],[102.3382848,26.0833383],[102.339009,26.0828806],[102.3400176,26.0826349],[102.3406827,26.0821772],[102.3414069,26.0817869],[102.3421204,26.0816954],[102.342512,26.0814545],[102.3432362,26.0810546],[102.3447007,26.0806354],[102.3455268,26.0801776],[102.3460901,26.0800957],[102.3467445,26.0796573],[102.3473239,26.0790405],[102.345559,26.0772192],[102.3453069,26.0764338],[102.3453283,26.0757737],[102.3461544,26.075316],[102.3472542,26.074545],[102.3473829,26.0738897],[102.3481446,26.0720057],[102.3495662,26.0688061],[102.3500329,26.0682809],[102.3505372,26.0679195],[102.3511755,26.0667533],[102.3516852,26.0654764],[102.3522967,26.0644596],[102.3522806,26.0632741],[102.3519373,26.0628549],[102.3509717,26.0622814],[102.3501617,26.062267],[102.3496842,26.0621224],[102.3492658,26.0618477],[102.3489922,26.0616453],[102.3486435,26.0617321],[102.3473668,26.0616743],[102.3462242,26.0619393],[102.3454517,26.0624549],[102.3449206,26.0627151],[102.3444539,26.0627296],[102.3442072,26.0625995],[102.3440301,26.0623007],[102.3439336,26.062026],[102.3439872,26.0615827],[102.3444647,26.0611875],[102.3452586,26.0606719],[102.3452961,26.0605321],[102.3452747,26.0596551],[102.3453015,26.0595153],[102.3460525,26.0587636],[102.3469162,26.0582816],[102.3473346,26.0579925],[102.3474687,26.0577756],[102.3474634,26.0572552],[102.3481661,26.055448],[102.3483807,26.0538624],[102.3476833,26.0534046],[102.3473775,26.0530142],[102.347399,26.0524745],[102.3469395,26.0519854],[102.3467177,26.0514383],[102.3465568,26.0507202],[102.3462456,26.0504503],[102.3459345,26.0502094],[102.3456985,26.049684],[102.3455429,26.0495876],[102.3445129,26.0497515],[102.3438853,26.0497949],[102.3433274,26.0495732],[102.3429948,26.0490141],[102.3428512,26.0480392],[102.3430806,26.04712],[102.3438424,26.0457995],[102.3435956,26.0449946],[102.3435544,26.0447157],[102.3436931,26.0443343],[102.343896,26.0441271],[102.3439068,26.0439102],[102.3433274,26.0436162],[102.3429412,26.0430041],[102.3428553,26.0424016],[102.3425174,26.0414087],[102.3425442,26.0412015],[102.3435205,26.0408934],[102.3440677,26.0402809],[102.3441642,26.039982],[102.3437083,26.0395675],[102.3433864,26.0391916],[102.3430967,26.0377456],[102.3411225,26.035938],[102.340746,26.035584],[102.3404199,26.034615],[102.3404306,26.034333],[102.3407471,26.0342125],[102.3416537,26.0342463],[102.3412192,26.0333883],[102.3410797,26.0322459],[102.3413479,26.0305878],[102.3421043,26.030207],[102.3421258,26.0296044],[102.3420775,26.0286404],[102.3417932,26.0278354],[102.3418575,26.0274931],[102.3421258,26.0273051],[102.3416269,26.0262302],[102.3414587,26.0260777],[102.3412192,26.0261],[102.3409188,26.0258831],[102.3405325,26.0248612],[102.3403501,26.0241911],[102.3397011,26.0227739],[102.3394167,26.0223641],[102.3377162,26.0217567],[102.3369437,26.0209276],[102.3362946,26.0207974],[102.3352669,26.018926],[102.3346585,26.0186185],[102.3345619,26.0183774],[102.3347014,26.0179387],[102.3349214,26.0175386],[102.3350394,26.0153692],[102.335313,26.014622],[102.3360318,26.0139181],[102.3360318,26.0137446],[102.3353773,26.0131516],[102.33527,26.0125876],[102.3346263,26.0121778],[102.3342133,26.0115559],[102.3342508,26.0108423],[102.3338646,26.0106688],[102.3333603,26.0106158],[102.3324645,26.0100179],[102.3320889,26.0091935],[102.3311372,26.0080557],[102.3305172,26.0078484],[102.3303187,26.0075109],[102.3307693,26.0066431],[102.3312682,26.0063056],[102.3318046,26.0055632],[102.3319441,26.004975],[102.3323357,26.0047484],[102.332384,26.0044012],[102.3322445,26.0039384],[102.3327595,26.0034466],[102.3332155,26.0018363],[102.3328292,26.0011564],[102.3328292,26.0008189],[102.3330599,26.0002693],[102.3329472,25.9997534],[102.3325878,25.9994207],[102.3320836,25.9983069],[102.3319441,25.9981092],[102.3319977,25.9978923],[102.3324054,25.9976608],[102.3326307,25.9976464],[102.3327166,25.9968797],[102.3330706,25.9965711],[102.3334944,25.9961227],[102.3336768,25.9958672],[102.333827,25.9954477],[102.334401,25.9951343],[102.3339128,25.9935093],[102.3337358,25.9926077],[102.333414,25.9923184],[102.3335695,25.9917976],[102.333312,25.9912238],[102.331413,25.9882342],[102.330941,25.9879449],[102.3308873,25.987617],[102.3309839,25.9870914],[102.3308444,25.9867538],[102.3296267,25.9850902],[102.3293638,25.9848347],[102.3292726,25.9844441],[102.3294443,25.9835037],[102.3292834,25.982954],[102.3289078,25.9823319],[102.3285967,25.9820571],[102.3284197,25.9817677],[102.3281729,25.9814302],[102.3276848,25.9809238],[102.3271161,25.9803741],[102.3271215,25.9802053],[102.3276097,25.9798726],[102.3278511,25.9796074],[102.3289508,25.9796604],[102.3295838,25.9792698],[102.3304689,25.9782282],[102.3305976,25.9774662],[102.3303133,25.9770033],[102.3293853,25.9761641],[102.3285001,25.9765162],[102.3282373,25.976656],[102.327733,25.9766898],[102.3266709,25.9760339],[102.326408,25.9760002],[102.325319,25.9764969],[102.3249382,25.9765596],[102.32467,25.9762847],[102.3241442,25.9762172],[102.3237204,25.9762172],[102.3236507,25.9761449],[102.3237634,25.9758025],[102.323581,25.9753057],[102.3212099,25.9726678],[102.3196649,25.973478],[102.3189032,25.9740953],[102.319107,25.9712114],[102.3192572,25.9684914],[102.3208773,25.9674207],[102.321049,25.9663307],[102.3230445,25.963244],[102.3235917,25.962318],[102.3233557,25.9611122],[102.324332,25.9603502],[102.3244929,25.959974],[102.3237927,25.9592775],[102.322551,25.9588357],[102.322315,25.9585077],[102.321682,25.9573887],[102.3211992,25.9568678],[102.3210168,25.9560189],[102.3202228,25.9555462],[102.3199654,25.9548613],[102.320019,25.9532214],[102.3191821,25.9517261],[102.3196435,25.9499124],[102.3196864,25.9476261],[102.3201263,25.9469604],[102.3219716,25.9476453],[102.3231947,25.9478383],[102.3245251,25.9475875],[102.3253083,25.9477032],[102.325952,25.9476839],[102.326864,25.9473463],[102.3280656,25.9458799],[102.3286986,25.9451274],[102.3291385,25.9446739],[102.3300505,25.9445389],[102.3309839,25.9439986],[102.3318744,25.9435741],[102.3331511,25.94314],[102.3343313,25.9429953],[102.3351574,25.9430435],[102.3366165,25.9424453],[102.3366487,25.9419726],[102.3375499,25.9415963],[102.3383975,25.9413937],[102.3388266,25.9409885],[102.3395991,25.9402746],[102.3397386,25.9394545],[102.3398888,25.9392036],[102.3401356,25.939001],[102.340436,25.9381906],[102.3406184,25.9376889],[102.3405111,25.9369749],[102.3404682,25.9366758],[102.3408222,25.9360487],[102.3407793,25.9358847],[102.3403716,25.935354],[102.3402858,25.9345918],[102.3405111,25.9338778],[102.3406505,25.9335884],[102.340318,25.9334051],[102.3399532,25.9330288],[102.3397064,25.9329998],[102.3395347,25.9329323],[102.3393631,25.9322665],[102.3397171,25.9318516],[102.3396206,25.9312052],[102.3393309,25.9304912],[102.3387194,25.9303657],[102.3380085,25.9300764],[102.3367453,25.9296421],[102.334224,25.9292079],[102.3328292,25.9288123],[102.3315418,25.9288026],[102.3307586,25.9286579],[102.3299646,25.9282237],[102.3290741,25.92805],[102.3274863,25.9279246],[102.3271644,25.9275965],[102.325716,25.9274325],[102.3255551,25.9270369],[102.3271644,25.9244895],[102.3271215,25.923872],[102.3271215,25.9234667],[102.3279905,25.9219035],[102.3286235,25.92145],[102.3299539,25.921257],[102.3317778,25.9212088],[102.3322821,25.9213728],[102.3327005,25.9215851],[102.3335051,25.9218167],[102.3331511,25.9214693],[102.3319602,25.9205912],[102.3299968,25.9199254],[102.3289454,25.9191148],[102.3282802,25.9186613],[102.3272824,25.9170305],[102.3255014,25.9157856],[102.3257804,25.9140004],[102.3263705,25.9132091],[102.3287523,25.9106035],[102.3307371,25.9094165],[102.3322284,25.9074768],[102.3341811,25.9055273],[102.3339343,25.9040604],[102.3346639,25.9035103],[102.3362195,25.9028347],[102.3376787,25.901638],[102.3378611,25.9000552],[102.3376036,25.8979223],[102.3372066,25.8973142],[102.3364234,25.8970923],[102.3361337,25.8971888],[102.3360479,25.8976134],[102.3361659,25.8993603],[102.3363268,25.9015125],[102.3360479,25.9015704],[102.3352754,25.9012327],[102.3335802,25.8991576],[102.3332691,25.8988778],[102.3322177,25.8992445],[102.3301041,25.9009817],[102.3297822,25.9009914],[102.3297286,25.9007018],[102.3298895,25.900171],[102.3276043,25.8990708],[102.3254263,25.8994279],[102.3256194,25.8978837],[102.3257804,25.8973721],[102.3256194,25.8964842],[102.3252547,25.895741],[102.3251367,25.8952102],[102.3244607,25.8946504],[102.3228943,25.8937818],[102.3215103,25.8926236],[102.3203838,25.8918611],[102.3201156,25.8911854],[102.3204374,25.8911082],[102.3208364,25.8911723],[102.321006,25.8908766],[102.3211026,25.8901913],[102.3210055,25.8896074],[102.3207378,25.8894577],[102.3202228,25.8891489],[102.3204481,25.8887531],[102.3206413,25.8867937],[102.3208558,25.8859154],[102.3204696,25.8853169],[102.320416,25.8848922],[102.3207834,25.8846002],[102.3208505,25.8843517],[102.3209068,25.8837966],[102.3209551,25.8836591],[102.3212528,25.8833285],[102.3215479,25.8826673],[102.3216766,25.8821653],[102.3221272,25.8815041],[102.3225725,25.8810022],[102.3228997,25.8808188],[102.323125,25.880534],[102.3236453,25.8800948],[102.3239994,25.8794722],[102.3237848,25.8783187],[102.3241925,25.8759971],[102.3247451,25.8754276],[102.3250133,25.8746939],[102.3245305,25.8738831],[102.3246109,25.8734583],[102.3251206,25.8730432],[102.3255658,25.8724592],[102.3256838,25.8719524],[102.3258877,25.8716628],[102.3261237,25.8715228],[102.3265958,25.8713635],[102.3270518,25.8713153],[102.3274487,25.8711994],[102.3278886,25.8709098],[102.3279691,25.8705961],[102.3283875,25.8698962],[102.3286664,25.8694811],[102.328704,25.8690225],[102.328704,25.8685881],[102.3285913,25.8682647],[102.3286182,25.8680764],[102.3288971,25.8677723],[102.3290634,25.8673138],[102.3290688,25.867],[102.3285699,25.8666573],[102.3287737,25.8662808],[102.3288006,25.8656533],[102.3288006,25.8648955],[102.328751,25.8639718],[102.3287469,25.8638963],[102.3285216,25.863317],[102.3281783,25.8628971],[102.3279154,25.8622792],[102.3277706,25.8615744],[102.3277545,25.861082],[102.3275077,25.860358],[102.3270249,25.8594167],[102.3269552,25.8590208],[102.3270035,25.8586926],[102.3271,25.8584126],[102.3277491,25.8574954],[102.3281407,25.8561582],[102.3283875,25.8556755],[102.3295462,25.8542755],[102.3303938,25.8536141],[102.3323679,25.8519631],[102.335211,25.8524797],[102.3367786,25.8515885],[102.3386657,25.8515045],[102.3400068,25.8509155],[102.3417985,25.8505052],[102.3428661,25.8505052],[102.3436922,25.8506693],[102.3444164,25.8510217],[102.3450065,25.8513935],[102.3457789,25.8518231],[102.3466051,25.8518907],[102.3474419,25.8517604],[102.3479301,25.8513983],[102.3484236,25.8510169],[102.3497325,25.8506693],[102.3502475,25.8506259],[102.350741,25.850481],[102.3509449,25.8502831],[102.3509153,25.8499699],[102.350859,25.8496748],[102.3511809,25.8493755],[102.3515886,25.8492934],[102.3528922,25.848352],[102.3531175,25.8480527],[102.3532355,25.8476858],[102.3536271,25.8474299],[102.3537773,25.8473575],[102.3544038,25.847288],[102.3547,25.8472175],[102.3549575,25.847121],[102.3551881,25.8469906],[102.3566151,25.8455809],[102.3583585,25.845605],[102.3593348,25.8452236],[102.3601663,25.845103],[102.3604667,25.8449147],[102.3605686,25.8445719],[102.360515,25.8442243],[102.36081,25.8436111],[102.3616952,25.842351],[102.3628753,25.8407288],[102.3640233,25.8407964],[102.3650962,25.8407675],[102.3659116,25.8403426],[102.3659813,25.8401688],[102.3659384,25.8397536],[102.3658311,25.8391066],[102.3693287,25.838759],[102.3711365,25.8382762],[102.3726815,25.8375326],[102.3731804,25.8378465],[102.3733681,25.8367408],[102.3734647,25.8358524],[102.3744786,25.8350027],[102.3745054,25.8333031],[102.3745161,25.8330279],[102.3748326,25.8325499],[102.3748219,25.8320912],[102.374956,25.8318691],[102.3759661,25.8308974],[102.3763005,25.8296521],[102.3779869,25.8288416],[102.3783249,25.8288948],[102.3782498,25.8284022],[102.3781371,25.8278759],[102.3778689,25.8273641],[102.3775148,25.8264902],[102.3768496,25.8253506],[102.3763347,25.8239503],[102.3763561,25.8215552],[102.3764741,25.8200583],[102.3768818,25.8189862],[102.3766136,25.8175183],[102.3760879,25.8165042],[102.3757231,25.8160309],[102.3755407,25.8151037],[102.3754978,25.8145339],[102.375015,25.8137709],[102.3738023,25.8126851],[102.3731911,25.8123608],[102.3726118,25.8114529],[102.3719573,25.8106802],[102.3715711,25.8106513],[102.3709166,25.8089513],[102.3706347,25.8077911],[102.3707449,25.8076764],[102.3717749,25.8081787],[102.3723543,25.8087292],[102.3733735,25.808932],[102.3736739,25.8089127],[102.3738348,25.8087678],[102.3734486,25.8079565],[102.3731267,25.806923],[102.3727083,25.8055515],[102.3728585,25.8042572],[102.3732253,25.8025576],[102.3732018,25.8003548],[102.3730409,25.7947426],[102.3737383,25.7944528],[102.375294,25.7939505],[102.3753476,25.7931874],[102.3770106,25.7925305],[102.3783731,25.791294],[102.3782658,25.7907144],[102.3789203,25.7893523],[102.3790276,25.7876425],[102.3787057,25.7873237],[102.3781156,25.7871884],[102.3777509,25.787401],[102.3770213,25.7877584],[102.3755329,25.787805],[102.3742425,25.7881641],[102.3718822,25.7887051],[102.3700905,25.7881931],[102.3673439,25.7873237],[102.3660457,25.787314],[102.3657238,25.7873623],[102.363385,25.788338],[102.363275,25.7885698],[102.3630282,25.7886568],[102.3624435,25.7882028],[102.3619151,25.7880289],[102.3618078,25.7879154],[102.3616415,25.7875579],[102.3616335,25.7872536],[102.3622584,25.786517],[102.3626849,25.7860509],[102.3633957,25.7856282],[102.3639375,25.7852128],[102.3640394,25.7848796],[102.3637176,25.7841019],[102.3637176,25.7837541],[102.3640716,25.7831889],[102.3650694,25.7824885],[102.3650694,25.7823436],[102.3649996,25.782218],[102.3645276,25.7821456],[102.3635942,25.7820731],[102.3631543,25.7824016],[102.3621941,25.7823629],[102.3616737,25.7821746],[102.3613304,25.7822857],[102.3610461,25.7821842],[102.3605686,25.7815128],[102.3597962,25.7790637],[102.3588788,25.7785758],[102.3587286,25.7781749],[102.3587179,25.7766339],[102.3584819,25.7758514],[102.3573039,25.7727025],[102.3574519,25.7713829],[102.3573285,25.7708419],[102.3571631,25.7703973],[102.3571742,25.7698992],[102.3563415,25.7697018],[102.3557138,25.7693733],[102.3553222,25.7690206],[102.3551613,25.7681994],[102.3553598,25.7671607],[102.3555529,25.7667597],[102.3561537,25.7662283],[102.356599,25.7660592],[102.3573113,25.7651323],[102.3567331,25.7641702],[102.356497,25.7630881],[102.3565346,25.7620928],[102.3564219,25.7615807],[102.3569798,25.7595951],[102.357071,25.7589911],[102.357409,25.7585467],[102.3573714,25.7583196],[102.3571783,25.7580732],[102.3572963,25.7578075],[102.3577791,25.7576818],[102.3584451,25.7572731],[102.3583907,25.7568991],[102.3585087,25.7561309],[102.3582405,25.7556091],[102.3575592,25.7553724],[102.3565561,25.7542756],[102.3563951,25.7538408],[102.3565185,25.7529953],[102.3565131,25.7526136],[102.3567492,25.7514878],[102.3570496,25.7507389],[102.3570442,25.7503572],[102.3569477,25.7501059],[102.3567063,25.7498305],[102.3564166,25.7496421],[102.3543781,25.7484632],[102.3534467,25.7474786],[102.3524328,25.7470344],[102.3514974,25.746859],[102.3508429,25.7464386],[102.3502099,25.7458685],[102.3497218,25.7451437],[102.3492658,25.7439502],[102.3489225,25.7432737],[102.3496842,25.742317],[102.3496413,25.7410993],[102.3509771,25.7359723],[102.3508215,25.7356824],[102.3508644,25.7334643],[102.3499095,25.7321451],[102.3495725,25.7308928],[102.3494321,25.7304441],[102.3493302,25.7294824],[102.3499578,25.7289218],[102.3504572,25.7286342],[102.3514706,25.7284096],[102.35264,25.7284675],[102.3528439,25.7282501],[102.3529941,25.7277523],[102.3527312,25.7263847],[102.3534018,25.7257806],[102.3557354,25.7204639],[102.3561484,25.7188745],[102.358911,25.7166271],[102.3596621,25.7158441],[102.361089,25.7137417],[102.3620599,25.7125286],[102.3632562,25.7123594],[102.3645651,25.7120211],[102.3656863,25.7111124],[102.3666948,25.7096963],[102.3667002,25.7083332],[102.3674244,25.7074439],[102.3687333,25.707004],[102.3698115,25.7061582],[102.3731697,25.7044858],[102.3742855,25.7036109],[102.3743445,25.7029777],[102.375353,25.7018756],[102.3758787,25.7015856],[102.3774728,25.7011519],[102.3816347,25.6990914],[102.3824394,25.6984727],[102.3833513,25.6972159],[102.3829919,25.6962443],[102.3826775,25.6957848],[102.3822999,25.6955868],[102.3819995,25.6950213],[102.3818976,25.694359],[102.3819727,25.6942092],[102.3819727,25.6940448],[102.3816776,25.693982],[102.3816347,25.6936968],[102.3817956,25.6931747],[102.3818064,25.692904],[102.3816623,25.6920546],[102.381482,25.6914718],[102.3815757,25.6910864],[102.3819029,25.6908398],[102.3820692,25.690603],[102.3819458,25.6903903],[102.3818493,25.690018],[102.3818493,25.6895636],[102.3818761,25.6887515],[102.3818654,25.688036],[102.3816293,25.6875574],[102.3813236,25.6869531],[102.3812646,25.6864745],[102.3813397,25.6858509],[102.381565,25.6847583],[102.3817849,25.6844683],[102.3819727,25.6843523],[102.382096,25.683951],[102.3824608,25.6835642],[102.3817688,25.6836223],[102.3813504,25.6835691],[102.3813182,25.6834289],[102.3808193,25.6835401],[102.3806423,25.6833322],[102.3799396,25.6822106],[102.3796713,25.6815338],[102.3797733,25.6809246],[102.3795426,25.6801173],[102.379328,25.6796145],[102.3789418,25.6792905],[102.3785609,25.6787829],[102.3785233,25.6783913],[102.3782873,25.6781012],[102.3779386,25.6779272],[102.3775309,25.6776709],[102.3772681,25.6770086],[102.3772198,25.676588],[102.3772198,25.6752101],[102.3762757,25.6735856],[102.3762596,25.6726863],[102.3762398,25.672085],[102.3767471,25.6701836],[102.3781532,25.6686443],[102.3785412,25.6679456],[102.3785287,25.6672325],[102.3785984,25.6665459],[102.3787916,25.6662558],[102.3790115,25.6658835],[102.3789793,25.6655788],[102.37899,25.6648826],[102.3790115,25.6644668],[102.3788667,25.6641041],[102.3788398,25.6637173],[102.3789257,25.6632579],[102.3793173,25.6626777],[102.3792744,25.6621748],[102.3790491,25.6617203],[102.3787165,25.6616236],[102.3785394,25.6615221],[102.3782927,25.6615027],[102.3781639,25.661377],[102.3781478,25.660995],[102.3781103,25.6606227],[102.3777884,25.6605405],[102.3774773,25.6604341],[102.3773646,25.6603664],[102.3772412,25.6601198],[102.377193,25.6597185],[102.3771125,25.6592736],[102.3769301,25.6590706],[102.3765975,25.6589255],[102.3764044,25.6588288],[102.376222,25.6585145],[102.376163,25.6582824],[102.3761254,25.6581276],[102.3760128,25.6579729],[102.3759699,25.657736],[102.375986,25.6575474],[102.376045,25.6573104],[102.3760343,25.6571799],[102.3759109,25.6569913],[102.3755246,25.6568076],[102.3753315,25.6566093],[102.3752886,25.6564159],[102.3752296,25.656208],[102.3751545,25.6560967],[102.3750418,25.6557728],[102.3751062,25.6554923],[102.3751545,25.655265],[102.3751813,25.6549555],[102.3751062,25.6547476],[102.3749238,25.654588],[102.374779,25.6545445],[102.3745912,25.6544913],[102.3744088,25.6543511],[102.3744088,25.6541722],[102.3744196,25.6540464],[102.3740762,25.6539207],[102.3735827,25.6539449],[102.3732233,25.6539159],[102.3731106,25.6537563],[102.373116,25.6534178],[102.3730034,25.6532921],[102.37266,25.6531567],[102.3724455,25.6530551],[102.3722148,25.6527747],[102.3720109,25.6524072],[102.3720431,25.6521605],[102.3720431,25.6519091],[102.3718929,25.6517834],[102.3713726,25.6516335],[102.3708361,25.6516286],[102.3696291,25.6515271],[102.3694897,25.6512804],[102.3695111,25.6507775],[102.3693824,25.6503326],[102.3692,25.6501489],[102.3687494,25.6500812],[102.368347,25.6500957],[102.3679769,25.6500618],[102.3677355,25.6498297],[102.3672825,25.6496437],[102.3670489,25.6495347],[102.3669684,25.6493365],[102.3669416,25.6489593],[102.366845,25.6488045],[102.3665821,25.6487223],[102.3661905,25.6487175],[102.3657936,25.6486836],[102.3656541,25.6484709],[102.3656863,25.6481855],[102.3660779,25.6474795],[102.3661806,25.6466695],[102.3661584,25.6454919],[102.3661852,25.6448342],[102.3653108,25.6436156],[102.3648494,25.6425323],[102.36471,25.6414587],[102.3646188,25.640385],[102.364592,25.6387988],[102.3647851,25.6378364],[102.3652464,25.6371061],[102.3656005,25.6369658],[102.3661959,25.6370335],[102.3669362,25.6370335],[102.3682022,25.6369948],[102.3688942,25.6372125],[102.3698437,25.6376913],[102.3705894,25.6378025],[102.3707718,25.6376477],[102.3711848,25.6371544],[102.3732072,25.6360276],[102.3752671,25.6349878],[102.3754851,25.6345727],[102.3765385,25.6336626],[102.3759699,25.6330145],[102.3768711,25.6319601],[102.3781908,25.6317715],[102.3788667,25.6314813],[102.3792529,25.6312008],[102.3795748,25.6292855],[102.3799342,25.6288357],[102.3798859,25.6282456],[102.3796177,25.627999],[102.3798537,25.6273218],[102.3801595,25.6269784],[102.3802131,25.626577],[102.379151,25.6257209],[102.3791188,25.6251792],[102.3789499,25.6244688],[102.3797196,25.6213242],[102.3801112,25.6207679],[102.3800629,25.6202068],[102.3798001,25.6197425],[102.3795801,25.6196216],[102.3796928,25.6192685],[102.380079,25.6187122],[102.3799878,25.6178367],[102.3792261,25.6167],[102.3794353,25.6159309],[102.379902,25.615631],[102.3805243,25.6148909],[102.3805565,25.6137928],[102.3804492,25.6133284],[102.3808032,25.612569],[102.3814416,25.6118966],[102.3816401,25.6117757],[102.3817635,25.6117999],[102.3818922,25.6119063],[102.3820478,25.6121917],[102.3821872,25.6124094],[102.3823482,25.6125254],[102.3828251,25.612496],[102.3832923,25.6123368],[102.3837215,25.612032],[102.3840433,25.6120901],[102.3842496,25.6122469],[102.3843169,25.6122981],[102.3845708,25.6122256],[102.3847783,25.6120466],[102.384966,25.6118337],[102.3850762,25.6117785],[102.3852557,25.6116886],[102.3855561,25.6116402],[102.3859209,25.6116402],[102.3861462,25.6117176],[102.3872888,25.6118821],[102.3878521,25.6119933],[102.3883939,25.6120804],[102.3887908,25.6119305],[102.388941,25.6117999],[102.3890644,25.6116934],[102.3893648,25.6116886],[102.3900515,25.6116015],[102.3909044,25.6111807],[102.3915803,25.6107647],[102.3919558,25.6103873],[102.3924869,25.6096762],[102.3927122,25.6089555],[102.3931521,25.6079928],[102.3942465,25.6069334],[102.3954856,25.605874],[102.3961991,25.6048532],[102.39636,25.6032568],[102.3975456,25.6034165],[102.3983717,25.6029811],[102.3989832,25.6024731],[102.3994982,25.6019313],[102.3996055,25.6010073],[102.3996967,25.5996914],[102.3997986,25.5994398],[102.4002653,25.5990867],[102.4010056,25.5984239],[102.4019498,25.5979982],[102.402969,25.5972386],[102.4037093,25.5966726],[102.4042779,25.5960049],[102.4049914,25.5945922],[102.4062735,25.5930973],[102.4093848,25.5906056],[102.4102539,25.5901799],[102.4108547,25.5900541],[102.4113804,25.5901025],[102.4119651,25.5902718],[102.4123675,25.5906685],[102.4134082,25.5915636],[102.4149638,25.5924296],[102.4175441,25.5930102],[102.4182522,25.5930489],[102.4196362,25.5920764],[102.4204999,25.591791],[102.4209022,25.591462],[102.4210149,25.5907943],[102.4211298,25.5897108],[102.4214923,25.5880704],[102.4224365,25.5869479],[102.4227583,25.5862028],[102.4230802,25.5854916],[102.4230534,25.5847852],[102.4235898,25.5838368],[102.4244267,25.5833481],[102.4247432,25.5825885],[102.4251509,25.5820659],[102.4258643,25.5798547],[102.4258375,25.5794434],[102.4259663,25.579095],[102.4263954,25.5788434],[102.4268246,25.5783499],[102.4271089,25.578016],[102.427243,25.5775854],[102.4282193,25.5772708],[102.429142,25.5766612],[102.4296033,25.5762499],[102.4313843,25.5773579],[102.4326342,25.5780402],[102.4334496,25.5787805],[102.4337769,25.5792934],[102.4352467,25.5803047],[102.4360992,25.5810387],[102.4367702,25.5811611],[102.4373978,25.5811611],[102.4379021,25.5810595],[102.4382883,25.5812192],[102.438755,25.5810837],[102.4393076,25.5810885],[102.4395221,25.5810256],[102.4398708,25.5808418],[102.4402356,25.5808515],[102.4405736,25.5810692],[102.4424779,25.5824095],[102.4444467,25.5832465],[102.4449563,25.5835513],[102.4451601,25.5839384],[102.4452621,25.5841416],[102.4457341,25.5842771],[102.4460077,25.5842916],[102.4468338,25.5845336],[102.447837,25.5848481],[102.4484807,25.5848577],[102.4488884,25.5847029],[102.4494195,25.5844658],[102.4507713,25.5839675],[102.4510825,25.5838852],[102.4514547,25.5839377],[102.4517959,25.5840594],[102.4521929,25.5840691],[102.452724,25.583832],[102.4531263,25.5835997],[102.4532819,25.5832804],[102.4532497,25.5828304],[102.453534,25.5813498],[102.4533087,25.5808176],[102.4535018,25.5803531],[102.4534804,25.5798257],[102.453593,25.5787321],[102.4536359,25.577866],[102.4539578,25.5774886],[102.4544889,25.5771305],[102.4550039,25.5764144],[102.4546176,25.5758821],[102.4543011,25.5745321],[102.4548322,25.5732208],[102.4548054,25.5726207],[102.4546981,25.5709755],[102.4543923,25.5703948],[102.4537647,25.5701142],[102.4520588,25.5689334],[102.4516779,25.5685608],[102.4516404,25.5682753],[102.4518174,25.5668381],[102.4520642,25.5659671],[102.4521124,25.5656331],[102.451973,25.5654396],[102.4517559,25.5653589],[102.4515867,25.5652363],[102.4514258,25.5649073],[102.4511737,25.5645782],[102.4509859,25.5643846],[102.4505943,25.5641136],[102.450428,25.563891],[102.450251,25.5636007],[102.4497682,25.5631458],[102.4480891,25.5619021],[102.4471343,25.5614714],[102.4468392,25.561181],[102.4457736,25.5607813],[102.4441838,25.5604454],[102.4439317,25.5604745],[102.4436796,25.5604648],[102.4435401,25.5602857],[102.4434543,25.5600099],[102.4435776,25.5596856],[102.4442536,25.5595211],[102.4449241,25.5593565],[102.4456429,25.5593082],[102.44663,25.5590226],[102.4470323,25.5587806],[102.4480945,25.5576772],[102.4487489,25.5571449],[102.4488777,25.5568642],[102.4489635,25.55654],[102.4488938,25.5560899],[102.4489474,25.5559205],[102.449677,25.5543186],[102.4498916,25.5539217],[102.4504387,25.5536701],[102.4508893,25.5533748],[102.4516028,25.5529925],[102.4519622,25.5528086],[102.4521285,25.5524747],[102.4500257,25.5523682],[102.4473864,25.5518164],[102.4469143,25.5515841],[102.446115,25.5508485],[102.4448383,25.5505242],[102.4462008,25.5480462],[102.4469572,25.5473928],[102.4479926,25.5466281],[102.4481213,25.5464781],[102.4479926,25.5463522],[102.4474722,25.5463426],[102.4469948,25.5461393],[102.4460399,25.5454859],[102.4459219,25.5452826],[102.4457069,25.5430364],[102.4455893,25.5423544],[102.4462116,25.5417977],[102.4464583,25.5411395],[102.4472147,25.5404764],[102.4479014,25.5401375],[102.4479228,25.539731],[102.4478584,25.5394067],[102.4476439,25.539184],[102.447837,25.538971],[102.4474883,25.5372576],[102.4475902,25.5367977],[102.4497735,25.534334],[102.4509698,25.5341016],[102.4520534,25.5339709],[102.4523377,25.5338887],[102.4531424,25.5333901],[102.454741,25.533545],[102.457214,25.5335159],[102.4582064,25.5334917],[102.4591237,25.5335014],[102.4601215,25.5335256],[102.4622673,25.533211],[102.4626428,25.531846],[102.4627823,25.5301275],[102.4622834,25.5288738],[102.462219,25.5280267],[102.46194,25.5274264],[102.4614747,25.5264774],[102.4601752,25.5246381],[102.4605185,25.5234521],[102.4608403,25.5232198],[102.4610603,25.5206976],[102.4608886,25.5189887],[102.4598587,25.5190614],[102.4596441,25.5187903],[102.4597835,25.5186499],[102.4596065,25.5181658],[102.459569,25.517304],[102.4598908,25.5164859],[102.4602663,25.5161954],[102.4607545,25.5161906],[102.4609852,25.5160502],[102.4610227,25.5147237],[102.4611461,25.5129711],[102.4597245,25.511296],[102.459451,25.5107344],[102.4591184,25.5104488],[102.4590433,25.509679],[102.4588931,25.5089576],[102.4588448,25.507602],[102.4591291,25.5057331],[102.4594456,25.5049052],[102.4597406,25.5036222],[102.459628,25.5032106],[102.4597138,25.5026103],[102.4597782,25.5021842],[102.4602288,25.5019421],[102.4606472,25.5017581],[102.4612802,25.5017533],[102.4614304,25.5017533],[102.461924,25.5016225],[102.4619079,25.5013998],[102.4616933,25.5010609],[102.4614572,25.5009447],[102.4613447,25.5008822],[102.4613821,25.5007607],[102.4616168,25.500636],[102.461873,25.5003951],[102.4619374,25.5001288],[102.4613741,25.4996156],[102.4626079,25.4995793],[102.4640483,25.4997705],[102.4648932,25.4998214],[102.4664113,25.4991992],[102.4670604,25.4986956],[102.4680662,25.4982284],[102.4697506,25.4975505],[102.4713117,25.4963352],[102.4721914,25.4954782],[102.4727279,25.4952361],[102.4740529,25.4950375],[102.4752814,25.4944516],[102.4764293,25.4935607],[102.4767619,25.4931298],[102.4769121,25.4928441],[102.4778187,25.4925729],[102.4782318,25.4922872],[102.4787039,25.4914398],[102.4801791,25.4899388],[102.480635,25.4896579],[102.4813056,25.4886023],[102.481311,25.4882246],[102.4816328,25.4878469],[102.4817777,25.4872367],[102.481842,25.4859341],[102.4819869,25.4852901],[102.4824482,25.4850383],[102.4829096,25.4845976],[102.4826306,25.4836679],[102.4822819,25.4829754],[102.4818313,25.4825008],[102.4811929,25.4823168],[102.4811339,25.482094],[102.4811953,25.481626],[102.4809408,25.4806752],[102.48115,25.480341],[102.4816596,25.4800214],[102.4816972,25.4798083],[102.4812144,25.479295],[102.4805599,25.4792999],[102.4803132,25.4791158],[102.4797767,25.4782732],[102.4784249,25.4749511],[102.4778563,25.4741035],[102.4774486,25.4727669],[102.4775076,25.4721615],[102.4782371,25.4711978],[102.4783927,25.4707958],[102.4777436,25.4696432],[102.4771267,25.4684179],[102.4766707,25.4681515],[102.4759636,25.4669826],[102.4764025,25.4661852],[102.4765259,25.4641171],[102.47747,25.4626835],[102.4777919,25.4618504],[102.4781084,25.4595207],[102.4783659,25.4577093],[102.4787307,25.4562756],[102.4782103,25.4557888],[102.4776792,25.4552148],[102.4775022,25.4548854],[102.4772823,25.4546868],[102.4769443,25.4545028],[102.4765474,25.4543962],[102.4761343,25.4543914],[102.4757266,25.4544447],[102.4751472,25.4545851],[102.4743372,25.4550356],[102.4736023,25.4553165],[102.4730149,25.4554909],[102.4719232,25.4557621],[102.4715853,25.4557621],[102.471022,25.4555926],[102.4693268,25.4550695],[102.4688923,25.4550356],[102.4677497,25.4548612],[102.4666715,25.4545948],[102.4657682,25.4541848],[102.4652874,25.4539361],[102.4650031,25.4536406],[102.4648905,25.4533839],[102.4647134,25.4526767],[102.4646544,25.4524055],[102.46481,25.4518],[102.46481,25.4516837],[102.464692,25.4514028],[102.4645686,25.4508167],[102.4645632,25.4504873],[102.4646115,25.4503614],[102.4648476,25.4502257],[102.4667358,25.4494362],[102.4682432,25.4486999],[102.4686456,25.4484044],[102.4688387,25.4481526],[102.4690479,25.4476972],[102.4691015,25.4471063],[102.469064,25.446399],[102.4689031,25.4459776],[102.468608,25.4456482],[102.4681038,25.4453479],[102.4657702,25.4444178],[102.4633831,25.4421653],[102.4607813,25.439346],[102.4589467,25.4336829],[102.4581957,25.4326316],[102.4579777,25.4321414],[102.4556904,25.4319202],[102.4555618,25.4315222],[102.4556637,25.4311588],[102.4553633,25.4300785],[102.4553686,25.4291435],[102.4552989,25.4279274],[102.4550803,25.4270914],[102.454977,25.4259508],[102.4550089,25.4253398],[102.4548429,25.4246209],[102.4549562,25.4240485],[102.4550709,25.4237972],[102.4551058,25.4234048],[102.4549744,25.4225303],[102.4549609,25.4220094],[102.4551782,25.4208273],[102.4556556,25.4201586],[102.4561787,25.4193713],[102.456589,25.4185985],[102.4565569,25.4183635],[102.456058,25.4180244],[102.455551,25.4175495],[102.4546096,25.417002],[102.4543548,25.4167719],[102.4534589,25.416549],[102.4528635,25.4166629],[102.452673,25.4167695],[102.4526221,25.4166992],[102.452386,25.4165248],[102.452158,25.4162098],[102.4510878,25.4159821],[102.4509564,25.4158319],[102.4509323,25.4155848],[102.4509376,25.4153813],[102.4508303,25.4152893],[102.4496019,25.4143735],[102.4492612,25.413058],[102.4485156,25.4122004],[102.4484351,25.411539],[102.4483788,25.4113233],[102.4482635,25.4112749],[102.4480247,25.41135],[102.4478585,25.4114881],[102.4476761,25.4116141],[102.4473596,25.411648],[102.4467105,25.411648],[102.4465737,25.4115898],[102.4466622,25.4107104],[102.4465495,25.4105553],[102.4462035,25.4105214],[102.4460265,25.4104269],[102.4455705,25.4098915],[102.4454176,25.4097801],[102.445313,25.4096492],[102.4452272,25.4094748],[102.4452782,25.4093101],[102.4456429,25.408794],[102.4455518,25.4085978],[102.4450153,25.4085881],[102.4448383,25.4085106],[102.4448463,25.4082537],[102.4452138,25.4074615],[102.4451092,25.4072798],[102.4446586,25.4074566],[102.4443769,25.4074542],[102.4442402,25.407367],[102.4437788,25.4074252],[102.4434489,25.4073864],[102.4432209,25.4072677],[102.4429768,25.4069648],[102.4428642,25.4065214],[102.4428964,25.406095],[102.4429741,25.4058382],[102.443186,25.4056832],[102.4436823,25.4055451],[102.4441382,25.4054796],[102.4441811,25.4054506],[102.4442643,25.4053464],[102.4442589,25.4052737],[102.4441892,25.4051744],[102.4441409,25.4050944],[102.4441811,25.40437],[102.4443528,25.4041253],[102.4442911,25.4039363],[102.4441543,25.4039024],[102.4440846,25.4039702],[102.4432343,25.4043869],[102.4429473,25.4045977],[102.4426067,25.4046171],[102.4416196,25.4045057],[102.441515,25.4043651],[102.4415204,25.403929],[102.4415687,25.4036237],[102.4414721,25.4035147],[102.4413273,25.4034638],[102.4409974,25.4035074],[102.4404931,25.4036843],[102.4392432,25.4039896],[102.4350536,25.4043336],[102.4350563,25.4035317],[102.4351636,25.4031731],[102.4359521,25.402124],[102.4368292,25.4012614],[102.4368855,25.4000766],[102.436848,25.3997689],[102.4367139,25.3994563],[102.4364752,25.3992237],[102.4361587,25.3990638],[102.435708,25.3989475],[102.4353754,25.3989814],[102.4350831,25.3992044],[102.4348229,25.3996986],[102.4348846,25.3999143],[102.4350348,25.4001008],[102.4352789,25.4004231],[102.4353969,25.4006145],[102.4353084,25.401007],[102.4351609,25.4013802],[102.4344501,25.402107],[102.4340129,25.4027345],[102.4335194,25.4028436],[102.4329722,25.4027612],[102.432822,25.4025674],[102.4324894,25.4006],[102.4324197,25.3995484],[102.4319583,25.3984969],[102.4317437,25.3982739],[102.4316955,25.3980268],[102.4319047,25.3977457],[102.432189,25.3975955],[102.4322641,25.3973581],[102.4321675,25.3970334],[102.4320978,25.3968638],[102.4322641,25.3965342],[102.4325573,25.3960165],[102.4336787,25.3945236],[102.4343991,25.3942954],[102.4349785,25.3939271],[102.4350643,25.3937429],[102.4350643,25.3934328],[102.4350643,25.3927737],[102.4352145,25.3924102],[102.4354559,25.3919353],[102.4354184,25.3915524],[102.4351609,25.3913101],[102.4338466,25.3904378],[102.4333477,25.3898272],[102.4331975,25.3885526],[102.4342275,25.3869388],[102.434721,25.3862651],[102.4355096,25.3851844],[102.4361801,25.3841618],[102.4367917,25.3837256],[102.4364537,25.3833039],[102.4361533,25.382984],[102.4352091,25.3823249],[102.4348068,25.3817239],[102.4345493,25.3813023],[102.4336964,25.380963],[102.4323016,25.3804784],[102.4315399,25.3804784],[102.4307889,25.3804541],[102.4303651,25.3803717],[102.4299037,25.3801197],[102.4289274,25.379509],[102.4287718,25.3794654],[102.4284446,25.3795769],[102.4281013,25.3798241],[102.4277298,25.3800046],[102.4276024,25.3800216],[102.4274804,25.3799913],[102.42742,25.3799355],[102.4273986,25.3798313],[102.4274026,25.3796774],[102.4274884,25.3793406],[102.4275005,25.3789613],[102.4274147,25.3787311],[102.4272752,25.3786439],[102.4270955,25.3786172],[102.4267414,25.3786342],[102.4265859,25.3786221],[102.4263123,25.3785397],[102.4260709,25.3783773],[102.4257275,25.3781398],[102.4253601,25.3779678],[102.425108,25.3778902],[102.4249685,25.3778321],[102.4248585,25.3776676],[102.4248317,25.37758],[102.424778,25.3773692],[102.4246278,25.3772311],[102.4244186,25.3771535],[102.4242416,25.3770638],[102.4241665,25.3769378],[102.4240002,25.3766882],[102.42385,25.3764604],[102.4234369,25.3762084],[102.4233136,25.3760654],[102.4232438,25.3758497],[102.4232358,25.3757358],[102.4231902,25.3754329],[102.4231312,25.3750694],[102.4229944,25.374781],[102.4228603,25.3746743],[102.4227181,25.3746065],[102.4225625,25.3745556],[102.422297,25.3745629],[102.4219617,25.3746525],[102.4216479,25.3748319],[102.4213421,25.3749894],[102.4203336,25.3753117],[102.4200842,25.3753578],[102.4198401,25.3753214],[102.4195826,25.3751712],[102.4191239,25.3750233],[102.4190059,25.374844],[102.4188453,25.3745637],[102.4186948,25.3743157],[102.4185982,25.3740782],[102.4185714,25.3738552],[102.4185339,25.373642],[102.4184346,25.373499],[102.4182281,25.3733948],[102.4176487,25.3733293],[102.4174476,25.3733075],[102.4172169,25.3732348],[102.4169594,25.3730846],[102.4166456,25.3729585],[102.4163774,25.3728979],[102.4160689,25.3728664],[102.4157283,25.3728931],[102.4154064,25.3728858],[102.4150899,25.372801],[102.4149719,25.3727695],[102.4145293,25.3728446],[102.4142128,25.3730046],[102.4137408,25.3732348],[102.4132016,25.3733414],[102.4125981,25.3734772],[102.4120282,25.3735469],[102.4113187,25.3735256],[102.410152,25.3734263],[102.409645,25.3732397],[102.4081886,25.3725441],[102.4067375,25.3719067],[102.4063915,25.3718413],[102.4061206,25.3717759],[102.405898,25.3716595],[102.4056324,25.3714535],[102.405045,25.3710391],[102.4049565,25.3709034],[102.404868,25.3706732],[102.4046856,25.3701545],[102.4041036,25.3699098],[102.403602,25.3697328],[102.4032479,25.3697668],[102.4028993,25.3698686],[102.4027276,25.369917],[102.4024486,25.3699122],[102.4020356,25.3698346],[102.4014455,25.3698104],[102.4012256,25.3696892],[102.4009895,25.3696456],[102.4005765,25.3697086],[102.400099,25.3698976],[102.3998254,25.3699946],[102.3984468,25.3701739],[102.3981142,25.3702127],[102.3978326,25.3701788],[102.3972264,25.3699607],[102.3967516,25.3698783],[102.3963869,25.3698976],[102.3957297,25.3699316],[102.3954427,25.369997],[102.3951557,25.3701521],[102.394858,25.370186],[102.394622,25.3701836],[102.3943993,25.3701061],[102.3942304,25.3701424],[102.3941982,25.3702006],[102.3940855,25.3703872],[102.3940024,25.3705472],[102.3938629,25.3706465],[102.3935223,25.3708331],[102.3929349,25.3709325],[102.3924333,25.3709882],[102.3919558,25.3710924],[102.3916554,25.3711773],[102.3914865,25.3713178],[102.3913041,25.3715505],[102.3911834,25.3717856],[102.3909742,25.3718486],[102.3907542,25.3718655],[102.3902795,25.3718171],[102.3901132,25.3717953],[102.3897618,25.3719189],[102.3895472,25.3720013],[102.389338,25.3719746],[102.3890644,25.371868],[102.3889545,25.3718704],[102.3887613,25.3718801],[102.388595,25.3719673],[102.3885441,25.3720764],[102.388528,25.3722993],[102.3885226,25.3726047],[102.3885065,25.3727477],[102.3884663,25.3729416],[102.3883751,25.3731209],[102.3882812,25.3733851],[102.388241,25.3735038],[102.388292,25.373625],[102.3884261,25.373751],[102.3885763,25.3738504],[102.3886939,25.373999],[102.3887479,25.3740951],[102.3887747,25.3742212],[102.3887506,25.3745289],[102.3886353,25.3748343],[102.3884046,25.3750912],[102.3882437,25.375176],[102.3881498,25.3752754],[102.3881578,25.3753263],[102.3882088,25.3753771],[102.3884127,25.3755347],[102.3886782,25.3757819],[102.3888177,25.3759588],[102.388941,25.3763174],[102.3889357,25.3766034],[102.3889357,25.3769499],[102.3889276,25.3771075],[102.388984,25.3773449],[102.3892254,25.3778611],[102.389456,25.3786318],[102.3903036,25.3797465],[102.390604,25.3801972],[102.3905396,25.3806238],[102.3902929,25.3811133],[102.3890108,25.382417],[102.3879325,25.3832942],[102.3875087,25.3834735],[102.3870635,25.3840551],[102.3869133,25.3841133],[102.3858887,25.3840406],[102.3851913,25.3847336],[102.3848104,25.3847773],[102.3841611,25.3848094],[102.3839468,25.3847336],[102.3835069,25.3847894],[102.3829061,25.3847603],[102.3824984,25.3849057],[102.3818788,25.3852207],[102.3814201,25.3853734],[102.3808971,25.3856714],[102.380822,25.3858629],[102.3803848,25.3860979],[102.3798091,25.3863011],[102.3796847,25.3865317],[102.3792395,25.3866649],[102.378813,25.3868467],[102.3784268,25.386946],[102.3785475,25.3870672],[102.3785233,25.3872247],[102.3783892,25.3874719],[102.3780996,25.3876657],[102.3776114,25.3877021],[102.37715,25.3878063],[102.3768282,25.3878741],[102.3767585,25.3879541],[102.3766753,25.3882497],[102.3766726,25.388446],[102.3766378,25.3886374],[102.3764661,25.3887804],[102.376273,25.3889476],[102.3758197,25.3891439],[102.3757499,25.3894879],[102.3759216,25.3902197],[102.3762864,25.3907722],[102.376458,25.3910242],[102.3765653,25.3912471],[102.376568,25.3914907],[102.3760664,25.3921146],[102.3756936,25.3926283],[102.375463,25.3931889],[102.3751813,25.3931226],[102.3750097,25.3929821],[102.3747146,25.3927107],[102.374602,25.3926138],[102.3744464,25.3926113],[102.373926,25.3928076],[102.3723489,25.3928658],[102.3710179,25.3925848],[102.3702595,25.3923278],[102.3696722,25.3919475],[102.3673568,25.3900674],[102.3651659,25.3876997],[102.364018,25.3861779],[102.362988,25.3853055],[102.362709,25.3843556],[102.3628485,25.3838807],[102.3626661,25.3832021],[102.362752,25.3827369],[102.362752,25.3824267],[102.36287,25.3822813],[102.3627627,25.381913],[102.3624784,25.3814865],[102.3622423,25.3811617],[102.3621243,25.3808758],[102.3620278,25.3806577],[102.3617434,25.3803136],[102.3616522,25.3800615],[102.3605579,25.3793248],[102.3605633,25.3782392],[102.3606652,25.3777497],[102.3606545,25.3775606],[102.3605579,25.3774201],[102.3605686,25.3768918],[102.3601448,25.3746574],[102.3598283,25.3724763],[102.3600215,25.3720061],[102.3601341,25.3714632],[102.3606062,25.3701449],[102.3620492,25.3679491],[102.3628271,25.3672947],[102.3631918,25.3664029],[102.3631596,25.3658987],[102.3627412,25.3650553],[102.3625588,25.364241],[102.361722,25.3625541],[102.3607027,25.3616137],[102.3595412,25.3609934],[102.3585677,25.3600722],[102.3579025,25.3597717],[102.3573875,25.359762],[102.3570979,25.3598686],[102.3567545,25.3598008],[102.3564649,25.3596263],[102.3562288,25.3592579],[102.3550594,25.3586858],[102.3547536,25.3581284],[102.3532891,25.3573964],[102.3517603,25.357154],[102.3508912,25.3568098],[102.3490727,25.3552537],[102.3488367,25.3545072],[102.3487508,25.3539497],[102.3492014,25.352699],[102.3497379,25.3518894],[102.349931,25.3508132],[102.350167,25.3500472],[102.3507142,25.3495528],[102.3512936,25.3495431],[102.3516852,25.3493443],[102.3524469,25.3494703],[102.3527259,25.349577],[102.3530424,25.3498339],[102.3532408,25.3499891],[102.3534018,25.3500085],[102.3535144,25.3498048],[102.3535842,25.3495964],[102.3538899,25.3491601],[102.3541635,25.3487965],[102.3548287,25.3473276],[102.3553061,25.3468379],[102.3553866,25.346547],[102.3555636,25.3462949],[102.3556495,25.3456259],[102.3559338,25.345255],[102.3563898,25.3446805],[102.3565641,25.3440624],[102.3567787,25.3439024],[102.3566714,25.3435655],[102.3565185,25.3434321],[102.3567867,25.3427898],[102.3569208,25.3422759],[102.3574519,25.3419025],[102.3582673,25.3413401],[102.3593616,25.3405547],[102.3601073,25.3395608],[102.3611319,25.3390566],[102.3620921,25.3388336],[102.3630041,25.3391148],[102.3632777,25.3391148],[102.3635781,25.3385912],[102.3643184,25.3380724],[102.3648816,25.3380918],[102.3662978,25.33847],[102.36714,25.3386687],[102.3675638,25.3385088],[102.3677731,25.338053],[102.3676068,25.3374373],[102.3670649,25.3368361],[102.3663837,25.3363609],[102.3661423,25.3359876],[102.3655522,25.3356288],[102.364608,25.3351585],[102.3640233,25.3348628],[102.363621,25.3345185],[102.3631167,25.3339173],[102.3629397,25.333544],[102.3630309,25.3326906],[102.3633689,25.331847],[102.3634332,25.3310663],[102.3638785,25.3306251],[102.364018,25.3304021],[102.363975,25.3299269],[102.3638248,25.3294323],[102.3636317,25.3290929],[102.3627949,25.3280747],[102.3620117,25.3266782],[102.3614269,25.3254757],[102.3609602,25.3247484],[102.3608529,25.324312],[102.3610139,25.3237689],[102.3612928,25.3231289],[102.3612177,25.3224306],[102.3609495,25.3217421],[102.3603165,25.3205104],[102.3604453,25.319977],[102.3608208,25.3191333],[102.3606169,25.314061],[102.3632562,25.3136536],[102.3633635,25.3126644],[102.3639107,25.3122085],[102.3658526,25.3114132],[102.3661959,25.3081738],[102.3700154,25.3058266],[102.3720968,25.3052446],[102.3729229,25.304653],[102.3735773,25.3038382],[102.3748433,25.3009962],[102.3742747,25.3001524],[102.3731911,25.299551],[102.3727834,25.2994734],[102.3723113,25.298872],[102.3719144,25.2988138],[102.3716783,25.2982415],[102.3717642,25.2976401],[102.3722899,25.2970775],[102.3726118,25.2959038],[102.3723864,25.2939541],[102.372601,25.292499],[102.3728049,25.291723],[102.3724401,25.2898702],[102.3716676,25.2881047],[102.3716247,25.2877264],[102.3727405,25.2864458],[102.3728156,25.2859802],[102.3713887,25.282905],[102.3711741,25.2816147],[102.3710453,25.281023],[102.3706055,25.2801789],[102.3718929,25.2775887],[102.3726332,25.2746976],[102.3723543,25.2740087],[102.3724615,25.2733393],[102.3730194,25.2732617],[102.3738027,25.272893],[102.3746824,25.2723885],[102.3750794,25.2722818],[102.3759377,25.2725437],[102.377665,25.2726408],[102.3788023,25.2729706],[102.3797357,25.2735527],[102.3803043,25.2735527],[102.3821175,25.2723206],[102.3825574,25.2722624],[102.3838341,25.2724564],[102.3850465,25.2731938],[102.3868489,25.2740281],[102.3879111,25.2741931],[102.3894668,25.2747752],[102.3909688,25.274814],[102.3923635,25.2754349],[102.3932433,25.2760073],[102.3943269,25.2770648],[102.3957217,25.2777245],[102.3962259,25.2781707],[102.3974705,25.2788402],[102.3982429,25.2794707],[102.400732,25.2807319],[102.4011505,25.2806446],[102.4023414,25.2808095],[102.406708,25.282449],[102.406311,25.2814013],[102.4055707,25.2804118],[102.4039829,25.278811],[102.4045837,25.2778021],[102.4047983,25.2765215],[102.4044979,25.2744647],[102.4038756,25.2738535],[102.4026954,25.2736304],[102.4030173,25.2727378],[102.4022663,25.2713504],[102.4022663,25.2706325],[102.401762,25.2698272],[102.4020839,25.2683427],[102.4022019,25.2675277],[102.401998,25.2668001],[102.401526,25.2661403],[102.4018693,25.2646461],[102.4024272,25.2639378],[102.4030924,25.2631519],[102.4034357,25.2620167],[102.4031997,25.2613278],[102.4031353,25.2603381],[102.4054634,25.2585624],[102.4069011,25.2570487],[102.4072981,25.2563986],[102.4074376,25.2562434],[102.4078345,25.2561852],[102.4084675,25.256224],[102.409358,25.2563598],[102.4102163,25.2560687],[102.4109781,25.2550305],[102.4114072,25.2539243],[102.4117291,25.2538467],[102.4119973,25.2535847],[102.413156,25.2513334],[102.4137998,25.2507997],[102.4142074,25.2501981],[102.4144113,25.2497808],[102.4143898,25.2489851],[102.4146473,25.2484611],[102.4145186,25.2473646],[102.4142825,25.2456276],[102.41395,25.2452588],[102.4138105,25.244958],[102.4130809,25.2445601],[102.4128878,25.2437158],[102.4124265,25.2430656],[102.4121904,25.2422408],[102.4119115,25.2418138],[102.4116969,25.241086],[102.4115467,25.2403969],[102.4114287,25.2399505],[102.4106884,25.2388636],[102.4104202,25.2384948],[102.4103343,25.2381164],[102.4103236,25.2375923],[102.4100768,25.2361754],[102.4102056,25.2356319],[102.4097335,25.2349429],[102.4096584,25.2345547],[102.4098408,25.2338462],[102.4097657,25.2331766],[102.4098515,25.2325263],[102.4103236,25.2316917],[102.4105489,25.2310317],[102.4107528,25.23043],[102.4107528,25.2297409],[102.4092078,25.2281589],[102.4091864,25.2284016],[102.4091005,25.2288868],[102.4086714,25.229275],[102.4079633,25.2285471],[102.4070299,25.2278192],[102.406472,25.227334],[102.40556,25.2269554],[102.4053454,25.226179],[102.4044227,25.2254219],[102.4033391,25.2251405],[102.4028242,25.2247134],[102.4023092,25.224529],[102.4006247,25.2245581],[102.400614,25.223869],[102.3988974,25.2236361],[102.3999381,25.2221414],[102.4015152,25.2205302],[102.4025881,25.2194431],[102.4024701,25.2191034],[102.4021482,25.2187928],[102.4018049,25.2187151],[102.4016333,25.2182298],[102.4018371,25.2171233],[102.401011,25.2168418],[102.4004853,25.2163468],[102.4010861,25.2158614],[102.4013758,25.2152111],[102.4015518,25.2150549],[102.4034679,25.2130465],[102.4040794,25.2127553],[102.4042725,25.2123379],[102.4043476,25.2121244],[102.4047017,25.2120953],[102.4051201,25.2118914],[102.4055815,25.2115517],[102.4059355,25.2111343],[102.4065578,25.2104354],[102.4065471,25.2101345],[102.4050343,25.2103383],[102.4039185,25.2106975],[102.4029529,25.2114643],[102.4022126,25.2114643],[102.4006355,25.2106198],[102.3998201,25.2106101],[102.3945844,25.2115226],[102.3929858,25.2124641],[102.3926532,25.2124641],[102.3923421,25.2124447],[102.3921275,25.2126486],[102.3919237,25.2131824],[102.3915267,25.2135901],[102.3911619,25.2136872],[102.3905718,25.2138813],[102.390089,25.2140754],[102.3895204,25.2144346],[102.3891342,25.2141434],[102.3888552,25.2138036],[102.3879218,25.213396],[102.387557,25.2132407],[102.3872244,25.2129689],[102.3867953,25.212765],[102.3868918,25.2122797],[102.3871493,25.2117555],[102.3872995,25.2116293],[102.3873854,25.211474],[102.3871279,25.2112605],[102.3870098,25.2110858],[102.386924,25.2103966],[102.3868918,25.2099501],[102.3866987,25.2096588],[102.3861086,25.2093385],[102.3855829,25.2090473],[102.3853791,25.2086978],[102.3851001,25.2083775],[102.3847783,25.2078825],[102.3844457,25.2075039],[102.38451,25.2072903],[102.3846924,25.2071253],[102.3846924,25.2068729],[102.3844457,25.2065429],[102.3841882,25.2063487],[102.3841238,25.2060478],[102.3841345,25.2058245],[102.3843276,25.2055333],[102.3843491,25.2052518],[102.3843384,25.2050188],[102.3842418,25.2048635],[102.3842418,25.2046694],[102.3844671,25.204417],[102.3845959,25.2041355],[102.3845851,25.2039801],[102.3843062,25.2038636],[102.3840701,25.2039607],[102.3838019,25.2039607],[102.3835015,25.2039122],[102.3832118,25.2039607],[102.3830295,25.2040578],[102.382772,25.2042034],[102.3822784,25.2041937],[102.382139,25.2041549],[102.3818493,25.2043102],[102.3817742,25.2044461],[102.3815381,25.2044461],[102.3813128,25.2043976],[102.3810875,25.2042616],[102.3804545,25.2034268],[102.3800576,25.2031065],[102.3798537,25.2026987],[102.3794138,25.2024755],[102.3790061,25.2023396],[102.3788237,25.2021842],[102.3787916,25.2020483],[102.3787916,25.2017183],[102.3788237,25.2013591],[102.378813,25.201097],[102.3786843,25.2008155],[102.3783311,25.199759],[102.3782658,25.1996408],[102.3779976,25.1993884],[102.3777509,25.1992234],[102.3775041,25.1983982],[102.3770642,25.1979711],[102.3768298,25.1973862],[102.376796,25.1970585],[102.3761368,25.1962909],[102.3755085,25.1960101],[102.3746395,25.1960101],[102.3741567,25.1955441],[102.3731804,25.1952237],[102.3725903,25.1950296],[102.3713887,25.194583],[102.3709059,25.1938937],[102.370187,25.1933112],[102.3703694,25.1929908],[102.3708415,25.1925151],[102.3708093,25.1919909],[102.3710024,25.1908647],[102.371496,25.1896414],[102.3719895,25.1889521],[102.3722792,25.1882337],[102.3722792,25.1878939],[102.3716783,25.1867385],[102.3714101,25.1858647],[102.370466,25.1842239],[102.3699725,25.1831365],[102.3703587,25.1821656],[102.3702514,25.181719],[102.3698652,25.181185],[102.3694253,25.1810393],[102.3689961,25.1802335],[102.3688674,25.179981],[102.3682773,25.1795247],[102.368052,25.179146],[102.3678803,25.1785926],[102.3679876,25.1782042],[102.3681271,25.1776993],[102.3682558,25.1773983],[102.3679769,25.1772915],[102.367816,25.1772138],[102.3677838,25.1770196],[102.3676872,25.1767089],[102.3674834,25.1763497],[102.367183,25.17634],[102.3667967,25.1765244],[102.3665714,25.1766507],[102.3660993,25.1765147],[102.3658043,25.1761118],[102.3657292,25.1756117],[102.365874,25.1746116],[102.3657882,25.1742621],[102.3655683,25.1741116],[102.3654717,25.1739417],[102.3649996,25.1739319],[102.3645759,25.1739805],[102.3640662,25.1741116],[102.3637068,25.174131],[102.3634225,25.1739853],[102.363224,25.1738057],[102.3631865,25.1735338],[102.3628324,25.173495],[102.3624569,25.1735775],[102.3622423,25.1734901],[102.3614001,25.1692129],[102.3613036,25.1680671],[102.3613787,25.1670281],[102.3621511,25.1653967],[102.3623228,25.1616775],[102.3606491,25.1597062],[102.3589861,25.1584147],[102.3575163,25.1569871],[102.3564756,25.1567444],[102.3552954,25.155278],[102.3546088,25.1545302],[102.3542762,25.1541126],[102.3536324,25.1539281],[102.3528921,25.1533454],[102.3526347,25.1533745],[102.3523557,25.1530152],[102.351551,25.1527336],[102.3510361,25.152248],[102.3504567,25.1520635],[102.3499739,25.1514711],[102.3501563,25.1508689],[102.3505211,25.150597],[102.3506391,25.15016],[102.3504031,25.149791],[102.3502743,25.1495287],[102.3503172,25.1490723],[102.3504138,25.1485964],[102.350328,25.1482274],[102.3501027,25.1471105],[102.3502958,25.1465472],[102.3506606,25.1462073],[102.3516905,25.1461781],[102.3523986,25.1461878],[102.3530102,25.1467123],[102.3536646,25.147227],[102.3558211,25.1471202],[102.3567653,25.1472853],[102.3573875,25.1478292],[102.3577094,25.1482565],[102.3577952,25.148577],[102.3578381,25.149014],[102.3579669,25.1492471],[102.3582888,25.1496064],[102.3585462,25.1497521],[102.3589969,25.1496161],[102.3595869,25.1490917],[102.3602843,25.1481205],[102.3622584,25.1461199],[102.3635459,25.1438181],[102.3633206,25.1432742],[102.3633528,25.1429634],[102.3636639,25.1426332],[102.3640931,25.1424098],[102.3643935,25.1420504],[102.3646831,25.141526],[102.3652625,25.1410404],[102.3658419,25.1400691],[102.3642433,25.1388842],[102.3631918,25.1384957],[102.3626125,25.1381266],[102.3618829,25.1380198],[102.3613894,25.1374953],[102.3602092,25.1368251],[102.3597371,25.1366211],[102.3598659,25.136184],[102.3621189,25.1345231],[102.3636961,25.133717],[102.3638356,25.1324251],[102.3640823,25.1319298],[102.3644042,25.1315995],[102.3644256,25.1313178],[102.3637605,25.1303756],[102.3637283,25.1301134],[102.3634386,25.1297928],[102.3631275,25.1292586],[102.3630953,25.1288215],[102.3629919,25.128433],[102.3625588,25.127617],[102.3624945,25.1271799],[102.3618722,25.1269468],[102.3614001,25.1268594],[102.3612285,25.1266263],[102.361207,25.1261114],[102.3609602,25.1255578],[102.3605633,25.1249166],[102.3598444,25.1246155],[102.3594475,25.124295],[102.3589969,25.1241978],[102.3585892,25.1241687],[102.3583209,25.1239453],[102.3584175,25.1234887],[102.3588145,25.1228865],[102.3592329,25.1223911],[102.3594689,25.1219151],[102.3602092,25.1218568],[102.3612928,25.1217888],[102.3625696,25.1217597],[102.3638034,25.1216528],[102.3642647,25.1213225],[102.3645759,25.1207688],[102.3646831,25.1195157],[102.365123,25.1190009],[102.3651445,25.1186123],[102.3651659,25.1181946],[102.3653269,25.1176603],[102.3652947,25.1172426],[102.3654342,25.1169123],[102.3656434,25.1162906],[102.3656005,25.1159748],[102.3653805,25.1153871],[102.3652732,25.1151005],[102.3649943,25.1149694],[102.3648548,25.1144934],[102.3645115,25.1139056],[102.364549,25.1135316],[102.3642862,25.1131916],[102.3637336,25.1126476],[102.3634171,25.1119724],[102.3625427,25.1109718],[102.3620385,25.1100732],[102.3616952,25.1092183],[102.3613948,25.1082905],[102.3613411,25.1074501],[102.3614055,25.1066681],[102.3611158,25.1061726],[102.3603541,25.1059491],[102.3601824,25.1056625],[102.3600054,25.104793],[102.3599786,25.1044481],[102.3600858,25.1041907],[102.3603058,25.1037],[102.3602951,25.103496],[102.3601073,25.1033891],[102.359485,25.1035154],[102.3589325,25.1037583],[102.3582029,25.1039866],[102.3578221,25.1040449],[102.357586,25.1039526],[102.3572481,25.1039284],[102.356953,25.1039672],[102.3566794,25.1037972],[102.3565668,25.1036223],[102.3563415,25.103326],[102.3555046,25.1029179],[102.354421,25.1025536],[102.3536968,25.1023593],[102.3536324,25.1020387],[102.3537826,25.1018104],[102.3537183,25.1014606],[102.3537022,25.101072],[102.353611,25.1006202],[102.353155,25.1002219],[102.3528546,25.0994252],[102.3529673,25.099328],[102.3530048,25.0990949],[102.3528385,25.0988811],[102.3522699,25.0973606],[102.3518139,25.0959809],[102.351315,25.0952473],[102.3500544,25.0945478],[102.3498076,25.0942903],[102.3498237,25.0938385],[102.3501027,25.0934061],[102.3501563,25.0930661],[102.3494697,25.0921819],[102.349062,25.0920896],[102.3486865,25.0914823],[102.3490781,25.0907536],[102.3496842,25.0899957],[102.3498291,25.0886597],[102.3501188,25.0871244],[102.3502958,25.0868232],[102.3499846,25.0862548],[102.3501134,25.0856572],[102.3504835,25.0847001],[102.3504782,25.0844037],[102.3494267,25.0834612],[102.3488206,25.0829316],[102.3485255,25.0816441],[102.3484987,25.0803323],[102.3480266,25.0782187],[102.3477155,25.0778835],[102.3461813,25.0779418],[102.3455429,25.0770089],[102.3447168,25.0761003],[102.3457682,25.0753666],[102.3459774,25.0744726],[102.3464656,25.073943],[102.3468035,25.0726845],[102.3466909,25.0722861],[102.3467821,25.0717468],[102.3473561,25.071154],[102.3475599,25.0706],[102.3475492,25.0698615],[102.3475009,25.0694727],[102.3471361,25.0689723],[102.3468035,25.0688654],[102.3465568,25.0689334],[102.3450977,25.0685301],[102.3440033,25.0677089],[102.343837,25.0670043],[102.342571,25.0651578],[102.3423082,25.0645893],[102.3418736,25.0642297],[102.3396742,25.061285],[102.3389608,25.0607358],[102.3385799,25.0615279],[102.3376036,25.0622325],[102.3372495,25.0628205],[102.3362035,25.0631023],[102.3357475,25.0633696],[102.3349911,25.0639527],[102.3340791,25.0644046],[102.333414,25.0645698],[102.3326898,25.0650266],[102.3326576,25.0647205],[102.3325664,25.0646039],[102.3322499,25.0644386],[102.3317134,25.0640208],[102.331472,25.0637729],[102.3313057,25.0635057],[102.3309356,25.0631266],[102.3304582,25.0627719],[102.3300129,25.062631],[102.3294121,25.0625921],[102.3284787,25.0627233],[102.3272771,25.0631364],[102.3250079,25.0640062],[102.32283,25.0649877],[102.3221165,25.0658673],[102.3216498,25.0659596],[102.3210812,25.0656],[102.3200351,25.0655514],[102.3189086,25.0659644],[102.3165214,25.065634],[102.315352,25.0658187],[102.3147726,25.065668],[102.3135763,25.0653522],[102.3129702,25.0654445],[102.3122513,25.0658721],[102.3117149,25.0668488],[102.3113984,25.0670626],[102.3104274,25.0673833],[102.3096925,25.0674999],[102.3094404,25.0674611],[102.3091936,25.067704],[102.308861,25.0687585],[102.3069513,25.0702065],[102.3057014,25.0702745],[102.3049879,25.0706],[102.304489,25.0710519],[102.3027563,25.0714261],[102.3019087,25.0711394],[102.300927,25.0710665],[102.300573,25.0706632],[102.299543,25.0707215],[102.2990763,25.0702502],[102.2983146,25.0698226],[102.2978532,25.0692541],[102.2979391,25.0690354],[102.2980571,25.0685447],[102.2970915,25.0677769],[102.2970647,25.0667371],[102.2960561,25.0662511],[102.2952944,25.0660568],[102.2948492,25.0657798],[102.2947043,25.0653765],[102.2946882,25.064633],[102.294082,25.0640693],[102.2933847,25.0630538],[102.2912925,25.0611149],[102.2907239,25.0600944],[102.2905362,25.0592731],[102.290858,25.0585977],[102.2905147,25.0581992],[102.2903377,25.0581069],[102.2902358,25.0576258],[102.2900963,25.0574994],[102.2893882,25.0574703],[102.2887981,25.0575432],[102.2883904,25.0576501],[102.2876447,25.0575529],[102.2865826,25.056926],[102.2844851,25.056824],[102.2841525,25.0566393],[102.2833264,25.05627],[102.2830152,25.0555021],[102.2823501,25.0547343],[102.282275,25.0544233],[102.282275,25.0540734],[102.2818887,25.0537527],[102.2814488,25.0515464],[102.2795391,25.0512548],[102.2790134,25.0513908],[102.2773397,25.0512062],[102.2740459,25.0499815],[102.2726297,25.0498454],[102.2708487,25.0498551],[102.2703659,25.0495052],[102.2697973,25.0486985],[102.2694433,25.0486985],[102.2690678,25.0483],[102.2685099,25.0480764],[102.2676623,25.0463852],[102.2667289,25.0454812],[102.2663319,25.0452479],[102.2658491,25.0451507],[102.2653341,25.0453062],[102.2645831,25.0455395],[102.2639501,25.0455298],[102.2635746,25.0453257],[102.2625554,25.0451313],[102.2618258,25.0447911],[102.2615147,25.0440718],[102.2610962,25.0434108],[102.258929,25.0416029],[102.2587037,25.0409224],[102.2572553,25.0404753],[102.2568691,25.0402323],[102.2563219,25.0401156],[102.2555709,25.04031],[102.2549911,25.0402363],[102.2544122,25.0399018],[102.2535968,25.0395907],[102.2526955,25.0385701],[102.2521806,25.0384243],[102.2509682,25.0386187],[102.2494662,25.0380452],[102.2480822,25.0380743],[102.2467089,25.0373842],[102.2465587,25.0371314],[102.2461831,25.0369662],[102.2446167,25.0370051],[102.2441983,25.0366648],[102.243222,25.0354497],[102.2424066,25.0353525],[102.2420525,25.0356636],[102.2401214,25.0356539],[102.2396064,25.0360621],[102.239306,25.0358774],[102.2387481,25.0356441],[102.2373319,25.0358677],[102.2363019,25.0367523],[102.2354007,25.0370148],[102.2344994,25.0366162],[102.2336197,25.0363926],[102.2326219,25.0361788],[102.2322142,25.0369467],[102.2317207,25.0377049],[102.2312915,25.0380452],[102.2306478,25.0383562],[102.2303474,25.0383659],[102.2300899,25.0384729],[102.2295427,25.0389395],[102.2289097,25.0391339],[102.2288561,25.0399504],[102.2287595,25.0403392],[102.2282874,25.0408252],[102.2280407,25.041078],[102.2282231,25.0416903],[102.2286844,25.0419722],[102.2289848,25.0422638],[102.2290438,25.0426818],[102.2287166,25.0434205],[102.228722,25.043649],[102.2284806,25.0439406],[102.2281587,25.0445286],[102.2282338,25.0450827],[102.2286951,25.0457534],[102.2286951,25.0461713],[102.228781,25.0465796],[102.2290599,25.0474544],[102.229414,25.0485721],[102.229827,25.0491602],[102.2302991,25.0504092],[102.2307819,25.0512548],[102.2311521,25.0514249],[102.2314256,25.0516873],[102.2319192,25.05246],[102.2320855,25.0526495],[102.2321981,25.0528876],[102.2323537,25.0530383],[102.2324932,25.0537138],[102.233094,25.0542386],[102.233389,25.0545059],[102.2332281,25.054642],[102.2321927,25.0550745],[102.2301704,25.0563283],[102.2290331,25.0572079],[102.2287381,25.0582527],[102.2283357,25.0587192],[102.2281265,25.0592148],[102.2275847,25.0595453],[102.2272521,25.0599632],[102.226941,25.0601235],[102.225219,25.0608233],[102.2240549,25.0615085],[102.2235453,25.061941],[102.2225261,25.0622374],[102.222451,25.0625873],[102.2217482,25.0629323],[102.221421,25.0633793],[102.2203588,25.0643803],[102.2196454,25.0648031],[102.2193396,25.0650315],[102.2187656,25.0649975],[102.2172153,25.0653182],[102.2167647,25.0653133],[102.2154397,25.0647545],[102.2135621,25.0645261],[102.2117329,25.0640353],[102.2113573,25.063666],[102.2105366,25.0624123],[102.2101772,25.0615959],[102.2096837,25.0608573],[102.2083855,25.0604783],[102.2075218,25.0605755],[102.2066796,25.0613044],[102.2057784,25.0624366],[102.2054833,25.0627476],[102.2046089,25.0627379],[102.2042656,25.0629225],[102.2035789,25.0642054],[102.2030479,25.0645601],[102.2027099,25.0647059],[102.2020823,25.0647399],[102.2017336,25.0650558],[102.2009611,25.0663823],[102.2004408,25.0678304],[102.1999526,25.0688119],[102.1995127,25.069463],[102.1989924,25.0702113],[102.2002155,25.0710762],[102.2003335,25.07129],[102.2002155,25.0722181],[102.199915,25.0732287],[102.1995825,25.0739138],[102.1993947,25.0758331],[102.1992767,25.0762315],[102.1993089,25.0767174],[102.2002637,25.0783013],[102.2000706,25.0819453],[102.2002959,25.0826352],[102.2008324,25.0833251],[102.2015083,25.0835972],[102.2018623,25.0840636],[102.2020662,25.084841],[102.2026884,25.0856183],[102.2026133,25.085803],[102.2023022,25.0861625],[102.2022056,25.0869495],[102.2010898,25.0879406],[102.200768,25.0883876],[102.2004032,25.0899423],[102.2003925,25.0903309],[102.2000706,25.0906516],[102.1993947,25.0910402],[102.1988153,25.0907779],[102.197721,25.0900491],[102.1955645,25.0893155],[102.1949691,25.0890046],[102.1941805,25.088339],[102.1932363,25.0877949],[102.1924639,25.0877269],[102.1912837,25.0883099],[102.1888544,25.0886046],[102.1875179,25.0886305],[102.1873891,25.0882224],[102.1875608,25.0875908],[102.1876359,25.0873479],[102.1876359,25.0871147],[102.1868527,25.0864734],[102.186681,25.0861722],[102.1865415,25.0843551],[102.1867025,25.0837138],[102.1876788,25.0818093],[102.1877003,25.0814206],[102.1870136,25.0808181],[102.1850288,25.0807307],[102.1829152,25.0784957],[102.1810698,25.0752889],[102.1790206,25.0733551],[102.1781945,25.0724513],[102.1767676,25.0715378],[102.1752441,25.070809],[102.1752334,25.0702939],[102.176553,25.0688265],[102.1766174,25.0684183],[102.1762633,25.0680782],[102.176156,25.0678838],[102.1761668,25.0676506],[102.1759522,25.0672619],[102.1758771,25.0669411],[102.1758234,25.0666107],[102.1756947,25.0663192],[102.1744394,25.0647934],[102.1741819,25.0648225],[102.1741176,25.0640353],[102.1737957,25.0637049],[102.1738171,25.0634036],[102.1736348,25.0628983],[102.1733987,25.062665],[102.1730125,25.0621499],[102.1724546,25.0617223],[102.1709204,25.0613821],[102.1690535,25.0595356],[102.1679807,25.0584276]]]}}]}
