{"type":"FeatureCollection","features":[{"type":"Feature","properties":{"place_id":240538746,"osm_type":"relation","osm_id":2729779,"place_rank":10,"category":"boundary","type":"administrative","importance":0.5721994161511839,"addresstype":"city","name":"丽江市","display_name":"丽江市, 云南省, 中国"},"bbox":[99.3821766,25.9885792,101.5122985,27.9275919],"geometry":{"type":"Polygon","coordinates":[[[99.3821766,27.2163758],[99.3830234,27.2155103],[99.3837693,27.2153018],[99.3841548,27.2151655],[99.3845222,27.2149853],[99.384716,27.2148582],[99.3848228,27.2147541],[99.3849287,27.2146041],[99.3851074,27.214301],[99.3851624,27.214117],[99.3851923,27.213914],[99.3851942,27.2133652],[99.3850116,27.2126615],[99.3849986,27.2125265],[99.3850745,27.2119976],[99.3852403,27.2117255],[99.3852992,27.2115015],[99.3853322,27.2110546],[99.3854411,27.2102248],[99.3854011,27.2099728],[99.3854131,27.2096779],[99.38549,27.2094979],[99.3856228,27.2093049],[99.3859135,27.2089897],[99.3860403,27.2087327],[99.3860912,27.2086027],[99.3861292,27.2080778],[99.3861961,27.2077778],[99.386273,27.2076098],[99.3863669,27.2074748],[99.3864937,27.2073527],[99.3866784,27.2072446],[99.3869441,27.2071285],[99.3879808,27.2067499],[99.3883304,27.2066658],[99.3885491,27.2065647],[99.3887848,27.2063686],[99.3888706,27.2062655],[99.3889636,27.2059726],[99.3890665,27.2057925],[99.3891293,27.2057245],[99.3893911,27.2055314],[99.3895369,27.2054584],[99.3898915,27.2053502],[99.3910912,27.2050667],[99.391245,27.2049976],[99.3913868,27.2048826],[99.3915147,27.2047356],[99.3915657,27.2046096],[99.3915597,27.2042766],[99.3915777,27.2041297],[99.3919563,27.2035586],[99.3920282,27.2034157],[99.3920492,27.2032087],[99.3920342,27.2026848],[99.392239,27.2024488],[99.3923379,27.2023718],[99.3924158,27.2023577],[99.3925606,27.2022987],[99.3927355,27.2021757],[99.3928933,27.2019956],[99.3931321,27.2016616],[99.3932699,27.2015076],[99.3934358,27.2013766],[99.3935427,27.2013185],[99.3936286,27.2012995],[99.394243,27.2013283],[99.3944857,27.2013162],[99.3949793,27.2011461],[99.3951202,27.2011391],[99.3952271,27.201172],[99.395321,27.201222],[99.3954588,27.2012479],[99.3956097,27.2012259],[99.3957326,27.2011629],[99.3958405,27.2010749],[99.3959474,27.2009179],[99.3961213,27.2007799],[99.3963011,27.2006748],[99.3966697,27.2005548],[99.3969825,27.2003447],[99.3971664,27.2001508],[99.3973153,27.2000597],[99.3974002,27.2000437],[99.3979678,27.2000156],[99.3981426,27.1999876],[99.3982625,27.1999336],[99.3984754,27.1997726],[99.3986433,27.1996186],[99.3987762,27.1995646],[99.3988781,27.1995406],[99.3991279,27.1995146],[99.3994147,27.1995015],[99.3995426,27.1994505],[99.3996844,27.1993355],[99.3998764,27.1991326],[99.4000373,27.1988826],[99.4002042,27.1987216],[99.4003401,27.1986446],[99.4005629,27.1985886],[99.4007278,27.1985646],[99.4008477,27.1986056],[99.4010526,27.1987356],[99.4017931,27.1990605],[99.4019391,27.1990774],[99.402127,27.1990594],[99.4022979,27.1990065],[99.4028086,27.1986516],[99.4034313,27.1980537],[99.4048156,27.197439],[99.4083574,27.196241],[99.410562,27.1944531],[99.4103371,27.1932663],[99.4085575,27.1910933],[99.4054317,27.1849652],[99.4054238,27.1814021],[99.4056407,27.1800174],[99.4087308,27.1780276],[99.4113784,27.1764369],[99.4142514,27.173854],[99.4162306,27.1712758],[99.4146507,27.1625711],[99.4150848,27.159798],[99.4159619,27.1588068],[99.4170811,27.1578018],[99.4213874,27.157865],[99.4241737,27.1580165],[99.4260919,27.1582664],[99.4284006,27.1577602],[99.43012,27.1569424],[99.4320819,27.1547595],[99.4333842,27.1522659],[99.4335225,27.1481312],[99.4332273,27.1442428],[99.4332884,27.1388103],[99.4330973,27.1354839],[99.4327331,27.1325582],[99.4325679,27.1308134],[99.4332016,27.1286369],[99.4338954,27.1275851],[99.4363962,27.1259962],[99.4385568,27.1251588],[99.4398685,27.12487],[99.4410312,27.1231204],[99.4413006,27.1202236],[99.4411705,27.118023],[99.4411265,27.1161614],[99.4403885,27.1154014],[99.437698,27.1169426],[99.4343561,27.1181753],[99.431213,27.1184939],[99.429086,27.1188782],[99.4275149,27.1189513],[99.4252154,27.1186069],[99.4234704,27.1179534],[99.422585,27.1168079],[99.4222979,27.115182],[99.4222119,27.1137154],[99.4229663,27.1115316],[99.4246773,27.1104316],[99.4282617,27.1090778],[99.4305106,27.1076129],[99.4314566,27.1030983],[99.4318119,27.1017272],[99.4319511,27.0997979],[99.4304059,27.0939884],[99.429269,27.0886135],[99.4273507,27.0826538],[99.4269505,27.0791663],[99.4271597,27.0761594],[99.4279323,27.0710896],[99.4287661,27.0681074],[99.4297901,27.0651194],[99.4306408,27.0635549],[99.4328199,27.0629409],[99.4352765,27.0627674],[99.4368213,27.0622978],[99.4373418,27.0603522],[99.4370727,27.0578754],[99.437264,27.0536828],[99.4379059,27.0505986],[99.4382624,27.0479229],[99.4391386,27.0435285],[99.4407278,27.0414737],[99.4425244,27.0399741],[99.4452676,27.0372438],[99.4489047,27.0334509],[99.4521426,27.0306403],[99.4551374,27.0288582],[99.4581927,27.0272416],[99.4608925,27.0259263],[99.4634271,27.0249588],[99.4656754,27.0244555],[99.4675678,27.0243664],[99.4690696,27.0241814],[99.4698937,27.0221071],[99.4701714,27.0194335],[99.4711008,27.0158269],[99.4722809,27.012266],[99.4733227,27.007578],[99.4743735,27.0037959],[99.475311,27.001601],[99.4757791,27.0000517],[99.4760399,26.9994916],[99.4762485,26.9989233],[99.4772111,26.9981382],[99.4780453,26.9976367],[99.4790691,26.9970787],[99.4800157,26.9964665],[99.4807707,26.9956789],[99.4818638,26.9931187],[99.4827754,26.9915317],[99.4836348,26.9904575],[99.4846336,26.9900175],[99.4858751,26.9898112],[99.4870464,26.9895437],[99.4881144,26.989047],[99.4887392,26.988199],[99.4897291,26.9869533],[99.4902586,26.9857011],[99.4901544,26.9845531],[99.4897984,26.9833414],[99.4894333,26.9823025],[99.489659,26.9810455],[99.4899369,26.9796747],[99.4919507,26.9756937],[99.492376,26.9736365],[99.4926719,26.9716948],[99.4925326,26.969053],[99.4923851,26.9671001],[99.4918734,26.965465],[99.4925147,26.9640642],[99.4929921,26.962641],[99.4933572,26.9605246],[99.493661,26.958524],[99.4946069,26.9559614],[99.4949199,26.9534999],[99.4956049,26.9510476],[99.4959791,26.9488172],[99.4962128,26.9467574],[99.4970112,26.9453361],[99.4978537,26.9444919],[99.4987042,26.9438186],[99.5000582,26.9431528],[99.5018033,26.9426122],[99.503748,26.9415533],[99.5047369,26.9399666],[99.5062394,26.9385025],[99.5089122,26.936427],[99.5100927,26.9348978],[99.5106403,26.9331308],[99.5107356,26.9317574],[99.5107527,26.9307267],[99.5108398,26.9295222],[99.5114558,26.9275815],[99.5137735,26.9241271],[99.5148847,26.9228836],[99.5163429,26.9204444],[99.5171332,26.919253],[99.5181219,26.9177212],[99.5195109,26.9157396],[99.5205699,26.9141509],[99.5215596,26.912907],[99.5225323,26.9121219],[99.5240775,26.9116873],[99.5259955,26.9116636],[99.5281052,26.9117573],[99.5313605,26.9119849],[99.5380007,26.9127855],[99.5404222,26.9131132],[99.5416379,26.9131351],[99.5428015,26.9127528],[99.5440863,26.9120279],[99.5459091,26.9111411],[99.547324,26.9104204],[99.5481566,26.9099732],[99.5495976,26.9093803],[99.5555524,26.9066205],[99.5581217,26.9036017],[99.5570631,26.8996697],[99.5549797,26.8962036],[99.5552142,26.89134],[99.5566807,26.8890032],[99.5565244,26.888656],[99.5560817,26.8881173],[99.555683,26.8877686],[99.5555959,26.8876355],[99.5553004,26.88738],[99.5548667,26.8869483],[99.5540853,26.8865419],[99.553895,26.8864295],[99.5536606,26.8861642],[99.5535474,26.88578],[99.553322,26.8848358],[99.5531217,26.8844415],[99.5528793,26.8836102],[99.5525146,26.8829136],[99.5524184,26.8828004],[99.5523493,26.8826093],[99.5524275,26.8822255],[99.5525487,26.8818499],[99.5526449,26.8814271],[99.5529054,26.8810867],[99.5534523,26.8806938],[99.5536597,26.8804053],[99.5538861,26.8800318],[99.5539553,26.879626],[99.5541115,26.8791284],[99.5543369,26.8787529],[99.5548498,26.8781539],[99.5551363,26.8777156],[99.5554138,26.8774101],[99.5560209,26.8764574],[99.5561249,26.8762117],[99.5561601,26.8760078],[99.5561431,26.8749189],[99.556082,26.8737291],[99.5559088,26.8729999],[99.5558386,26.8728358],[99.5557004,26.8723816],[99.5556743,26.8719996],[99.5557435,26.8714989],[99.5557696,26.871151],[99.5559519,26.8706064],[99.5562123,26.870131],[99.5563946,26.8696644],[99.5566982,26.869083],[99.5570718,26.8685148],[99.5573923,26.8679065],[99.5575055,26.8677567],[99.5576968,26.8672971],[99.5580003,26.8667787],[99.558443,26.8660926],[99.5587947,26.8651725],[99.559051,26.864502],[99.5591552,26.8640792],[99.5592153,26.8635124],[99.5592674,26.8632676],[99.5594497,26.8627919],[99.5594847,26.862625],[99.559702,26.8623365],[99.5600486,26.8619871],[99.5608127,26.8615414],[99.5615157,26.8610706],[99.562358,26.8602981],[99.5631911,26.8594545],[99.5637729,26.8588985],[99.5639902,26.8586059],[99.5643026,26.8582674],[99.5644498,26.8580477],[99.5651708,26.8577508],[99.5657865,26.8576747],[99.5666025,26.8576878],[99.5673313,26.8580288],[99.567853,26.8581304],[99.5695018,26.8585075],[99.5714208,26.8584819],[99.5732174,26.8583389],[99.5737379,26.8578896],[99.5738861,26.8570889],[99.5737029,26.8562838],[99.5732866,26.8546736],[99.5724879,26.853341],[99.5711777,26.8518257],[99.5697362,26.8500243],[99.5688683,26.8490353],[99.5679303,26.8478763],[99.5675749,26.846778],[99.5674007,26.8454],[99.5674529,26.8432824],[99.5681907,26.8413417],[99.5681567,26.8400249],[99.5674009,26.839324],[99.5663947,26.8385058],[99.565005,26.8378479],[99.563478,26.8375377],[99.5612289,26.8377871],[99.5584687,26.8384864],[99.5564204,26.8389657],[99.5542937,26.8396757],[99.5531217,26.8404583],[99.5518283,26.8413547],[99.5504738,26.8417909],[99.5496492,26.8415483],[99.5486423,26.8405003],[99.5479048,26.83928],[99.5472966,26.8381259],[99.5474269,26.8374403],[99.5483929,26.8362065],[99.5488157,26.8357435],[99.5495972,26.8349532],[99.5519066,26.834248],[99.5542328,26.8333716],[99.5571838,26.8327871],[99.5589115,26.832588],[99.5611509,26.8324528],[99.5633209,26.8327762],[99.5649711,26.8332626],[99.5664289,26.8338615],[99.5678265,26.8343434],[99.5699878,26.8348381],[99.5724102,26.8354498],[99.5739986,26.8356496],[99.5754048,26.835502],[99.5768199,26.8352374],[99.5777305,26.8347384],[99.5782519,26.833772],[99.5778957,26.8328458],[99.5770801,26.8318602],[99.5763506,26.8304737],[99.5763677,26.8293259],[99.5766979,26.8288163],[99.5772884,26.827679],[99.578156,26.8261439],[99.5786423,26.8243167],[99.5784082,26.8232817],[99.5779129,26.8227003],[99.5772184,26.8221168],[99.5755082,26.8211683],[99.5738678,26.8201678],[99.5726098,26.8192305],[99.5719932,26.8184169],[99.5720623,26.8177311],[99.5724617,26.8172776],[99.5730432,26.8170013],[99.5738159,26.8167842],[99.5743973,26.8164528],[99.5745886,26.8160531],[99.5746666,26.8155952],[99.5745536,26.8149612],[99.5741892,26.8138659],[99.5733996,26.8119624],[99.5720885,26.8103351],[99.5709164,26.808538],[99.5701787,26.8071493],[99.5700135,26.8057143],[99.5698054,26.8030714],[99.5699786,26.8011268],[99.5704651,26.7992437],[99.5718196,26.7955387],[99.5731038,26.7922356],[99.5758902,26.787294],[99.5796059,26.7803021],[99.5804124,26.778425],[99.5808987,26.7765995],[99.5809597,26.7762675],[99.581619,26.7748891],[99.5844665,26.7654669],[99.5878516,26.7566885],[99.589067,26.7459728],[99.5919312,26.741417],[99.594978,26.7371847],[99.5983893,26.7323023],[99.59924,26.7305273],[99.599292,26.7300083],[99.599379,26.7286894],[99.5989712,26.7265055],[99.5984675,26.7227687],[99.5982765,26.7201298],[99.5983896,26.7176079],[99.5988844,26.715267],[99.5990665,26.7125741],[99.5998823,26.7100081],[99.6010288,26.707472],[99.6043961,26.7063103],[99.6108023,26.7036867],[99.6166623,26.7017948],[99.6187019,26.7013711],[99.6203079,26.7011737],[99.6219137,26.7009112],[99.6229983,26.7005271],[99.6240319,26.6999711],[99.6251253,26.6993009],[99.6268268,26.697723],[99.629292,26.6953571],[99.6309843,26.6937801],[99.6341877,26.6903339],[99.6379111,26.6862106],[99.6424255,26.6808157],[99.6446568,26.6817898],[99.6532095,26.6814543],[99.6625515,26.6791906],[99.6704545,26.6751314],[99.6757842,26.6726382],[99.6766672,26.6719415],[99.6796035,26.6696259],[99.6879718,26.6627632],[99.6898558,26.6609017],[99.6907229,26.658623],[99.6909495,26.6574247],[99.6912269,26.6559381],[99.6914615,26.6541046],[99.6914356,26.6519846],[99.6914177,26.6499205],[99.6912531,26.6479697],[99.691288,26.6466526],[99.6915655,26.644992],[99.691782,26.6440196],[99.6928328,26.6423746],[99.6948466,26.6405151],[99.6962787,26.6389895],[99.6997948,26.6356065],[99.7005673,26.6352152],[99.7010274,26.6345925],[99.7013049,26.63374],[99.7014526,26.6321336],[99.701808,26.630649],[99.701826,26.6296188],[99.7020336,26.6285904],[99.7024418,26.6277937],[99.704499,26.6266805],[99.7097767,26.6242977],[99.712051,26.6232125],[99.7138391,26.6229282],[99.7154886,26.6227021],[99.7175366,26.6228217],[99.7184313,26.6229956],[99.7209749,26.6231149],[99.7263303,26.6234137],[99.7274851,26.6236438],[99.7280574,26.6239893],[99.7286918,26.6242758],[99.7292642,26.6248484],[99.7297247,26.6257581],[99.730454,26.6273177],[99.731452,26.6286531],[99.7321893,26.6297527],[99.7328148,26.6305663],[99.733778,26.6310468],[99.7345254,26.6311073],[99.7368517,26.630113],[99.7373543,26.6300656],[99.7381798,26.6304213],[99.7407053,26.6318924],[99.7431621,26.6334788],[99.7450454,26.6349414],[99.7499152,26.6375391],[99.752902,26.6384463],[99.7588477,26.6405447],[99.762676,26.6410632],[99.7662958,26.6416912],[99.7679538,26.6419472],[99.7689693,26.6423069],[99.7702974,26.6428998],[99.7718075,26.6440131],[99.7731876,26.6452363],[99.7742555,26.6460573],[99.7751413,26.6465841],[99.7763474,26.6470053],[99.7776847,26.6472546],[99.7810003,26.647363],[99.7842472,26.6475287],[99.7868686,26.647511],[99.7887782,26.6475975],[99.7908352,26.6471682],[99.7934571,26.6464059],[99.7960873,26.6455857],[99.7991774,26.6443704],[99.8017468,26.6433785],[99.8034308,26.6422022],[99.8051749,26.640736],[99.8059745,26.6394853],[99.8063042,26.6386328],[99.8065727,26.6378902],[99.8075455,26.6371048],[99.8084302,26.6367203],[99.8106965,26.6368663],[99.8137864,26.6365038],[99.8172323,26.6355701],[99.8201062,26.6333022],[99.8218588,26.6309414],[99.8233519,26.6282529],[99.8244372,26.627612],[99.8255566,26.6257939],[99.8264073,26.6246024],[99.8276319,26.6238757],[99.8321803,26.6229682],[99.8367025,26.6233807],[99.8409562,26.6241896],[99.8468067,26.6257652],[99.8575273,26.625409],[99.8593153,26.6255508],[99.8602699,26.6255652],[99.8647229,26.6256286],[99.8769191,26.6225599],[99.8845664,26.6225124],[99.8896619,26.6226706],[99.894341,26.6237856],[99.8958425,26.6256852],[99.8960776,26.6281654],[99.8930041,26.6424994],[99.8930221,26.6455525],[99.893248,26.6474578],[99.8953829,26.6487815],[99.9017548,26.6489315],[99.9129781,26.6448515],[99.9205067,26.6406572],[99.9206287,26.6403751],[99.9217307,26.638957],[99.9236058,26.6378372],[99.9254717,26.6366612],[99.9294129,26.6336775],[99.9316878,26.6321625],[99.9338056,26.6308735],[99.9356807,26.6295827],[99.9374248,26.6283459],[99.9388482,26.6272195],[99.9400811,26.6260884],[99.9411921,26.6248454],[99.9422431,26.6227964],[99.942833,26.6220023],[99.9435446,26.6211539],[99.9441354,26.6203588],[99.9439009,26.6190921],[99.9437882,26.6185773],[99.9434758,26.6176527],[99.9436754,26.6169503],[99.9440307,26.6159536],[99.944343,26.6153639],[99.9446555,26.6147323],[99.9452373,26.6142632],[99.9459668,26.6139638],[99.9485792,26.6140565],[99.9502375,26.6142543],[99.9520952,26.6140503],[99.9541354,26.6136209],[99.9566352,26.6131392],[99.9590051,26.6124836],[99.9601682,26.6118128],[99.9608105,26.6112492],[99.9610708,26.6106735],[99.961392,26.6103226],[99.9638922,26.6086402],[99.9677114,26.6063533],[99.9728585,26.6039373],[99.9916092,26.5990505],[99.999248,26.595309],[100.0055671,26.5918154],[100.0104451,26.5890434],[100.0150462,26.5862744],[100.0184055,26.5855845],[100.0187185,26.5856236],[100.0209405,26.5863423],[100.0236051,26.5871248],[100.0260189,26.5881882],[100.0284146,26.5894258],[100.0292133,26.5897078],[100.0323901,26.5899404],[100.0340744,26.5903501],[100.03634,26.5934337],[100.0376933,26.5951046],[100.0388929,26.5962278],[100.0410534,26.5963306],[100.0464509,26.5962844],[100.048245,26.595898],[100.049463,26.595823],[100.050195,26.59598],[100.052071,26.597534],[100.053128,26.598678],[100.053217,26.599074],[100.052002,26.601258],[100.051801,26.603844],[100.052172,26.607989],[100.05207,26.608627],[100.051489,26.60955],[100.052615,26.61042],[100.052965,26.611848],[100.052835,26.612564],[100.052311,26.613335],[100.051058,26.614463],[100.050464,26.615332],[100.050494,26.615559],[100.052204,26.615903],[100.05233,26.616363],[100.051925,26.616809],[100.050096,26.617616],[100.049706,26.618074],[100.049405,26.618948],[100.049064,26.623402],[100.049782,26.625715],[100.050465,26.627357],[100.05079,26.629061],[100.050724,26.629594],[100.049904,26.630939],[100.049832,26.631589],[100.051021,26.635803],[100.052082,26.637838],[100.052763,26.639134],[100.052649,26.640693],[100.05293,26.642121],[100.053902,26.64454],[100.055253,26.646008],[100.05669,26.647104],[100.058177,26.647459],[100.060247,26.648215],[100.061697,26.64767],[100.062893,26.64649],[100.063811,26.645128],[100.06489,26.643752],[100.066765,26.643206],[100.069305,26.642855],[100.070873,26.642863],[100.073926,26.643176],[100.076457,26.642887],[100.0782193,26.6424998],[100.0798286,26.6420921],[100.082553,26.639898],[100.083601,26.638459],[100.084143,26.637006],[100.084286,26.635422],[100.08395,26.633535],[100.085119,26.632793],[100.086461,26.632056],[100.086745,26.63158],[100.086745,26.630172],[100.085581,26.627272],[100.085407,26.625865],[100.085932,26.625134],[100.086851,26.624744],[100.088715,26.624431],[100.089209,26.624154],[100.08949,26.623471],[100.089721,26.621515],[100.089926,26.621163],[100.091471,26.620697],[100.093034,26.619873],[100.093513,26.619493],[100.093536,26.618986],[100.093153,26.618295],[100.093187,26.618028],[100.093935,26.617906],[100.09539,26.618115],[100.096845,26.618044],[100.098125,26.618494],[100.100942,26.618445],[100.102854,26.617806],[100.104816,26.617702],[100.106505,26.617197],[100.10857,26.61726],[100.109932,26.616648],[100.110848,26.615695],[100.111907,26.61325],[100.112057,26.611765],[100.111606,26.610179],[100.11061,26.608904],[100.110329,26.608216],[100.110248,26.60724],[100.110709,26.606117],[100.11104,26.605835],[100.111859,26.60594],[100.114728,26.607781],[100.116611,26.608614],[100.11876,26.609165],[100.119546,26.609608],[100.121354,26.610201],[100.121781,26.610172],[100.122184,26.609857],[100.122474,26.609021],[100.122647,26.608174],[100.123512,26.607608],[100.126756,26.606548],[100.131073,26.605958],[100.131978,26.606016],[100.132603,26.606245],[100.139434,26.611466],[100.139981,26.611818],[100.14443,26.612363],[100.144882,26.612613],[100.14503,26.614343],[100.14542,26.614911],[100.146119,26.615346],[100.147178,26.615583],[100.153939,26.617698],[100.155365,26.618535],[100.157146,26.622366],[100.157989,26.623616],[100.15876,26.625437],[100.16083,26.629273],[100.1615102,26.6299672],[100.163151,26.631663],[100.164118,26.632434],[100.165253,26.633951],[100.166275,26.634805],[100.167123,26.636919],[100.167164,26.638499],[100.168916,26.641971],[100.170111,26.64378],[100.171647,26.645125],[100.173419,26.646984],[100.176723,26.651562],[100.177524,26.653247],[100.179525,26.655905],[100.180221,26.657096],[100.182008,26.65843],[100.183138,26.661998],[100.183467,26.663424],[100.184537,26.665393],[100.184697,26.666068],[100.185222,26.666939],[100.186346,26.667908],[100.18698,26.669005],[100.187754,26.672677],[100.188538,26.67496],[100.189518,26.676556],[100.192685,26.679977],[100.194831,26.683639],[100.195984,26.687755],[100.196888,26.688692],[100.200073,26.690114],[100.203418,26.690708],[100.204942,26.691247],[100.207147,26.692716],[100.207791,26.693432],[100.208254,26.695008],[100.208224,26.697901],[100.208081,26.698152],[100.208477,26.698319],[100.209719,26.697993],[100.213021,26.69627],[100.216396,26.693514],[100.21953,26.692033],[100.220876,26.691369],[100.221551,26.691232],[100.223161,26.691572],[100.225032,26.692734],[100.227153,26.693171],[100.230426,26.693589],[100.232637,26.694555],[100.233597,26.695764],[100.234305,26.697133],[100.234963,26.697547],[100.236372,26.697465],[100.238848,26.698565],[100.24094,26.70018],[100.242739,26.700493],[100.243261,26.700523],[100.243871,26.700982],[100.244582,26.700862],[100.245817,26.70002],[100.246574,26.699637],[100.246806,26.698991],[100.246574,26.69835],[100.245903,26.697673],[100.245864,26.693694],[100.245224,26.693187],[100.244435,26.692856],[100.244079,26.692886],[100.243455,26.693377],[100.243178,26.693388],[100.242566,26.692802],[100.241504,26.692514],[100.241317,26.69231],[100.241542,26.691485],[100.241489,26.690688],[100.241277,26.690484],[100.240312,26.690132],[100.240435,26.689394],[100.240194,26.688856],[100.240992,26.66988],[100.239603,26.665938],[100.239496,26.665027],[100.238815,26.663097],[100.238644,26.66157],[100.238081,26.659866],[100.238243,26.657613],[100.238702,26.656179],[100.23988,26.655061],[100.240124,26.653888],[100.240878,26.652658],[100.241669,26.652115],[100.241479,26.650056],[100.242006,26.648539],[100.241545,26.647509],[100.241371,26.646776],[100.241587,26.644375],[100.241972,26.644112],[100.243549,26.644432],[100.244262,26.643874],[100.245478,26.64358],[100.246645,26.643127],[100.247444,26.643641],[100.248487,26.644456],[100.251098,26.645968],[100.252493,26.646851],[100.25421,26.647228],[100.257124,26.647159],[100.263241,26.645826],[100.264715,26.646181],[100.266466,26.646835],[100.268462,26.646849],[100.270419,26.647782],[100.270962,26.648169],[100.272475,26.649671],[100.273085,26.651311],[100.273012,26.652751],[100.273344,26.653233],[100.274696,26.653248],[100.278545,26.652448],[100.28155,26.652709],[100.284538,26.652783],[100.28613,26.652932],[100.288905,26.652878],[100.292788,26.654778],[100.294617,26.656568],[100.295067,26.657059],[100.295399,26.657036],[100.29572,26.656037],[100.295776,26.652817],[100.29629,26.650238],[100.295837,26.647261],[100.295435,26.645508],[100.295485,26.643745],[100.294635,26.638141],[100.294523,26.636374],[100.294663,26.635697],[100.295648,26.635111],[100.297513,26.634246],[100.300212,26.632511],[100.302786,26.630011],[100.304801,26.627788],[100.305634,26.627739],[100.3075,26.627973],[100.310546,26.628875],[100.312568,26.628926],[100.313409,26.628902],[100.3152669,26.6291815],[100.3170158,26.6287033],[100.3176082,26.6282507],[100.319754,26.627994],[100.320761,26.627535],[100.321042,26.628134],[100.321162,26.629199],[100.322035,26.629629],[100.323223,26.630058],[100.323779,26.630595],[100.326432,26.630989],[100.327893,26.631152],[100.329154,26.631365],[100.33055,26.630925],[100.331014,26.630331],[100.331962,26.629323],[100.333782,26.628711],[100.334731,26.627812],[100.335996,26.627855],[100.337423,26.627103],[100.339252,26.627116],[100.341395,26.625957],[100.342587,26.625964],[100.344591,26.627931],[100.345519,26.628318],[100.346021,26.628106],[100.346841,26.625992],[100.346813,26.6246],[100.346106,26.623361],[100.345086,26.62275],[100.343011,26.6218],[100.341547,26.620768],[100.340561,26.619185],[100.340363,26.616815],[100.341051,26.613941],[100.340295,26.612263],[100.339469,26.610926],[100.338671,26.608657],[100.337859,26.605536],[100.337128,26.603845],[100.336868,26.602765],[100.3364121,26.602137],[100.339853,26.600316],[100.3421,26.600419],[100.343948,26.599807],[100.344851,26.599134],[100.345722,26.598113],[100.346043,26.598145],[100.346701,26.598717],[100.347351,26.598636],[100.34811,26.597451],[100.348702,26.597535],[100.351968,26.599328],[100.353411,26.599992],[100.353551,26.60019],[100.35335,26.60095],[100.352824,26.601769],[100.352615,26.603263],[100.350932,26.604756],[100.350692,26.605512],[100.350836,26.606065],[100.352244,26.607625],[100.352636,26.60814],[100.353309,26.61056],[100.35323,26.610855],[100.352463,26.611367],[100.352343,26.611952],[100.352638,26.612179],[100.35329,26.612333],[100.353481,26.61255],[100.353645,26.613413],[100.354102,26.613863],[100.358136,26.614794],[100.359126,26.615454],[100.358915,26.616878],[100.359069,26.617306],[100.359468,26.617382],[100.360416,26.616385],[100.361335,26.614649],[100.362415,26.611554],[100.363713,26.609745],[100.365449,26.608057],[100.365953,26.606909],[100.365883,26.604658],[100.365672,26.604291],[100.365232,26.60398],[100.362366,26.603787],[100.362065,26.603505],[100.362193,26.601148],[100.362068,26.60036],[100.361228,26.59932],[100.360694,26.59889],[100.35902,26.598277],[100.358991,26.598127],[100.361118,26.597813],[100.365224,26.598394],[100.367019,26.59778],[100.369878,26.595519],[100.370719,26.594504],[100.369821,26.59207],[100.369717,26.590848],[100.369997,26.589607],[100.369893,26.589313],[100.369275,26.589279],[100.367515,26.589608],[100.36665,26.589476],[100.36543,26.588423],[100.364671,26.586942],[100.363867,26.585406],[100.363528,26.583846],[100.362245,26.582405],[100.36189,26.581334],[100.361664,26.580493],[100.3606,26.580238],[100.359063,26.580052],[100.358174,26.578752],[100.357515,26.57723],[100.358031,26.572082],[100.358639,26.570338],[100.359345,26.568499],[100.360512,26.567689],[100.361959,26.567276],[100.364197,26.56746],[100.371663,26.5693],[100.373363,26.569811],[100.374127,26.570306],[100.376288,26.570459],[100.377672,26.5708],[100.379545,26.569858],[100.380998,26.569062],[100.382952,26.568723],[100.385332,26.568378],[100.386863,26.56819],[100.387588,26.567441],[100.388677,26.567317],[100.3907166,26.5665364],[100.3926862,26.5660079],[100.394179,26.56562],[100.397021,26.56537],[100.4041083,26.5650352],[100.4034901,26.5627547],[100.4029969,26.5600233],[100.4029789,26.558628],[100.4034999,26.5570848],[100.4041678,26.5557826],[100.4043329,26.5544054],[100.4051669,26.5526042],[100.4067288,26.5514692],[100.4083521,26.5505204],[100.4090553,26.5491814],[100.4084822,26.5473239],[100.4080312,26.5462826],[100.4080482,26.5450533],[100.4081783,26.543344],[100.4088124,26.542155],[100.4101147,26.5407761],[100.4114941,26.5397365],[100.4131606,26.538732],[100.4149585,26.5369099],[100.415815,26.537116],[100.417045,26.537173],[100.418499,26.538091],[100.421122,26.538198],[100.423597,26.538292],[100.425484,26.537531],[100.426319,26.53773],[100.426856,26.539785],[100.427558,26.541533],[100.432214,26.542329],[100.438035,26.542784],[100.438311,26.542645],[100.438285,26.541432],[100.438071,26.540595],[100.43933,26.540324],[100.440054,26.541033],[100.441069,26.540691],[100.4419,26.540268],[100.444104,26.540219],[100.445797,26.539682],[100.446742,26.539591],[100.447635,26.53927],[100.448237,26.539873],[100.450453,26.539771],[100.450887,26.539571],[100.451658,26.53817],[100.453387,26.536989],[100.453938,26.535707],[100.45428,26.535253],[100.453846,26.532516],[100.453837,26.531493],[100.453018,26.530316],[100.451616,26.528915],[100.450824,26.527417],[100.450358,26.525434],[100.449862,26.522973],[100.449505,26.522262],[100.449458,26.519984],[100.449155,26.518903],[100.448271,26.517811],[100.445551,26.516086],[100.443316,26.51513],[100.442318,26.51427],[100.440059,26.511424],[100.440065,26.510564],[100.441283,26.509806],[100.44441,26.508934],[100.448127,26.507698],[100.450752,26.506813],[100.454816,26.506654],[100.456447,26.506367],[100.45742,26.505819],[100.458162,26.504702],[100.45931,26.502449],[100.460071,26.501037],[100.461055,26.499999],[100.462546,26.499674],[100.466911,26.497205],[100.469257,26.49526],[100.469387,26.494363],[100.469203,26.492292],[100.469632,26.490665],[100.469943,26.489674],[100.469931,26.48875],[100.46939,26.487853],[100.469609,26.487061],[100.470192,26.486328],[100.471864,26.485442],[100.471742,26.485203],[100.469392,26.484954],[100.46725,26.485486],[100.465524,26.485759],[100.463889,26.486516],[100.460905,26.487309],[100.458606,26.4867],[100.456393,26.487248],[100.4541,26.486729],[100.452891,26.486967],[100.451903,26.486687],[100.450697,26.486894],[100.450259,26.485147],[100.44985,26.484769],[100.449613,26.48434],[100.44948,26.483432],[100.449065,26.483365],[100.445346,26.485396],[100.443416,26.485408],[100.440467,26.486986],[100.43959,26.487097],[100.437527,26.486237],[100.436375,26.485817],[100.435052,26.486099],[100.4338,26.486585],[100.433557,26.486408],[100.433603,26.484869],[100.433224,26.484142],[100.432585,26.483584],[100.431782,26.483031],[100.431348,26.48133],[100.430707,26.480765],[100.429317,26.480069],[100.428444,26.478636],[100.427573,26.477847],[100.426891,26.477952],[100.4266393,26.4776169],[100.4274213,26.4770442],[100.4282288,26.4764093],[100.428855,26.4755548],[100.4296009,26.4741314],[100.4302348,26.4713162],[100.430391,26.4690879],[100.4299836,26.4671758],[100.4286812,26.4652636],[100.4284039,26.464061],[100.4282908,26.4630325],[100.4285512,26.4612943],[100.4298006,26.4578957],[100.4306256,26.4561402],[100.4319713,26.4548926],[100.4340112,26.4533278],[100.4357906,26.4525681],[100.4378478,26.4522212],[100.4395404,26.4510356],[100.4409117,26.4492503],[100.4418494,26.4461989],[100.442119,26.44514],[100.4411724,26.4429736],[100.44033,26.4409186],[100.4396009,26.4387527],[100.43908,26.4371553],[100.438959,26.4360337],[100.4400347,26.4329524],[100.4406598,26.4323983],[100.4412148,26.4311978],[100.442509,26.428399],[100.4434638,26.4254257],[100.4446791,26.4238484],[100.4459555,26.4229864],[100.447496,26.422216],[100.448958,26.421989],[100.449605,26.422431],[100.449918,26.422762],[100.450759,26.422925],[100.452048,26.422806],[100.454067,26.423477],[100.454795,26.424032],[100.455758,26.424463],[100.456118,26.426058],[100.457121,26.426594],[100.457454,26.427265],[100.458673,26.427877],[100.460087,26.42833],[100.460952,26.429159],[100.461317,26.429843],[100.460753,26.430333],[100.461051,26.430798],[100.463278,26.431597],[100.466059,26.432038],[100.468243,26.43274],[100.469558,26.432635],[100.470848,26.431812],[100.471652,26.431179],[100.473319,26.430821],[100.473203,26.427122],[100.473544,26.424746],[100.474001,26.424159],[100.47537,26.423413],[100.476163,26.422595],[100.476876,26.42354],[100.477718,26.424121],[100.478987,26.423547],[100.480815,26.422384],[100.482418,26.422119],[100.485503,26.420703],[100.490856,26.417486],[100.49173,26.416901],[100.494839,26.415787],[100.493893,26.414175],[100.493582,26.412357],[100.493784,26.409016],[100.49344,26.404265],[100.49325,26.40179],[100.493334,26.397928],[100.493296,26.397176],[100.492693,26.397028],[100.491675,26.397311],[100.489495,26.398179],[100.486671,26.398088],[100.485379,26.398757],[100.48494,26.399274],[100.483906,26.399282],[100.48321,26.3988],[100.481557,26.397895],[100.480459,26.397531],[100.479244,26.39802],[100.478539,26.398161],[100.476504,26.39777],[100.474013,26.397752],[100.472423,26.397858],[100.469636,26.398393],[100.467995,26.39903],[100.466257,26.398294],[100.464978,26.398972],[100.464444,26.399149],[100.463152,26.398872],[100.461669,26.399496],[100.459926,26.400745],[100.459337,26.401119],[100.455916,26.401206],[100.4546,26.401218],[100.453384,26.400707],[100.452064,26.400914],[100.4512036,26.4013229],[100.450417,26.4004279],[100.4491324,26.3979653],[100.4475694,26.3953472],[100.4461494,26.3902712],[100.4465295,26.3823521],[100.4465932,26.3770686],[100.4455132,26.3745033],[100.4431919,26.3721842],[100.4379113,26.3682397],[100.4340674,26.3667121],[100.4320882,26.3648794],[100.4314405,26.3625756],[100.4313927,26.3597692],[100.4331935,26.3567266],[100.4351926,26.3556239],[100.4371363,26.3550868],[100.4393383,26.3554684],[100.4409757,26.3564967],[100.4434966,26.3591118],[100.4455505,26.3601953],[100.4476645,26.3603656],[100.4492095,26.3594857],[100.4497639,26.3584534],[100.4499871,26.3573862],[100.4496907,26.3564091],[100.4460373,26.3536326],[100.4436237,26.3506922],[100.4398052,26.348429],[100.4374824,26.3466272],[100.4367084,26.3455772],[100.4367255,26.34239],[100.4362062,26.3409268],[100.4344859,26.3381995],[100.4303658,26.3347688],[100.429604,26.3323142],[100.4281301,26.3312116],[100.4275042,26.3305096],[100.427115,26.3294849],[100.427353,26.3280287],[100.430874,26.324661],[100.4313293,26.3224964],[100.4312833,26.3205813],[100.4313323,26.3192068],[100.4308721,26.3186911],[100.4299265,26.318417],[100.4283197,26.3193188],[100.4276781,26.3198842],[100.4269226,26.3198674],[100.4258996,26.3196291],[100.4245864,26.3184501],[100.4234029,26.3170228],[100.4227532,26.3163735],[100.4218536,26.3163845],[100.4207948,26.3167023],[100.4181244,26.3199969],[100.4174922,26.3203849],[100.416717,26.3205284],[100.4101257,26.3201429],[100.4079543,26.3196407],[100.4062362,26.3188106],[100.4024266,26.3160752],[100.3969597,26.308619],[100.3941931,26.3038913],[100.3939372,26.3029451],[100.394066,26.3016855],[100.3944391,26.300728],[100.3950159,26.2997716],[100.3956885,26.2986279],[100.3960924,26.2983385],[100.3966799,26.2983157],[100.3981775,26.2992011],[100.4010418,26.3001593],[100.4023172,26.3003715],[100.4033836,26.2999114],[100.4081796,26.2954265],[100.4096764,26.292716],[100.4109861,26.2899243],[100.4117267,26.2874902],[100.4119467,26.286228],[100.4117067,26.2851377],[100.410888,26.2838027],[100.4107091,26.2823445],[100.4115605,26.277386],[100.4117476,26.2723697],[100.4127622,26.2693596],[100.4143199,26.2663492],[100.4154928,26.2625795],[100.4170013,26.2604258],[100.4182631,26.2596554],[100.4189866,26.2586225],[100.4191338,26.2572819],[100.4190979,26.24928],[100.4193151,26.2481806],[100.4199777,26.2471348],[100.4237585,26.2393835],[100.426984,26.2358038],[100.4293561,26.235152],[100.4311195,26.2335909],[100.4354898,26.2311965],[100.4366932,26.2296384],[100.4372373,26.2281814],[100.4372106,26.2256557],[100.4368099,26.2232597],[100.4359265,26.2216197],[100.4341681,26.2209699],[100.4325257,26.220351],[100.4316295,26.2193204],[100.430975,26.2182665],[100.4311321,26.2173756],[100.4331709,26.2141901],[100.4350777,26.212431],[100.4373589,26.2110937],[100.4381288,26.2105052],[100.4392271,26.2097806],[100.4414116,26.2097794],[100.4480159,26.2105022],[100.4488778,26.2105339],[100.449205,26.2099708],[100.449007,26.20898],[100.447918,26.207784],[100.446469,26.206837],[100.445721,26.205914],[100.443471,26.204411],[100.441797,26.203487],[100.440032,26.202516],[100.436677,26.200728],[100.432523,26.198346],[100.429194,26.195305],[100.426937,26.194205],[100.425263,26.193348],[100.4225,26.190946],[100.420322,26.18873],[100.419038,26.187677],[100.41726,26.18704],[100.416153,26.187167],[100.413439,26.1878325],[100.413127,26.184986],[100.413041,26.179855],[100.412514,26.175791],[100.412974,26.174485],[100.415163,26.170242],[100.416133,26.166752],[100.416955,26.165726],[100.41776,26.16509],[100.418668,26.162976],[100.420364,26.160971],[100.421537,26.158733],[100.422486,26.157974],[100.423915,26.156376],[100.425535,26.155776],[100.425275,26.154376],[100.424733,26.153693],[100.423485,26.152963],[100.422662,26.152178],[100.42272,26.149572],[100.422587,26.148956],[100.423389,26.148122],[100.424528,26.14768],[100.423419,26.145523],[100.423035,26.144426],[100.423418,26.143816],[100.424384,26.14306],[100.426662,26.142339],[100.428043,26.141371],[100.429817,26.139379],[100.433117,26.13717],[100.434832,26.135518],[100.437657,26.133557],[100.441227,26.132705],[100.446267,26.131624],[100.448193,26.13219],[100.448992,26.132263],[100.449829,26.131943],[100.451934,26.132121],[100.453694,26.133036],[100.455709,26.131939],[100.456764,26.131925],[100.457578,26.132691],[100.458403,26.133982],[100.460061,26.134979],[100.461485,26.135221],[100.46346,26.13642],[100.463999,26.136929],[100.464775,26.137993],[100.465711,26.139031],[100.466614,26.139192],[100.469,26.138519],[100.47059,26.138851],[100.472445,26.140315],[100.472994,26.140106],[100.474516,26.137962],[100.475982,26.13706],[100.476333,26.136748],[100.477836,26.136348],[100.478301,26.135385],[100.478571,26.134502],[100.478787,26.134399],[100.480903,26.134952],[100.481561,26.135248],[100.48185,26.135126],[100.482553,26.131363],[100.482538,26.129098],[100.482678,26.128088],[100.484876,26.125441],[100.486211,26.122453],[100.486631,26.12061],[100.487755,26.118895],[100.489971,26.116889],[100.490484,26.116753],[100.491108,26.115818],[100.491697,26.115352],[100.491673,26.114786],[100.491191,26.11391],[100.491019,26.113084],[100.490422,26.112432],[100.489838,26.111165],[100.488615,26.109753],[100.485425,26.108593],[100.483905,26.109044],[100.483396,26.109785],[100.48207,26.110272],[100.481505,26.110045],[100.479286,26.110275],[100.478015,26.110088],[100.47766,26.109961],[100.476964,26.109011],[100.476532,26.107046],[100.47623,26.103938],[100.477022,26.102503],[100.478904,26.101129],[100.480174,26.098156],[100.48139,26.097218],[100.482178,26.096036],[100.482145,26.09433],[100.481081,26.092499],[100.480322,26.091693],[100.479148,26.090777],[100.478643,26.090154],[100.476797,26.086476],[100.476064,26.083369],[100.476359,26.07982],[100.477865,26.075816],[100.477978,26.07389],[100.480196,26.071439],[100.481468,26.068349],[100.482229,26.067765],[100.483686,26.067261],[100.484768,26.066896],[100.485443,26.066268],[100.485453,26.065914],[100.484754,26.064518],[100.483868,26.063069],[100.48361,26.061596],[100.483629,26.060438],[100.484343,26.058275],[100.484821,26.056908],[100.484686,26.054496],[100.484393,26.053994],[100.48368,26.050313],[100.482749,26.047807],[100.48243,26.04641],[100.481911,26.04465],[100.481955,26.043672],[100.482709,26.041519],[100.483409,26.040458],[100.483626,26.039724],[100.483606,26.038161],[100.483838,26.036991],[100.48394,26.035513],[100.485516,26.03329],[100.485794,26.032265],[100.489139,26.029213],[100.489614,26.028515],[100.490291,26.025934],[100.490316,26.024074],[100.489958,26.021885],[100.490115,26.020354],[100.4904,26.019596],[100.4913494,26.0177328],[100.4916583,26.0168864],[100.492624,26.0168932],[100.4945509,26.0160463],[100.4958278,26.0150784],[100.4974248,26.0141717],[100.497867,26.0139959],[100.4981881,26.0139718],[100.4985873,26.0139681],[100.4989956,26.0140804],[100.4991429,26.0141549],[100.4993346,26.0143175],[100.4995603,26.0144283],[100.4998201,26.0146863],[100.4999936,26.014914],[100.5001852,26.0152437],[100.5015042,26.015593],[100.5030669,26.0153545],[100.5045426,26.0146685],[100.5062438,26.0137009],[100.5087182,26.0136012],[100.5120864,26.0137684],[100.5141084,26.0140194],[100.5158445,26.014619],[100.5175726,26.0155627],[100.5187349,26.0165737],[100.5211568,26.0196838],[100.5218256,26.0205232],[100.5221907,26.0209815],[100.522303,26.021047],[100.5272254,26.0286548],[100.5288306,26.0287982],[100.5334658,26.0276205],[100.5423981,26.0237706],[100.5458016,26.0224834],[100.5476334,26.0222141],[100.5495943,26.02183],[100.5513045,26.0217413],[100.5509139,26.0212903],[100.5507666,26.0206826],[100.550958,26.0199444],[100.5513658,26.0192958],[100.5517906,26.0189744],[100.5524107,26.0188895],[100.552583,26.0187929],[100.5526311,26.0186308],[100.552607,26.0184226],[100.5519559,26.0174877],[100.550983,26.0163009],[100.5520251,26.0157947],[100.5528415,26.015428],[100.5536571,26.0150052],[100.5557147,26.0140325],[100.5573554,26.0137613],[100.5589349,26.0136599],[100.5601508,26.013857],[100.5614266,26.0141093],[100.5627193,26.0147638],[100.5634144,26.0152802],[100.5638218,26.0155841],[100.5651587,26.0145193],[100.5662701,26.0129757],[100.5663132,26.0117871],[100.5656274,26.0105171],[100.5652719,26.0100182],[100.5650547,26.0095686],[100.5648985,26.0090021],[100.5647853,26.0079761],[100.5647252,26.0070014],[100.5646812,26.0062007],[100.5642737,26.0045601],[100.5640135,26.0035989],[100.5639874,26.0035299],[100.5643338,26.0028419],[100.5649155,26.0024225],[100.5655234,26.0022343],[100.5658188,26.0019084],[100.566018,26.0013092],[100.5661923,26.0000137],[100.5670424,25.9976331],[100.5677281,25.9964613],[100.5680495,25.9957061],[100.5679624,25.9952197],[100.566791,25.9942935],[100.5665739,25.993957],[100.5666089,25.9935426],[100.5671035,25.9928609],[100.5685612,25.9899898],[100.5690028,25.9891659],[100.5690478,25.9890828],[100.5693692,25.988666],[100.5698287,25.9885854],[100.5704021,25.9885792],[100.5707756,25.9888118],[100.5727113,25.9890542],[100.574577,25.9892393],[100.5786138,25.9905021],[100.578926,25.9908406],[100.5790299,25.991249],[100.579039,25.9916352],[100.579117,25.9922226],[100.5795252,25.9928114],[100.5799854,25.9929649],[100.5813221,25.9934493],[100.5825546,25.9934581],[100.5839871,25.993443],[100.5855235,25.9933819],[100.5866259,25.9932324],[100.5886481,25.9925638],[100.5896552,25.9923701],[100.5910962,25.9927178],[100.5919042,25.9931173],[100.592867,25.993675],[100.5972339,25.9969318],[100.5980406,25.9973339],[100.5988042,25.9975401],[100.6000547,25.9979803],[100.6004195,25.9984205],[100.6007662,25.9988029],[100.6013049,25.9994101],[100.6016427,25.9996553],[100.6020775,25.9996863],[100.6035526,25.9997059],[100.6051066,26.0000157],[100.6063826,26.0003154],[100.614195,26.0022576],[100.6155753,26.002599],[100.6205577,26.0038287],[100.6223032,26.0042343],[100.6238138,26.0044468],[100.6265655,26.0038394],[100.6276766,26.0033949],[100.6298809,26.0013067],[100.6310618,26.0000183],[100.6323465,25.9983335],[100.6331021,25.9973769],[100.6335791,25.9968609],[100.634221,25.9966348],[100.6350723,25.9968459],[100.635723,25.9972752],[100.6365214,25.9972291],[100.6371641,25.9968218],[100.6380403,25.995862],[100.6388397,25.9950872],[100.6393168,25.9949013],[100.6395603,25.995007],[100.6401331,25.9954735],[100.6408356,25.9966323],[100.6425718,26.0000179],[100.6429369,26.0005347],[100.6429978,26.0006736],[100.6429539,26.0007057],[100.6436315,26.0014202],[100.644221,26.0042303],[100.6442819,26.0047224],[100.6444994,26.0050483],[100.6449595,26.0050987],[100.6459493,26.0046777],[100.646956,26.0040867],[100.6476324,26.0036381],[100.6493346,26.0030779],[100.6520771,26.0030451],[100.6554111,26.0030842],[100.6602802,26.0022557],[100.6635181,26.001292],[100.6658272,26.0012636],[100.6671119,26.0013263],[100.6686834,26.0016543],[100.6679887,26.0029417],[100.6678409,26.0050285],[100.66773,26.0069372],[100.6667038,26.0092956],[100.6665482,26.0095621],[100.6663746,26.0106342],[100.6648464,26.0128976],[100.6626848,26.0156907],[100.6615127,26.017316],[100.6609401,26.0197928],[100.660975,26.0212227],[100.6608792,26.0227159],[100.6603584,26.0249034],[100.6597599,26.0266327],[100.6591783,26.0285361],[100.6574335,26.0304587],[100.6562264,26.0329456],[100.6557146,26.0355914],[100.6552457,26.0372624],[100.654673,26.0399092],[100.6540824,26.0419817],[100.6531016,26.0433774],[100.6517389,26.0446617],[100.6514695,26.0468457],[100.6519124,26.04976],[100.6517737,26.0520558],[100.6511051,26.0559666],[100.6501413,26.0582759],[100.6483963,26.0624918],[100.6474683,26.0665201],[100.6473465,26.0695604],[100.6472597,26.0713958],[100.6481975,26.0732125],[100.6498117,26.0745576],[100.6511226,26.0764246],[100.6519296,26.0785877],[100.6522248,26.0801873],[100.6515046,26.0820928],[100.6494643,26.08448],[100.6485094,26.0872465],[100.6467474,26.0906036],[100.6454193,26.093666],[100.6453494,26.0963049],[100.646357,26.0987509],[100.6495427,26.1022448],[100.6521984,26.1043146],[100.6558446,26.1057361],[100.6574596,26.1068519],[100.659317,26.1078501],[100.6610616,26.1088485],[100.663648,26.1108639],[100.6657148,26.1123721],[100.6678583,26.1146816],[100.6688477,26.1164399],[100.6691349,26.1180974],[100.669065,26.1205622],[100.6688046,26.1226311],[100.6684056,26.1248723],[100.66864,26.1268752],[100.6708792,26.1275203],[100.6755672,26.1271471],[100.6778843,26.1283645],[100.6786134,26.1298401],[100.6805404,26.1309491],[100.6823808,26.1309728],[100.6839,26.1305427],[100.6865653,26.1306078],[100.6861922,26.1334233],[100.6861053,26.1353157],[100.6869552,26.1366741],[100.6885791,26.1381911],[100.6904455,26.1391304],[100.6964432,26.1405649],[100.6990043,26.1415483],[100.7011913,26.1424814],[100.7033186,26.143874],[100.704959,26.146248],[100.7061574,26.1487489],[100.705836,26.1514481],[100.7098028,26.1526352],[100.7116431,26.1524265],[100.7150376,26.153738],[100.7183357,26.1539042],[100.7219465,26.1534901],[100.7246294,26.1538977],[100.7299327,26.1556883],[100.7315477,26.1565157],[100.7330837,26.1573461],[100.7371731,26.1583576],[100.7397335,26.1591669],[100.7419905,26.160556],[100.7439179,26.1617231],[100.7456626,26.1627215],[100.7469467,26.163785],[100.7490304,26.1657541],[100.7494561,26.1677873],[100.7513012,26.1688915],[100.7624513,26.1718787],[100.7646473,26.1750917],[100.7654186,26.1766773],[100.7656329,26.1789485],[100.7666618,26.1807491],[100.7669122,26.1825865],[100.7664906,26.1843546],[100.7657198,26.1872663],[100.7656643,26.1879913],[100.7660466,26.1886612],[100.7678799,26.1902968],[100.769154,26.1904643],[100.7694233,26.190269],[100.7696304,26.1897735],[100.7699833,26.1895425],[100.7705595,26.1895375],[100.7709313,26.1898154],[100.7712328,26.1902051],[100.7716169,26.190176],[100.7722425,26.1897771],[100.7728657,26.1892301],[100.7743625,26.1889927],[100.7758863,26.1892824],[100.7772893,26.1886516],[100.7800497,26.1882871],[100.7822413,26.1876447],[100.7845008,26.1870342],[100.7858357,26.1868667],[100.7879554,26.187191],[100.7952772,26.1913784],[100.7976672,26.1928047],[100.8040822,26.1985567],[100.8051774,26.1995106],[100.8064278,26.1995116],[100.8078273,26.2002219],[100.8133071,26.2008596],[100.8193408,26.2009863],[100.8212854,26.2014242],[100.822306,26.2012974],[100.8229726,26.200778],[100.8239815,26.1988259],[100.8254645,26.1976915],[100.8265156,26.1973005],[100.8282044,26.1966615],[100.8298878,26.1966077],[100.8309595,26.1964139],[100.8316808,26.195846],[100.8317775,26.1950134],[100.8316884,26.194107],[100.8313136,26.1933999],[100.8303975,26.1914573],[100.8268508,26.1880665],[100.8264188,26.1861796],[100.8267596,26.1832842],[100.827699,26.1813181],[100.8305252,26.1783949],[100.8312509,26.1781728],[100.8331622,26.1779917],[100.8338552,26.1774333],[100.8347909,26.1771925],[100.837163,26.1765574],[100.8388821,26.1765332],[100.8413237,26.1759313],[100.8444724,26.1757982],[100.8494593,26.1734495],[100.852209,26.1718716],[100.8525047,26.1716624],[100.8527825,26.1710235],[100.8532124,26.1708052],[100.8539013,26.1708084],[100.854284,26.1705945],[100.8583502,26.1662416],[100.8585871,26.165758],[100.8588839,26.1650353],[100.8611165,26.1625591],[100.8618512,26.1612642],[100.86418,26.1582836],[100.8650675,26.1572755],[100.8659657,26.156992],[100.8668056,26.1563622],[100.8678654,26.1563357],[100.8716538,26.1570579],[100.8730949,26.1569854],[100.87529,26.1567067],[100.8816035,26.1570049],[100.8834797,26.1570049],[100.8843438,26.156653],[100.8857132,26.1564037],[100.887353,26.1564901],[100.8886423,26.1564866],[100.8902459,26.1558906],[100.8922976,26.1557596],[100.8951505,26.1562464],[100.8970442,26.1565842],[100.8982104,26.1567989],[100.9002922,26.1579688],[100.9018575,26.159152],[100.9026688,26.159605],[100.9030441,26.1604901],[100.9044492,26.162903],[100.9045717,26.1647219],[100.9065567,26.1675077],[100.9079512,26.1688179],[100.9088603,26.1700984],[100.9122371,26.1728622],[100.9143442,26.1751299],[100.9171557,26.1783966],[100.9198271,26.1820627],[100.9205177,26.1866673],[100.9217929,26.1890905],[100.923322,26.1918919],[100.9254406,26.1943645],[100.9260955,26.1963362],[100.9273995,26.1976195],[100.9279918,26.2000869],[100.9290894,26.2025248],[100.9311854,26.2066741],[100.9334861,26.2095713],[100.9360521,26.2115813],[100.9398432,26.2149645],[100.9436998,26.2197427],[100.9463331,26.2220787],[100.9476914,26.2225522],[100.9484399,26.223799],[100.9497121,26.224682],[100.9508064,26.2257078],[100.9520967,26.2263013],[100.9537819,26.2267058],[100.9546588,26.2271109],[100.9549982,26.2276131],[100.9563605,26.229912],[100.9587172,26.2316259],[100.959924,26.2333931],[100.9612674,26.2347384],[100.9634826,26.2362086],[100.9651635,26.2367514],[100.9658679,26.2372684],[100.9660887,26.2378641],[100.9680979,26.2400734],[100.9706068,26.2421605],[100.971011,26.2426946],[100.9714273,26.2428938],[100.9723787,26.2427611],[100.9732987,26.2429918],[100.9740348,26.2438983],[100.97606,26.2454343],[100.9773491,26.2472119],[100.9791199,26.2484731],[100.9812201,26.2498447],[100.9824267,26.2506323],[100.9827726,26.251227],[100.9829376,26.2521215],[100.9835779,26.2528248],[100.9858293,26.2549863],[100.9864882,26.2551177],[100.9878782,26.2548779],[100.9889704,26.2550035],[100.9903107,26.255663],[100.9923364,26.2574115],[100.9925432,26.258561],[100.9931327,26.2588629],[100.9943255,26.2586824],[100.9958336,26.2598857],[100.9981038,26.2604897],[100.9998394,26.2618261],[101.0002877,26.2627614],[101.0014206,26.2637047],[101.003868,26.2644026],[101.0055447,26.2652571],[101.0067991,26.2664195],[101.0078439,26.2668519],[101.0101501,26.2669271],[101.0117783,26.2675803],[101.0128689,26.2682573],[101.0153345,26.2687055],[101.0179863,26.2696761],[101.0218519,26.2716851],[101.0251356,26.2726158],[101.0264888,26.2734072],[101.027228,26.2752315],[101.0283107,26.2761968],[101.0288609,26.2777825],[101.0311352,26.2790674],[101.0327521,26.2795339],[101.0331807,26.2809214],[101.0345435,26.2814244],[101.0362669,26.2829073],[101.0374297,26.2845186],[101.0381615,26.2874455],[101.0392221,26.2896093],[101.04066,26.2912163],[101.0435716,26.293186],[101.045133,26.2945739],[101.0483184,26.2990936],[101.0511047,26.3037232],[101.0538687,26.3069975],[101.0556066,26.3077566],[101.0570514,26.3099615],[101.0583502,26.3105364],[101.059713,26.3106635],[101.0616318,26.3107071],[101.0638468,26.3119666],[101.064536,26.3123029],[101.0666603,26.3146424],[101.0691498,26.3162879],[101.0719178,26.3165434],[101.0765887,26.3179576],[101.0822397,26.3180004],[101.0847139,26.3183042],[101.0935402,26.322093],[101.0984367,26.3254433],[101.1009215,26.326798],[101.1041477,26.3282382],[101.1067474,26.330838],[101.1086294,26.3331763],[101.1112466,26.3348262],[101.1139559,26.3364979],[101.1150426,26.3377561],[101.1201688,26.3406041],[101.1237524,26.3418289],[101.1297092,26.3415328],[101.1324645,26.3417379],[101.1342431,26.3415897],[101.137753,26.3427695],[101.1461248,26.3443502],[101.1526542,26.3447601],[101.1553014,26.3447889],[101.1562067,26.3441172],[101.1573614,26.3440531],[101.1582756,26.3448199],[101.1607935,26.3448772],[101.1639895,26.3443201],[101.1666039,26.3443201],[101.1713996,26.3456817],[101.1737309,26.3473934],[101.1768743,26.3492148],[101.1794115,26.3513981],[101.1815926,26.3537559],[101.1846724,26.3581264],[101.1858294,26.3593411],[101.1883382,26.3609398],[101.190247,26.3628881],[101.1921711,26.3647023],[101.1943244,26.3651922],[101.1967161,26.3652477],[101.1988903,26.364746],[101.2030181,26.3648017],[101.2058235,26.3641966],[101.207184,26.3633803],[101.2113124,26.3591683],[101.2180505,26.3571115],[101.2241991,26.3555464],[101.2272217,26.3552711],[101.2314265,26.3562171],[101.2372654,26.3586152],[101.2396617,26.3591362],[101.2481999,26.3623641],[101.2512162,26.362468],[101.2535974,26.3630893],[101.2581182,26.3621645],[101.259375,26.3611172],[101.2623261,26.3608011],[101.2647307,26.3601737],[101.2705772,26.3600693],[101.2732089,26.3596483],[101.2760713,26.3606023],[101.2786005,26.3620777],[101.280157,26.3636343],[101.2819829,26.3643444],[101.2841865,26.3643444],[101.2875424,26.3664417],[101.2957435,26.3690371],[101.3017893,26.3691413],[101.3039803,26.3697673],[101.3069096,26.369872],[101.31175,26.3719764],[101.314687,26.3745594],[101.3181968,26.3758177],[101.323111,26.377345],[101.3306634,26.3772788],[101.3342094,26.3755393],[101.3386771,26.3760808],[101.3454182,26.3790175],[101.347432,26.379286],[101.3539378,26.3835114],[101.3581391,26.3870459],[101.3653933,26.3911721],[101.371713,26.3935004],[101.3782475,26.3949006],[101.3823064,26.3960318],[101.3872209,26.3962311],[101.3954106,26.395765],[101.3999533,26.394763],[101.4075574,26.3948296],[101.4116548,26.3937062],[101.4184544,26.3890753],[101.4195893,26.3885387],[101.4218614,26.3880182],[101.4263524,26.3892918],[101.4277749,26.3893595],[101.4303529,26.390994],[101.4326332,26.392598],[101.4345322,26.3952591],[101.4362022,26.3985911],[101.4363361,26.405218],[101.4368426,26.4106992],[101.4376625,26.4123685],[101.4387562,26.4128131],[101.4395605,26.4133599],[101.4398108,26.4141175],[101.4398903,26.4148019],[101.4407081,26.4153564],[101.4432848,26.4160211],[101.4462,26.4157303],[101.4488804,26.4157844],[101.4502956,26.4163071],[101.4512995,26.4178136],[101.4520306,26.4183509],[101.4564659,26.4200932],[101.4607051,26.4209242],[101.4634242,26.4212099],[101.4649564,26.4227422],[101.4674303,26.4239392],[101.4693031,26.4260121],[101.4704802,26.4280254],[101.4742871,26.4313565],[101.4759303,26.432551],[101.4768441,26.4338035],[101.4770425,26.4356533],[101.4768929,26.4375858],[101.4759823,26.4408844],[101.4758118,26.4444668],[101.4762531,26.4491733],[101.4759821,26.4504599],[101.4758903,26.4515997],[101.4747296,26.4530556],[101.4732393,26.4545798],[101.4710386,26.4552569],[101.4690029,26.4554756],[101.4668305,26.4547385],[101.4657235,26.4545336],[101.4642439,26.454795],[101.4598195,26.4578452],[101.4552151,26.461856],[101.4534459,26.4636435],[101.4521904,26.4658697],[101.451239,26.4687113],[101.4513176,26.4713596],[101.4516909,26.4738227],[101.4530349,26.4776175],[101.4557999,26.4806194],[101.4589808,26.4828735],[101.4615297,26.485059],[101.4622653,26.4868706],[101.4622763,26.4886937],[101.46205,26.490396],[101.4611809,26.4919658],[101.4613631,26.4944509],[101.4574313,26.4992088],[101.455307,26.5004378],[101.4514661,26.5043552],[101.4496207,26.5066786],[101.4443207,26.5121319],[101.4397716,26.5147816],[101.4383554,26.5158377],[101.4377761,26.5179113],[101.4374757,26.5210601],[101.4377437,26.5239454],[101.4415403,26.5303036],[101.4438587,26.5309907],[101.4436984,26.5314851],[101.4435857,26.5318018],[101.443575,26.5319938],[101.4434355,26.5325553],[101.4433175,26.5328097],[101.4430654,26.5330593],[101.4423305,26.533424],[101.441955,26.533688],[101.4417672,26.5339328],[101.4418369,26.5346575],[101.4417726,26.5349694],[101.4407802,26.5365436],[101.4390045,26.5385641],[101.4378136,26.5405077],[101.4377385,26.5409876],[101.4377975,26.5419954],[101.4370733,26.5419091],[101.4359897,26.5417363],[101.4351797,26.5415107],[101.4343858,26.541458],[101.43408,26.5413284],[101.4334685,26.5401622],[101.4327335,26.538732],[101.4322507,26.5380554],[101.4317787,26.5377722],[101.430797,26.5374939],[101.4288765,26.5368076],[101.4281684,26.5361885],[101.427927,26.5358429],[101.4274925,26.5354686],[101.426881,26.5351854],[101.4258295,26.5350654],[101.4236516,26.5346479],[101.4217901,26.5342496],[101.4213878,26.5341679],[101.4212108,26.5341631],[101.4202559,26.5350126],[101.4190704,26.53675],[101.4185071,26.5379114],[101.4178848,26.5388376],[101.4175898,26.5394471],[101.4175093,26.5399126],[101.4175093,26.5409253],[101.4175147,26.5415059],[101.4176971,26.5426481],[101.4176005,26.5427057],[101.4158678,26.5423554],[101.4139152,26.5416067],[101.4136255,26.5415779],[101.41325,26.542005],[101.4127564,26.5424849],[101.4124829,26.5428929],[101.4130729,26.5432672],[101.4136523,26.5437279],[101.4139634,26.544155],[101.4147252,26.5456715],[101.415208,26.5468616],[101.4153635,26.5475958],[101.4153475,26.5479893],[101.4152402,26.5484884],[101.4151919,26.5488867],[101.4149666,26.5496257],[101.4149827,26.5498176],[101.4149558,26.5502351],[101.4151061,26.5508493],[101.4153904,26.5512284],[101.415841,26.5514492],[101.4162272,26.5515356],[101.4163881,26.5516699],[101.4165384,26.5518427],[101.4166349,26.5523321],[101.4167046,26.5525145],[101.4168388,26.5529128],[101.4171016,26.5530903],[101.4156049,26.5537765],[101.4150792,26.5539972],[101.4145696,26.5543907],[101.4143175,26.5544867],[101.4137864,26.5545539],[101.4130944,26.5544915],[101.4125526,26.5544915],[101.4119786,26.5546306],[101.4108628,26.5525577],[101.4104551,26.5520538],[101.409452,26.5512956],[101.4088136,26.5506958],[101.4084059,26.55],[101.4076817,26.5497073],[101.4066946,26.5495873],[101.4063191,26.5495537],[101.4061475,26.5494865],[101.4060724,26.5493234],[101.4061314,26.5491842],[101.4065391,26.5488051],[101.406464,26.5485891],[101.4042377,26.5472311],[101.4025962,26.5467752],[101.4023548,26.5466744],[101.40221,26.5463961],[101.4021671,26.5460698],[101.401518,26.545206],[101.4010513,26.5447597],[101.4007723,26.5445149],[101.4002037,26.544155],[101.3996565,26.544131],[101.3990879,26.544323],[101.3982296,26.5444045],[101.3980687,26.5446637],[101.3976931,26.5456715],[101.3976824,26.5463049],[101.3974678,26.5468136],[101.3970601,26.5473991],[101.3960731,26.548234],[101.3960516,26.5486467],[101.3962448,26.5489155],[101.3972211,26.5495009],[101.3975644,26.5497888],[101.3983905,26.5501727],[101.3989699,26.5501823],[101.4003324,26.5499712],[101.401062,26.5496929],[101.4013946,26.5496833],[101.4016092,26.5499424],[101.4024997,26.5510557],[101.4028859,26.5520826],[101.4028001,26.5533398],[101.402843,26.5537525],[101.4034653,26.5542899],[101.4036477,26.5543283],[101.4037764,26.5547698],[101.4036798,26.5552497],[101.4045381,26.5579272],[101.4045918,26.5585989],[101.4048171,26.5593571],[101.4053321,26.5597985],[101.4041304,26.5601632],[101.4028752,26.5601344],[101.400826,26.5594147],[101.3998496,26.5592803],[101.3988411,26.5594914],[101.397264,26.5602784],[101.3959229,26.5612476],[101.3953757,26.5619961],[101.3950539,26.5629366],[101.3943672,26.5635603],[101.3938522,26.5636083],[101.3933265,26.5634836],[101.3934445,26.5638386],[101.3935089,26.5644816],[101.3936806,26.5663816],[101.3940132,26.5669478],[101.3951611,26.5678018],[101.3974678,26.5690397],[101.399045,26.5703927],[101.3996243,26.571832],[101.3994312,26.5725325],[101.3989484,26.5729835],[101.3972962,26.573732],[101.3971567,26.5742405],[101.397382,26.5742213],[101.3976395,26.5741062],[101.3981116,26.574135],[101.3993883,26.5745188],[101.3996029,26.5751137],[101.4006007,26.5754111],[101.4013839,26.5760444],[101.4010727,26.5774453],[101.4009869,26.5788846],[101.4007187,26.5793355],[101.4001822,26.57923],[101.399796,26.5793355],[101.3989913,26.5802567],[101.3975537,26.5817535],[101.3973391,26.5824827],[101.3979292,26.5842289],[101.3979614,26.5855241],[101.3966417,26.5866755],[101.396395,26.5876253],[101.3963413,26.5893139],[101.3959658,26.5917604],[101.3955367,26.5936312],[101.3951182,26.5945522],[101.394335,26.5959816],[101.3953864,26.5992434],[101.3961053,26.6014978],[101.3959443,26.6020062],[101.3958585,26.6027545],[101.3959229,26.6045963],[101.3964164,26.6059585],[101.3968992,26.6072919],[101.3983261,26.6083854],[101.4005256,26.6088267],[101.401813,26.6087883],[101.4041519,26.6080305],[101.4073062,26.6073015],[101.4104926,26.6061791],[101.4111686,26.6061791],[101.4140224,26.6055844],[101.4149037,26.6055329],[101.4158571,26.6054884],[101.4163399,26.6055556],[101.4175308,26.6055364],[101.4184427,26.6048361],[101.420331,26.6042126],[101.4213931,26.6041454],[101.4233243,26.6043853],[101.4250731,26.6044236],[101.4286458,26.6041646],[101.4290857,26.6043469],[101.4293539,26.6049992],[101.4290213,26.6052774],[101.4290643,26.6056131],[101.4299548,26.6061312],[101.4302552,26.607618],[101.4305341,26.6078291],[101.4327657,26.608184],[101.435802,26.6075509],[101.4374435,26.6073398],[101.4403832,26.6065724],[101.4412522,26.6064093],[101.4424324,26.6062846],[101.4434838,26.6054405],[101.4443314,26.6049896],[101.445694,26.6047114],[101.4466488,26.6049704],[101.4474857,26.6047018],[101.4477324,26.6042414],[101.4487517,26.6037521],[101.450361,26.6042893],[101.4515841,26.604155],[101.4519381,26.604673],[101.452142,26.6055364],[101.4529788,26.6062271],[101.4572918,26.6086732],[101.4590621,26.6094981],[101.4596307,26.6095557],[101.460489,26.6091432],[101.46065,26.6092104],[101.460371,26.610726],[101.461519,26.6122895],[101.4621949,26.6140928],[101.4623451,26.6176706],[101.4637935,26.6196561],[101.4633107,26.6221307],[101.4625168,26.623109],[101.4623558,26.6237516],[101.4633965,26.6245093],[101.4637291,26.625478],[101.4642227,26.6275113],[101.4642119,26.6290938],[101.463815,26.6307818],[101.4634716,26.6339371],[101.4618838,26.6358455],[101.4604998,26.6401994],[101.4597165,26.6410913],[101.4589977,26.6445052],[101.4604676,26.6462121],[101.4624417,26.6464518],[101.4632034,26.6472573],[101.465435,26.6513615],[101.469351,26.6534327],[101.4704776,26.6550819],[101.4706277,26.6580831],[101.4701557,26.6600775],[101.4704561,26.6633758],[101.4708852,26.664603],[101.4733314,26.6654468],[101.4773654,26.6753026],[101.479361,26.6765296],[101.469984,26.6842756],[101.4673232,26.6902572],[101.4610576,26.6885701],[101.4540329,26.6935825],[101.4516162,26.6991139],[101.4530754,26.7019127],[101.452732,26.7065516],[101.4545345,26.7105002],[101.4595127,26.7098102],[101.4616155,26.7147171],[101.467967,26.7147171],[101.4723444,26.7257569],[101.4819574,26.7291299],[101.4882659,26.7330011],[101.4922142,26.7325029],[101.4980936,26.7367189],[101.4989948,26.73967],[101.4938879,26.7434643],[101.4907121,26.7456104],[101.490283,26.7496727],[101.493802,26.7546928],[101.4975786,26.7607474],[101.5015268,26.7601726],[101.5040588,26.7582566],[101.5095906,26.7569777],[101.5111827,26.7630465],[101.5103244,26.7662652],[101.5122985,26.7687557],[101.5118694,26.7742731],[101.5072774,26.7741199],[101.5041875,26.7756908],[101.4987802,26.772549],[101.4922395,26.7755605],[101.4794083,26.7845421],[101.4643621,26.7913217],[101.4595556,26.7905172],[101.4520111,26.7857399],[101.4453799,26.7812097],[101.4455949,26.7728817],[101.4526462,26.7657287],[101.4519167,26.7616287],[101.4561653,26.7563406],[101.458311,26.7510906],[101.4561935,26.7384814],[101.4551353,26.733691],[101.4513158,26.7343426],[101.4430761,26.737907],[101.4414882,26.738022],[101.4346647,26.7437325],[101.4319181,26.7439625],[101.4236784,26.7408198],[101.4209631,26.7378271],[101.4197301,26.7349942],[101.418786,26.731008],[101.4205774,26.7280291],[101.417284,26.7266385],[101.4134645,26.7246069],[101.4081001,26.72775],[101.4017057,26.7246836],[101.3992166,26.7266385],[101.395998,26.724377],[101.386857,26.7261785],[101.3895177,26.7293982],[101.3901615,26.7348025],[101.3893461,26.7433876],[101.3854837,26.7463769],[101.3887882,26.7481781],[101.3887882,26.7517038],[101.3869428,26.7528534],[101.3873058,26.7566111],[101.3855266,26.7567622],[101.3812814,26.7538942],[101.3760852,26.7528534],[101.3740348,26.754482],[101.3731395,26.7584907],[101.3729601,26.761591],[101.371402,26.7641178],[101.3680172,26.7661119],[101.366558,26.7704033],[101.3650989,26.7710164],[101.3607215,26.7691772],[101.3576691,26.7708469],[101.3540939,26.7730514],[101.3548421,26.7745797],[101.3618373,26.7771467],[101.3662576,26.7809013],[101.3740682,26.7851539],[101.3781023,26.7909386],[101.3780593,26.7945013],[101.3796043,26.7981404],[101.3774585,26.799711],[101.3748407,26.8008985],[101.3736391,26.8020859],[101.3698625,26.8037713],[101.3693904,26.8051503],[101.371665,26.8061079],[101.3766861,26.807257],[101.3814067,26.8138449],[101.3909139,26.8275229],[101.3941954,26.8366318],[101.3980579,26.8387761],[101.3980579,26.8462812],[101.3945388,26.8475831],[101.3889598,26.8520246],[101.3848386,26.8633195],[101.3733803,26.8698796],[101.3689057,26.8747322],[101.3653564,26.8816556],[101.3644056,26.8875945],[101.3545695,26.8893008],[101.3480692,26.891693],[101.3398181,26.8889066],[101.3342166,26.8921506],[101.3234406,26.891096],[101.3202097,26.8945964],[101.3099145,26.9066164],[101.308279,26.9074521],[101.3009404,26.9034781],[101.2909088,26.900032],[101.2832562,26.901595],[101.2770975,26.9049688],[101.271589,26.9058345],[101.2660998,26.9066948],[101.2626686,26.9101469],[101.2617665,26.9171732],[101.2530687,26.9293256],[101.2590613,26.9450537],[101.2622213,26.9508411],[101.2649168,26.9545953],[101.2640761,26.9587978],[101.233177,26.9566557],[101.2254523,26.963235],[101.2243191,26.9653419],[101.2254523,26.9744035],[101.2255305,26.9796866],[101.2258479,26.9827316],[101.2255305,26.9873981],[101.2114238,26.9981066],[101.2068063,26.9958208],[101.1979132,26.9970399],[101.1727732,27.0112108],[101.154474,27.0154769],[101.1352019,27.0260341],[101.1356618,27.0396994],[101.1413054,27.0444215],[101.1435287,27.0518849],[101.1441877,27.0562378],[101.1426736,27.0599571],[101.1452389,27.0646782],[101.1428897,27.0698774],[101.1423316,27.0732063],[101.146265,27.0780792],[101.1519087,27.0817337],[101.1520624,27.0857496],[101.1548315,27.0896788],[101.1560607,27.0997674],[101.1435287,27.1086822],[101.143367,27.1097712],[101.143572,27.1098839],[101.1438037,27.1103245],[101.1439806,27.1104629],[101.1440545,27.1108336],[101.1443011,27.1110952],[101.1443372,27.1113573],[101.1450056,27.1118645],[101.1451582,27.1121081],[101.1453765,27.112307],[101.1459191,27.112637],[101.1459191,27.1129236],[101.1460116,27.1131248],[101.146064,27.1133391],[101.1462757,27.1138079],[101.1464782,27.1140831],[101.1465151,27.1147071],[101.1465595,27.1148257],[101.1469538,27.114952],[101.1470102,27.1151579],[101.1470977,27.1153182],[101.1472321,27.115599],[101.147379,27.1157717],[101.1474952,27.1160351],[101.1476349,27.1162693],[101.1476349,27.1164248],[101.147886,27.1167274],[101.147886,27.1169134],[101.1480016,27.1170006],[101.1482648,27.1170771],[101.148632,27.117625],[101.1487083,27.1179987],[101.1485833,27.1183464],[101.1486239,27.1184816],[101.1486121,27.118639],[101.1484652,27.1187939],[101.1483961,27.1189129],[101.1484702,27.1191547],[101.1488129,27.120112],[101.1487288,27.1205612],[101.1484123,27.1206522],[101.1485003,27.1207917],[101.1487325,27.1208494],[101.1487784,27.1210383],[101.1488828,27.1212195],[101.1489596,27.121502],[101.149181,27.1216901],[101.1494275,27.1218949],[101.149451,27.1221299],[101.1493504,27.122276],[101.1493454,27.1225317],[101.1494089,27.1227671],[101.1493834,27.1229033],[101.1487975,27.1231899],[101.1486877,27.1234065],[101.1487412,27.1237019],[101.1485898,27.1238459],[101.1486431,27.1241087],[101.1487861,27.1244335],[101.1492085,27.1245435],[101.1495043,27.12488],[101.1495823,27.1251622],[101.1499423,27.1255007],[101.1505616,27.1258218],[101.1505183,27.1261681],[101.150656,27.1263709],[101.1510131,27.1264989],[101.1516949,27.1265082],[101.1522757,27.126622],[101.1527087,27.126857],[101.1534268,27.1271649],[101.1541884,27.1276591],[101.1545065,27.1280622],[101.1545894,27.1286121],[101.1548488,27.1291401],[101.1547858,27.1300038],[101.1549792,27.1305992],[101.1549622,27.1309735],[101.1546599,27.1310731],[101.154399,27.1312461],[101.1539245,27.1316133],[101.1537608,27.1318825],[101.1537858,27.1322512],[101.1539692,27.1325732],[101.1546469,27.1334779],[101.1544799,27.1341637],[101.154228,27.1345681],[101.1539846,27.1346246],[101.1535536,27.1351509],[101.1536742,27.1357057],[101.1538716,27.1359692],[101.1543234,27.1361154],[101.1545577,27.1362445],[101.1546757,27.1364995],[101.1546704,27.1368098],[101.15481,27.1373573],[101.1553556,27.1386797],[101.1557792,27.1390839],[101.1564053,27.1393625],[101.1565586,27.1398009],[101.1565693,27.1402679],[101.1563243,27.1409868],[101.1564261,27.1415351],[101.1568017,27.1420936],[101.1574781,27.1427231],[101.1579572,27.1429038],[101.1584793,27.1432918],[101.1585732,27.143626],[101.1584901,27.1442593],[101.1588486,27.144879],[101.1589027,27.1452546],[101.1587481,27.1458665],[101.1585363,27.1461951],[101.1582127,27.1463856],[101.1583493,27.146833],[101.1588948,27.1474537],[101.1589503,27.1477696],[101.1587872,27.1481905],[101.1583994,27.1485494],[101.1583897,27.148799],[101.1585577,27.149238],[101.1585128,27.1495679],[101.157986,27.1499457],[101.1573936,27.1502987],[101.1572992,27.150517],[101.1574778,27.1509165],[101.1575543,27.1512569],[101.1585559,27.1520413],[101.1586522,27.1522631],[101.1585973,27.1525949],[101.1581627,27.1533495],[101.1575916,27.1538812],[101.1567885,27.1544344],[101.1567282,27.1546077],[101.1567805,27.1547393],[101.1574153,27.1549634],[101.1580012,27.1549634],[101.1584239,27.1552347],[101.1590435,27.155574],[101.1593546,27.1560665],[101.159726,27.156397],[101.1603113,27.1565814],[101.1608751,27.1568464],[101.1614521,27.1574399],[101.1619076,27.1580761],[101.1620764,27.1588179],[101.1621748,27.1592368],[101.1627579,27.1602884],[101.1630196,27.1607028],[101.1633977,27.1614132],[101.1636113,27.1619647],[101.1639286,27.1623973],[101.1643571,27.1626655],[101.1644611,27.1629534],[101.1642639,27.163236],[101.163959,27.1637831],[101.1641107,27.1641138],[101.1645282,27.1644348],[101.1653228,27.1651464],[101.1657184,27.1657506],[101.1657013,27.1661104],[101.1660052,27.1667258],[101.1659668,27.1671058],[101.1657164,27.1675014],[101.1660012,27.1680393],[101.16629,27.168236],[101.1663538,27.1684914],[101.1666375,27.1688402],[101.1668886,27.169073],[101.1669314,27.1696248],[101.1668157,27.1700223],[101.1667635,27.17051],[101.1666843,27.1709751],[101.1663768,27.1715037],[101.1663918,27.1717436],[101.1666277,27.1721085],[101.1670142,27.1724338],[101.1673075,27.1728134],[101.167324,27.1730964],[101.1668269,27.1738551],[101.1668364,27.1739993],[101.1670269,27.1742044],[101.167702,27.1745256],[101.1679693,27.1748194],[101.1684298,27.1750708],[101.168718,27.1753842],[101.1688688,27.1757962],[101.1687245,27.1761197],[101.1684776,27.1767878],[101.1680797,27.1772981],[101.1681259,27.1774255],[101.168741,27.1778706],[101.1690301,27.1782945],[101.1690128,27.1784732],[101.1685831,27.1788363],[101.1679745,27.1790122],[101.1672346,27.1801122],[101.1672346,27.1808262],[101.1665443,27.1815726],[101.1660013,27.1817508],[101.1656229,27.18196],[101.1655129,27.1821825],[101.16549,27.1826876],[101.1655342,27.1843064],[101.1658901,27.184791],[101.1668806,27.1853827],[101.1674962,27.1860557],[101.1678483,27.1863556],[101.1679169,27.1866267],[101.1680141,27.1873717],[101.1675516,27.1882012],[101.1668806,27.1892113],[101.1668447,27.1895822],[101.1670811,27.1900619],[101.1670736,27.1907333],[101.1669558,27.1913817],[101.1670343,27.1916292],[101.1674826,27.1921277],[101.1672218,27.1931816],[101.1672432,27.1934474],[101.1676578,27.1938744],[101.1685324,27.1944678],[101.1690416,27.1951737],[101.1691163,27.1961844],[101.1689114,27.1967127],[101.1688598,27.1970706],[101.1690747,27.1984697],[101.1689816,27.1987182],[101.1684328,27.1991265],[101.1676511,27.1998544],[101.1667685,27.2002911],[101.1666186,27.2004955],[101.1665872,27.2010205],[101.16646,27.201237],[101.1661339,27.201354],[101.1660652,27.2014435],[101.1661046,27.2016795],[101.1665508,27.202118],[101.1667291,27.2023535],[101.1667029,27.2031233],[101.1668377,27.2033912],[101.1665211,27.2034013],[101.1659782,27.2027684],[101.1656327,27.2026807],[101.1649235,27.2027648],[101.1648184,27.2027254],[101.1645689,27.2026899],[101.1642015,27.2027599],[101.1639009,27.2027046],[101.1637176,27.2027652],[101.1634214,27.2027094],[101.1632679,27.2025631],[101.1628632,27.202264],[101.1622483,27.2015455],[101.1618887,27.2013812],[101.1609839,27.2014043],[101.1605214,27.2013275],[101.1603943,27.2014171],[101.1603332,27.2016118],[101.160125,27.2018821],[101.1597474,27.2019127],[101.1594582,27.2017593],[101.1591141,27.2013976],[101.158875,27.2012998],[101.1585674,27.201391],[101.158198,27.2016585],[101.1576712,27.2017262],[101.1571582,27.2016098],[101.156856,27.2016494],[101.1565138,27.2018555],[101.1562095,27.2018653],[101.155402,27.2017207],[101.1546663,27.201702],[101.1539324,27.2014734],[101.1535501,27.2010552],[101.1530252,27.2010596],[101.1523194,27.2012343],[101.1520635,27.2011254],[101.1513644,27.2007661],[101.1509393,27.2007572],[101.1498094,27.2012318],[101.1495664,27.2012368],[101.1490232,27.2010138],[101.1483494,27.2010641],[101.147579,27.2011699],[101.1473677,27.2012873],[101.1470366,27.2013021],[101.1465725,27.2011874],[101.1458756,27.2014434],[101.1454813,27.2020445],[101.1452231,27.202706],[101.1452231,27.2036361],[101.1448292,27.2040061],[101.1444053,27.2040257],[101.1432108,27.2038309],[101.1426808,27.2039578],[101.1420072,27.2043247],[101.1412715,27.2045718],[101.1408189,27.2055506],[101.140713,27.2059976],[101.1405311,27.20621],[101.1400989,27.2062976],[101.1398289,27.2062976],[101.1394627,27.2064107],[101.1390044,27.2066637],[101.1379535,27.2068256],[101.1376514,27.2071407],[101.1373639,27.2072123],[101.1367991,27.2069916],[101.1363065,27.2070103],[101.1356572,27.2067402],[101.1342115,27.2067864],[101.1333523,27.2068096],[101.1327346,27.2069561],[101.1313891,27.2077151],[101.1309276,27.2078201],[101.1302301,27.2078153],[101.1300295,27.2077013],[101.1295211,27.2073137],[101.1290483,27.2071962],[101.1282092,27.2072008],[101.1276291,27.2071548],[101.1262629,27.2075414],[101.1259664,27.2077733],[101.1254581,27.2082111],[101.1242163,27.2085995],[101.12364,27.2088418],[101.1230253,27.2090179],[101.1224818,27.2093464],[101.1218733,27.2093834],[101.1216057,27.2096169],[101.1211277,27.2104159],[101.1207168,27.2106688],[101.120136,27.2113715],[101.1196597,27.2116761],[101.1191238,27.2118286],[101.1184454,27.2118195],[101.118013,27.2122781],[101.1175237,27.2123319],[101.1170226,27.2122169],[101.1166324,27.2119808],[101.1165052,27.2117905],[101.1165631,27.2114629],[101.1163451,27.2110574],[101.1161844,27.2110018],[101.1159909,27.2110522],[101.1153764,27.2115045],[101.1150433,27.2114643],[101.114627,27.2112767],[101.1144992,27.2107036],[101.114203,27.2103267],[101.1139276,27.2101045],[101.1136149,27.2099609],[101.1131224,27.2099244],[101.1124958,27.2099336],[101.1119478,27.2100602],[101.111505,27.209997],[101.1112393,27.2098099],[101.1111239,27.2096291],[101.1110386,27.2094282],[101.110745,27.2092629],[101.1096669,27.209221],[101.1091917,27.2089627],[101.1086535,27.2088292],[101.108469,27.2087903],[101.1079737,27.2089971],[101.1077154,27.2091934],[101.1071015,27.2091982],[101.1059625,27.2088154],[101.1056757,27.2087765],[101.1053849,27.2089913],[101.1051398,27.2092994],[101.104593,27.2094696],[101.103973,27.2093423],[101.1033089,27.2093242],[101.1023689,27.2098553],[101.1015094,27.2101761],[101.1011118,27.2101616],[101.1004554,27.2099415],[101.100271,27.209708],[101.1001452,27.2092417],[101.0997228,27.208662],[101.0993673,27.2078623],[101.0990083,27.2074336],[101.0986567,27.2072296],[101.0979919,27.2069997],[101.0977249,27.2067332],[101.0973769,27.2060633],[101.0970265,27.2058763],[101.0954272,27.2055417],[101.0947342,27.2052735],[101.0940544,27.2048396],[101.0935625,27.2048131],[101.0929346,27.2052297],[101.092511,27.2054728],[101.0915815,27.205526],[101.0911722,27.2049533],[101.0910364,27.2043959],[101.0908755,27.2042037],[101.0906737,27.2040145],[101.0906376,27.203624],[101.0902803,27.2034238],[101.0895982,27.2033559],[101.0886703,27.2036878],[101.0884685,27.2037576],[101.0879269,27.2036068],[101.0875697,27.2032795],[101.0872164,27.2026279],[101.0867045,27.202371],[101.0863041,27.2023042],[101.0860018,27.2024154],[101.0848655,27.2022963],[101.084521,27.2019276],[101.0840208,27.2014546],[101.0837838,27.201057],[101.0837524,27.2005967],[101.083447,27.2001246],[101.0826356,27.1999803],[101.0822777,27.2000495],[101.0819408,27.2000398],[101.0813259,27.1998123],[101.0808112,27.198537],[101.0802693,27.1981992],[101.0794233,27.1980838],[101.0782867,27.1978217],[101.0777069,27.197573],[101.0705447,27.1976628],[101.0633413,27.2020546],[101.0586982,27.2014193],[101.0550373,27.2040399],[101.0541438,27.2057777],[101.0553945,27.2094399],[101.0529836,27.2160307],[101.0451893,27.218807],[101.0394115,27.2253207],[101.0364649,27.2371504],[101.0414731,27.2399981],[101.0407509,27.2496933],[101.0345898,27.2588217],[101.0253929,27.2698542],[101.0236964,27.2754891],[101.0283599,27.286961],[101.0303818,27.2992466],[101.0269227,27.3002012],[101.0241429,27.3034211],[101.0159282,27.3100857],[101.0067609,27.3167301],[101.0151748,27.3294852],[101.0197891,27.334669],[101.0194421,27.3369087],[101.0167865,27.3388182],[101.0168575,27.3420935],[101.0184068,27.346197],[101.0185422,27.3474631],[101.0128168,27.3496664],[101.0077786,27.349709],[101.002833,27.3514931],[100.998854,27.3540058],[100.9966854,27.3569689],[100.9957085,27.3599047],[100.9944985,27.3670355],[100.9931824,27.3723022],[100.988516,27.3782951],[100.982976,27.3821507],[100.9723959,27.4001779],[100.9660424,27.4032534],[100.9615092,27.4079305],[100.9611416,27.4154351],[100.9512176,27.4295728],[100.9502278,27.4332437],[100.9514626,27.437076],[100.954565,27.4397579],[100.9566084,27.4436001],[100.9552607,27.446862],[100.9458268,27.4620828],[100.940681,27.4641484],[100.9381081,27.4694751],[100.9354907,27.4725743],[100.9300446,27.4740661],[100.9270426,27.4740003],[100.9223617,27.4754593],[100.916388,27.4735469],[100.9133291,27.467555],[100.9118056,27.4667744],[100.9107971,27.4652893],[100.9114775,27.4643448],[100.9109902,27.4634044],[100.905899,27.4599113],[100.9009909,27.4572545],[100.8992194,27.4569127],[100.9013632,27.4631975],[100.9029362,27.4667731],[100.902647,27.4741487],[100.9017799,27.4811245],[100.9002618,27.4863634],[100.9008523,27.4891647],[100.9059448,27.4948633],[100.9101737,27.5066462],[100.9110314,27.5174039],[100.9101737,27.5244665],[100.9027405,27.535206],[100.886138,27.5499538],[100.8828459,27.5575856],[100.8861389,27.5719218],[100.8659858,27.5957593],[100.8614112,27.5978903],[100.8528991,27.6008229],[100.8540274,27.6084334],[100.8544276,27.6192782],[100.8545883,27.62754],[100.845674,27.6275121],[100.8431559,27.6194954],[100.8321292,27.6165643],[100.8262042,27.6183958],[100.8315166,27.6296993],[100.8370299,27.6317616],[100.8400929,27.6397937],[100.8500169,27.6446778],[100.850507,27.647174],[100.8463995,27.6504107],[100.8399704,27.6502128],[100.8355551,27.6510093],[100.8322269,27.653367],[100.8304139,27.6555305],[100.8298876,27.6603482],[100.8328336,27.6638316],[100.8388677,27.6686608],[100.8473215,27.6743031],[100.8419724,27.6803417],[100.8341196,27.6863456],[100.8155891,27.6878651],[100.7897672,27.6863494],[100.7800915,27.6966787],[100.7752804,27.7313608],[100.7745363,27.7462195],[100.7720739,27.7498868],[100.7692677,27.7550636],[100.7599112,27.7604301],[100.7560281,27.7729291],[100.7479557,27.7765281],[100.7372131,27.7780611],[100.7321883,27.7854192],[100.7292428,27.7864923],[100.7276081,27.7886224],[100.7265723,27.7888587],[100.7264903,27.7904587],[100.7261646,27.790776],[100.7248664,27.7909848],[100.7238579,27.7904912],[100.7229193,27.7903704],[100.7224953,27.7910797],[100.7220712,27.7922696],[100.7218408,27.7939271],[100.7206953,27.7948289],[100.7199955,27.7955026],[100.7182856,27.7951791],[100.7177961,27.7954836],[100.7179248,27.7965086],[100.7169807,27.7970306],[100.7159886,27.798218],[100.7158056,27.7994128],[100.7123022,27.8001326],[100.7105298,27.8010537],[100.7093954,27.8012539],[100.7078594,27.8023549],[100.7059315,27.8054077],[100.7052824,27.8072281],[100.7038593,27.814293],[100.7010763,27.8197632],[100.7044655,27.8335417],[100.7053318,27.8448795],[100.7123569,27.8488587],[100.7167675,27.8566758],[100.7181998,27.8620603],[100.7043314,27.8681943],[100.7008085,27.8711612],[100.698235,27.8733193],[100.6973552,27.8766635],[100.7026502,27.8835645],[100.7033379,27.887551],[100.7025461,27.8920612],[100.6968273,27.8955604],[100.6932201,27.8993704],[100.6898675,27.9118383],[100.6845979,27.9153868],[100.6792859,27.9175206],[100.679847,27.9261927],[100.6784393,27.9275919],[100.6771195,27.9259595],[100.6724565,27.9233164],[100.6644502,27.9233164],[100.6597012,27.9217026],[100.6539196,27.9140776],[100.6501093,27.9138319],[100.6449395,27.9171192],[100.6398155,27.9180301],[100.6342727,27.918963],[100.6320732,27.9182633],[100.6318092,27.9109554],[100.6301376,27.9085452],[100.6230111,27.9046577],[100.6194918,27.8994482],[100.6183298,27.8921458],[100.6106937,27.882574],[100.6077024,27.8800077],[100.6071745,27.8749525],[100.6087581,27.8711416],[100.6089341,27.8663194],[100.6087967,27.8626363],[100.6062947,27.8604081],[100.5972326,27.8540297],[100.5912499,27.8510737],[100.5879066,27.8449281],[100.5798123,27.8432944],[100.5757652,27.8408049],[100.571718,27.8348144],[100.5630959,27.8295237],[100.5571132,27.8271896],[100.5548256,27.8253222],[100.5520982,27.8180857],[100.5495468,27.8162182],[100.5454954,27.8121084],[100.5425083,27.8136503],[100.5367429,27.8254215],[100.5359097,27.8285123],[100.5311587,27.829835],[100.5271995,27.8291347],[100.5220087,27.8250887],[100.5189124,27.8247338],[100.5139144,27.8280454],[100.5092788,27.8307354],[100.5081956,27.8408827],[100.5052922,27.8460172],[100.505022,27.8530416],[100.5033612,27.8548033],[100.497022,27.8523183],[100.4940306,27.8488178],[100.4898075,27.8510737],[100.4855844,27.8533296],[100.4831915,27.8581022],[100.4728272,27.8624304],[100.4561107,27.8649972],[100.4491221,27.8675625],[100.4402741,27.8691972],[100.4322678,27.868575],[100.4282207,27.8666305],[100.4313,27.8643749],[100.432063,27.8610017],[100.4308695,27.8569989],[100.4281156,27.8522399],[100.4242113,27.8511454],[100.4214498,27.845841],[100.4151577,27.8453462],[100.4105941,27.837505],[100.4094514,27.8251261],[100.4128795,27.8230207],[100.4068804,27.8147672],[100.4048806,27.8077765],[100.4022342,27.8053774],[100.3992999,27.8016146],[100.3933705,27.7964716],[100.3927224,27.7937776],[100.3914605,27.7910375],[100.3882792,27.7880043],[100.3804688,27.7827052],[100.3780352,27.781644],[100.3758369,27.7793036],[100.3779238,27.7740728],[100.3772653,27.7690245],[100.3750751,27.7648115],[100.3754005,27.7619699],[100.3743963,27.7576855],[100.3664323,27.7598275],[100.3597825,27.7628906],[100.3520432,27.760273],[100.347839,27.7580547],[100.3492157,27.7533786],[100.3440234,27.7489448],[100.3436333,27.7378754],[100.3390579,27.732687],[100.3346407,27.726934],[100.3302683,27.7266921],[100.3289019,27.7245956],[100.3246186,27.7237478],[100.3158296,27.7247285],[100.3140544,27.7253083],[100.3128146,27.7258219],[100.3109347,27.7273348],[100.3096353,27.7300705],[100.3090024,27.7311756],[100.3080287,27.7320324],[100.3069976,27.7336345],[100.3066159,27.7358223],[100.3053416,27.7380846],[100.3038928,27.7393812],[100.3025918,27.7401218],[100.3020214,27.7402122],[100.3014659,27.7400282],[100.3009204,27.7394645],[100.3004402,27.7393175],[100.2998516,27.7393981],[100.2985645,27.7397041],[100.2973967,27.7399818],[100.2958534,27.7393546],[100.2953502,27.7383194],[100.2954515,27.7355424],[100.2947368,27.7326837],[100.2949519,27.7300303],[100.2950337,27.727443],[100.2945248,27.7244787],[100.2940948,27.7226858],[100.293214,27.7211505],[100.2925215,27.7186096],[100.2928312,27.7169439],[100.2926913,27.71513],[100.2913295,27.7128051],[100.2892165,27.711326],[100.2862255,27.7104714],[100.2841116,27.7094967],[100.2827503,27.7081516],[100.2801199,27.7018325],[100.279811,27.7010571],[100.2781607,27.6969146],[100.2774688,27.6932946],[100.2777223,27.6923551],[100.2782115,27.6914848],[100.2801304,27.6898431],[100.288653,27.687029],[100.2909117,27.6860409],[100.291603,27.6851466],[100.2918802,27.684099],[100.2917555,27.6804061],[100.2923799,27.6785257],[100.2922368,27.6754495],[100.2947434,27.6685768],[100.2836665,27.6547492],[100.2837582,27.6483778],[100.2808435,27.6466192],[100.2728819,27.6450644],[100.2700551,27.6326721],[100.2681573,27.6317183],[100.2613721,27.6312945],[100.259577,27.6309619],[100.2577589,27.6284234],[100.2567811,27.6228586],[100.258796,27.6183663],[100.2621073,27.6130868],[100.2645216,27.605767],[100.2644921,27.6039894],[100.2636123,27.6023527],[100.2619357,27.6012232],[100.2562994,27.5980478],[100.2541838,27.5979172],[100.2500654,27.598422],[100.2461149,27.5978882],[100.2430665,27.5969869],[100.2399711,27.5933427],[100.2394769,27.5903701],[100.239408,27.5883469],[100.2397906,27.5852543],[100.2414268,27.5818508],[100.241586,27.5794557],[100.2416074,27.5783526],[100.2416256,27.5771522],[100.241483,27.5731957],[100.2425844,27.5686531],[100.2441216,27.5647356],[100.2439497,27.5627412],[100.2395701,27.5576684],[100.237276,27.5549106],[100.2286084,27.5506684],[100.2225052,27.5485179],[100.2200202,27.5464469],[100.2188061,27.5446895],[100.2174475,27.538718],[100.2156029,27.5349485],[100.2133811,27.5323749],[100.2099684,27.5284809],[100.2069376,27.5255667],[100.2013525,27.5223589],[100.1987406,27.5208133],[100.1947868,27.5164357],[100.1909799,27.5124079],[100.1899373,27.5108216],[100.1875032,27.5062097],[100.1865276,27.5014471],[100.1861179,27.4993261],[100.1858389,27.4980414],[100.1854486,27.4970363],[100.184018,27.4934032],[100.1832917,27.4908139],[100.1826332,27.4892147],[100.1797771,27.4865921],[100.1764751,27.4849592],[100.1756382,27.4838255],[100.1751937,27.4822183],[100.1755977,27.4790866],[100.1755317,27.477339],[100.1753964,27.4766032],[100.1755865,27.4755883],[100.1765635,27.4740292],[100.1786836,27.471792],[100.1796215,27.4706435],[100.1815026,27.4667698],[100.185383,27.4626289],[100.1898689,27.457373],[100.1925522,27.4534717],[100.1941678,27.4479964],[100.1956891,27.4454044],[100.1968708,27.4434124],[100.1983217,27.4421977],[100.2005967,27.4397218],[100.2024377,27.4370441],[100.2038941,27.4343838],[100.2047164,27.4323943],[100.2051542,27.4304124],[100.2053138,27.4244523],[100.2057172,27.4222671],[100.2059523,27.4199109],[100.2064912,27.4176502],[100.2067809,27.4166842],[100.2069613,27.4157042],[100.2076688,27.4148911],[100.2095019,27.4134227],[100.2109002,27.411758],[100.2120936,27.4094044],[100.2118633,27.40776],[100.2108308,27.4053952],[100.209424,27.4035865],[100.2075144,27.4004372],[100.2069779,27.3999636],[100.2060639,27.3985459],[100.2050737,27.3968202],[100.2048838,27.3957657],[100.2053638,27.3949749],[100.2085286,27.3901501],[100.2103992,27.3891237],[100.2113822,27.3873364],[100.2122876,27.3868385],[100.2133944,27.3857316],[100.2165597,27.3823881],[100.2181133,27.3798136],[100.2188307,27.3773025],[100.2217405,27.3742137],[100.2220568,27.373581],[100.2245275,27.3717392],[100.2263465,27.3700532],[100.2273133,27.3684274],[100.2273577,27.3676277],[100.2281937,27.3657852],[100.2286942,27.3633825],[100.2314447,27.358989],[100.2319996,27.3565849],[100.2316637,27.3545324],[100.2320747,27.3501607],[100.2314936,27.3482681],[100.2317063,27.346938],[100.2334678,27.3449516],[100.2339078,27.3433749],[100.2337354,27.3417271],[100.2330914,27.3400429],[100.2318915,27.3371181],[100.2316631,27.3358624],[100.2320431,27.3336204],[100.2328974,27.3326109],[100.235972,27.331561],[100.2378138,27.3299403],[100.2385098,27.3283651],[100.2377896,27.3263538],[100.2378802,27.3209302],[100.238052,27.3187176],[100.2374441,27.3172699],[100.2355307,27.3141698],[100.2348847,27.312992],[100.2341269,27.3102893],[100.2336306,27.3089939],[100.2319854,27.3080607],[100.2303145,27.3070377],[100.2293701,27.3065514],[100.2264566,27.3056034],[100.2238187,27.3049719],[100.221713,27.3050458],[100.2197978,27.3055481],[100.2177497,27.3055481],[100.2158468,27.3049956],[100.2143665,27.3048106],[100.2118651,27.3034074],[100.2079055,27.3034682],[100.2049374,27.30285],[100.202284,27.3010604],[100.2013249,27.3004382],[100.1998277,27.298797],[100.1984555,27.2984161],[100.1976265,27.2980105],[100.1972892,27.2977354],[100.1971065,27.2975109],[100.1960964,27.2960549],[100.1954786,27.2943168],[100.1940553,27.2907226],[100.1936581,27.2890495],[100.1929597,27.2875073],[100.1919158,27.2867206],[100.1887423,27.2837444],[100.1869994,27.2825344],[100.1852432,27.2808074],[100.1841127,27.2791966],[100.1837849,27.2786903],[100.1831979,27.275578],[100.1829971,27.275376],[100.1827105,27.2752026],[100.181367,27.2747405],[100.1795383,27.2739401],[100.1793133,27.2737552],[100.1791419,27.2735703],[100.1781833,27.2716414],[100.1766903,27.2691295],[100.1761052,27.2678035],[100.1754197,27.2671506],[100.1748823,27.2659453],[100.1742435,27.2646881],[100.173645,27.2625725],[100.1728291,27.2607013],[100.1711571,27.2585554],[100.1691663,27.2574944],[100.1676166,27.2571374],[100.1656984,27.2567277],[100.164835,27.2562935],[100.163993,27.2556018],[100.1628035,27.2551242],[100.1614424,27.2544737],[100.1607979,27.2540719],[100.1594222,27.253378],[100.1573047,27.2517796],[100.1549914,27.2502426],[100.1525914,27.2479267],[100.1509848,27.2465633],[100.1495606,27.2447992],[100.1488095,27.2428269],[100.1484125,27.2404826],[100.1478696,27.2394747],[100.1476349,27.2392344],[100.1463029,27.2384817],[100.1456442,27.237373],[100.1448525,27.2359802],[100.1440274,27.2348484],[100.1430556,27.2333392],[100.142211,27.2324255],[100.1413508,27.2313621],[100.1394326,27.22904],[100.1371805,27.226717],[100.1364719,27.2255847],[100.1361903,27.2250546],[100.1350578,27.2236627],[100.1344862,27.2222891],[100.1339605,27.2214832],[100.133445,27.220558],[100.1323873,27.2193308],[100.1317736,27.2170381],[100.1306583,27.2154984],[100.1290327,27.2142907],[100.1267945,27.2120676],[100.1247735,27.2112692],[100.1229633,27.2088136],[100.1215277,27.2064307],[100.1202243,27.2036823],[100.1192524,27.2019167],[100.1184843,27.200191],[100.1179064,27.1983661],[100.1166868,27.1954455],[100.1152567,27.1935315],[100.1144788,27.1925552],[100.1135425,27.1915376],[100.1109172,27.1898495],[100.1081836,27.1865814],[100.1064776,27.1820041],[100.104372,27.1794262],[100.1027783,27.1782038],[100.100993,27.1772943],[100.0984629,27.1772104],[100.0963652,27.1769646],[100.0927991,27.1759139],[100.086095,27.1741528],[100.07894,27.1726897],[100.0771776,27.1719414],[100.0767631,27.1717838],[100.0761352,27.1707674],[100.0749938,27.1694902],[100.0716448,27.1684854],[100.0685526,27.1673656],[100.063981,27.1649043],[100.0621446,27.1620306],[100.0600144,27.1562178],[100.0582591,27.1486868],[100.0560189,27.136096],[100.0552217,27.1242195],[100.0546575,27.1117077],[100.0551323,27.1086971],[100.0562446,27.1068993],[100.0592852,27.1034222],[100.0607163,27.1011121],[100.0618174,27.0977074],[100.0628808,27.091902],[100.0634442,27.0878283],[100.0632265,27.0837092],[100.0637375,27.0792931],[100.0676231,27.0751925],[100.0694096,27.0750494],[100.0712927,27.0743813],[100.0726146,27.0717084],[100.0749949,27.0606288],[100.0773765,27.0540472],[100.0779723,27.051451],[100.074407,27.0476279],[100.0707646,27.0433786],[100.0687685,27.0402106],[100.0660218,27.0352404],[100.0682546,27.0295489],[100.0743097,27.0262618],[100.0759002,27.0192548],[100.0744771,27.0087752],[100.0725803,27.0069647],[100.0709757,27.0031483],[100.0695499,27.0012905],[100.068066,26.998678],[100.0669434,26.9960957],[100.0640123,26.9927138],[100.0614198,26.9840344],[100.0583723,26.9783911],[100.0589218,26.9713933],[100.0572547,26.967934],[100.0552239,26.9629979],[100.0569856,26.9530692],[100.0589901,26.9451725],[100.0583453,26.9405999],[100.0534652,26.9358881],[100.0485184,26.9348762],[100.0465717,26.9335021],[100.0409229,26.924238],[100.040585,26.92131],[100.0389263,26.9185455],[100.0364206,26.9180899],[100.0361899,26.9145135],[100.0376457,26.9113779],[100.0335909,26.904776],[100.0249934,26.9026737],[100.0214791,26.9009733],[100.0130296,26.8937631],[100.0078649,26.8905071],[99.9981746,26.8870141],[99.9961562,26.8853212],[99.9946518,26.8840594],[99.993312,26.8800403],[99.9867147,26.8795929],[99.9773317,26.875184],[99.9732891,26.8703556],[99.9686134,26.8697988],[99.9634763,26.870469],[99.9601001,26.8732298],[99.959702,26.8741176],[99.9601496,26.8807192],[99.9629589,26.8845398],[99.9645429,26.8896311],[99.9645429,26.8961962],[99.961483,26.9010695],[99.9561198,26.9055281],[99.9520919,26.9085576],[99.9511057,26.9118907],[99.95465,26.9179128],[99.9583843,26.9237634],[99.9590999,26.9265825],[99.9591978,26.9286379],[99.9591978,26.9330743],[99.9562575,26.9368101],[99.9565318,26.9417802],[99.9578903,26.9441029],[99.9567366,26.9510749],[99.9512855,26.959103],[99.9547547,26.961937],[99.9594085,26.9638679],[99.9633536,26.9640177],[99.9656658,26.965405],[99.9651604,26.9707121],[99.958216,26.9792051],[99.9547093,26.9831628],[99.9485726,26.9851424],[99.9489648,26.9897015],[99.9497663,26.9918555],[99.9492174,26.9945004],[99.949316,26.9969477],[99.9488881,26.9993557],[99.9486045,27.0000816],[99.9423595,27.0056772],[99.93619,27.0112057],[99.9317197,27.0136749],[99.9273192,27.0181782],[99.9296574,27.023972],[99.9246688,27.0303709],[99.9222105,27.0363344],[99.9177657,27.0421344],[99.9104242,27.0448874],[99.902783,27.052152],[99.8963943,27.059185],[99.8978995,27.068324],[99.8974123,27.0762817],[99.8955571,27.0789553],[99.887346,27.0848436],[99.880165,27.089649],[99.8772779,27.0908947],[99.8742807,27.0912812],[99.8711881,27.0903123],[99.8672588,27.0897284],[99.8640009,27.0907093],[99.8613807,27.0924973],[99.8589978,27.0943214],[99.8569716,27.0977747],[99.8542545,27.1046505],[99.851007,27.1123431],[99.8478159,27.1180765],[99.8464441,27.1244242],[99.8467018,27.1283223],[99.8460688,27.1308542],[99.842658,27.1319018],[99.840817,27.1319249],[99.839391,27.1328939],[99.8361511,27.1362555],[99.8321248,27.1414564],[99.8272166,27.1457738],[99.8262915,27.1505019],[99.8239224,27.1539051],[99.8214668,27.1562177],[99.8134544,27.1579737],[99.8051908,27.1617711],[99.8031896,27.162695],[99.8013124,27.1645776],[99.7997955,27.1664538],[99.7981024,27.1703273],[99.7976443,27.1749162],[99.7964101,27.1778988],[99.796716,27.1824525],[99.7957843,27.1873052],[99.7924682,27.1903031],[99.7882053,27.1921886],[99.7773321,27.194727],[99.7758004,27.1955926],[99.7751787,27.1966643],[99.7750647,27.2005012],[99.7742164,27.2032794],[99.7728505,27.2059914],[99.7709512,27.2081837],[99.7684213,27.2096051],[99.763527,27.2105555],[99.7583981,27.2110526],[99.7533239,27.211549],[99.7519149,27.2118462],[99.7488997,27.2124821],[99.7441161,27.2156765],[99.7420715,27.2167414],[99.740252,27.219841],[99.7394333,27.2227513],[99.738379,27.2248129],[99.7359256,27.229522],[99.7329072,27.2335878],[99.7299065,27.236867],[99.7282162,27.2375929],[99.7258973,27.2398993],[99.7233428,27.2428302],[99.7220791,27.2432077],[99.7208687,27.2432403],[99.7200081,27.2438691],[99.7191201,27.2449523],[99.7198413,27.2477082],[99.7196461,27.249438],[99.7182686,27.2506201],[99.7166869,27.2512308],[99.7144868,27.2513648],[99.709655,27.2508882],[99.7042104,27.2524486],[99.701456,27.2542515],[99.6998931,27.2570799],[99.6992414,27.2601831],[99.6991523,27.2648715],[99.6988374,27.2671006],[99.6961066,27.269568],[99.6923073,27.2715439],[99.6847166,27.2747826],[99.6791417,27.2789563],[99.6777233,27.2795474],[99.6766939,27.2804198],[99.6759463,27.2813728],[99.6759463,27.282319],[99.6765765,27.2827883],[99.6776431,27.2827279],[99.6781669,27.2829659],[99.6782255,27.2834856],[99.6776615,27.2844685],[99.6771562,27.2858718],[99.6747237,27.2870981],[99.6715103,27.2880161],[99.6679057,27.2883953],[99.6637417,27.2890811],[99.6615552,27.2898283],[99.6596926,27.2907143],[99.6586597,27.2928753],[99.6593608,27.2946107],[99.6607252,27.2963353],[99.6606158,27.3012614],[99.6618212,27.3053161],[99.6614359,27.3060872],[99.6601612,27.3067752],[99.6572808,27.3090147],[99.6470094,27.313094],[99.6423797,27.3174676],[99.6408139,27.3208828],[99.640056,27.3244966],[99.6412797,27.3295629],[99.6431385,27.3347292],[99.6434861,27.3379428],[99.642474,27.3408272],[99.6428585,27.3423671],[99.6438856,27.3435376],[99.6493309,27.3456069],[99.655767,27.3502976],[99.6580601,27.3510668],[99.6590194,27.3524703],[99.6589931,27.35398],[99.6579829,27.3560919],[99.6562152,27.3582456],[99.6545436,27.3585242],[99.6507072,27.3640843],[99.6470249,27.3678783],[99.6444477,27.3733128],[99.642271,27.3743463],[99.636902,27.3820822],[99.6266076,27.3885722],[99.620072,27.3929103],[99.6164438,27.3934413],[99.6144435,27.3965068],[99.614071,27.3987005],[99.61575,27.4021657],[99.6161702,27.404326],[99.6159567,27.4072596],[99.6112362,27.4162896],[99.6083878,27.4193633],[99.6009098,27.4233672],[99.5984705,27.4252991],[99.5957762,27.4273638],[99.5948531,27.428538],[99.5944997,27.4299892],[99.5949059,27.431298],[99.5996469,27.4360155],[99.6004223,27.4372599],[99.6006631,27.4382653],[99.6001106,27.4401351],[99.6000549,27.4426391],[99.5999894,27.4440048],[99.6009505,27.4457443],[99.6024771,27.4470949],[99.6044926,27.4482147],[99.605973,27.44983],[99.6060478,27.4519614],[99.6066533,27.4534268],[99.6059422,27.4552063],[99.6025827,27.4572889],[99.6008176,27.4583291],[99.5994511,27.4591343],[99.5965712,27.4606405],[99.5951895,27.460641],[99.5933682,27.459834],[99.5906552,27.4573562],[99.5887012,27.4561871],[99.5864702,27.4562386],[99.5850959,27.4572143],[99.5844511,27.4582025],[99.5835067,27.4602198],[99.5831274,27.462908],[99.5830715,27.4665069],[99.5825289,27.467904],[99.5811354,27.4689615],[99.5759789,27.4722621],[99.5737577,27.4740959],[99.5709993,27.475075],[99.5687043,27.4752902],[99.5674111,27.4759584],[99.5664185,27.4774725],[99.5658577,27.4799195],[99.5655746,27.483065],[99.565977,27.4904609],[99.5658554,27.4914882],[99.5651581,27.492386],[99.5626774,27.4946584],[99.5611728,27.4964137],[99.5600137,27.4984644],[99.5594034,27.5006417],[99.5594827,27.5038451],[99.5598705,27.5062889],[99.5605831,27.5084314],[99.5609688,27.5106683],[99.561511,27.51155],[99.5624992,27.5127284],[99.5637238,27.5138712],[99.5644055,27.5149504],[99.5654389,27.5181014],[99.5661886,27.5217314],[99.5662459,27.5234079],[99.5660901,27.5249705],[99.5667454,27.5263856],[99.5674972,27.5280952],[99.5673779,27.5301729],[99.5672868,27.5321769],[99.5663268,27.5337973],[99.5658761,27.5348391],[99.5647812,27.5357242],[99.5637565,27.535656],[99.5626261,27.5350104],[99.5615361,27.5348688],[99.5601087,27.5352398],[99.5581091,27.5360406],[99.5555165,27.5377721],[99.5539727,27.5397022],[99.5527671,27.5414836],[99.5517826,27.5420682],[99.5509436,27.5426237],[99.5504133,27.5434399],[99.5500391,27.5446214],[99.5502566,27.5457011],[99.5504691,27.5469988],[99.551253,27.5489617],[99.5520396,27.550753],[99.5525322,27.5527814],[99.5528811,27.5560135],[99.5527599,27.5580058],[99.5526837,27.5592589],[99.5522816,27.5616035],[99.5517471,27.5635822],[99.5514374,27.5653291],[99.5511585,27.5669023],[99.550654,27.5678356],[99.5495359,27.5689561],[99.5483688,27.569722],[99.5467167,27.5698386],[99.5460326,27.5700772],[99.5457428,27.5706512],[99.5454052,27.5715712],[99.5444283,27.5722519],[99.5432846,27.5726465],[99.5422731,27.5726296],[99.5409546,27.5709327],[99.541377,27.570676],[99.541874,27.570046],[99.543089,27.566221],[99.543876,27.564831],[99.543666,27.564151],[99.541302,27.562038],[99.537878,27.56019],[99.529623,27.557347],[99.528515,27.557245],[99.527269,27.557522],[99.525164,27.555686],[99.523386,27.553367],[99.520449,27.550703],[99.516052,27.548318],[99.515297,27.548112],[99.513537,27.54887],[99.512122,27.548604],[99.510517,27.548046],[99.508774,27.54799],[99.506892,27.548247],[99.506467,27.547977],[99.505565,27.546958],[99.502852,27.546257],[99.502163,27.545404],[99.49952,27.542984],[99.499661,27.540037],[99.499831,27.539379],[99.500513,27.538373],[99.502117,27.535361],[99.502203,27.534212],[99.501486,27.532669],[99.499928,27.531071],[99.499435,27.529605],[99.499358,27.527562],[99.499052,27.527004],[99.496782,27.525024],[99.496052,27.523962],[99.49566,27.522092],[99.496458,27.520046],[99.498403,27.516448],[99.498862,27.513524],[99.498334,27.511844],[99.496066,27.509937],[99.495529,27.509577],[99.491633,27.504947],[99.490799,27.503612],[99.489966,27.500905],[99.489485,27.500027],[99.48753,27.498018],[99.486411,27.496534],[99.484526,27.495064],[99.483388,27.494601],[99.48279,27.494681],[99.481487,27.493954],[99.481097,27.493609],[99.47984,27.493411],[99.476549,27.493373],[99.473125,27.494037],[99.472182,27.493733],[99.469466,27.491572],[99.467015,27.49105],[99.462758,27.489928],[99.460604,27.488919],[99.459296,27.488673],[99.457405,27.488918],[99.456686,27.489133],[99.455469,27.488541],[99.4535,27.487503],[99.450456,27.487513],[99.450141,27.487699],[99.448251,27.487494],[99.44648,27.487195],[99.445327,27.487397],[99.442667,27.488739],[99.439063,27.489898],[99.438823,27.489845],[99.437454,27.488354],[99.433245,27.486759],[99.431399,27.485208],[99.430544,27.484339],[99.42924,27.483724],[99.426725,27.483047],[99.425421,27.482378],[99.42198,27.481899],[99.419855,27.481787],[99.419017,27.481434],[99.415159,27.481881],[99.41263,27.48156],[99.411374,27.48155],[99.410759,27.481196],[99.410198,27.478711],[99.40967,27.476938],[99.409161,27.476092],[99.409191,27.475258],[99.409535,27.474528],[99.409581,27.470846],[99.40988,27.4696],[99.410343,27.467837],[99.410343,27.467533],[99.410994,27.466478],[99.412269,27.465238],[99.413682,27.464483],[99.414894,27.461618],[99.414919,27.461351],[99.411839,27.457502],[99.412333,27.456579],[99.412816,27.45585],[99.412864,27.455097],[99.414295,27.454195],[99.414776,27.45326],[99.414917,27.452253],[99.415753,27.451268],[99.417117,27.450087],[99.417255,27.44857],[99.416666,27.448087],[99.41525,27.447739],[99.41381,27.447513],[99.410148,27.447354],[99.409633,27.447283],[99.409425,27.446701],[99.40935,27.443935],[99.408469,27.442203],[99.405612,27.437359],[99.403896,27.436224],[99.403771,27.435873],[99.404197,27.431733],[99.404216,27.430089],[99.405621,27.426016],[99.406122,27.425527],[99.406963,27.425329],[99.407234,27.425316],[99.407219,27.424804],[99.407842,27.424437],[99.410123,27.424429],[99.41032,27.422454],[99.410014,27.420371],[99.4105,27.419687],[99.411529,27.418916],[99.412896,27.417692],[99.414115,27.416945],[99.41487,27.415248],[99.414945,27.413006],[99.415092,27.412225],[99.416099,27.411637],[99.41671,27.410953],[99.417653,27.40775],[99.417922,27.406625],[99.418451,27.40608],[99.418846,27.405788],[99.419234,27.403962],[99.418431,27.402336],[99.418367,27.401793],[99.41862,27.401104],[99.418776,27.400964],[99.41853,27.398104],[99.418583,27.397644],[99.416517,27.395488],[99.416145,27.394426],[99.41613,27.394039],[99.416889,27.393009],[99.416845,27.392272],[99.415598,27.390464],[99.414682,27.38973],[99.413907,27.387733],[99.414405,27.386933],[99.414834,27.386696],[99.415521,27.384458],[99.415349,27.382199],[99.415456,27.381716],[99.415276,27.380709],[99.415338,27.378844],[99.415419,27.378466],[99.417279,27.376392],[99.417725,27.375148],[99.418078,27.374867],[99.418623,27.374964],[99.419074,27.375305],[99.419441,27.375207],[99.420092,27.374121],[99.421342,27.3734],[99.422417,27.373131],[99.423299,27.371862],[99.424184,27.3718],[99.424688,27.372067],[99.426377,27.372187],[99.427412,27.37199],[99.427423,27.371356],[99.426671,27.370261],[99.427107,27.365482],[99.427537,27.364128],[99.428447,27.363589],[99.429378,27.361623],[99.43034,27.360523],[99.430745,27.359827],[99.434304,27.358453],[99.436618,27.358643],[99.437567,27.358019],[99.437651,27.354993],[99.438182,27.352051],[99.43893,27.351903],[99.44029,27.35184],[99.440872,27.351171],[99.440883,27.350503],[99.44069,27.350091],[99.439229,27.34888],[99.438504,27.347899],[99.435844,27.346254],[99.433991,27.345639],[99.433684,27.343819],[99.433462,27.342751],[99.432916,27.342303],[99.429904,27.341416],[99.429426,27.341151],[99.428982,27.339493],[99.428393,27.338877],[99.425979,27.337953],[99.425171,27.337035],[99.424974,27.3358],[99.424435,27.334336],[99.424578,27.332536],[99.425244,27.331335],[99.425358,27.330823],[99.425257,27.330487],[99.423055,27.328738],[99.421776,27.326606],[99.42158,27.323973],[99.420913,27.321544],[99.4190164,27.3200109],[99.4176082,27.3177538],[99.416414,27.3158734],[99.4156409,27.3134793],[99.4144348,27.3102003],[99.4134279,27.3079842],[99.4119,27.3057389],[99.4096864,27.3047682],[99.4062923,27.3039655],[99.4034975,27.3038722],[99.4021513,27.3036502],[99.4008151,27.3033753],[99.399539,27.3021897],[99.3983318,27.3000413],[99.3977854,27.297071],[99.3976466,27.2947004],[99.3973339,27.2926809],[99.3967694,27.2905585],[99.3963958,27.288483],[99.3963959,27.2863354],[99.397603,27.2809053],[99.3991478,27.2772138],[99.4010147,27.2744682],[99.4026378,27.2717927],[99.4042091,27.2684375],[99.4057885,27.2651394],[99.4068042,27.2619253],[99.4094347,27.2538847],[99.4112485,27.2492754],[99.4122985,27.2467364],[99.4144516,27.2424504],[99.4157628,27.2399028],[99.4172211,27.2378542],[99.4184104,27.2355345],[99.4185574,27.2336611],[99.4183925,27.2329361],[99.4166822,27.2318862],[99.4128019,27.2315021],[99.4092343,27.2310488],[99.4062482,27.2307362],[99.4034884,27.230243],[99.4014045,27.2292662],[99.3995039,27.2279967],[99.3966911,27.2258877],[99.3942694,27.2221463],[99.3916042,27.2204537],[99.3878886,27.2186781],[99.3833229,27.2180095],[99.3821766,27.2169946],[99.3821766,27.2163758]]]}}]}
