{"type":"FeatureCollection","features":[{"type":"Feature","properties":{"place_id":222023270,"osm_type":"relation","osm_id":3469133,"place_rank":10,"category":"boundary","type":"administrative","importance":0.639400326256602,"addresstype":"city","name":"青岛市","display_name":"青岛市, 山东省, 266000, 中国"},"bbox":[119.509216,35.4517221,121.5698976,37.148465],"geometry":{"type":"Polygon","coordinates":[[[119.509216,35.6986918],[119.5140655,35.6851648],[119.5236342,35.6748449],[119.5228091,35.6545463],[119.5200932,35.6503827],[119.5194832,35.6479045],[119.5214147,35.6464175],[119.5221263,35.6451784],[119.5198405,35.6439037],[119.5182634,35.6430305],[119.5188733,35.636917],[119.5154407,35.6375302],[119.5149885,35.6352151],[119.5195932,35.6328001],[119.5138921,35.6278284],[119.5131888,35.6251404],[119.513168,35.6140529],[119.5178425,35.6105832],[119.5257538,35.6082403],[119.5318206,35.6057622],[119.5332069,35.5997299],[119.5336135,35.5963409],[119.530499,35.592308],[119.5356488,35.590057],[119.543674,35.5915053],[119.5483732,35.5921858],[119.5545745,35.5934421],[119.5618272,35.5909295],[119.564209,35.5883644],[119.5654321,35.5861483],[119.5695305,35.5867765],[119.5700884,35.5858865],[119.572277,35.5861657],[119.570775,35.5900221],[119.5728564,35.5904235],[119.5714402,35.5939307],[119.5752597,35.5938958],[119.5777273,35.5927093],[119.5815038,35.5974378],[119.5870828,35.6005958],[119.5932627,35.5996885],[119.5952582,35.5933898],[119.5952582,35.5901966],[119.6047854,35.591959],[119.6046138,35.5939831],[119.6078539,35.5966003],[119.6089482,35.5992349],[119.6088624,35.6046609],[119.6112656,35.6071207],[119.6142483,35.6072778],[119.616394,35.6027243],[119.6184003,35.602166],[119.6186793,35.601503],[119.6220928,35.6020324],[119.6228421,35.6021486],[119.6245158,35.6021573],[119.6253848,35.6023143],[119.6284103,35.6024713],[119.6291506,35.6018258],[119.6291613,35.5991651],[119.6297989,35.597979],[119.6340987,35.5948269],[119.6377721,35.5939459],[119.639431,35.5931338],[119.6428674,35.5902567],[119.6455014,35.5893241],[119.6550583,35.586444],[119.6603822,35.5848395],[119.6672916,35.5752411],[119.6962165,35.5654671],[119.8382116,35.4517221],[120.727746,35.4517221],[120.8525926,35.5647771],[121.0524665,35.7454415],[121.3959975,35.9587088],[121.5698976,36.0664488],[121.0479556,36.5304833],[120.9833334,36.5579121],[120.9416197,36.5730094],[120.9287451,36.5812117],[120.9160422,36.5932034],[120.908982,36.5977628],[120.8844565,36.6135988],[120.8572483,36.6198678],[120.8165002,36.599319],[120.8139066,36.5957634],[120.8105564,36.5911703],[120.8076381,36.5907051],[120.8053636,36.5914976],[120.8004927,36.5896197],[120.794034,36.5885687],[120.7903057,36.5884007],[120.7885516,36.5884826],[120.7872426,36.5898997],[120.7859445,36.5912306],[120.7834661,36.5923074],[120.7817066,36.5925744],[120.7808697,36.5922385],[120.7796949,36.591265],[120.7766747,36.5906018],[120.77528,36.590774],[120.7743788,36.5915149],[120.7746255,36.5922471],[120.7754838,36.5934014],[120.7756448,36.5944781],[120.7734883,36.595753],[120.7731771,36.5963645],[120.7739711,36.5974412],[120.7734775,36.5994137],[120.7727909,36.60099],[120.769304,36.6014895],[120.7671046,36.6041768],[120.7634139,36.6051414],[120.7609248,36.6046591],[120.7598519,36.6039528],[120.7582748,36.60366],[120.7571375,36.6047108],[120.7560325,36.6051069],[120.7549596,36.6050983],[120.7541549,36.6054342],[120.7534468,36.6052275],[120.7528353,36.6054773],[120.7466125,36.6146923],[120.7447886,36.6146406],[120.7442415,36.6150712],[120.7411837,36.6155276],[120.7412052,36.6160444],[120.7361412,36.6164577],[120.7336092,36.61725],[120.7304334,36.6147698],[120.727601,36.6144943],[120.7271719,36.6176289],[120.7295322,36.61973],[120.7241678,36.6229677],[120.7200479,36.6241732],[120.7035684,36.6211766],[120.7045984,36.6127719],[120.6948995,36.6069845],[120.6986332,36.5974757],[120.6882476,36.5977514],[120.6782913,36.5896886],[120.6654167,36.5880347],[120.6519413,36.5787648],[120.6330156,36.5738709],[120.6311488,36.5752495],[120.6312883,36.5837617],[120.6304836,36.5838995],[120.6311595,36.5881466],[120.6296682,36.5881897],[120.6300431,36.588871],[120.6300861,36.589275],[120.6303481,36.592374],[120.6309631,36.596666],[120.6313021,36.597648],[120.6317881,36.598243],[120.6323521,36.598625],[120.6336891,36.598885],[120.6342531,36.599206],[120.6351561,36.600217],[120.6353041,36.600533],[120.6356251,36.602496],[120.6347391,36.602422],[120.6349571,36.603012],[120.6354251,36.605737],[120.6356771,36.609944],[120.6349651,36.610547],[120.6342791,36.610859],[120.6343751,36.611888],[120.6351561,36.611953],[120.6352001,36.612209],[120.6356601,36.612396],[120.6364061,36.612274],[120.6365451,36.613889],[120.6377521,36.613793],[120.6381511,36.613272],[120.6387501,36.613268],[120.6388811,36.61598],[120.6393491,36.616736],[120.6408071,36.616662],[120.6407461,36.616905],[120.6397481,36.618008],[120.6391931,36.618849],[120.6391841,36.619966],[120.6397301,36.622956],[120.6397831,36.624362],[120.6400531,36.626381],[120.6419241,36.626248],[120.6421441,36.626232],[120.6422311,36.627704],[120.6440191,36.628112],[120.6472481,36.628108],[120.6472831,36.627899],[120.6495051,36.627825],[120.6495221,36.626567],[120.6527341,36.626463],[120.6533421,36.6274],[120.6539931,36.627835],[120.6542451,36.628299],[120.6547231,36.629722],[120.6547051,36.632266],[120.6542531,36.633638],[120.6536641,36.640074],[120.6531861,36.640057],[120.6531861,36.641246],[120.6529511,36.641832],[120.6542531,36.641745],[120.6545061,36.642513],[120.6546001,36.643815],[120.6552781,36.6448],[120.6555291,36.645642],[120.6553991,36.646276],[120.6558501,36.647791],[120.6557561,36.648207],[120.6554081,36.648836],[120.6550091,36.649249],[120.6538021,36.650217],[120.6528991,36.650356],[120.6528041,36.651355],[120.6510591,36.651381],[120.6510941,36.652235],[120.6512411,36.652821],[120.6497311,36.6527],[120.6495311,36.651041],[120.6493491,36.650703],[120.6490281,36.650456],[120.6485681,36.650382],[120.6479861,36.650568],[120.6476211,36.650981],[120.6471441,36.652118],[120.6466141,36.652483],[120.6461891,36.653112],[120.6452871,36.653759],[120.6444531,36.655087],[120.6442711,36.655677],[120.6443581,36.6577],[120.6451381,36.657643],[120.6459201,36.65747],[120.6460511,36.658559],[120.6462501,36.659136],[120.6467621,36.660381],[120.6477521,36.661966],[120.6479001,36.662413],[120.6478391,36.66263],[120.6476391,36.663025],[120.6474661,36.66313],[120.6457551,36.662765],[120.6441151,36.662799],[120.6438631,36.662665],[120.6435511,36.663551],[120.6418141,36.663051],[120.6414581,36.663728],[120.6417801,36.663941],[120.6419281,36.664167],[120.6415971,36.66523],[120.6405041,36.664718],[120.6399051,36.664818],[120.6392101,36.665351],[120.6386291,36.665581],[120.6373611,36.665907],[120.6366581,36.665721],[120.6352781,36.665182],[120.6342881,36.664327],[120.6333761,36.663846],[120.6331081,36.663463],[120.6329431,36.662986],[120.6327171,36.662843],[120.6317361,36.662864],[120.6293141,36.662639],[120.6271011,36.662569],[120.6269971,36.661992],[120.6265711,36.661783],[120.6262331,36.661467],[120.6261461,36.659744],[120.6248011,36.659914],[120.6239411,36.659753],[120.6226911,36.659696],[120.6220141,36.663815],[120.6204431,36.671072],[120.6207901,36.671181],[120.6229941,36.671112],[120.6236371,36.67148],[120.6246361,36.671875],[120.6256171,36.672161],[120.6261021,36.672214],[120.6263721,36.672552],[120.6263551,36.672904],[120.6266661,36.673012],[120.6267791,36.673199],[120.6267971,36.673837],[120.6260941,36.673798],[120.6259461,36.674813],[120.6256071,36.675139],[120.6254081,36.675191],[120.6241231,36.674831],[120.6239581,36.67546],[120.6228041,36.675642],[120.6216231,36.675642],[120.6215361,36.67655],[120.6214071,36.676563],[120.6213201,36.677517],[120.6219191,36.678285],[120.6216141,36.678476],[120.6210331,36.67862],[120.6204511,36.67908],[120.6190711,36.679049],[120.6190271,36.678581],[120.6180211,36.678473],[120.6172141,36.679076],[120.6173091,36.679943],[120.6179431,36.680334],[120.6170661,36.681081],[120.6157991,36.681632],[120.6145581,36.681358],[120.6144541,36.682049],[120.6145921,36.682309],[120.6142281,36.683515],[120.6125431,36.686216],[120.6132471,36.686723],[120.6143661,36.686567],[120.6131431,36.68839],[120.6118491,36.689579],[120.6096961,36.688737],[120.6093831,36.688711],[120.6089141,36.68918],[120.6086121,36.689731],[120.6072221,36.690499],[120.6058071,36.690959],[120.6052781,36.691602],[120.6044091,36.691202],[120.6041581,36.691536],[120.6031331,36.691514],[120.6023961,36.691775],[120.6008071,36.691823],[120.6004161,36.691758],[120.6002081,36.691615],[120.6001991,36.691198],[120.5999221,36.690941],[120.5993401,36.69128],[120.5975351,36.691992],[120.5972141,36.692214],[120.5965621,36.69211],[120.5959811,36.691879],[120.5952521,36.691849],[120.5945231,36.691602],[120.5941921,36.692825],[120.5933251,36.693971],[120.5920221,36.692535],[120.5900871,36.692439],[120.5895391,36.693767],[120.5880211,36.693433],[120.5874221,36.693884],[120.5872571,36.694314],[120.5863801,36.694145],[120.5850871,36.694332],[120.5848611,36.694458],[120.5847481,36.694739],[120.5837851,36.694892],[120.5826391,36.695612],[120.5818231,36.696601],[120.5816321,36.697066],[120.5842181,36.697786],[120.5829511,36.698676],[120.5814671,36.698012],[120.5814751,36.698663],[120.5847921,36.700204],[120.5845051,36.700859],[120.5859461,36.701042],[120.5861461,36.701771],[120.5860251,36.702608],[120.5890191,36.703129],[120.5884551,36.704861],[120.5899141,36.7052],[120.5897221,36.705625],[120.5906941,36.706133],[120.5910671,36.706493],[120.5914151,36.707131],[120.5917971,36.707452],[120.5918581,36.707865],[120.5914151,36.709523],[120.5909641,36.710573],[120.5910771,36.711107],[120.5904861,36.711163],[120.5903821,36.711749],[120.5904171,36.712764],[120.5902341,36.71339],[120.5900001,36.713455],[120.5899221,36.713694],[120.5880901,36.71362],[120.5879511,36.713976],[120.5879431,36.714696],[120.5882511,36.715325],[120.5885071,36.715847],[120.5889761,36.716272],[120.5896701,36.716385],[120.5899211,36.716658],[120.5899211,36.716979],[120.5868841,36.716775],[120.5866321,36.717583],[120.5860421,36.720733],[120.5850961,36.722895],[120.5847911,36.724136],[120.5862681,36.724627],[120.5867621,36.7249],[120.5868051,36.725122],[120.5866751,36.725209],[120.5859031,36.725317],[120.5850951,36.725604],[120.5835071,36.725812],[120.5823001,36.726462],[120.5813451,36.727622],[120.5809031,36.727882],[120.5805991,36.728312],[120.5803131,36.729722],[120.5800601,36.730256],[120.5798181,36.730382],[120.5795321,36.731037],[120.5793141,36.734054],[120.5794791,36.734731],[120.5776301,36.736519],[120.5770751,36.736879],[120.5762761,36.737239],[120.5750961,36.737465],[120.5721791,36.736914],[120.5721621,36.736493],[120.5692801,36.736085],[120.5695141,36.735034],[120.5694271,36.734883],[120.5665501,36.734509],[120.5662851,36.734474],[120.5661031,36.734583],[120.5646091,36.734457],[120.5644181,36.734371],[120.5643231,36.735234],[120.5620231,36.735187],[120.5618141,36.735529],[120.5602351,36.735539],[120.5593051,36.735134],[120.5578481,36.736254],[120.5576301,36.736818],[120.5568841,36.738034],[120.5565101,36.738303],[120.5559811,36.739571],[120.5556251,36.739709],[120.5544351,36.73984],[120.5542711,36.740621],[120.5542971,36.740842],[120.5559891,36.740764],[120.5556511,36.742244],[120.5546271,36.742261],[120.5540801,36.742357],[120.5529951,36.741889],[120.5511721,36.741371],[120.5504681,36.741419],[120.5493231,36.741897],[120.5483681,36.742513],[120.5479341,36.742974],[120.5474221,36.743615],[120.5470051,36.744687],[120.5469281,36.745308],[120.5467281,36.745655],[120.5463981,36.745863],[120.5458681,36.74579],[120.5413891,36.744236],[120.5412591,36.744792],[120.5413971,36.745361],[120.5404341,36.746507],[120.5394711,36.748186],[120.5393401,36.748758],[120.5397741,36.750447],[120.5397831,36.751003],[120.5393751,36.752696],[120.5393841,36.752965],[120.5396791,36.753147],[120.5407121,36.75336],[120.5407201,36.753867],[120.5404861,36.755408],[120.5421881,36.755487],[120.5444621,36.755361],[120.5442101,36.756138],[120.5441841,36.756706],[120.5437761,36.756927],[120.5410681,36.756432],[120.5406771,36.756272],[120.5403911,36.756398],[120.5401041,36.757205],[120.5399311,36.758585],[120.5403041,36.760026],[120.5400351,36.761155],[120.5397661,36.761832],[120.5389171,36.763229],[120.5381161,36.764545],[120.5360421,36.7676],[120.5391231,36.768854],[120.5397841,36.768985],[120.5401571,36.769185],[120.5407041,36.769232],[120.5412411,36.769084],[120.5417621,36.768819],[120.5433071,36.768681],[120.5421611,36.769657],[120.5421961,36.770534],[120.5423271,36.770881],[120.5423011,36.771224],[120.5428471,36.771437],[120.5421961,36.772305],[120.5418841,36.773342],[120.5432721,36.773664],[120.5442801,36.77414],[120.5442271,36.774952],[120.5436991,36.775503],[120.5454001,36.776038],[120.5465191,36.776489],[120.5465621,36.776975],[120.5506511,36.778442],[120.5507991,36.77875],[120.5505561,36.779622],[120.5505651,36.780543],[120.5508161,36.780755],[120.5516321,36.780816],[120.5526131,36.781016],[120.5528561,36.781242],[120.5529391,36.781957],[120.5530291,36.782735],[120.5532211,36.783581],[120.5537931,36.783893],[120.5544271,36.783781],[120.5546351,36.784636],[120.5547311,36.785638],[120.5547131,36.78664],[120.5543931,36.787292],[120.5543401,36.787669],[120.5552001,36.788346],[120.5562591,36.790126],[120.5570231,36.792752],[120.5576041,36.79382],[120.5582731,36.794253],[120.5584461,36.794761],[120.5590111,36.795069],[120.5593831,36.796189],[120.5597221,36.798038],[120.5600181,36.798468],[120.5596091,36.800286],[120.5593931,36.800686],[120.5585421,36.801129],[120.5581951,36.801441],[120.5580821,36.80217],[120.5587591,36.802691],[120.5623881,36.803754],[120.5629171,36.80378],[120.5630991,36.803216],[120.5633681,36.802761],[120.5642451,36.802274],[120.5662851,36.802548],[120.5662591,36.80296],[120.5664931,36.80336],[120.5668751,36.803702],[120.5674331,36.803676],[120.5681431,36.803642],[120.5682641,36.802635],[120.5696711,36.802895],[120.5712851,36.802986],[120.5718841,36.802726],[120.5777401,36.803261],[120.5781071,36.803294],[120.5794011,36.802214],[120.5798091,36.801992],[120.5807211,36.802197],[120.5816751,36.802604],[120.5826301,36.801528],[120.5831601,36.801597],[120.5828561,36.802869],[120.5830121,36.803867],[120.5835421,36.804032],[120.5841841,36.804032],[120.5841761,36.803403],[120.5839421,36.802361],[120.5842791,36.802282],[120.5843021,36.802276],[120.5843251,36.802271],[120.5848881,36.802139],[120.5852871,36.801641],[120.5857031,36.801329],[120.5860511,36.801198],[120.5866841,36.80112],[120.5873701,36.801176],[120.5876471,36.801345],[120.5880911,36.801883],[120.5884551,36.802053],[120.5892531,36.802162],[120.5897491,36.803047],[120.5900181,36.803316],[120.5912761,36.802709],[120.5927961,36.801771],[120.5942101,36.801202],[120.5947311,36.801211],[120.5948961,36.801376],[120.5948791,36.801953],[120.5934291,36.80398],[120.5955731,36.804587],[120.5968841,36.804757],[120.5977521,36.806111],[120.5983941,36.806841],[120.5990971,36.808051],[120.5996611,36.808277],[120.5998171,36.808841],[120.6008161,36.809922],[120.6003121,36.809956],[120.5998261,36.810343],[120.5996791,36.811381],[120.5993061,36.811957],[120.6002261,36.81194],[120.6008421,36.813594],[120.6006951,36.815551],[120.6003301,36.816902],[120.6024481,36.817227],[120.6025441,36.818073],[120.5995831,36.817813],[120.5993491,36.818421],[120.5995221,36.818598],[120.6008631,36.818763],[120.6024141,36.818954],[120.6024141,36.819093],[120.6012301,36.819579],[120.6008681,36.819726],[120.6005811,36.82],[120.6026211,36.820998],[120.6029251,36.821446],[120.6035241,36.823229],[120.6043061,36.824744],[120.6049481,36.825239],[120.6064071,36.825591],[120.6066231,36.82599],[120.6067711,36.826684],[120.6073351,36.827778],[120.6075781,36.828472],[120.6076481,36.828958],[120.6075781,36.829393],[120.6071791,36.830178],[120.6061461,36.831094],[120.6055641,36.832166],[120.6051481,36.832639],[120.6045661,36.832973],[120.6041321,36.833103],[120.6013281,36.833325],[120.5995751,36.833859],[120.5981951,36.834011],[120.5967971,36.834839],[120.5954951,36.8351],[120.5945051,36.835612],[120.5931941,36.836371],[120.5912851,36.8378],[120.5901131,36.838307],[120.5886371,36.838603],[120.5872831,36.838181],[120.5850351,36.83852],[120.5847921,36.840812],[120.5836981,36.840833],[120.5837681,36.839428],[120.5827431,36.839423],[120.5818931,36.839418],[120.5819881,36.840504],[120.5831431,36.841094],[120.5828471,36.843372],[120.5830641,36.843628],[120.5835211,36.843809],[120.5842021,36.84408],[120.5849481,36.845664],[120.5865021,36.847123],[120.5871011,36.847851],[120.5869361,36.848651],[120.5884981,36.848593],[120.5899911,36.848711],[120.5896621,36.849353],[120.5892801,36.849809],[120.5884981,36.850425],[120.5884461,36.850721],[120.5893241,36.850955],[120.5897921,36.851437],[120.5911551,36.851932],[120.5912761,36.852401],[120.5896011,36.852682],[120.5884991,36.853294],[120.5870221,36.854839],[120.5863031,36.854714],[120.5863291,36.855048],[120.5868581,36.855751],[120.5859551,36.855699],[120.5859201,36.856172],[120.5865541,36.856589],[120.5864501,36.856876],[120.5851821,36.857843],[120.5848871,36.858468],[120.5843661,36.858776],[120.5836901,36.858755],[120.5822741,36.857361],[120.5816671,36.857417],[120.5813631,36.858389],[120.5796011,36.85806],[120.5787421,36.858],[120.5770051,36.858481],[120.5751471,36.858616],[120.5749051,36.858819],[120.5749131,36.859167],[120.5741501,36.859244],[120.5737671,36.859519],[120.5735771,36.860035],[120.5739501,36.860764],[120.5738981,36.86099],[120.5728381,36.860881],[120.5726301,36.861232],[120.5729781,36.86204],[120.5729521,36.862279],[120.5726221,36.862288],[120.5724831,36.862396],[120.5738811,36.865322],[120.5738631,36.865764],[120.5731511,36.866271],[120.5729511,36.866567],[120.5728561,36.8672],[120.5743401,36.867366],[120.5743401,36.867938],[120.5734381,36.870161],[120.5740451,36.870508],[120.5737071,36.871241],[120.5729431,36.871077],[120.5724741,36.872148],[120.5718051,36.874432],[120.5725081,36.875217],[120.5728041,36.876129],[120.5726301,36.876826],[120.5726521,36.876845],[120.5726211,36.876857],[120.5719361,36.879587],[120.5722401,36.879718],[120.5730131,36.879732],[120.5747751,36.879549],[120.5754521,36.879783],[120.5768841,36.880803],[120.5777721,36.880768],[120.5786891,36.880733],[120.5791151,36.881007],[120.5795311,36.881441],[120.5814411,36.882287],[120.5833511,36.882401],[120.5847151,36.882283],[120.5855751,36.882031],[120.5882301,36.881853],[120.5902011,36.882081],[120.5922231,36.882485],[120.5943971,36.883269],[120.5955601,36.884381],[120.5959901,36.884963],[120.5973801,36.885216],[120.5977521,36.884059],[120.5992111,36.884289],[120.5995321,36.884237],[120.5998531,36.883164],[120.6013461,36.883442],[120.6016061,36.883025],[120.6034121,36.883199],[120.6044881,36.883416],[120.6042191,36.884987],[120.6040111,36.885486],[120.6039671,36.886008],[120.6046531,36.886085],[120.6054871,36.886311],[120.6062851,36.886645],[120.6074741,36.886884],[120.6080991,36.887109],[120.6088031,36.887205],[120.6107991,36.886988],[120.6118841,36.887214],[120.6139581,36.888229],[120.6139761,36.88879],[120.6142101,36.888863],[120.6140721,36.889996],[120.6181341,36.890534],[120.6172831,36.892344],[120.6174131,36.892978],[120.6174881,36.894176],[120.6175611,36.895334],[120.6172231,36.900478],[120.6182731,36.900856],[120.6184031,36.901207],[120.6181251,36.907044],[120.6193581,36.907214],[120.6193701,36.907232],[120.6193561,36.907249],[120.6192801,36.908928],[120.6174221,36.908841],[120.6166231,36.909037],[120.6157901,36.908994],[120.6159201,36.907101],[120.6155561,36.907075],[120.6155121,36.907604],[120.6153211,36.907591],[120.6152261,36.909006],[120.6154951,36.909006],[120.6151481,36.912838],[120.6137161,36.912759],[120.6126561,36.9127],[120.6127181,36.910808],[120.6119101,36.910642],[120.6101741,36.910364],[120.6094451,36.910556],[120.6011801,36.910139],[120.6010071,36.90997],[120.5991491,36.909922],[120.5992281,36.910465],[120.5975611,36.910417],[120.5975181,36.910165],[120.5957031,36.910196],[120.5951131,36.912226],[120.5917971,36.911254],[120.5909031,36.911163],[120.5907031,36.911758],[120.5897311,36.911628],[120.5893401,36.912049],[120.5889501,36.911927],[120.5882131,36.91191],[120.5879601,36.913602],[120.5875351,36.914467],[120.5869881,36.914992],[120.5865981,36.915812],[120.5851991,36.915487],[120.5846451,36.917344],[120.5849741,36.918165],[120.5848271,36.918555],[120.5846011,36.918763],[120.5837591,36.918542],[120.5833331,36.919315],[120.5829871,36.919206],[120.5834031,36.918434],[120.5813631,36.917865],[120.5810341,36.918863],[120.5796711,36.920018],[120.5794791,36.920373],[120.5793921,36.920947],[120.5782041,36.920638],[120.5779861,36.921341],[120.5776831,36.921767],[120.5769281,36.921797],[120.5765711,36.923056],[120.5756891,36.922856],[120.5756791,36.922825],[120.5756401,36.922845],[120.5742541,36.922531],[120.5741321,36.923134],[120.5742011,36.923859],[120.5744101,36.924202],[120.5746881,36.924414],[120.5745841,36.924914],[120.5741061,36.925794],[120.5736551,36.926177],[120.5718581,36.926784],[120.5702951,36.926697],[120.5699131,36.928047],[120.5684551,36.928069],[120.5683511,36.929284],[120.5678301,36.9302],[120.5677781,36.93109],[120.5682381,36.931151],[120.5682211,36.93181],[120.5690811,36.931862],[120.5690881,36.933142],[120.5697581,36.933281],[120.5694881,36.933928],[120.5685591,36.934345],[120.5685941,36.934852],[120.5684901,36.935348],[120.5680641,36.935994],[120.5694281,36.936181],[120.5693931,36.93691],[120.5676561,36.936532],[120.5670661,36.937908],[120.5679611,36.938994],[120.5680651,36.939844],[120.5676651,36.941272],[120.5679081,36.941875],[120.5682031,36.942254],[120.5682471,36.94231],[120.5687241,36.942713],[120.5696441,36.94316],[120.5691061,36.945477],[120.5688201,36.945465],[120.5685331,36.945565],[120.5681681,36.945808],[120.5670061,36.947965],[120.5667101,36.948207],[120.5663721,36.948308],[120.5626131,36.947986],[120.5615451,36.948299],[120.5618121,36.950689],[120.5618661,36.951168],[120.5598701,36.950912],[120.5598421,36.951015],[120.5597131,36.951489],[120.5584551,36.951345],[120.5579521,36.952626],[120.5576041,36.953147],[120.5573261,36.954093],[120.5574131,36.954245],[120.5571531,36.955113],[120.5569531,36.955183],[120.5563631,36.957309],[120.5563191,36.957921],[120.5562031,36.958356],[120.5561781,36.958448],[120.5558681,36.959606],[120.5556681,36.95967],[120.5555561,36.960274],[120.5548531,36.960265],[120.5548181,36.960395],[120.5537591,36.960343],[120.5535941,36.962336],[120.5547751,36.962331],[120.5547581,36.962188],[120.5560251,36.962161],[120.5560421,36.96227],[120.5571271,36.962279],[120.5571361,36.962192],[120.5582211,36.962318],[120.5580901,36.963516],[120.5582471,36.963533],[120.5581861,36.964033],[120.5585161,36.964097],[120.5586811,36.964358],[120.5593061,36.964744],[120.5594181,36.964666],[120.5607291,36.964861],[120.5607461,36.965039],[120.5618411,36.965209],[120.5617591,36.965756],[120.5616851,36.966255],[120.5617201,36.966775],[120.5612851,36.968091],[120.5611551,36.968833],[120.5614851,36.968894],[120.5617881,36.970647],[120.5617281,36.971471],[120.5618751,36.971484],[120.5617051,36.972758],[120.5616151,36.97343],[120.5628211,36.973416],[120.5627431,36.973637],[120.5628911,36.974792],[120.5630561,36.974801],[120.5630911,36.97576],[120.5629771,36.97579],[120.5630031,36.976307],[120.5632211,36.976524],[120.5638631,36.976528],[120.5638541,36.977222],[120.5635421,36.977236],[120.5633421,36.980195],[120.5629081,36.980187],[120.5628651,36.981272],[120.5631941,36.981289],[120.5632201,36.981398],[120.5637851,36.981432],[120.5638031,36.982895],[120.5650091,36.982917],[120.5649751,36.983527],[120.5649221,36.984502],[120.5657201,36.984623],[120.5658341,36.984718],[120.5657461,36.986012],[120.5666231,36.986164],[120.5665631,36.988516],[120.5686631,36.987595],[120.5693061,36.987184],[120.5693081,36.98758],[120.5693311,36.99282],[120.5693291,36.992836],[120.5693311,36.992853],[120.5693321,36.993055],[120.5708951,36.993029],[120.5710071,36.993233],[120.5712331,36.995547],[120.5711991,36.998664],[120.5722051,37.000231],[120.5731341,37.001055],[120.5744541,37.001619],[120.5751271,37.001649],[120.5763631,37.001702],[120.5776571,37.001397],[120.5786201,37.000421],[120.5791761,37.000022],[120.5808861,36.999206],[120.5810861,36.997826],[120.5848791,36.997934],[120.5850521,36.995977],[120.5856601,36.995973],[120.5857121,36.993712],[120.5873271,36.99368],[120.5874831,36.9922],[120.5890541,36.99207],[120.5891581,36.990868],[120.5905191,36.9908989],[120.5920231,36.990933],[120.5919237,36.9916967],[120.5959731,36.99178],[120.5951391,36.995217],[120.5984461,36.995534],[120.5982641,36.996598],[120.5992451,36.996788],[120.5989591,36.998364],[120.5984991,36.998359],[120.5982211,36.999631],[120.6002951,36.999536],[120.6010501,36.999966],[120.6017621,37.000812],[120.6019711,37.002125],[120.6020901,37.002868],[120.6021531,37.003264],[120.6021791,37.004141],[120.6019971,37.005421],[120.6016061,37.005413],[120.6014681,37.006558],[120.6010601,37.007023],[120.6012061,37.008334],[120.6008161,37.008394],[120.6010241,37.010634],[120.5970491,37.012326],[120.5970481,37.012334],[120.5970491,37.01235],[120.5970661,37.013563],[120.5992801,37.013767],[120.5993931,37.014874],[120.6000171,37.016424],[120.6007981,37.017482],[120.6014151,37.018099],[120.6024301,37.018437],[120.6038801,37.018216],[120.6051651,37.01849],[120.6067971,37.019245],[120.6076141,37.020157],[120.6078381,37.021051],[120.6086901,37.022834],[120.6091931,37.023456],[120.6089331,37.024336],[120.6083951,37.024957],[120.6078301,37.02599],[120.6073301,37.027331],[120.6067801,37.028803],[120.6059471,37.030291],[120.6061901,37.030782],[120.6062851,37.031593],[120.6060421,37.033642],[120.6056971,37.034088],[120.6044541,37.035695],[120.6032121,37.035669],[120.6014241,37.035369],[120.6000441,37.035534],[120.5992711,37.036146],[120.5994711,37.037236],[120.6004771,37.038525],[120.6003391,37.039592],[120.6025351,37.039939],[120.6026911,37.039271],[120.6043321,37.039058],[120.6048531,37.039362],[120.6046701,37.040321],[120.6038111,37.041902],[120.6022841,37.045612],[120.6015031,37.046732],[120.6003911,37.047119],[120.5990451,37.047188],[120.5988721,37.04681],[120.5982641,37.045964],[120.5974401,37.045269],[120.5969621,37.045652],[120.5960431,37.045864],[120.5953561,37.045834],[120.5924921,37.045708],[120.5923701,37.046468],[120.5893411,37.046046],[120.5892111,37.04691],[120.5817971,37.048113],[120.5793851,37.046315],[120.5792621,37.04665],[120.5796451,37.048573],[120.5796711,37.049249],[120.5802521,37.050022],[120.5792891,37.051506],[120.5794971,37.052322],[120.5801651,37.052991],[120.5799131,37.053763],[120.5800621,37.054436],[120.5803131,37.054766],[120.5802351,37.055347],[120.5796191,37.056398],[120.5797231,37.057726],[120.5792541,37.058],[120.5783161,37.058316],[120.5764151,37.058533],[120.5757731,37.058424],[120.5741061,37.055565],[120.5736811,37.054671],[120.5738381,37.054067],[120.5740711,37.052071],[120.5734641,37.05158],[120.5736991,37.051333],[120.5735421,37.050816],[120.5731601,37.050339],[120.5716751,37.049631],[120.5707471,37.049553],[120.5703741,37.048924],[120.5689321,37.048169],[120.5682641,37.047482],[120.5668231,37.047436],[120.5664681,37.04717],[120.5661551,37.046693],[120.5661111,37.045951],[120.5645151,37.04589],[120.5633511,37.046484],[120.5625431,37.046563],[120.5605911,37.046359],[120.5598091,37.046363],[120.5590371,37.046502],[120.5568671,37.047309],[120.5563281,37.047509],[120.5555041,37.04744],[120.5542191,37.04697],[120.5517971,37.045361],[120.5487251,37.043629],[120.5474571,37.042696],[120.5466231,37.041828],[120.5449831,37.040803],[120.5446881,37.040912],[120.5446731,37.040914],[120.5446591,37.040922],[120.5429691,37.041546],[120.5403391,37.042947],[120.5394011,37.043285],[120.5368931,37.043668],[120.5369451,37.044805],[120.5375271,37.044831],[120.5374481,37.04651],[120.5347141,37.047001],[120.5340451,37.047913],[120.5331951,37.047887],[120.5331861,37.047161],[120.5328991,37.047223],[120.5324751,37.047435],[120.5314671,37.04869],[120.5310331,37.048568],[120.5306081,37.049853],[120.5303481,37.049866],[120.5301141,37.052514],[120.5295931,37.052565],[120.5284381,37.053421],[120.5280911,37.055617],[120.5287761,37.056173],[120.5290371,37.057158],[120.5305741,37.057223],[120.5305931,37.057223],[120.5306141,37.057225],[120.5310771,37.057244],[120.5321801,37.058043],[120.5350361,37.059853],[120.5348441,37.061185],[120.5355211,37.062162],[120.5358681,37.063373],[120.5360071,37.064509],[120.5350611,37.066429],[120.5348791,37.067106],[120.5354001,37.06711],[120.5351131,37.068872],[120.5347751,37.068898],[120.5345751,37.070048],[120.5336291,37.070022],[120.5338721,37.070439],[120.5339061,37.071194],[120.5362511,37.07122],[120.5362771,37.071689],[120.5340111,37.071706],[120.5339061,37.072266],[120.5363111,37.072149],[120.5368401,37.072596],[120.5370491,37.073038],[120.5370581,37.073772],[120.5366751,37.077626],[120.5360601,37.078486],[120.5342121,37.078647],[120.5333781,37.078564],[120.5339341,37.080174],[120.5339241,37.081412],[120.5315551,37.08145],[120.5315381,37.083551],[120.5316251,37.084494],[120.5326141,37.085704],[120.5322931,37.086459],[120.5326491,37.088555],[120.5327611,37.089754],[120.5324491,37.090821],[120.5324581,37.091381],[120.5334561,37.091486],[120.5339501,37.092218],[120.5344721,37.093352],[120.5344981,37.094198],[120.5354181,37.094566],[120.5354351,37.095227],[120.5347061,37.095257],[120.5340291,37.096499],[120.5360431,37.097049],[120.5354091,37.097791],[120.5345071,37.098365],[120.5336291,37.099328],[120.5331701,37.100331],[120.5343241,37.10069],[120.5341761,37.101173],[120.5343591,37.101494],[120.5342541,37.102631],[120.5340551,37.103603],[120.5380481,37.103908],[120.5388471,37.103743],[120.5408611,37.103868],[120.5405141,37.104545],[120.5405921,37.106828],[120.5411211,37.108317],[120.5426061,37.111402],[120.5429181,37.112292],[120.5429531,37.113278],[120.5425961,37.114323],[120.5426141,37.115079],[120.5428661,37.115348],[120.5429261,37.115621],[120.5428401,37.11616],[120.5417111,37.117153],[120.5416421,37.117887],[120.5411121,37.118369],[120.5411031,37.118419],[120.5407651,37.120218],[120.5402961,37.121173],[120.5395591,37.122214],[120.5394971,37.122931],[120.5391071,37.124827],[120.5387951,37.125882],[120.5380571,37.127236],[120.5377441,37.12813],[120.5383521,37.130062],[120.5383081,37.131872],[120.5378401,37.132197],[120.5363731,37.132527],[120.5354171,37.132388],[120.5348801,37.132036],[120.5348971,37.131638],[120.5335001,37.131068],[120.5333431,37.132101],[120.5325441,37.132275],[120.5309561,37.13231],[120.5300101,37.130813],[120.5294631,37.130856],[120.5295241,37.13244],[120.5290551,37.133026],[120.5253141,37.134775],[120.5241341,37.135652],[120.5231351,37.136142],[120.5229011,37.137484],[120.5226311,37.138226],[120.5227271,37.139835],[120.5227961,37.140999],[120.5222321,37.142848],[120.5202091,37.142974],[120.5171281,37.143117],[120.5151141,37.143456],[120.5148451,37.144385],[120.5144111,37.145214],[120.5141941,37.14662],[120.5143251,37.146875],[120.5147061,37.147014],[120.5148181,37.147652],[120.5141541,37.147835],[120.5123451,37.148334],[120.5116411,37.148278],[120.5099671,37.147553],[120.5096891,37.147276],[120.5057311,37.14744],[120.5057161,37.147446],[120.5056961,37.147441],[120.5054011,37.147453],[120.5052791,37.147909],[120.5048621,37.148018],[120.5040641,37.148447],[120.5033091,37.148465],[120.5018681,37.148183],[120.5019111,37.147262],[120.5030741,37.146008],[120.5028131,37.145019],[120.5022501,37.145257],[120.5016501,37.145122],[120.5008521,37.143724],[120.5007391,37.142892],[120.4981611,37.141238],[120.4961821,37.139784],[120.4949231,37.138703],[120.4942721,37.138058],[120.4937171,37.137509],[120.4920411,37.136229],[120.4910861,37.135361],[120.4898191,37.134415],[120.4888031,37.133825],[120.4884301,37.133217],[120.4881861,37.132588],[120.4877701,37.128607],[120.4884041,37.127301],[120.4880401,37.126047],[120.4865811,37.124879],[120.4856261,37.124953],[120.4850271,37.124845],[120.4840371,37.124358],[120.4839251,37.123742],[120.4821981,37.123672],[120.4816771,37.123252],[120.4804351,37.122927],[120.4770321,37.122952],[120.4770491,37.122804],[120.4764451,37.122907],[120.4747231,37.1232],[120.4736041,37.123481],[120.4722841,37.123061],[120.4705051,37.122145],[120.4655571,37.120119],[120.4642301,37.118978],[120.4635171,37.118365],[120.4615031,37.117046],[120.4596621,37.116789],[120.4588111,37.115852],[120.4585261,37.114988],[120.4578221,37.114394],[120.4567901,37.114258],[120.4560171,37.114797],[120.4553571,37.115045],[120.4543501,37.114641],[120.4529181,37.116034],[120.4523361,37.116377],[120.4518241,37.117158],[120.4507651,37.117831],[120.4499231,37.11823],[120.4489681,37.118273],[120.4473711,37.117874],[120.4466851,37.117479],[120.4457741,37.117245],[120.4420331,37.118221],[120.4418761,37.119923],[120.4416071,37.120457],[120.4407651,37.12099],[120.4398191,37.12122],[120.4396711,37.121781],[120.4391941,37.122176],[120.4389071,37.122218],[120.4386641,37.122766],[120.4384301,37.122852],[120.4377961,37.122748],[120.4370411,37.122418],[120.4377961,37.121785],[120.4375711,37.121342],[120.4359741,37.122184],[120.4350711,37.121841],[120.4359391,37.121211],[120.4366511,37.120522],[120.4364331,37.120001],[120.4362861,37.11994],[120.4362601,37.118894],[120.4328221,37.118608],[120.4321531,37.11846],[120.4321011,37.118295],[120.4321981,37.117887],[120.4325531,37.117505],[120.4329261,37.116867],[120.4339171,37.117358],[120.4342981,37.116125],[120.4331781,37.115782],[120.4329971,37.115776],[120.4317371,37.11573],[120.4302191,37.115799],[120.4297501,37.115435],[120.4267291,37.115825],[120.4273621,37.114081],[120.4264851,37.113903],[120.4263031,37.114276],[120.4240901,37.113738],[120.4238201,37.113452],[120.4218501,37.112648],[120.4195671,37.111997],[120.4191591,37.111733],[120.4190381,37.110764],[120.4181001,37.110444],[120.4176061,37.112414],[120.4152621,37.111737],[120.4147321,37.112674],[120.4142201,37.113915],[120.4136121,37.114094],[120.4129181,37.113625],[120.4120931,37.112488],[120.4115461,37.111342],[120.4099061,37.109749],[120.4091511,37.110262],[120.4081961,37.110369],[120.4071971,37.110105],[120.4062941,37.110144],[120.4058341,37.110335],[120.4055661,37.110691],[120.4052181,37.111429],[120.4047151,37.111946],[120.4039331,37.11224],[120.4027361,37.112214],[120.4025061,37.112151],[120.4018591,37.111976],[120.4015551,37.111425],[120.4018761,37.110821],[120.4023891,37.110257],[120.4030911,37.109901],[120.4038211,37.109141],[120.4043501,37.108894],[120.4047921,37.108503],[120.4048961,37.108247],[120.4047231,37.107891],[120.4043501,37.1077],[120.4040641,37.107319],[120.4049931,37.104944],[120.4053571,37.103712],[120.4057651,37.103499],[120.4061731,37.103434],[120.4070761,37.102787],[120.4072411,37.102874],[120.4075011,37.102735],[120.4076831,37.102341],[120.4076311,37.101546],[120.4068851,37.098074],[120.4067031,37.097618],[120.4064601,37.097006],[120.4055911,37.095878],[120.4046721,37.095509],[120.4039771,37.094853],[120.4036731,37.094345],[120.4012081,37.094228],[120.4005391,37.094671],[120.3928741,37.095626],[120.3928831,37.096672],[120.3914341,37.096719],[120.3914601,37.097141],[120.3910521,37.097405],[120.3902271,37.097557],[120.3895941,37.097779],[120.3889861,37.098269],[120.3883171,37.098981],[120.3878141,37.099788],[120.3866771,37.101264],[120.3861911,37.101824],[120.3856781,37.102184],[120.3851051,37.10227],[120.3842201,37.102075],[120.3837941,37.102172],[120.3831431,37.102501],[120.3829611,37.103403],[120.3823091,37.103134],[120.3819721,37.102995],[120.3813641,37.10264],[120.3794021,37.102149],[120.3789851,37.102302],[120.3786911,37.102618],[120.3784821,37.103382],[120.3794201,37.104754],[120.3779271,37.10544],[120.3771011,37.103104],[120.3765201,37.103573],[120.3757131,37.104025],[120.3744021,37.104254],[120.3733691,37.104185],[120.3726741,37.104493],[120.3692121,37.103343],[120.3685771,37.103421],[120.3673881,37.103117],[120.3658691,37.103612],[120.3644281,37.103855],[120.3638901,37.103326],[120.3628011,37.102732],[120.3620751,37.102336],[120.3612861,37.102111],[120.3608781,37.101993],[120.3597751,37.101359],[120.3589071,37.100647],[120.3577531,37.100166],[120.3573791,37.100118],[120.3570241,37.099684],[120.3568411,37.099041],[120.3567281,37.098139],[120.3567451,37.097453],[120.3558611,37.09563],[120.3556431,37.094705],[120.3551231,37.093912],[120.3546451,37.093573],[120.3546191,37.093334],[120.3549921,37.093009],[120.3541931,37.092318],[120.3542291,37.091416],[120.3533611,37.090517],[120.3532221,37.090183],[120.3503051,37.089849],[120.3502361,37.08813],[120.3516851,37.088256],[120.3524751,37.087561],[120.3524841,37.085922],[120.3526401,37.083617],[120.3512886,37.083383],[120.35131,37.0850599],[120.3491865,37.0849572],[120.3492294,37.0829552],[120.346677,37.082613],[120.3467199,37.0803029],[120.347728,37.0799607],[120.3473205,37.0787115],[120.3429877,37.0761617],[120.3420654,37.0799093],[120.340564,37.0801831],[120.3396845,37.082151],[120.3393842,37.0848032],[120.3407999,37.0861208],[120.3406283,37.086925],[120.3346654,37.089098],[120.3336787,37.0907405],[120.3325634,37.0914078],[120.3311263,37.0912367],[120.3303327,37.0922119],[120.3297964,37.0949836],[120.3307188,37.0973445],[120.3309118,37.0985763],[120.331448,37.0986105],[120.3312121,37.1019123],[120.3319628,37.1019807],[120.3316196,37.1034348],[120.3268579,37.1020663],[120.3260214,37.104427],[120.3282521,37.1041704],[120.3284451,37.1056929],[120.3299466,37.1055047],[120.3295435,37.106258],[120.3261715,37.1112009],[120.3249489,37.1115601],[120.3246272,37.1122443],[120.3229756,37.1124496],[120.322182,37.1115088],[120.3227182,37.1097641],[120.3198869,37.1077285],[120.3181495,37.106514],[120.3152539,37.1057271],[120.3140527,37.1084983],[120.3124226,37.1083785],[120.3107495,37.1091654],[120.3107924,37.1104483],[120.3100631,37.1122785],[120.3066313,37.1117654],[120.2996174,37.1137837],[120.2996174,37.1120219],[120.3007113,37.1112009],[120.299553,37.1096272],[120.2992956,37.1071469],[120.2975368,37.10701],[120.2966574,37.1094904],[120.2962069,37.1128772],[120.2973652,37.113168],[120.2974163,37.114166],[120.2971293,37.1144323],[120.2966385,37.1146633],[120.296904,37.114981],[120.2966788,37.1151606],[120.2973652,37.1155112],[120.2976011,37.1159816],[120.2967217,37.1165802],[120.296282,37.1176407],[120.2955098,37.1177433],[120.2948663,37.1191458],[120.2951237,37.1204627],[120.2959174,37.1214205],[120.2975046,37.1249778],[120.2980408,37.1294412],[120.2963678,37.1320063],[120.2939869,37.1300227],[120.2944159,37.1290091],[120.2928386,37.1289608],[120.2918072,37.1297588],[120.2894412,37.1292993],[120.2850124,37.1303635],[120.2805837,37.1292993],[120.280159,37.1262279],[120.279249,37.1250428],[120.2777627,37.1257925],[120.2780053,37.1285738],[120.276792,37.1303151],[120.2750023,37.1303876],[120.2737283,37.1290091],[120.2728182,37.1276064],[120.2703915,37.1270502],[120.2700275,37.1244623],[120.2673582,37.1234465],[120.2663238,37.1224508],[120.2661591,37.1194083],[120.2649512,37.1193645],[120.2637434,37.1187954],[120.2627277,37.1163219],[120.2614924,37.1161248],[120.260559,37.115096],[120.2597355,37.1146144],[120.2589668,37.1139139],[120.2554531,37.1135199],[120.2549041,37.1143517],[120.2522513,37.1167477],[120.2522146,37.1167521],[120.251813,37.116887],[120.2514955,37.1169847],[120.2513543,37.1170443],[120.2512145,37.1171108],[120.2510633,37.1173452],[120.2508911,37.1174182],[120.2506425,37.1174764],[120.2501498,37.117577],[120.2492146,37.1177849],[120.2487964,37.1169025],[120.2486314,37.1165],[120.248417,37.1165348],[120.2482608,37.1164633],[120.248245,37.1165157],[120.2483284,37.1168817],[120.2485879,37.1175713],[120.2481942,37.117616],[120.2479134,37.1176564],[120.2479018,37.117757],[120.2479458,37.1179425],[120.2480002,37.118051],[120.2484308,37.11795],[120.2486635,37.117932],[120.2487513,37.117991],[120.2487728,37.1180581],[120.2488084,37.1182486],[120.2488522,37.1185327],[120.249061,37.1192037],[120.2489207,37.1192477],[120.2487913,37.1195137],[120.2486248,37.1197431],[120.2482028,37.1200638],[120.2480506,37.1201736],[120.2478275,37.1202474],[120.247572,37.1202153],[120.2468721,37.1197401],[120.2467447,37.1196903],[120.2466176,37.1196589],[120.2461344,37.1196492],[120.2455286,37.1196525],[120.2453005,37.1197012],[120.2450878,37.1197806],[120.2449941,37.1199204],[120.2449412,37.1201249],[120.2448876,37.120168],[120.2447535,37.120188],[120.2446358,37.1201559],[120.2444576,37.1201256],[120.2443315,37.1201407],[120.2442031,37.1201696],[120.2441622,37.1201211],[120.2441645,37.1200981],[120.2442438,37.1201016],[120.2442592,37.1200641],[120.244205,37.1200202],[120.2441849,37.1199956],[120.2441303,37.119977],[120.2440248,37.1199085],[120.243954,37.1197088],[120.2438865,37.1193216],[120.2438622,37.1190218],[120.2437832,37.1187097],[120.2438759,37.1186756],[120.2440028,37.1186646],[120.2440432,37.1186527],[120.2440771,37.1186214],[120.2440741,37.118461],[120.2439609,37.1184209],[120.2438442,37.1184096],[120.2436748,37.1184007],[120.2436084,37.1184022],[120.2432953,37.1184364],[120.2432567,37.1184381],[120.2430161,37.1184303],[120.2428353,37.1183767],[120.2425703,37.1182713],[120.2423982,37.1182359],[120.2422652,37.1182395],[120.2420569,37.1182845],[120.2418781,37.1183597],[120.2416507,37.1184675],[120.241116,37.1188233],[120.2409484,37.1187816],[120.2406683,37.118801],[120.2403054,37.1189204],[120.240226,37.119017],[120.2402131,37.1191998],[120.240281,37.1193075],[120.2403931,37.1194135],[120.2400584,37.119704],[120.2399141,37.119774],[120.2397269,37.1197869],[120.2395592,37.1197872],[120.2393876,37.1197782],[120.2391145,37.1197283],[120.2390201,37.1197164],[120.2387459,37.1197161],[120.2382602,37.12075],[120.2378095,37.1215026],[120.2376934,37.1218121],[120.2378211,37.1221563],[120.2377979,37.1222513],[120.2376273,37.1226129],[120.2374687,37.1228452],[120.2373399,37.1229398],[120.2371812,37.1229919],[120.2369923,37.1230129],[120.2366103,37.1230138],[120.2364288,37.1230868],[120.2360601,37.1232665],[120.2356993,37.1234966],[120.235395,37.1238545],[120.235304,37.1239103],[120.2350517,37.1240789],[120.2348196,37.1243846],[120.234727,37.1244845],[120.2346149,37.1245478],[120.2343114,37.124638],[120.2342338,37.1246518],[120.23389,37.1246707],[120.2336726,37.1246426],[120.2340856,37.1238675],[120.234053,37.1238156],[120.2339685,37.1237716],[120.2339007,37.1238939],[120.2330753,37.1234151],[120.2330366,37.1234723],[120.2330108,37.1235373],[120.2330013,37.1236127],[120.2330796,37.1237554],[120.2337458,37.1241722],[120.2336426,37.1243699],[120.23296,37.1239141],[120.2326093,37.1237746],[120.2324145,37.1237412],[120.2323109,37.1238194],[120.2321534,37.1242951],[120.2320217,37.1247474],[120.2319771,37.1249995],[120.2319389,37.1252594],[120.2321861,37.1254745],[120.2324202,37.1256688],[120.2326121,37.1258399],[120.2327259,37.125902],[120.2330211,37.1258978],[120.2331243,37.1259521],[120.233176,37.1260278],[120.2332528,37.1261727],[120.2333182,37.1263787],[120.2330858,37.1264258],[120.2331143,37.1265149],[120.2329499,37.1265405],[120.2325401,37.126705],[120.232395,37.1265111],[120.2320282,37.1260436],[120.2317611,37.1255905],[120.2315036,37.1250443],[120.23134,37.1247414],[120.2310905,37.1240688],[120.2309483,37.1239425],[120.2309109,37.1238681],[120.2306302,37.1237549],[120.2305589,37.1237042],[120.2305109,37.1236577],[120.2302793,37.1228851],[120.2301046,37.122716],[120.229639,37.1227225],[120.2293263,37.1227381],[120.2288902,37.1225773],[120.228211,37.1222476],[120.2280502,37.1221605],[120.227895,37.1221056],[120.2278946,37.1220708],[120.228218,37.1219908],[120.2286176,37.1219106],[120.2288675,37.1218691],[120.2290414,37.1218529],[120.2292786,37.1218373],[120.2293781,37.122029],[120.2298498,37.1219721],[120.2293236,37.1204619],[120.2292507,37.1204054],[120.2291689,37.1203203],[120.2290417,37.1202368],[120.2288801,37.1202135],[120.2286041,37.120193],[120.228544,37.1201452],[120.2285539,37.1201073],[120.2286097,37.1200259],[120.2288184,37.1198614],[120.2289046,37.1197444],[120.2289449,37.1196534],[120.2289387,37.1195925],[120.2288502,37.1194207],[120.228548,37.1195177],[120.227908,37.119633],[120.2277231,37.1189556],[120.2275956,37.1187992],[120.2273458,37.1185352],[120.2270404,37.1174552],[120.2271952,37.1174121],[120.2272714,37.1173855],[120.2274085,37.1173486],[120.2275337,37.1175701],[120.2275694,37.1176209],[120.2285222,37.1175762],[120.2285746,37.1172403],[120.228572,37.1172273],[120.2285668,37.1172016],[120.2284167,37.1171409],[120.2283584,37.1171939],[120.2277432,37.1170792],[120.2271738,37.1170316],[120.2269213,37.1167065],[120.2271882,37.1167385],[120.2276864,37.1167904],[120.228378,37.1169131],[120.2284593,37.1169129],[120.2285798,37.1163977],[120.2288063,37.1159764],[120.2275628,37.1156418],[120.2274855,37.1156143],[120.2278201,37.1152781],[120.2278626,37.1152226],[120.2278487,37.115198],[120.227543,37.1151174],[120.2275115,37.1150623],[120.2275209,37.1147219],[120.2275563,37.1146556],[120.2277112,37.1144934],[120.2280894,37.1142855],[120.2282508,37.1142292],[120.2288729,37.1142688],[120.2289084,37.1146263],[120.2288769,37.1147112],[120.2287847,37.1147409],[120.2286867,37.1147661],[120.2285636,37.114893],[120.2284274,37.1152566],[120.2287943,37.1153226],[120.2289072,37.1153182],[120.2290808,37.1152552],[120.2291869,37.1152605],[120.2292684,37.1152339],[120.2293341,37.1151688],[120.2294283,37.1149052],[120.2290678,37.1147871],[120.2289664,37.1147571],[120.2290391,37.1146276],[120.22911,37.1145314],[120.2295465,37.1146404],[120.2295742,37.1145916],[120.2297055,37.1143213],[120.2291821,37.114193],[120.229348,37.1138836],[120.2294818,37.1138973],[120.2295305,37.1138916],[120.2296375,37.1136227],[120.2291695,37.1134511],[120.2292262,37.1132934],[120.229302,37.1131752],[120.2294649,37.112894],[120.2294936,37.1126594],[120.2294093,37.1125953],[120.2293025,37.1125698],[120.2285059,37.1124794],[120.2282879,37.1123878],[120.2280294,37.1128021],[120.2273699,37.1125182],[120.2271465,37.1127817],[120.2267413,37.1125943],[120.2268211,37.1124951],[120.2269738,37.1123901],[120.2272388,37.1121187],[120.2273541,37.1119643],[120.2274493,37.1117871],[120.2274804,37.1116763],[120.2271812,37.1115011],[120.2274682,37.1109894],[120.2275423,37.1109723],[120.227722,37.1109545],[120.2277436,37.1109108],[120.2277659,37.1108508],[120.227798,37.1107142],[120.2278619,37.1105808],[120.2281426,37.1101574],[120.2283227,37.1097233],[120.2283996,37.1096744],[120.2284442,37.1096599],[120.2287015,37.1088292],[120.2284788,37.1088018],[120.2283391,37.1089708],[120.2282356,37.1090273],[120.228183,37.1090362],[120.2278997,37.1089228],[120.2276781,37.1088564],[120.2275257,37.1088509],[120.2273952,37.1088811],[120.2272591,37.1089181],[120.2271656,37.1090125],[120.2270812,37.1091569],[120.2270113,37.1093358],[120.2269613,37.1093918],[120.2269283,37.1094094],[120.2268628,37.1094146],[120.2266373,37.1093721],[120.2262404,37.1092393],[120.2261453,37.1092153],[120.2261486,37.1090316],[120.2263868,37.1082982],[120.2264107,37.1081667],[120.2265606,37.1080803],[120.2267068,37.1080191],[120.2269106,37.1079771],[120.2270989,37.1075171],[120.2273242,37.1069239],[120.2270069,37.106823],[120.226713,37.1067458],[120.2264422,37.1066515],[120.2263222,37.1065708],[120.2263114,37.106503],[120.2262791,37.1064602],[120.2261733,37.1063675],[120.2259397,37.1063082],[120.2257721,37.1062169],[120.2257546,37.1061348],[120.2259756,37.1058568],[120.2262537,37.1054737],[120.2261957,37.1052511],[120.2260566,37.1050737],[120.226008,37.1050516],[120.2260732,37.1049406],[120.2261462,37.1048295],[120.2262821,37.1045316],[120.2263054,37.104407],[120.2263177,37.1042349],[120.2269277,37.1044687],[120.2270579,37.1045073],[120.2274593,37.1041161],[120.2278353,37.103774],[120.2280107,37.1036525],[120.2280181,37.1035632],[120.2279884,37.1033533],[120.2279908,37.1030267],[120.2279849,37.1027149],[120.2274968,37.1024956],[120.2274213,37.1024827],[120.2270486,37.1025585],[120.22682,37.1025971],[120.2267226,37.1025527],[120.2266347,37.1024745],[120.2265939,37.1024289],[120.2268661,37.1019402],[120.2271362,37.1015191],[120.2272632,37.1013289],[120.2275587,37.1007623],[120.2279052,37.1002654],[120.2273189,37.1000192],[120.2272261,37.0999408],[120.2277028,37.0992112],[120.2278605,37.0989273],[120.2285016,37.0981909],[120.2286966,37.0978308],[120.2287012,37.0976135],[120.2286799,37.0975456],[120.2286126,37.0975722],[120.2285043,37.0976044],[120.2282756,37.0976548],[120.22796,37.0976914],[120.2278858,37.0976746],[120.2276103,37.0976905],[120.227441,37.0976925],[120.2272396,37.097642],[120.2272647,37.0974828],[120.2275378,37.0968971],[120.2278058,37.0962441],[120.2274565,37.0961674],[120.2272508,37.0961044],[120.2274101,37.095527],[120.2274394,37.095394],[120.2270059,37.0952779],[120.2270319,37.0948495],[120.2272081,37.0941626],[120.2272508,37.0941374],[120.2275475,37.0941623],[120.2275787,37.0941363],[120.2276132,37.0939002],[120.2272424,37.0938752],[120.2268794,37.0938921],[120.2265335,37.0939131],[120.2264707,37.093893],[120.2264082,37.0938338],[120.2263368,37.0936265],[120.2262534,37.0935285],[120.2261898,37.0935117],[120.2256996,37.0936063],[120.225738,37.0947624],[120.2258148,37.0952815],[120.2258663,37.0956297],[120.2259501,37.0958811],[120.2259969,37.0959941],[120.2253752,37.095992],[120.2242632,37.0959115],[120.2240663,37.0954508],[120.2237639,37.094914],[120.223489,37.0946287],[120.2231051,37.0941862],[120.2230221,37.0940828],[120.2229339,37.0939919],[120.2229129,37.0938883],[120.2228816,37.0937889],[120.2230265,37.0938176],[120.2231194,37.0937636],[120.2232383,37.0937509],[120.2234556,37.0937795],[120.2235487,37.0937751],[120.223621,37.0937626],[120.2235997,37.0935348],[120.2235625,37.0933304],[120.2235675,37.0931205],[120.2231228,37.0931049],[120.2228642,37.0931054],[120.2226211,37.0930976],[120.2226113,37.0930783],[120.2225947,37.0929154],[120.2226873,37.0927246],[120.224001,37.092784],[120.2239958,37.0927716],[120.2240564,37.0922619],[120.2240815,37.0919719],[120.2245987,37.092004],[120.224839,37.0900252],[120.2248649,37.0898808],[120.225022,37.0890045],[120.2221085,37.0880514],[120.2197462,37.0873168],[120.2179494,37.0867379],[120.2175989,37.0866795],[120.2161636,37.0865613],[120.2149715,37.0865621],[120.2151362,37.0855304],[120.2152338,37.0852634],[120.2154542,37.0848397],[120.2155263,37.0847935],[120.215486,37.0846895],[120.2150563,37.0847032],[120.2147716,37.084752],[120.2147372,37.0847315],[120.2146929,37.0846642],[120.2147255,37.0845054],[120.2146598,37.0844795],[120.2144116,37.0844531],[120.2144281,37.0842815],[120.214542,37.0838178],[120.214328,37.0839112],[120.214113,37.0839245],[120.2142771,37.0834002],[120.21397,37.083339],[120.2138415,37.083371],[120.2135902,37.0832643],[120.2135967,37.0831729],[120.21358,37.0831468],[120.2132544,37.082983],[120.2131747,37.0829189],[120.213169,37.0828604],[120.2133232,37.082303],[120.2133179,37.0822698],[120.2131746,37.0822026],[120.2136618,37.0805563],[120.2136664,37.0804945],[120.2122704,37.0803433],[120.2123619,37.0797899],[120.2129291,37.0797777],[120.2130304,37.07974],[120.213162,37.0788739],[120.2131484,37.0788244],[120.2123401,37.0784852],[120.2122274,37.0784329],[120.2121711,37.0783564],[120.2122365,37.0780037],[120.2124158,37.0771934],[120.2125578,37.0766874],[120.2126038,37.0764155],[120.2125551,37.0763961],[120.2119021,37.076388],[120.2118747,37.0763662],[120.2119278,37.0757232],[120.2118912,37.0756868],[120.2114857,37.0754845],[120.211301,37.0753667],[120.211069,37.075197],[120.210846,37.0749772],[120.2107219,37.0747832],[120.210612,37.0745789],[120.2105661,37.0743917],[120.2106089,37.0740451],[120.2106555,37.0737679],[120.2107905,37.0734333],[120.210906,37.073067],[120.2109204,37.0728153],[120.2108988,37.0726425],[120.2108162,37.0724454],[120.2106691,37.0721166],[120.2106876,37.0720658],[120.2109242,37.0719193],[120.2110512,37.0718017],[120.2110773,37.0717211],[120.2110509,37.0715246],[120.2110085,37.0713466],[120.2109768,37.0712394],[120.2110954,37.0711008],[120.2111422,37.0708476],[120.2112183,37.0707742],[120.2114407,37.0705952],[120.2115178,37.0705211],[120.2115036,37.0704659],[120.2115039,37.0704334],[120.2115677,37.0703528],[120.2116104,37.0702643],[120.2116468,37.0701647],[120.2116646,37.0700567],[120.2116669,37.0700167],[120.2116326,37.0699839],[120.2115848,37.0699786],[120.2113558,37.070153],[120.2111818,37.0701546],[120.2107533,37.070118],[120.2106524,37.0700878],[120.210634,37.0698215],[120.2107362,37.0698319],[120.2109417,37.0698373],[120.2109622,37.0698209],[120.2109141,37.0697388],[120.2108585,37.0695522],[120.2108762,37.0693951],[120.2111938,37.0686107],[120.2113536,37.0682589],[120.2115724,37.0678154],[120.2115475,37.0678085],[120.211409,37.0678026],[120.2111814,37.0682481],[120.2110145,37.0686463],[120.2107269,37.0693704],[120.2107012,37.0693755],[120.2104407,37.0692791],[120.2104381,37.0692528],[120.2104822,37.0690879],[120.2107881,37.0682608],[120.2107897,37.0682338],[120.2106205,37.0678554],[120.2108267,37.0675827],[120.2110679,37.0673036],[120.2111147,37.0672513],[120.2112149,37.0671916],[120.2112726,37.0672069],[120.2114266,37.0672837],[120.2116251,37.0673497],[120.2117464,37.0673737],[120.2118612,37.0673902],[120.2120289,37.0673746],[120.2120613,37.0673441],[120.212127,37.067263],[120.2124457,37.0672971],[120.2124713,37.0672765],[120.2124779,37.0671864],[120.2125007,37.0662287],[120.2124746,37.0661975],[120.2123788,37.0661827],[120.2122378,37.0661727],[120.2120675,37.0662088],[120.2117795,37.0663062],[120.2116805,37.0663176],[120.2117437,37.0659682],[120.2118455,37.0656701],[120.2118517,37.0655674],[120.211845,37.0654801],[120.2118218,37.0654133],[120.2117997,37.0653004],[120.211998,37.0646125],[120.2120477,37.0644677],[120.2121495,37.0642571],[120.2122127,37.063882],[120.2123216,37.0638818],[120.2124627,37.0639493],[120.2125079,37.0640458],[120.2123683,37.0645905],[120.2125292,37.0648316],[120.2125612,37.0648161],[120.2126321,37.0644258],[120.2126536,37.064174],[120.2126422,37.0639428],[120.2125905,37.0637772],[120.2125837,37.0636039],[120.2125357,37.0635697],[120.2122117,37.0634763],[120.212275,37.0633319],[120.212256,37.0632861],[120.2121212,37.0631991],[120.2120373,37.0631167],[120.2120311,37.0630246],[120.2121912,37.0630089],[120.2126269,37.0630847],[120.2126588,37.0630589],[120.2128478,37.0628053],[120.212909,37.0626261],[120.2129016,37.0625863],[120.212956,37.0614456],[120.2129238,37.0614149],[120.2128153,37.0614257],[120.2127766,37.0614716],[120.2127221,37.0625764],[120.2126897,37.0625915],[120.2126591,37.0625861],[120.2126319,37.0625404],[120.2126934,37.0614706],[120.2126808,37.0614517],[120.2118863,37.0616891],[120.2118606,37.0616737],[120.211838,37.061389],[120.2118262,37.0613207],[120.2119411,37.0613015],[120.2121548,37.061273],[120.2121939,37.061227],[120.2122249,37.0611136],[120.2122371,37.0610413],[120.2122755,37.0610155],[120.212791,37.060947],[120.2128481,37.0609461],[120.2130961,37.0609629],[120.2132985,37.0609822],[120.2133958,37.060382],[120.2133091,37.0601762],[120.2132279,37.0600984],[120.2129293,37.0598861],[120.2126516,37.0597738],[120.2124128,37.059719],[120.2123804,37.0596803],[120.2124268,37.0588853],[120.212467,37.0588335],[120.2127164,37.058768],[120.2128538,37.058674],[120.2128957,37.0585896],[120.2128785,37.0584086],[120.2127881,37.0582635],[120.2124988,37.0579628],[120.2119652,37.0574949],[120.2118054,37.0572776],[120.2115197,37.0568398],[120.2115197,37.0566569],[120.2115928,37.0565063],[120.2117992,37.0562109],[120.211778,37.0561219],[120.211733,37.0556871],[120.2118286,37.05558],[120.2119904,37.055441],[120.2121698,37.0553767],[120.2122728,37.0553292],[120.2124792,37.0551747],[120.2131494,37.0547866],[120.2131901,37.0547149],[120.2130853,37.0545733],[120.2130207,37.0545605],[120.2127168,37.0547835],[120.2124091,37.0550205],[120.2123849,37.0550141],[120.2123847,37.0549366],[120.2125287,37.054658],[120.2125186,37.0545754],[120.2124802,37.054471],[120.2123186,37.0543162],[120.2121085,37.0541357],[120.2119229,37.0540714],[120.211737,37.0540698],[120.2114408,37.0541382],[120.2112057,37.0542845],[120.2105525,37.0542761],[120.2105311,37.0542926],[120.2104272,37.05495],[120.2103675,37.0554296],[120.2105131,37.0554443],[120.2105168,37.0554412],[120.2105862,37.0550088],[120.210623,37.0546803],[120.210868,37.0546632],[120.2109929,37.0546169],[120.2112906,37.0546087],[120.2112323,37.0552636],[120.2111438,37.0560304],[120.2106227,37.0563586],[120.2105042,37.0567847],[120.2105045,37.0568548],[120.2105106,37.0568791],[120.2105832,37.056908],[120.2106017,37.0570291],[120.2105717,37.0571504],[120.2102646,37.0576696],[120.2102162,37.0576745],[120.2099168,37.0575848],[120.2101903,37.0569718],[120.2102524,37.0566936],[120.2102066,37.0566725],[120.2101401,37.0566652],[120.2099322,37.0566521],[120.2099172,37.0565845],[120.2099515,37.0559685],[120.2099273,37.055954],[120.2096423,37.0558906],[120.2088382,37.0557476],[120.2086014,37.0557171],[120.2084948,37.0556941],[120.2082689,37.0554191],[120.2082085,37.0553081],[120.2082205,37.0552839],[120.2083534,37.0552206],[120.2081712,37.0549011],[120.2083642,37.0548373],[120.2085468,37.0551346],[120.2084622,37.0551808],[120.2090621,37.0556865],[120.2091863,37.0556391],[120.2085923,37.0551166],[120.2086751,37.0550747],[120.2082404,37.0543383],[120.2078511,37.0544591],[120.2077348,37.0545093],[120.2077657,37.054771],[120.2077445,37.0548421],[120.2076633,37.0549263],[120.2073309,37.0550674],[120.2072519,37.055072],[120.2071555,37.0550338],[120.2070767,37.0549564],[120.2069769,37.0549611],[120.206853,37.0550053],[120.2066415,37.0552525],[120.2065871,37.0552478],[120.2061383,37.0547251],[120.2061332,37.0545618],[120.2059558,37.0543451],[120.2059204,37.0541862],[120.2060135,37.0540738],[120.2075138,37.0533024],[120.2078498,37.0530787],[120.2078825,37.0530597],[120.2079575,37.0530455],[120.2082811,37.0530003],[120.2083173,37.0529664],[120.2082741,37.0526126],[120.2081352,37.0525406],[120.2079412,37.0524969],[120.20782,37.052527],[120.2077412,37.0525887],[120.2077047,37.0526754],[120.2076822,37.0527838],[120.2075858,37.0527848],[120.207325,37.0527695],[120.2072824,37.0527496],[120.2072586,37.0526828],[120.2072826,37.0525761],[120.2073545,37.0524786],[120.2073968,37.0524592],[120.2074637,37.0524546],[120.2074637,37.0524304],[120.2072505,37.0519747],[120.2058073,37.0501748],[120.2052576,37.0504327],[120.2052213,37.0504279],[120.2051606,37.0503505],[120.2051605,37.0503165],[120.2052149,37.0502728],[120.2057157,37.0499807],[120.205716,37.0499471],[120.2055646,37.0498311],[120.2049044,37.0493864],[120.20488,37.0492944],[120.2054615,37.0484305],[120.2060427,37.0475487],[120.2063845,37.0470062],[120.2065339,37.0467453],[120.2065792,37.0467331],[120.206618,37.0467365],[120.2077311,37.0468873],[120.2077769,37.0468884],[120.2078002,37.0468787],[120.2078264,37.0468576],[120.2078715,37.0465913],[120.2078487,37.046549],[120.2067372,37.0464117],[120.2067217,37.0463811],[120.2068195,37.0462481],[120.2068286,37.0462178],[120.206806,37.0461674],[120.2067442,37.0460883],[120.2057738,37.0449352],[120.2057295,37.0449125],[120.2056642,37.0449015],[120.2056123,37.0449458],[120.2055846,37.0449958],[120.2056916,37.0456779],[120.2056246,37.0457777],[120.2052168,37.0461052],[120.2047481,37.046094],[120.2041425,37.0464907],[120.2040159,37.0465195],[120.2039331,37.0465019],[120.2036991,37.0464103],[120.2036183,37.0463413],[120.202873,37.0458067],[120.2029034,37.0457343],[120.2032109,37.0454485],[120.2031779,37.0454177],[120.2028356,37.0454358],[120.202517,37.0453473],[120.2023201,37.0453594],[120.2020636,37.0454209],[120.2018142,37.0456027],[120.2016331,37.0454913],[120.2014891,37.0453795],[120.2015041,37.0453553],[120.2019433,37.0450212],[120.2023283,37.0447899],[120.202591,37.0446504],[120.2030965,37.0444007],[120.2030888,37.0443765],[120.2028773,37.0442379],[120.2027276,37.0441035],[120.2026419,37.0439532],[120.2026643,37.0438384],[120.2027176,37.0438081],[120.2032998,37.043916],[120.2037238,37.0439295],[120.2038151,37.043874],[120.2039096,37.0438079],[120.2039995,37.0438343],[120.2042025,37.0439071],[120.2042809,37.0438484],[120.2044249,37.0436754],[120.2044192,37.0436527],[120.2039657,37.04333],[120.2038151,37.0431871],[120.2037103,37.0429912],[120.2037323,37.0428687],[120.2038444,37.0426996],[120.2037695,37.0424725],[120.2036111,37.0422094],[120.2034681,37.0419888],[120.2033305,37.0418872],[120.2031956,37.0418186],[120.203003,37.0417078],[120.2029053,37.0416562],[120.2026314,37.0415307],[120.2024368,37.0414266],[120.2022757,37.0412643],[120.2018539,37.0410074],[120.2017069,37.0408636],[120.2014942,37.0406792],[120.2012209,37.040497],[120.2012446,37.0404425],[120.2015449,37.0404578],[120.2019001,37.0404692],[120.2021536,37.0404329],[120.2023146,37.0403776],[120.2027399,37.040213],[120.2031308,37.0400192],[120.2036584,37.0398563],[120.2037232,37.0398042],[120.203723,37.0397409],[120.203666,37.0397004],[120.2034993,37.0396332],[120.2033837,37.0396407],[120.2028436,37.039695],[120.2025472,37.0397194],[120.2019293,37.0397087],[120.20114,37.0397049],[120.2010752,37.0398092],[120.2010856,37.0400468],[120.2009799,37.0402792],[120.2008789,37.0404353],[120.2007516,37.0404652],[120.2006715,37.0404595],[120.2004795,37.0403555],[120.2004401,37.0402801],[120.2004727,37.04019],[120.2006441,37.0397692],[120.2008086,37.0394137],[120.2010388,37.0389856],[120.2011054,37.0389379],[120.201409,37.038872],[120.201898,37.0388117],[120.2020037,37.0387038],[120.201984,37.038524],[120.2018892,37.0383509],[120.2015986,37.0379747],[120.2012806,37.0377614],[120.200691,37.0376389],[120.1976161,37.0370762],[120.1973152,37.0370009],[120.1972794,37.0369627],[120.1966491,37.0355478],[120.1965476,37.0354941],[120.1930109,37.0350963],[120.192529,37.0349635],[120.1923528,37.0348525],[120.1919323,37.0345418],[120.1917408,37.0342594],[120.1914454,37.0336756],[120.1912688,37.0332564],[120.1911821,37.0330829],[120.1910705,37.0330684],[120.1898523,37.0331382],[120.1894172,37.0331486],[120.1888298,37.0331955],[120.1883963,37.0333151],[120.1882593,37.0334325],[120.1882183,37.0335218],[120.1879743,37.0343169],[120.1879378,37.0343696],[120.187883,37.0344027],[120.1874818,37.0343116],[120.1873864,37.0343424],[120.1874251,37.0346025],[120.1872573,37.0347221],[120.187011,37.034741],[120.186757,37.0347414],[120.1862796,37.0347575],[120.1861283,37.0347982],[120.1860986,37.034849],[120.1860926,37.0352271],[120.1862266,37.0370226],[120.1861736,37.037102],[120.1859321,37.0372593],[120.1856631,37.0374427],[120.1855532,37.0374805],[120.1852604,37.0375703],[120.1847923,37.0376193],[120.184643,37.0375308],[120.1848131,37.036658],[120.1846824,37.0366272],[120.1846048,37.0368952],[120.1845037,37.0375202],[120.1843949,37.0376077],[120.1842339,37.037608],[120.1841228,37.0375902],[120.1837937,37.0374862],[120.1837149,37.0374863],[120.1834785,37.0374867],[120.1833965,37.0375543],[120.1831973,37.0378614],[120.1830548,37.0380038],[120.1829392,37.0380149],[120.1828679,37.0379611],[120.1829781,37.0378859],[120.1830344,37.0378097],[120.1831152,37.0375332],[120.1830578,37.0374415],[120.1831968,37.037349],[120.1833018,37.0373089],[120.1834394,37.0372725],[120.1837449,37.037272],[120.18395,37.0373143],[120.1840618,37.0373291],[120.184146,37.037302],[120.1841077,37.0372408],[120.1839788,37.0372066],[120.1836374,37.0371413],[120.1833437,37.0370975],[120.1830022,37.0367708],[120.1827596,37.0369947],[120.1826749,37.0370288],[120.182537,37.0370132],[120.1823707,37.0369809],[120.182625,37.0365439],[120.1821236,37.0363707],[120.1819336,37.0362629],[120.1817181,37.0361271],[120.1815653,37.0360968],[120.1812299,37.0361465],[120.1811707,37.0360745],[120.1810243,37.0355622],[120.1809085,37.0355702],[120.1808357,37.0355072],[120.1807592,37.0354664],[120.1789514,37.0361022],[120.1785946,37.0361028],[120.1784665,37.0359935],[120.1784482,37.0357116],[120.1783984,37.0353711],[120.1782741,37.0347546],[120.1777905,37.0331758],[120.1774797,37.0320447],[120.177373,37.0319811],[120.1770996,37.0320482],[120.1767544,37.0321009],[120.176557,37.0321262],[120.1762144,37.0322313],[120.1758715,37.0322187],[120.1754143,37.0321801],[120.1743036,37.0318938],[120.1734658,37.0315639],[120.1731885,37.0314493],[120.1730725,37.031436],[120.1730131,37.0315423],[120.173145,37.0321202],[120.1732122,37.0330991],[120.1730906,37.0332453],[120.172993,37.0332961],[120.1725922,37.0333093],[120.1724595,37.0332715],[120.1722513,37.0331882],[120.1719713,37.0330484],[120.1717698,37.0329856],[120.1711872,37.0328663],[120.1706006,37.0326513],[120.170291,37.0326289],[120.1700575,37.0326222],[120.1697552,37.032672],[120.1694383,37.0327912],[120.1691816,37.0329803],[120.1690164,37.0331911],[120.1689623,37.033275],[120.1688759,37.0336111],[120.1688037,37.0337886],[120.1687559,37.0338746],[120.1684955,37.033969],[120.1681207,37.0339623],[120.167875,37.0339043],[120.1677603,37.0337213],[120.1674835,37.0331652],[120.1670562,37.0327278],[120.1669551,37.0320649],[120.1669179,37.031884],[120.1666937,37.0310402],[120.1665345,37.0307063],[120.1664478,37.0305428],[120.166578,37.0303599],[120.1666505,37.0301521],[120.166812,37.0295549],[120.1668861,37.029318],[120.1669901,37.0290546],[120.1670645,37.0287236],[120.1670525,37.0284465],[120.1670365,37.0283555],[120.1667964,37.0277616],[120.1665802,37.0272592],[120.1665485,37.0271703],[120.1665013,37.0269235],[120.1664775,37.0267382],[120.166505,37.0265259],[120.1662998,37.0261504],[120.1662553,37.0259665],[120.1660771,37.0255553],[120.165931,37.0252704],[120.1658852,37.0249563],[120.1658354,37.0248725],[120.1657637,37.0248009],[120.1655041,37.024665],[120.1643683,37.024254],[120.1638641,37.0240876],[120.1637545,37.0240633],[120.1628247,37.0243839],[120.1623952,37.0246534],[120.1622022,37.0247468],[120.1620017,37.0247559],[120.1614698,37.0246727],[120.1613607,37.0246604],[120.1613294,37.0245605],[120.1613838,37.0242835],[120.1613596,37.0240859],[120.1612973,37.0240237],[120.1611879,37.0239363],[120.1613019,37.0236368],[120.1614912,37.0234439],[120.1616993,37.0233617],[120.1616525,37.0231906],[120.1614309,37.0230299],[120.1613549,37.0228544],[120.1613282,37.0224805],[120.1613248,37.0222377],[120.161226,37.0220604],[120.1610889,37.0218362],[120.1609112,37.0217184],[120.1608288,37.0216522],[120.1608382,37.0215693],[120.1609635,37.0213409],[120.1610089,37.0211601],[120.161104,37.0208892],[120.161377,37.0206258],[120.1614428,37.0205476],[120.1614816,37.0204615],[120.1615079,37.0203018],[120.1615572,37.0202224],[120.1616854,37.0200671],[120.161831,37.0199207],[120.1620446,37.0197398],[120.1622308,37.0196298],[120.162463,37.0196392],[120.1626283,37.0196511],[120.162784,37.0196009],[120.1628305,37.0195134],[120.1628011,37.019443],[120.1627215,37.0193743],[120.1625652,37.0192515],[120.1625887,37.0191582],[120.1628388,37.0188789],[120.162938,37.018739],[120.1630774,37.0187316],[120.1634232,37.0188333],[120.1636843,37.0179763],[120.1628898,37.0179898],[120.1627979,37.0179735],[120.1627276,37.0179506],[120.1624588,37.0177691],[120.1619764,37.017407],[120.1618816,37.0173527],[120.1617728,37.0173217],[120.1615884,37.0172825],[120.1612993,37.0172799],[120.1612372,37.0172657],[120.1611577,37.0172066],[120.161143,37.0170303],[120.1607621,37.0168664],[120.1600983,37.0165445],[120.159863,37.0163104],[120.1596663,37.0160721],[120.1592969,37.0156399],[120.1591544,37.015443],[120.1588716,37.0152894],[120.1584337,37.015091],[120.1580704,37.0149704],[120.1569487,37.0148242],[120.1569567,37.0149783],[120.1570489,37.0153552],[120.1570496,37.0155373],[120.1569396,37.015799],[120.1568726,37.0160488],[120.1567168,37.0160615],[120.1563116,37.0159496],[120.1562187,37.0158979],[120.1564968,37.0150876],[120.1564493,37.0150782],[120.1561541,37.0150756],[120.1549702,37.0151144],[120.1545495,37.0150524],[120.154473,37.0149734],[120.1545965,37.0146426],[120.1547104,37.0146485],[120.1550224,37.0146563],[120.1553738,37.0146222],[120.1557133,37.0145506],[120.1561174,37.0144278],[120.1564433,37.0143224],[120.1566354,37.0142383],[120.1566348,37.0139386],[120.1565704,37.0135394],[120.1552328,37.0139527],[120.1551002,37.013968],[120.1550166,37.0139531],[120.1550141,37.0136073],[120.1550403,37.0134348],[120.1551551,37.0134099],[120.1554782,37.0133037],[120.1557298,37.0131903],[120.1564167,37.0128483],[120.1567983,37.0126313],[120.156819,37.0125396],[120.1567877,37.0124522],[120.1567876,37.0123904],[120.1567892,37.0122956],[120.1568389,37.0122135],[120.1570564,37.0121462],[120.1570985,37.0120897],[120.157036,37.0119524],[120.1569893,37.01194],[120.1568772,37.011947],[120.156773,37.0119869],[120.1559925,37.0125119],[120.1555246,37.01274],[120.1551685,37.0129037],[120.1549324,37.0129746],[120.1546897,37.0127713],[120.1545475,37.0127301],[120.1544508,37.0127236],[120.153874,37.012564],[120.1534278,37.0123895],[120.1532692,37.0122858],[120.1532323,37.0122313],[120.1531887,37.0121442],[120.1529596,37.0120958],[120.1526589,37.0120574],[120.1524564,37.0120827],[120.1523911,37.0123912],[120.1523482,37.0124949],[120.152178,37.0125308],[120.1519899,37.0125078],[120.1519607,37.0124805],[120.1518493,37.0123081],[120.1517713,37.0122083],[120.1516177,37.0121909],[120.1511011,37.0120467],[120.1511524,37.0122302],[120.1512138,37.0124122],[120.1512894,37.0125904],[120.151377,37.0127653],[120.1514765,37.0128705],[120.1518351,37.0130075],[120.1519288,37.0131198],[120.1519173,37.0132225],[120.15182,37.0132822],[120.1518172,37.0133567],[120.1517496,37.0134057],[120.1516177,37.0134074],[120.1515088,37.0134575],[120.1515227,37.0135946],[120.1515092,37.0136823],[120.1514103,37.0137356],[120.1513176,37.0137522],[120.1515251,37.0138571],[120.151602,37.0139921],[120.1515441,37.0141743],[120.1512729,37.01415],[120.1507118,37.0142318],[120.1502167,37.0144741],[120.1496846,37.0146486],[120.1490464,37.0146326],[120.1486093,37.0145125],[120.1480349,37.0141323],[120.1475355,37.013659],[120.1469905,37.0130428],[120.146134,37.0133127],[120.1459309,37.0133272],[120.1458183,37.0131272],[120.1457683,37.0130773],[120.1455329,37.0139777],[120.1454332,37.0139878],[120.1454141,37.0138373],[120.1450591,37.0138068],[120.1449756,37.0138694],[120.1447718,37.0139085],[120.1446096,37.0138687],[120.1444536,37.0139152],[120.1442269,37.0139695],[120.1437089,37.0140713],[120.1436488,37.0137797],[120.143552,37.0138076],[120.1425517,37.014161],[120.1420143,37.0142958],[120.1413796,37.0144623],[120.1412049,37.0144425],[120.1411363,37.0143091],[120.1411062,37.0142164],[120.1409543,37.0138126],[120.1409043,37.0137827],[120.1406302,37.013943],[120.1405014,37.01408],[120.1404434,37.0141732],[120.1403686,37.0141633],[120.1403864,37.0140775],[120.1405428,37.0139131],[120.1408044,37.0137428],[120.1408592,37.013597],[120.1408682,37.0135014],[120.1408659,37.0132178],[120.1408906,37.0131628],[120.1409904,37.0130825],[120.1411852,37.0128671],[120.1412998,37.0127012],[120.1413281,37.0126435],[120.141398,37.0118234],[120.1414155,37.0117636],[120.1409891,37.0117149],[120.140676,37.0116839],[120.1405593,37.0116769],[120.1404519,37.0118629],[120.1403774,37.012063],[120.1403255,37.0123725],[120.1402888,37.0125593],[120.1402797,37.0128121],[120.1402632,37.012906],[120.140213,37.0129799],[120.1400546,37.0130035],[120.1399172,37.0130556],[120.1398553,37.0131137],[120.1398517,37.0132256],[120.140094,37.0141036],[120.1400008,37.0141563],[120.1397572,37.014124],[120.1394565,37.0140821],[120.1392261,37.0140427],[120.1390959,37.0139947],[120.1390085,37.0139847],[120.1390816,37.014135],[120.1390339,37.0142548],[120.1389093,37.0143049],[120.1388933,37.0143498],[120.1389017,37.0144094],[120.1389573,37.0145926],[120.1389936,37.0147801],[120.1390161,37.0149686],[120.1390321,37.0153164],[120.1389987,37.015545],[120.138926,37.0156463],[120.1387653,37.0157804],[120.1386593,37.0158238],[120.1385491,37.0158494],[120.1384254,37.0158256],[120.1383496,37.0152756],[120.1382014,37.0147874],[120.1381896,37.0147367],[120.1377887,37.0147727],[120.1371637,37.0148168],[120.1371262,37.0147668],[120.1370585,37.0147291],[120.1367062,37.0147746],[120.1364402,37.0148276],[120.1364187,37.0149455],[120.136469,37.0152275],[120.1364036,37.0153477],[120.1361416,37.0153479],[120.1360668,37.015378],[120.1361325,37.0161139],[120.1363211,37.0169606],[120.1363214,37.0171808],[120.1362512,37.0174174],[120.1359854,37.0177932],[120.1359796,37.0179626],[120.1360167,37.0182457],[120.1360966,37.0184125],[120.1363849,37.018719],[120.1365753,37.0190502],[120.1367054,37.0192315],[120.1366201,37.0196937],[120.1360043,37.0196333],[120.1356587,37.0196068],[120.135535,37.0197006],[120.1354811,37.0199371],[120.1353266,37.0203666],[120.1353268,37.0204742],[120.1352628,37.0210247],[120.1351651,37.0212565],[120.1350544,37.0212667],[120.1348081,37.0212258],[120.1342098,37.0212243],[120.1340398,37.0212577],[120.1339326,37.0212867],[120.1335441,37.0213002],[120.1333415,37.0214388],[120.1332673,37.0214538],[120.1326975,37.0215017],[120.132387,37.0215145],[120.1323714,37.0214523],[120.1323723,37.0212746],[120.1323825,37.0211838],[120.1324591,37.0209326],[120.13268,37.0203258],[120.132757,37.0199523],[120.132843,37.0197621],[120.1329423,37.019386],[120.1329498,37.0192491],[120.132923,37.0192276],[120.1328597,37.0191961],[120.1328255,37.019187],[120.1326703,37.0191996],[120.1325631,37.0192837],[120.1324844,37.0193678],[120.1324301,37.0194176],[120.1323991,37.0194239],[120.1323121,37.0193899],[120.1321896,37.019449],[120.1320102,37.0196149],[120.1318487,37.019804],[120.1318337,37.0198483],[120.1318256,37.0199347],[120.1318413,37.0199969],[120.1317881,37.0200791],[120.1316343,37.0202156],[120.1314903,37.0203589],[120.1314695,37.0204577],[120.1315006,37.0205012],[120.1315007,37.0205447],[120.1314474,37.0205715],[120.1313561,37.0206293],[120.131311,37.0207117],[120.1312605,37.0208188],[120.1311862,37.0208546],[120.1310821,37.0208438],[120.1309581,37.0209684],[120.1305385,37.0206493],[120.130318,37.0208827],[120.1302145,37.0208834],[120.1299481,37.0207378],[120.1297432,37.0206355],[120.1295652,37.0205538],[120.1292417,37.0205962],[120.1287373,37.0205903],[120.1281795,37.0205408],[120.1278635,37.0204894],[120.1273979,37.0203836],[120.1271683,37.0203225],[120.1268486,37.0202971],[120.1265734,37.0202974],[120.1264023,37.0202113],[120.1263146,37.0199687],[120.1262091,37.0199293],[120.1261294,37.0198758],[120.1260133,37.0198191],[120.1259939,37.0197457],[120.1258907,37.0197056],[120.1255905,37.019707],[120.1250914,37.0196547],[120.1247066,37.0196404],[120.1244003,37.0196043],[120.1242664,37.0195677],[120.1241778,37.019434],[120.1241543,37.0193455],[120.1240854,37.0192578],[120.1239091,37.0192402],[120.12357,37.019181],[120.1234278,37.0191034],[120.1232098,37.0190054],[120.1230602,37.0189126],[120.1229441,37.0185181],[120.1228583,37.018182],[120.1227933,37.018115],[120.1226593,37.0180656],[120.1224851,37.0179521],[120.1222398,37.0178329],[120.1221175,37.0177871],[120.1221587,37.0176339],[120.1221622,37.0175597],[120.1221514,37.0173864],[120.1221411,37.0172922],[120.1220985,37.0172085],[120.1218912,37.0170238],[120.1217177,37.0169063],[120.1212802,37.0167808],[120.1208933,37.0166355],[120.1195903,37.0161586],[120.1191494,37.0160429],[120.1187364,37.0159554],[120.1178698,37.0157929],[120.1171135,37.015666],[120.1168054,37.0156849],[120.1165941,37.0157488],[120.1162303,37.0159807],[120.1159797,37.016125],[120.1157708,37.016206],[120.115484,37.0162974],[120.1152308,37.0164892],[120.1150172,37.016545],[120.1146032,37.0165336],[120.1144741,37.0165617],[120.1141614,37.0166812],[120.1138606,37.016739],[120.1126967,37.0169383],[120.1125711,37.0169216],[120.1121356,37.0168253],[120.1118728,37.0167167],[120.1115657,37.0166119],[120.1111437,37.0165011],[120.1106852,37.0163355],[120.1104189,37.0162528],[120.110064,37.0162363],[120.1095473,37.0162608],[120.1094883,37.0160205],[120.1093763,37.0156647],[120.1090693,37.0145621],[120.1087826,37.0138958],[120.1084919,37.0133308],[120.1079686,37.0124619],[120.1075938,37.0117432],[120.1074504,37.0114923],[120.1073049,37.0112778],[120.1070854,37.0112252],[120.1068594,37.0111984],[120.1064465,37.0112281],[120.1057722,37.0113545],[120.1054918,37.011539],[120.1052222,37.0117369],[120.1049368,37.0120222],[120.1047953,37.0122389],[120.1046409,37.0125145],[120.1045786,37.0126649],[120.1044845,37.0129908],[120.1044374,37.0132709],[120.1043721,37.013596],[120.1043374,37.0141145],[120.1042093,37.0141928],[120.1039528,37.0141887],[120.1038017,37.0142493],[120.1033795,37.0144072],[120.10267,37.0146599],[120.1023075,37.0147848],[120.1021612,37.0148076],[120.1018149,37.0148295],[120.101557,37.0148002],[120.1011899,37.0146721],[120.1006823,37.0145173],[120.1004618,37.014457],[120.0994991,37.0142139],[120.0991967,37.0141572],[120.0989695,37.0141163],[120.098662,37.0140817],[120.0983204,37.0140197],[120.0982019,37.0139704],[120.0980256,37.0138734],[120.0979186,37.0137532],[120.0976516,37.0135621],[120.0975117,37.0134763],[120.097286,37.0133916],[120.0970516,37.0133696],[120.0967611,37.0134031],[120.0961351,37.0135733],[120.0958222,37.0137137],[120.0954887,37.0138095],[120.095209,37.0139177],[120.094993,37.0139864],[120.0948803,37.014013],[120.0947711,37.0140305],[120.0945728,37.013936],[120.0944638,37.0138778],[120.0943495,37.013891],[120.0942926,37.0138923],[120.094142,37.0137142],[120.0941034,37.0137142],[120.0939992,37.0138055],[120.0939309,37.0137847],[120.0937629,37.0136566],[120.0936536,37.0136221],[120.0934186,37.0135832],[120.0933535,37.0136495],[120.0933127,37.0137612],[120.093152,37.0139453],[120.0927347,37.0142488],[120.0923974,37.0144733],[120.0923255,37.0144874],[120.0920272,37.014368],[120.0917123,37.0142753],[120.0915963,37.0142886],[120.0913811,37.0143685],[120.0911525,37.0143887],[120.091,37.0143953],[120.0907625,37.0142879],[120.0904624,37.0141429],[120.0902375,37.0140771],[120.0900519,37.0140648],[120.0898565,37.0140773],[120.0897454,37.014162],[120.0896745,37.0142501],[120.0895494,37.0144638],[120.0895092,37.0145824],[120.0895042,37.0147403],[120.0894812,37.0148306],[120.0895102,37.0149541],[120.0897919,37.0152874],[120.0898627,37.0153606],[120.0899644,37.015521],[120.0899151,37.0155598],[120.0892632,37.0157617],[120.0888676,37.0158925],[120.0886431,37.015996],[120.0885429,37.0160981],[120.0883781,37.0164468],[120.0883005,37.016687],[120.0879707,37.0167794],[120.087801,37.0169423],[120.087466,37.0171064],[120.0872014,37.0172021],[120.0867328,37.0173059],[120.0863233,37.0174459],[120.0860262,37.0174411],[120.0855813,37.0174227],[120.0852852,37.0174027],[120.0847008,37.0174199],[120.0842937,37.0173204],[120.0840488,37.0172715],[120.0837392,37.017172],[120.0833728,37.017029],[120.0830638,37.0169252],[120.0824387,37.0168673],[120.081971,37.0170129],[120.0818921,37.0170297],[120.0817116,37.0170062],[120.0816518,37.0170321],[120.0816201,37.0180117],[120.0815363,37.0181577],[120.0813189,37.018136],[120.0807231,37.0179983],[120.0803501,37.0178825],[120.0800614,37.0177548],[120.0796025,37.0175858],[120.0792815,37.0175194],[120.0789689,37.017521],[120.0784816,37.0176125],[120.0780919,37.0177473],[120.0772915,37.0177586],[120.0766395,37.017728],[120.076224,37.017788],[120.0760645,37.0179248],[120.0755561,37.0185231],[120.075422,37.018639],[120.0749826,37.0187698],[120.0743424,37.0187914],[120.0739602,37.0187769],[120.0734333,37.0186574],[120.0729676,37.0184275],[120.0726537,37.0183117],[120.071997,37.0183121],[120.0715346,37.0184149],[120.0712362,37.0184859],[120.071119,37.0184652],[120.0709967,37.018427],[120.0706281,37.0181652],[120.0703107,37.0178374],[120.0700477,37.0174511],[120.0697763,37.0170862],[120.0691606,37.0165362],[120.0688922,37.016263],[120.0686655,37.0160465],[120.0685783,37.015984],[120.0684689,37.0159416],[120.0682861,37.015936],[120.0681159,37.0160645],[120.0679662,37.0162638],[120.0677361,37.0163967],[120.0669775,37.0164105],[120.0662711,37.0164424],[120.0659621,37.0164856],[120.0655469,37.0166306],[120.0653951,37.0167414],[120.0651649,37.0169669],[120.0649073,37.0171622],[120.0645248,37.0173201],[120.0641201,37.0174544],[120.0636967,37.0176143],[120.0633928,37.0177579],[120.0629945,37.0180648],[120.0628267,37.0181987],[120.0625908,37.0183614],[120.0623661,37.0184175],[120.0620402,37.0184393],[120.0615578,37.018395],[120.0612664,37.0183581],[120.0607999,37.0183633],[120.0604937,37.0183083],[120.0602634,37.0183524],[120.060188,37.0184215],[120.0601187,37.0185075],[120.0590353,37.0186291],[120.0586796,37.0186249],[120.0582485,37.0185966],[120.0581139,37.0185811],[120.0581257,37.0186613],[120.0581628,37.0188474],[120.0588513,37.0197708],[120.0589851,37.0199271],[120.0591405,37.0200528],[120.0596939,37.0199829],[120.059832,37.019909],[120.059878,37.0199226],[120.0598781,37.0200013],[120.0598667,37.0201213],[120.0597741,37.020252],[120.0597534,37.020312],[120.0597518,37.0203983],[120.0598669,37.0204444],[120.0599359,37.0205189],[120.0599131,37.0206105],[120.0591046,37.0211212],[120.05896,37.0212229],[120.0588091,37.0211827],[120.0587769,37.0212172],[120.0587468,37.0214055],[120.0587016,37.0216097],[120.0582664,37.0215911],[120.0579134,37.0215252],[120.0578193,37.0214215],[120.0574742,37.0213352],[120.0574111,37.0210832],[120.0573818,37.0209076],[120.0574109,37.0207729],[120.0574254,37.02065],[120.0575346,37.0202109],[120.0576363,37.0196255],[120.0575629,37.0190635],[120.0575336,37.0188821],[120.0575335,37.0187826],[120.057548,37.0186772],[120.0575264,37.018577],[120.0573596,37.0185315],[120.0572365,37.0185733],[120.0565584,37.0187115],[120.0562729,37.0188087],[120.0558506,37.018968],[120.0555605,37.0190573],[120.0550253,37.0191258],[120.0546795,37.0190969],[120.0543464,37.0190108],[120.0541416,37.0189891],[120.0538238,37.0190746],[120.053298,37.0191871],[120.0529101,37.0192566],[120.0525324,37.0192438],[120.0520851,37.0191409],[120.0517762,37.0191525],[120.0513358,37.0192716],[120.0509135,37.0193201],[120.0505631,37.0193235],[120.0501372,37.0193038],[120.0497886,37.0193217],[120.04953,37.0194406],[120.0493416,37.0195652],[120.0495024,37.0186859],[120.0496464,37.0178985],[120.0498191,37.0174456],[120.0498402,37.0168746],[120.0497968,37.0166506],[120.0492951,37.0165971],[120.0490152,37.0164985],[120.0486672,37.016261],[120.0476675,37.0161748],[120.0469951,37.0162212],[120.0465315,37.0162911],[120.0448581,37.016739],[120.0431355,37.0174633],[120.0425065,37.0173635],[120.0416204,37.0170813],[120.0411126,37.0168612],[120.0409523,37.0167489],[120.0408752,37.0165744],[120.0408781,37.0163215],[120.0409383,37.0161383],[120.0410543,37.0159721],[120.0411813,37.0158116],[120.0413015,37.015679],[120.0413235,37.0155908],[120.041309,37.0154016],[120.0412684,37.0151011],[120.0411925,37.0149727],[120.041085,37.0148033],[120.0408928,37.0146027],[120.0407203,37.0144718],[120.0406335,37.0144079],[120.0405021,37.014216],[120.0404838,37.014087],[120.0404129,37.0140161],[120.0403773,37.013922],[120.0403259,37.0134801],[120.0402754,37.0131987],[120.0401677,37.0128597],[120.039928,37.0122552],[120.0397948,37.0118899],[120.0392558,37.0106966],[120.0391109,37.0102701],[120.0388408,37.0099992],[120.0387205,37.0098584],[120.0386505,37.009663],[120.0386956,37.0093799],[120.0391329,37.008565],[120.0395991,37.0076207],[120.0400057,37.0070035],[120.0403279,37.0064945],[120.0407743,37.0057339],[120.0391323,37.0056926],[120.0385785,37.0056861],[120.0377874,37.0057077],[120.0370757,37.0057013],[120.036285,37.0056726],[120.0362109,37.0056565],[120.0359059,37.005511],[120.0356202,37.0053858],[120.0355099,37.0053772],[120.0351637,37.0053285],[120.0350596,37.0052825],[120.0349092,37.0050614],[120.0348389,37.0048795],[120.0347087,37.0045141],[120.0346159,37.0042745],[120.034451,37.0041416],[120.0340922,37.003942],[120.033736,37.0037827],[120.0333973,37.0034957],[120.0331034,37.0031225],[120.0329813,37.0028589],[120.0329463,37.0025761],[120.0329438,37.0023949],[120.0330453,37.0020799],[120.033097,37.0018955],[120.033098,37.0015232],[120.0328915,37.0013374],[120.0321215,37.000795],[120.0319558,37.0006606],[120.0316663,37.0001793],[120.0314188,36.9997483],[120.0312348,36.99933],[120.031193,36.9991428],[120.0310909,36.9989047],[120.0308431,36.9985829],[120.030545,36.9983293],[120.0304212,36.9982375],[120.0300594,36.9980253],[120.0298285,36.9978837],[120.0293287,36.9976937],[120.0290483,36.997593],[120.0288575,36.9974684],[120.0284719,36.9972495],[120.0281951,36.9971271],[120.0278521,36.99705],[120.027087,36.9968908],[120.0268486,36.99687],[120.0266599,36.9968764],[120.026489,36.9970072],[120.0263422,36.9972194],[120.0261669,36.997783],[120.0259362,36.9985859],[120.0258645,36.99893],[120.025838,36.9991941],[120.0258664,36.999466],[120.0259474,36.9999046],[120.0260448,37.0003746],[120.026037,37.00045],[120.0264117,37.0008778],[120.0265351,37.0010985],[120.0266107,37.001189],[120.0265707,37.0012708],[120.0264817,37.0012151],[120.0264095,37.0011359],[120.0262257,37.0010025],[120.0259684,37.0007005],[120.0257504,37.0005777],[120.0253573,37.0004536],[120.0252514,37.0003892],[120.0251467,37.0003399],[120.0247503,37.0002291],[120.0245917,37.0002275],[120.0244679,37.0002331],[120.0243594,37.0002786],[120.0242098,37.0003692],[120.023971,37.0004348],[120.0237125,37.0003945],[120.0236046,37.000349],[120.0233184,37.0002165],[120.0230157,37.0000614],[120.0226234,36.9999308],[120.0223072,36.9998122],[120.0218439,36.9996221],[120.0215162,36.9994864],[120.0212446,36.9993676],[120.0208497,36.999172],[120.0206585,36.9990668],[120.0204968,36.9990233],[120.0202676,36.9991038],[120.020055,36.9993236],[120.0198939,36.999535],[120.0197821,36.9996981],[120.0196496,36.9999258],[120.0192862,37.0004242],[120.0191229,37.000625],[120.0189233,37.0008569],[120.0186188,37.001342],[120.0184635,37.0015628],[120.0183301,37.0018175],[120.0180822,37.0023271],[120.0180232,37.0025108],[120.0180054,37.0026689],[120.0179978,37.0029517],[120.0179798,37.0030605],[120.0178268,37.0032207],[120.017623,37.0033781],[120.0173318,37.0035445],[120.0170435,37.0036486],[120.0168172,37.0037077],[120.0165083,37.0037661],[120.0157689,37.0040172],[120.0153956,37.0041736],[120.0150423,37.0043881],[120.0148429,37.0045357],[120.0144636,37.0049843],[120.0143815,37.0050515],[120.0142467,37.0051312],[120.0139542,37.0052326],[120.0135271,37.0052395],[120.0124157,37.0052117],[120.0120602,37.005195],[120.0118984,37.0051962],[120.0117396,37.0052768],[120.0116971,37.0054811],[120.0116663,37.0058031],[120.0116046,37.0061374],[120.011589,37.0063517],[120.0115495,37.006602],[120.0114056,37.0068631],[120.0112033,37.0069424],[120.0109562,37.0069672],[120.0103385,37.006608],[120.0100574,37.006471],[120.0097587,37.0063121],[120.0095226,37.006144],[120.0094412,37.0060756],[120.0088603,37.0058201],[120.0082062,37.0056965],[120.0078511,37.0056494],[120.0075352,37.0056263],[120.007186,37.005673],[120.006857,37.0057836],[120.0063582,37.0059806],[120.0054592,37.0063765],[120.0052672,37.0064665],[120.0045455,37.0068909],[120.004353,37.0070035],[120.0040849,37.0071393],[120.0037775,37.0072737],[120.0035429,37.0075696],[120.0034775,37.0077517],[120.003549,37.0079185],[120.0035981,37.0081054],[120.0036806,37.0083514],[120.0037216,37.0085586],[120.0037071,37.0086311],[120.0034041,37.0088855],[120.00332,37.0089518],[120.0030425,37.0092202],[120.0027554,37.0095204],[120.002306,37.009779],[120.0015267,37.009901],[120.0011913,37.0099818],[119.9997464,37.0106998],[119.9995156,37.0105841],[119.9992244,37.0104298],[119.9990358,37.0103168],[119.9987912,37.0101579],[119.9987376,37.0100843],[119.998748,37.0100073],[119.9988159,37.0099328],[119.9990824,37.0097563],[119.9992618,37.009693],[119.9993695,37.0096566],[119.9994821,37.009639],[119.9997873,37.0095983],[120.0000176,37.0095758],[120.0001355,37.0095678],[120.0002273,37.0095335],[120.0002704,37.0094574],[120.0003254,37.0092988],[120.0003025,37.0091865],[120.0001946,37.0090453],[120.0001146,37.0089805],[119.9998717,37.0088269],[119.9996816,37.0087201],[119.9995775,37.0086786],[119.9992377,37.008626],[119.9991127,37.0087002],[119.9989322,37.0088499],[119.9983634,37.0097546],[119.9982439,37.010124],[119.9978919,37.0104947],[119.9977662,37.0107124],[119.9976297,37.0107671],[119.9974932,37.010726],[119.9974339,37.010732],[119.9973362,37.0107668],[119.9972543,37.0108902],[119.9971997,37.0110215],[119.997186,37.0110818],[119.997186,37.0111228],[119.9973396,37.0111228],[119.9974429,37.0110421],[119.9976467,37.0109723],[119.9977708,37.0109599],[119.9978344,37.0109811],[119.9978344,37.0110544],[119.997735,37.0111342],[119.9974591,37.0113418],[119.9974498,37.0114102],[119.9975196,37.0114262],[119.9976896,37.0113177],[119.9978787,37.0112099],[119.9981914,37.011051],[119.9983954,37.0108882],[119.9985874,37.010724],[119.9986353,37.010724],[119.9987498,37.0110693],[119.9987553,37.0111665],[119.9987193,37.0112146],[119.9986834,37.0113108],[119.9985754,37.0113878],[119.9984314,37.0113878],[119.9983627,37.0114985],[119.9982514,37.0115225],[119.9980339,37.0115543],[119.9979155,37.0116571],[119.9978964,37.0117643],[119.9979259,37.0118516],[119.9981435,37.0122056],[119.9981435,37.0122729],[119.9970038,37.0130521],[119.9968958,37.0131098],[119.9967794,37.013127],[119.9965958,37.0130714],[119.9964913,37.01298],[119.9964638,37.0129256],[119.9964638,37.0128405],[119.9965552,37.0127672],[119.9968597,37.0125518],[119.9969801,37.0124898],[119.9971872,37.0124004],[119.9972698,37.012337],[119.9973696,37.0122007],[119.9975558,37.0120875],[119.9977206,37.011977],[119.9976351,37.0119032],[119.9975046,37.0118976],[119.9973966,37.0119481],[119.9970997,37.0120564],[119.9968879,37.0122468],[119.9968028,37.0123089],[119.9967218,37.0122728],[119.9966048,37.0121357],[119.9965598,37.0121141],[119.9964791,37.0122613],[119.9962708,37.0124879],[119.9962014,37.0125037],[119.9961549,37.0124893],[119.9961321,37.0123433],[119.9961127,37.0122494],[119.9960649,37.0120707],[119.9960604,37.011894],[119.996147,37.0117339],[119.9962161,37.011554],[119.9962863,37.011309],[119.9962966,37.0111204],[119.9962605,37.0110463],[119.9961242,37.0110416],[119.9959399,37.011539],[119.9958738,37.0116229],[119.9957156,37.0116229],[119.9955929,37.0115655],[119.9952687,37.0112917],[119.9951111,37.0111516],[119.9949906,37.011031],[119.9949589,37.011117],[119.9949989,37.011206],[119.9951093,37.0113797],[119.9953202,37.0115595],[119.9955179,37.0118766],[119.9955539,37.0122421],[119.9954999,37.0123147],[119.9953955,37.0123532],[119.9951673,37.012397],[119.9949643,37.0124156],[119.9948839,37.0124736],[119.9948359,37.0126584],[119.9948061,37.0127538],[119.9946523,37.0127719],[119.9945688,37.0127855],[119.9945293,37.0128172],[119.9945293,37.0132612],[119.9944836,37.0132612],[119.9939975,37.0130605],[119.9934904,37.0128912],[119.9932786,37.0128115],[119.9932079,37.0127643],[119.9930432,37.0125],[119.9929282,37.0120609],[119.9930063,37.0114348],[119.9929443,37.0114034],[119.9927529,37.011454],[119.9925676,37.0115703],[119.9923784,37.0116823],[119.9921794,37.0117829],[119.9919118,37.0119147],[119.9916369,37.0120351],[119.9911484,37.0122091],[119.9909213,37.0122838],[119.9907086,37.012203],[119.9905001,37.0121154],[119.9900115,37.0119315],[119.9897946,37.0118403],[119.9890126,37.0118372],[119.9887048,37.0118717],[119.9885036,37.0119578],[119.9883369,37.0120907],[119.9880941,37.0123161],[119.9878382,37.0125738],[119.9876574,37.0126946],[119.9873789,37.012809],[119.9871518,37.0128486],[119.9869465,37.0127651],[119.986812,37.0126752],[119.9866017,37.0125575],[119.9863023,37.0125265],[119.986086,37.012576],[119.9857392,37.012681],[119.9854891,37.0128331],[119.9852283,37.0130245],[119.9850619,37.0132734],[119.9846339,37.0137122],[119.9842867,37.0143545],[119.9840401,37.0147474],[119.9836788,37.0151969],[119.9835563,37.0153007],[119.9833975,37.0153565],[119.98332,37.0153839],[119.9829723,37.0153869],[119.9823687,37.0153421],[119.9819974,37.0153582],[119.981744,37.015425],[119.9814744,37.0155681],[119.9813877,37.0156306],[119.9810838,37.0159395],[119.9809489,37.016031],[119.9808534,37.0160845],[119.9806724,37.0162014],[119.9806025,37.0162925],[119.9805438,37.0165279],[119.9804995,37.0168074],[119.9804395,37.0169195],[119.9801406,37.0171292],[119.9799102,37.0173001],[119.9796426,37.0174857],[119.9794792,37.0175726],[119.9793311,37.0175645],[119.9790604,37.0174378],[119.9788678,37.0173294],[119.9786707,37.0172281],[119.9784758,37.0171686],[119.9780858,37.017143],[119.9779047,37.0171701],[119.9777605,37.0172237],[119.9776089,37.0172491],[119.9774935,37.0172631],[119.9774071,37.0172058],[119.9774072,37.0167859],[119.9773993,37.0166912],[119.9773628,37.0166027],[119.9773278,37.0165395],[119.9771879,37.0165101],[119.9771109,37.0165204],[119.9769857,37.0165492],[119.9769429,37.0165835],[119.9769307,37.0166178],[119.9770709,37.017368],[119.9769897,37.0174326],[119.9768594,37.0175169],[119.9765506,37.0177068],[119.9763317,37.0178176],[119.9762033,37.0178277],[119.9759438,37.0174479],[119.9758685,37.0173743],[119.9755359,37.0172914],[119.975115,37.017245],[119.9750671,37.0171636],[119.9750503,37.0170558],[119.9750209,37.0169803],[119.9749358,37.0169334],[119.9747983,37.0169272],[119.9746191,37.0169261],[119.9744408,37.0169316],[119.9744654,37.0167313],[119.9743221,37.0157363],[119.9742735,37.0154896],[119.9741828,37.0151216],[119.9739303,37.0145293],[119.9738386,37.0142902],[119.9737112,37.0138199],[119.9736858,37.0133925],[119.973592,37.0132817],[119.9725175,37.0127432],[119.9724231,37.0126878],[119.9723406,37.0126221],[119.9721482,37.0124279],[119.9719294,37.0120958],[119.9717913,37.0118432],[119.971644,37.0117326],[119.9710136,37.0110948],[119.970826,37.0108948],[119.9706917,37.0107409],[119.970603,37.0106886],[119.9704399,37.0106682],[119.9702549,37.0106682],[119.9699472,37.0106979],[119.96972,37.0107434],[119.969505,37.0108161],[119.969116,37.0109641],[119.9687338,37.0111188],[119.9678193,37.0114716],[119.9677305,37.0115313],[119.967425,37.0118098],[119.9672388,37.011867],[119.9668339,37.0120558],[119.9666393,37.0121326],[119.9664275,37.012154],[119.9659067,37.0122164],[119.9657822,37.0122598],[119.9656836,37.0123114],[119.9654543,37.012522],[119.9649269,37.0130653],[119.9645664,37.0134546],[119.9644389,37.0135505],[119.9643217,37.013586],[119.9639788,37.0135954],[119.9636034,37.0136181],[119.9625602,37.0138027],[119.9624458,37.0138046],[119.9602351,37.0135953],[119.9593473,37.013496],[119.9585642,37.013399],[119.9579959,37.0133397],[119.9567515,37.013317],[119.9542374,37.0127646],[119.9534559,37.0125684],[119.9532707,37.0125159],[119.9532384,37.0124527],[119.9529939,37.0119907],[119.9525593,37.0117691],[119.9519963,37.0116373],[119.9513128,37.0115357],[119.9507781,37.0113168],[119.9502218,37.010942],[119.9498872,37.0106794],[119.9493953,37.0101953],[119.9486004,37.0095956],[119.9476781,37.0089217],[119.9474047,37.0087315],[119.9473305,37.0087314],[119.9471053,37.0089388],[119.9470354,37.0091829],[119.9468777,37.0097955],[119.9466176,37.0109658],[119.9464638,37.0110704],[119.9460853,37.0107285],[119.9455474,37.0102752],[119.9449812,37.0098801],[119.9441656,37.009503],[119.943598,37.009259],[119.9435525,37.0091285],[119.9437056,37.0088497],[119.943814,37.0087173],[119.9444011,37.0086494],[119.9448183,37.0086161],[119.9446764,37.0084286],[119.9442195,37.0082018],[119.9439704,37.0080916],[119.9442628,37.0074895],[119.9449035,37.0073147],[119.9461348,37.0065516],[119.9461755,37.0064757],[119.9461193,37.0063921],[119.946048,37.0063667],[119.9453663,37.0062366],[119.9450544,37.0062245],[119.9436783,37.0056355],[119.9409458,37.0044333],[119.9387813,37.0037188],[119.9382383,37.0039708],[119.9374506,37.0038424],[119.9367687,37.0039496],[119.9355467,37.0041957],[119.9340204,37.0046571],[119.9339269,37.0045987],[119.9335843,37.0039855],[119.933112,37.0031866],[119.9326485,37.0024588],[119.932116,37.0019937],[119.9318181,37.0018147],[119.9315576,37.0019567],[119.9315759,37.0024744],[119.9313598,37.0024765],[119.9311799,37.0023498],[119.930831,37.0022008],[119.9308554,37.0027323],[119.9310854,37.0027146],[119.9310947,37.0035044],[119.9306895,37.0035695],[119.930571,37.0032382],[119.9304848,37.0029351],[119.9304259,37.0023277],[119.9306384,37.0023199],[119.9305895,37.0015787],[119.9302088,37.0018696],[119.9288851,37.0028143],[119.9285815,37.0025507],[119.9288113,37.0023824],[119.9284631,37.0019675],[119.9281373,37.0014437],[119.928034,37.0009406],[119.9285637,37.0008951],[119.9287708,37.001359],[119.9289528,37.0018384],[119.9290877,37.0021585],[119.9292168,37.002353],[119.9294432,37.0022246],[119.9292488,37.0016373],[119.9292357,37.0013673],[119.9291797,37.0012459],[119.9289136,37.0009015],[119.9295417,37.0008567],[119.929525,37.0006611],[119.9297885,37.0006478],[119.9297944,37.0008187],[119.9300411,37.0008098],[119.9302556,37.0010613],[119.9307864,37.0006422],[119.9312371,37.0003235],[119.9320222,36.9997789],[119.9311877,36.9992679],[119.930848,36.9989854],[119.9302996,36.9984991],[119.9297,36.9978892],[119.9280698,36.997258],[119.9271465,36.9968796],[119.9261246,36.9965793],[119.9250048,36.9963922],[119.9245226,36.996337],[119.9239394,36.9963904],[119.9233274,36.9963565],[119.9226137,36.9962271],[119.9218408,36.9959621],[119.9210997,36.9953369],[119.9203719,36.9948116],[119.9194839,36.9943783],[119.9187103,36.9940819],[119.9179298,36.9937994],[119.9170811,36.9937015],[119.9164305,36.9937121],[119.9155979,36.9939991],[119.9148763,36.9942319],[119.9141223,36.9943881],[119.9136643,36.9944117],[119.9128316,36.9942711],[119.9118872,36.9939789],[119.9114492,36.9938483],[119.9107418,36.994084],[119.910437,36.9941028],[119.9092029,36.9930602],[119.9090076,36.9930178],[119.9088803,36.993056],[119.9084401,36.9935439],[119.9073112,36.994655],[119.9071563,36.99468],[119.9069379,36.9946672],[119.9066199,36.9943813],[119.9063802,36.9942394],[119.9063647,36.9939718],[119.9063649,36.9938481],[119.9061855,36.9938303],[119.9061791,36.9939186],[119.906197,36.994686],[119.9060238,36.9947515],[119.9058916,36.9947413],[119.9058067,36.9946579],[119.9057776,36.994587],[119.9057829,36.9938721],[119.9046278,36.9939115],[119.9043057,36.993907],[119.9042152,36.9933856],[119.9040215,36.9930662],[119.9039835,36.9928017],[119.9038977,36.9928642],[119.9038397,36.992957],[119.9038355,36.9930299],[119.9038518,36.9931757],[119.9038476,36.9932652],[119.9037814,36.9933116],[119.9036409,36.9932319],[119.903546,36.993086],[119.9033682,36.993162],[119.903087,36.9932447],[119.903045,36.9933076],[119.9030862,36.9934336],[119.9030819,36.9935397],[119.9029041,36.9935925],[119.9027346,36.9935957],[119.9027182,36.9934432],[119.9027184,36.9932907],[119.9027889,36.9931283],[119.9028512,36.9929096],[119.9027852,36.9928367],[119.9022974,36.9928296],[119.9024293,36.9949586],[119.900978,36.9950645],[119.9008211,36.9942878],[119.899461,36.9943064],[119.899449,36.9940379],[119.8968185,36.9941002],[119.8968059,36.9948703],[119.8961439,36.9948878],[119.8961462,36.9961596],[119.8958128,36.9962075],[119.895384,36.996238],[119.8953878,36.9970706],[119.89417,36.9970871],[119.8912074,36.997119],[119.8912436,36.9979856],[119.8890306,36.99802],[119.8883223,36.9980234],[119.8872523,36.998037],[119.8872508,36.9983866],[119.886859,36.9984029],[119.8858357,36.9984333],[119.8842365,36.9984965],[119.8842133,36.9992997],[119.8839695,36.9992537],[119.8835987,36.9991243],[119.8832642,36.9989929],[119.8829108,36.9988009],[119.8826178,36.9986654],[119.8824233,36.9986236],[119.8821999,36.9988064],[119.8819501,36.9990457],[119.8817889,36.9992598],[119.8815004,36.9994701],[119.8815078,36.9999757],[119.8811107,37.0001809],[119.8805896,37.0003688],[119.8801868,37.0006197],[119.8798195,37.0001187],[119.87853,37.0001296],[119.878531,37.0000416],[119.8777086,37.0000532],[119.8767975,37.0000898],[119.8756675,37.0001289],[119.874563,37.0001624],[119.8747169,37.0000661],[119.8752128,36.9997205],[119.8759425,36.9991027],[119.8763605,36.998688],[119.8741558,36.9987375],[119.8741049,36.9980829],[119.8736576,36.9981184],[119.8720193,36.9982251],[119.8720744,36.9995692],[119.8701102,36.9996035],[119.8692325,36.9996309],[119.8692379,36.9995467],[119.8685676,36.9995891],[119.8667002,36.9996649],[119.866696,36.9998737],[119.8664807,36.9998956],[119.8664687,36.9999892],[119.8660729,37.0000025],[119.8652203,37.0000215],[119.8652792,37.0008414],[119.8646736,37.0008421],[119.8632227,37.0008656],[119.8632149,37.0005615],[119.8626076,37.0005674],[119.8619118,37.0005879],[119.861454,37.0006061],[119.8614608,37.0005137],[119.8614645,37.0002608],[119.8601308,37.00029],[119.8590262,37.0003068],[119.8582804,37.0003249],[119.858234,37.0002012],[119.8574549,37.000231],[119.8561498,37.0002525],[119.8561594,37.0012505],[119.8554643,37.0012726],[119.8545618,37.0012955],[119.8542656,37.0012964],[119.8533575,37.0008991],[119.8532766,37.0010006],[119.8530653,37.0012988],[119.8520541,37.0013191],[119.8506748,37.0013815],[119.8488631,37.0014455],[119.8460354,37.0015679],[119.8460157,37.0013679],[119.8459811,37.0008079],[119.845963,37.0004372],[119.8459419,37.0002836],[119.8458593,37.0001264],[119.8454929,37.0001697],[119.844997,37.0003139],[119.8448325,37.0004046],[119.8447275,37.0005756],[119.8445928,37.0008351],[119.8439341,37.0008416],[119.8426192,37.0008621],[119.8426166,37.0010439],[119.8417614,37.0010259],[119.8399209,37.0010064],[119.8398967,37.0002098],[119.8387301,37.000214],[119.8387259,37.0004399],[119.8375225,37.0004435],[119.8359364,37.0004409],[119.8359304,37.0007848],[119.8357544,37.0007857],[119.8349181,37.0007712],[119.8344043,37.0007736],[119.8341972,37.0007824],[119.8341055,37.0008195],[119.8339618,37.0008339],[119.8323564,37.0008444],[119.8323438,37.0013098],[119.8313894,37.0013291],[119.8303591,37.0013354],[119.8293793,37.0013481],[119.8286739,37.0013678],[119.8272779,37.0013851],[119.8269175,37.0014403],[119.8251199,37.0015855],[119.8242217,37.0016389],[119.8241293,37.0029078],[119.8240468,37.0041285],[119.8218113,37.0041037],[119.8218852,37.0027107],[119.8219283,37.0020278],[119.8219429,37.0016573],[119.8213426,37.0016468],[119.8213205,37.0018499],[119.8204988,37.0018602],[119.8195891,37.0018571],[119.8195994,37.0005155],[119.8196232,36.9988429],[119.819163,36.999252],[119.8187564,36.9995986],[119.8185087,36.9997642],[119.8181966,36.9999985],[119.8180754,37.0000615],[119.8179651,37.0001417],[119.8178917,37.0002183],[119.8177559,37.0004317],[119.8177178,37.0004824],[119.8175541,37.0006468],[119.8175296,37.0001277],[119.8175204,36.9990387],[119.8174022,36.9990399],[119.8174094,36.9997332],[119.8174476,37.0007643],[119.8172548,37.000962],[119.817193,36.9990415],[119.8160759,36.999061],[119.8160813,37.0000595],[119.816065,37.0003989],[119.8160536,37.0019387],[119.815771,37.0019439],[119.8157831,37.0013443],[119.8157979,37.0001604],[119.81585,37.0000173],[119.8158639,36.9990572],[119.8153749,36.999074],[119.814956,36.9990826],[119.8147454,36.9990803],[119.8147134,36.9991768],[119.8147041,36.9993193],[119.8146161,37.0017648],[119.8146271,37.002228],[119.814387,37.0021384],[119.8139078,37.0019893],[119.8139643,37.0005985],[119.8138734,37.0006309],[119.8138516,37.0009248],[119.8137894,37.0009831],[119.8136503,37.0009777],[119.813571,37.0010256],[119.8135388,37.001077],[119.8134513,37.0017999],[119.8136574,37.0018857],[119.8137653,37.0019258],[119.8137523,37.0023612],[119.813718,37.0029188],[119.8126243,37.0029042],[119.8118556,37.0028798],[119.8116038,37.0030108],[119.811221,37.0032017],[119.810954,37.0033241],[119.8109209,37.0039573],[119.81086,37.0049615],[119.8099885,37.0050762],[119.8096848,37.0051263],[119.8097051,37.0052878],[119.8096184,37.005302],[119.8092282,37.0053265],[119.8081555,37.0053003],[119.8076368,37.0053239],[119.8071389,37.0053538],[119.807338,37.0056838],[119.8073911,37.005783],[119.8076482,37.0061663],[119.8078746,37.0064512],[119.8062434,37.0064556],[119.8061784,37.0077898],[119.8060135,37.0104589],[119.8056258,37.0104233],[119.8054386,37.0104229],[119.8049166,37.0103447],[119.8042855,37.0102314],[119.8039767,37.0101828],[119.8035661,37.0101424],[119.8031729,37.0101147],[119.8031355,37.0110941],[119.803063,37.0126151],[119.802154,37.0125839],[119.8014358,37.0125497],[119.8008253,37.0125157],[119.800343,37.0125025],[119.8002301,37.0124941],[119.7994818,37.0124729],[119.7994323,37.0133936],[119.7979111,37.0133785],[119.7960438,37.0133969],[119.7955861,37.0133937],[119.79425,37.0134127],[119.7934584,37.0134101],[119.7932259,37.0134163],[119.7928051,37.0134127],[119.7922754,37.0134155],[119.7913025,37.013428],[119.7912396,37.0111862],[119.7908247,37.0111833],[119.790528,37.0111712],[119.7902928,37.0111811],[119.7899688,37.0111839],[119.7898552,37.0111735],[119.7896743,37.0111631],[119.7892791,37.0110577],[119.7889679,37.010983],[119.7884885,37.0108741],[119.7880974,37.0107755],[119.7876431,37.0107341],[119.7871762,37.0106759],[119.7868186,37.0106685],[119.7863894,37.0106508],[119.7857583,37.0106328],[119.7850851,37.0106382],[119.7847867,37.0104892],[119.7844133,37.0103162],[119.7839499,37.0101114],[119.7832564,37.0097768],[119.7826917,37.009492],[119.7827704,37.0087237],[119.7827846,37.0084466],[119.7820463,37.008392],[119.7808076,37.0083152],[119.7795467,37.0082608],[119.7778446,37.0074509],[119.777113,37.0073978],[119.7753132,37.0072945],[119.7752836,37.0075551],[119.7748902,37.0075383],[119.7744418,37.0075091],[119.7744665,37.0072837],[119.7744707,37.0071334],[119.7743185,37.007126],[119.773981,37.007117],[119.773943,37.0076622],[119.7738528,37.007656],[119.7738217,37.0080008],[119.773554,37.0079764],[119.7732393,37.0079529],[119.7725696,37.0079149],[119.772187,37.0078975],[119.772138,37.0084404],[119.7708613,37.0083577],[119.7708051,37.0087583],[119.7704428,37.0087195],[119.770057,37.008684],[119.7702425,37.007153],[119.7702663,37.0069286],[119.7687475,37.0068223],[119.7687231,37.0069754],[119.7675842,37.0068512],[119.7661859,37.0067041],[119.7662489,37.0063454],[119.7662844,37.0061034],[119.7664119,37.0053936],[119.7666424,37.0039677],[119.7667143,37.0033998],[119.7661684,37.0033257],[119.7645821,37.0030965],[119.764715,37.0023809],[119.7660267,37.0024724],[119.7667855,37.0025363],[119.7668259,37.0021916],[119.7655815,37.0015919],[119.762783,37.0002584],[119.7628007,37.0000306],[119.7628225,36.9997504],[119.7650381,36.9997603],[119.7650731,36.9990618],[119.765136,36.998875],[119.765151,36.9986335],[119.7637713,36.9985222],[119.7639097,36.9982727],[119.7639501,36.9981633],[119.7639967,36.9979897],[119.7640132,36.9978821],[119.7640115,36.9978312],[119.7640501,36.9977335],[119.7641034,36.9974785],[119.7638354,36.9975566],[119.7638658,36.9974748],[119.7641058,36.9967033],[119.7643271,36.9959535],[119.7639726,36.995873],[119.7637358,36.9965837],[119.7634416,36.9974403],[119.7634185,36.9975324],[119.7632723,36.9975695],[119.7638734,36.995829],[119.7635438,36.9957555],[119.7631624,36.9968601],[119.762903,36.9976393],[119.7627752,36.9976512],[119.7634257,36.9957273],[119.7632117,36.9956531],[119.7630659,36.9956285],[119.7628586,36.9956261],[119.7626434,36.9956145],[119.7623912,36.9956088],[119.762204,36.9956572],[119.7620272,36.9957179],[119.7618616,36.9958169],[119.7617636,36.9958859],[119.7602987,36.9949225],[119.7600316,36.9947316],[119.7597766,36.9945652],[119.7597525,36.9944725],[119.7597913,36.994204],[119.7596613,36.9941167],[119.7595359,36.993915],[119.7595535,36.9938865],[119.7597123,36.9936916],[119.760598,36.992498],[119.760014,36.9925163],[119.7594117,36.9925297],[119.7582011,36.9925369],[119.757222,36.9925123],[119.7567717,36.9924928],[119.7561046,36.9924007],[119.7549936,36.9922432],[119.7549189,36.9921876],[119.7548848,36.992009],[119.7547819,36.9917505],[119.7547012,36.9915818],[119.7544691,36.9912718],[119.7543373,36.9911252],[119.7541759,36.9909992],[119.7539763,36.9909149],[119.7537661,36.99085],[119.75355,36.9907999],[119.7533658,36.9907728],[119.75289,36.9907245],[119.7526083,36.9907379],[119.7523395,36.9908055],[119.7520291,36.9909344],[119.7518402,36.991075],[119.7517415,36.9912027],[119.7516361,36.9913863],[119.7515504,36.9915665],[119.7514362,36.9916703],[119.7512073,36.9916846],[119.7509382,36.9916606],[119.7507386,36.9916293],[119.7505341,36.9915746],[119.7501952,36.9915157],[119.7499889,36.9914418],[119.7498017,36.9913425],[119.7494862,36.9912463],[119.7490372,36.9912107],[119.7487019,36.9911712],[119.7480395,36.991056],[119.7477069,36.9910037],[119.7471437,36.9909774],[119.7468098,36.9908817],[119.7464725,36.9908184],[119.7461767,36.9908011],[119.7460652,36.9907571],[119.745928,36.9906298],[119.7456993,36.9905165],[119.7453387,36.9904532],[119.7450501,36.9904526],[119.7448345,36.9904917],[119.7444755,36.990616],[119.7443219,36.9907728],[119.7443364,36.9909936],[119.7443738,36.9912635],[119.7445097,36.9917604],[119.7446611,36.9922206],[119.7447598,36.9924539],[119.7428185,36.9923311],[119.7408207,36.9922226],[119.7404557,36.9921157],[119.7402216,36.9921005],[119.7394746,36.9921134],[119.7387438,36.9920859],[119.7385838,36.9920841],[119.7383004,36.992055],[119.737871,36.9920269],[119.7365752,36.9919015],[119.7362015,36.9918622],[119.7356427,36.9917897],[119.7351861,36.9917355],[119.7348917,36.9916877],[119.7350049,36.991157],[119.7350708,36.9908207],[119.7343881,36.9907152],[119.7336275,36.9905917],[119.7331373,36.9905083],[119.7324118,36.990399],[119.7320219,36.9903252],[119.7318869,36.9902893],[119.7321464,36.9892664],[119.7316837,36.9891835],[119.7308533,36.9890631],[119.7300775,36.9889247],[119.7296571,36.988854],[119.727679,36.9884927],[119.7271813,36.9884069],[119.7266436,36.9883202],[119.7264711,36.9882827],[119.7264011,36.9882431],[119.726453,36.9877432],[119.726452,36.9877079],[119.726425,36.9876667],[119.7262734,36.9876277],[119.7261205,36.9876241],[119.7258585,36.9877768],[119.7241525,36.9886689],[119.7237022,36.988922],[119.7234297,36.9890634],[119.7220508,36.9897979],[119.7217863,36.9899307],[119.7210497,36.9903189],[119.7205699,36.9905817],[119.7203542,36.9907074],[119.7196774,36.9910539],[119.7193404,36.9912517],[119.7188565,36.9914981],[119.7185863,36.9916425],[119.7180034,36.9919861],[119.7167312,36.9927821],[119.7165264,36.9949454],[119.7159949,36.9949104],[119.7159419,36.9954024],[119.7157672,36.9967217],[119.7155903,36.997913],[119.7157377,36.997946],[119.7158992,36.9979718],[119.7160759,36.9979924],[119.7156708,36.9993055],[119.7152938,36.9992246],[119.7146926,36.9991045],[119.7138765,36.9989302],[119.7137717,36.9992247],[119.7134971,36.9998855],[119.713296,37.0004206],[119.7134451,37.0004578],[119.7129798,37.0016551],[119.712775,37.0022031],[119.7126055,37.0021915],[119.712416,37.0021557],[119.7122735,37.0020991],[119.7120646,37.0020383],[119.7117164,37.0028258],[119.7114135,37.0034139],[119.7111147,37.0039456],[119.7107842,37.0045603],[119.7104617,37.005139],[119.7113193,37.0057861],[119.7110783,37.0063811],[119.7107911,37.0062985],[119.7106142,37.0062359],[119.7099726,37.0060211],[119.7089168,37.0056738],[119.7081178,37.0054166],[119.7074007,37.0051986],[119.7072565,37.0051381],[119.7067734,37.0049745],[119.7062127,37.0048032],[119.7048651,37.0043534],[119.7026739,37.003634],[119.7020084,37.0034057],[119.7011784,37.0031305],[119.7003115,37.002853],[119.6999369,37.0027247],[119.7000613,37.0024253],[119.7003604,37.0016456],[119.7007859,37.0005132],[119.7008475,37.0003404],[119.7006463,37.0004012],[119.7001579,37.0006931],[119.6999471,37.0007991],[119.6998142,37.0007899],[119.6981445,37.00007],[119.6979388,36.9999685],[119.6978293,36.9999645],[119.6978001,36.9999684],[119.6977075,36.9999924],[119.6976373,37.0000226],[119.6973797,37.0002238],[119.697146,37.0005162],[119.6967894,37.001066],[119.6961663,37.0018282],[119.6956992,37.0023333],[119.6950952,37.0021742],[119.6950737,37.0022006],[119.6950676,37.0021992],[119.6947842,37.0021354],[119.6941255,37.0019731],[119.6933641,37.0017942],[119.6901936,37.0010068],[119.6885245,37.0006076],[119.6861739,37.0000168],[119.6860412,36.9999922],[119.6858797,36.999985],[119.6857772,36.9999658],[119.6857066,36.9999454],[119.6856495,36.9999169],[119.6854846,36.9997463],[119.6853664,36.999593],[119.6850874,36.9993182],[119.6849695,36.9991924],[119.6849042,36.9991379],[119.6848513,36.9991193],[119.6848157,36.9991164],[119.6846639,36.9991326],[119.6846225,36.9991278],[119.6845916,36.9991093],[119.6845228,36.9990584],[119.6843531,36.9988649],[119.6840421,36.9985275],[119.6837677,36.9982389],[119.6834299,36.9978632],[119.68324,36.9976357],[119.6830724,36.9974529],[119.6829057,36.9973362],[119.6818633,36.9974246],[119.681107,36.9975051],[119.6796539,36.9976464],[119.6789587,36.9977083],[119.6761274,36.9979974],[119.6761439,36.9980255],[119.676149,36.9980685],[119.6760875,36.99927],[119.6760744,36.999627],[119.6760184,37.0004681],[119.6760092,37.0007112],[119.6759867,37.0010035],[119.6759632,37.0013963],[119.6759279,37.0020823],[119.6758842,37.0023677],[119.6758941,37.0024166],[119.6759039,37.0026064],[119.675885,37.002951],[119.6758766,37.0029989],[119.6758426,37.0030175],[119.6757946,37.0030342],[119.6756611,37.0030525],[119.6755306,37.0030571],[119.6754664,37.0030503],[119.6754455,37.0031227],[119.6718168,37.0024815],[119.6715944,37.0024322],[119.6701177,37.0021763],[119.6700549,37.0021586],[119.6700311,37.0026701],[119.6699911,37.0033215],[119.6699573,37.0039817],[119.6695332,37.003926],[119.6690726,37.0038747],[119.6689813,37.0038722],[119.6688891,37.003877],[119.6683887,37.0038355],[119.6679304,37.0037845],[119.667789,37.0037616],[119.667714,37.003733],[119.6670518,37.0036255],[119.6663546,37.0034997],[119.6659782,37.003455],[119.6655578,37.0034386],[119.6655033,37.0034603],[119.6654779,37.0035189],[119.6654851,37.0036027],[119.6658314,37.0036225],[119.6661124,37.0036448],[119.6663866,37.0036885],[119.6667159,37.0037552],[119.6666773,37.0041791],[119.6666604,37.0042166],[119.6660838,37.0040807],[119.6661012,37.0039037],[119.6660678,37.0038942],[119.6658688,37.0038775],[119.6646514,37.0038277],[119.6639847,37.0037758],[119.6638311,37.0043541],[119.6637949,37.0045042],[119.6637308,37.0045249],[119.6635411,37.0045357],[119.6633302,37.0045275],[119.6622534,37.0044114],[119.6611858,37.004303],[119.6609309,37.0042657],[119.6606938,37.0042448],[119.6605897,37.0047083],[119.6604003,37.0052544],[119.6603809,37.0052819],[119.6597386,37.0051887],[119.6596445,37.0054902],[119.6595454,37.0057684],[119.6594898,37.0058928],[119.6594718,37.0059236],[119.6594429,37.0059445],[119.6593947,37.0059576],[119.6593616,37.0059861],[119.6593491,37.0060343],[119.6593219,37.0060785],[119.6592027,37.0062448],[119.6591349,37.0063614],[119.6591099,37.0063706],[119.6587717,37.0061497],[119.6586169,37.0064055],[119.6589633,37.0066305],[119.6589363,37.00666],[119.6588417,37.0066519],[119.6588008,37.0066572],[119.6587464,37.006667],[119.6585978,37.0067075],[119.6584596,37.0067376],[119.6580362,37.0067992],[119.6579922,37.0068105],[119.6578612,37.0068753],[119.6577687,37.0069323],[119.6576826,37.0069991],[119.6574948,37.0071556],[119.6574309,37.0072003],[119.6571835,37.0073384],[119.6570789,37.007404],[119.6569691,37.0074646],[119.6568618,37.0075132],[119.6567758,37.0075439],[119.6566923,37.0075576],[119.6565902,37.0075663],[119.6565106,37.0075601],[119.6563726,37.0075247],[119.6563162,37.0075162],[119.6561744,37.0075147],[119.6559904,37.007477],[119.6556939,37.007407],[119.6554125,37.0073168],[119.6553115,37.0072685],[119.6551093,37.007195],[119.6549916,37.0071714],[119.6546144,37.0071139],[119.6541983,37.0070251],[119.653954,37.0069621],[119.6538495,37.0069312],[119.6538368,37.0074411],[119.6530816,37.0074113],[119.6525854,37.0074008],[119.6525781,37.0073662],[119.6525765,37.0073091],[119.652549,37.0071513],[119.6525154,37.0070509],[119.652222,37.0070395],[119.6520483,37.0070284],[119.6519536,37.0070348],[119.6516243,37.0071047],[119.6515242,37.0071321],[119.6512602,37.0072416],[119.6511108,37.0073191],[119.6511075,37.0072746],[119.6511138,37.007186],[119.6510988,37.0071082],[119.6510345,37.0069799],[119.6508909,37.0068421],[119.650661,37.0066863],[119.6502549,37.0064439],[119.6502233,37.0064218],[119.6502548,37.0061334],[119.6502807,37.0058163],[119.650167,37.0058008],[119.649955,37.0057606],[119.6498535,37.0057508],[119.6498071,37.005765],[119.6497727,37.0057841],[119.6497559,37.0058559],[119.6497566,37.0059754],[119.6497499,37.0060596],[119.6497512,37.0061259],[119.6497683,37.0062293],[119.649775,37.0063183],[119.6497956,37.0064389],[119.6497859,37.0067367],[119.649933,37.0067861],[119.6499791,37.0068103],[119.649897,37.0075003],[119.649865,37.0078656],[119.6498092,37.008332],[119.6497765,37.0086501],[119.6497191,37.0089704],[119.6496948,37.0092822],[119.6496805,37.0093937],[119.6496563,37.0095253],[119.649601,37.0099252],[119.6493156,37.0098995],[119.6490544,37.0098816],[119.6487577,37.0098669],[119.6483673,37.0098227],[119.6482765,37.0097996],[119.6481658,37.0097643],[119.6480938,37.0097556],[119.6479638,37.00976],[119.6477923,37.0096621],[119.6477809,37.009611],[119.6476143,37.0091563],[119.6475733,37.0089929],[119.6474357,37.0085948],[119.6474167,37.008506],[119.6474182,37.0084757],[119.6474561,37.0084256],[119.6474784,37.0084038],[119.6474928,37.0083798],[119.6474877,37.008339],[119.6474209,37.0082287],[119.647295,37.0080884],[119.6470028,37.0077832],[119.6470438,37.0077657],[119.6471897,37.0076448],[119.6473112,37.007536],[119.6474059,37.0074148],[119.6476155,37.0071956],[119.6477163,37.007067],[119.6477443,37.0070385],[119.6477834,37.006984],[119.6478474,37.0068724],[119.6478641,37.0068123],[119.6478785,37.0066807],[119.6479083,37.0066099],[119.6479651,37.0064842],[119.6480757,37.0062993],[119.6481361,37.0061821],[119.6481629,37.0061199],[119.6477221,37.0061003],[119.6474631,37.0060928],[119.6471916,37.0060786],[119.6471177,37.0062521],[119.646996,37.0066682],[119.646977,37.0068198],[119.6470019,37.007016],[119.6470289,37.0070817],[119.6471153,37.0072203],[119.6471285,37.0072756],[119.64712,37.0073092],[119.6471098,37.007324],[119.6455623,37.0071339],[119.6455177,37.0071866],[119.6454495,37.0072953],[119.6453838,37.0074235],[119.6453389,37.0074986],[119.6463792,37.007689],[119.6464826,37.0077186],[119.6464787,37.0077596],[119.6464603,37.0077996],[119.646381,37.0079053],[119.6462966,37.0079895],[119.6462643,37.0080143],[119.6463066,37.0080286],[119.6462672,37.0080896],[119.6462255,37.0081669],[119.6461765,37.0081778],[119.6461686,37.0081885],[119.6461724,37.0082368],[119.646186,37.0082478],[119.646185,37.0082858],[119.6461949,37.0083059],[119.6462355,37.0083154],[119.6462385,37.0083463],[119.6463122,37.0083731],[119.6464275,37.0083931],[119.6465984,37.0084082],[119.6465971,37.0084737],[119.6469477,37.0085109],[119.6469749,37.0085316],[119.6469763,37.0085462],[119.646862,37.0087171],[119.6468126,37.0088109],[119.6466291,37.0093184],[119.646508,37.0097051],[119.6464944,37.0097278],[119.6464816,37.0097685],[119.6464723,37.009835],[119.6464322,37.0099634],[119.646329,37.010208],[119.6463102,37.0102337],[119.6462796,37.0102628],[119.6462415,37.0102864],[119.6461949,37.0102999],[119.6460716,37.0103037],[119.6459247,37.0103011],[119.6458462,37.0103047],[119.6457462,37.0102875],[119.6456332,37.01026],[119.6455526,37.0102349],[119.6455413,37.0102281],[119.6460809,37.0087326],[119.6462114,37.0083532],[119.6462083,37.0083346],[119.6461541,37.0083182],[119.6460007,37.0082617],[119.6459309,37.0084128],[119.6456651,37.0091103],[119.6453912,37.009805],[119.6452825,37.0101159],[119.6452189,37.0100826],[119.6449744,37.0099807],[119.6449961,37.0099405],[119.645176,37.0095463],[119.6455696,37.0086569],[119.6457499,37.0081739],[119.6457003,37.0081667],[119.6456218,37.0081485],[119.6455608,37.0081298],[119.6455294,37.0081978],[119.6453466,37.0086455],[119.6449734,37.0094947],[119.6447939,37.0099218],[119.6446961,37.0099115],[119.6445931,37.0098937],[119.6443401,37.0098671],[119.644014,37.009853],[119.6439053,37.0098557],[119.6437651,37.0098508],[119.6436858,37.009841],[119.6435585,37.0098188],[119.6433089,37.0097893],[119.6432497,37.0097713],[119.6432293,37.0097611],[119.6433067,37.0095715],[119.6434164,37.009257],[119.6436859,37.0086303],[119.6437143,37.0085751],[119.6437709,37.0084973],[119.6438668,37.0082978],[119.6438895,37.0082375],[119.6439152,37.008208],[119.6439361,37.0081939],[119.6439331,37.0081579],[119.6439046,37.0081473],[119.6437922,37.0081962],[119.6437562,37.0082177],[119.6437259,37.0082275],[119.6436568,37.0082381],[119.6435268,37.0082336],[119.6434932,37.0082335],[119.6434521,37.0082406],[119.6433833,37.0082602],[119.6433249,37.0082888],[119.6432695,37.0083245],[119.6431808,37.0084038],[119.6429607,37.0085573],[119.6429307,37.0085863],[119.6428982,37.0086291],[119.642863,37.00866],[119.642836,37.0086791],[119.6427266,37.0087332],[119.6426438,37.0087827],[119.6423719,37.008997],[119.6422743,37.0090678],[119.6422254,37.009094],[119.6421645,37.009123],[119.6420925,37.0091476],[119.6416853,37.0092345],[119.6415942,37.009261],[119.6415498,37.0092792],[119.641359,37.0093729],[119.6412924,37.0093897],[119.641648,37.0094598],[119.6417003,37.0094743],[119.6418707,37.0095525],[119.6419223,37.009571],[119.641972,37.0095819],[119.6421212,37.0095925],[119.6423614,37.0095946],[119.6425032,37.0096019],[119.6427626,37.0096317],[119.6428647,37.0096509],[119.6430634,37.0097022],[119.6432105,37.0097623],[119.6432301,37.0097723],[119.6432373,37.0097839],[119.6432286,37.0098318],[119.6432121,37.0098564],[119.6431078,37.0100559],[119.6430718,37.0102145],[119.6430563,37.0102486],[119.6430399,37.0102681],[119.6430118,37.0102782],[119.6429638,37.010281],[119.6428941,37.0102764],[119.6428194,37.0102667],[119.6427651,37.0102654],[119.6426956,37.0102722],[119.6425745,37.0102974],[119.6424876,37.0102971],[119.6423679,37.0102654],[119.6423232,37.0102479],[119.6422978,37.0102373],[119.6422517,37.0101958],[119.6422164,37.0101771],[119.6421215,37.0101454],[119.6420394,37.0101373],[119.6414609,37.0101338],[119.6413685,37.0101267],[119.6413275,37.0101196],[119.6412429,37.0100911],[119.6408771,37.0099193],[119.6404824,37.0097526],[119.6404205,37.0097366],[119.640262,37.0097271],[119.6401988,37.0097349],[119.6401305,37.0097625],[119.6400845,37.0097912],[119.6399801,37.0098754],[119.6398532,37.0100053],[119.639734,37.0101139],[119.6395862,37.0102326],[119.6393962,37.0103379],[119.6392382,37.0103954],[119.639129,37.010469],[119.6390817,37.0105112],[119.6389897,37.0106421],[119.6388335,37.0108287],[119.6386738,37.0110079],[119.6386126,37.011071],[119.6385803,37.0110926],[119.6385468,37.0111048],[119.6384473,37.0111329],[119.6383411,37.0111556],[119.6382876,37.0111638],[119.6381585,37.0111611],[119.6380132,37.0111742],[119.6379413,37.0111832],[119.6378388,37.0112099],[119.6378127,37.0112135],[119.6376622,37.011197],[119.6375469,37.0111924],[119.6370847,37.0111574],[119.6370048,37.0111414],[119.6368085,37.0111151],[119.6351565,37.0109782],[119.6350651,37.010976],[119.6350484,37.0109865],[119.6350186,37.0110178],[119.6349859,37.0110236],[119.6346835,37.0110044],[119.6345995,37.0109919],[119.6344812,37.0109517],[119.6343209,37.0109267],[119.6339754,37.0108997],[119.6339436,37.0110469],[119.633894,37.0114289],[119.6338723,37.0115606],[119.6338687,37.0116545],[119.6338507,37.0117555],[119.6337544,37.0120355],[119.6336154,37.0124176],[119.6335301,37.0126415],[119.633491,37.0127302],[119.6334754,37.0127497],[119.6334444,37.0127558],[119.6333359,37.0127546],[119.6332728,37.0127589],[119.6332551,37.0127553],[119.6331748,37.0126943],[119.6329417,37.0125951],[119.6328989,37.012566],[119.6328838,37.0125395],[119.6328188,37.0125062],[119.6326651,37.0124738],[119.6324693,37.0124161],[119.6323393,37.0123985],[119.6320827,37.0123559],[119.632071,37.0123496],[119.6320439,37.0123158],[119.6320099,37.0123041],[119.6314251,37.0122185],[119.6309186,37.0121492],[119.6309231,37.0122927],[119.6308656,37.0127531],[119.6307989,37.0131438],[119.6307849,37.013205],[119.6307636,37.013223],[119.6307136,37.0132218],[119.6305204,37.0131912],[119.6294241,37.0130743],[119.6290118,37.0130071],[119.6288081,37.0143944],[119.6287514,37.0148514],[119.6286967,37.0148603],[119.628439,37.0148596],[119.6281896,37.0148305],[119.6279389,37.0147615],[119.627586,37.0146853],[119.6267785,37.0144883],[119.6262302,37.0143638],[119.6262059,37.0137663],[119.626099,37.013228],[119.6260175,37.0129678],[119.6262842,37.0129696],[119.6264003,37.0128301],[119.6264161,37.0127406],[119.6264281,37.0127141],[119.6264414,37.0127056],[119.6267061,37.0127266],[119.6267503,37.0125892],[119.6268409,37.0120393],[119.6268423,37.0120187],[119.6263868,37.0119522],[119.6263688,37.0119413],[119.6263629,37.0119195],[119.626366,37.0118978],[119.6264247,37.0117111],[119.6264371,37.0116179],[119.6264514,37.0115649],[119.6264857,37.0115087],[119.6265301,37.011335],[119.6264488,37.0113021],[119.6262189,37.011286],[119.6261347,37.0113952],[119.6261044,37.0114529],[119.6260379,37.0116019],[119.6259416,37.0118495],[119.6258684,37.0121274],[119.6258306,37.0123041],[119.6257912,37.0125628],[119.6257806,37.0127318],[119.6257886,37.0127873],[119.6258322,37.012916],[119.6260357,37.0134278],[119.6258223,37.0134436],[119.6257243,37.0134415],[119.6256597,37.0132596],[119.6256301,37.0130965],[119.6256126,37.0128354],[119.6252232,37.0128676],[119.6251133,37.0128738],[119.6250197,37.0128725],[119.6247443,37.0128629],[119.6246113,37.0128467],[119.6245283,37.0128436],[119.6244452,37.0128419],[119.6241906,37.0128484],[119.6240732,37.0128466],[119.6238886,37.0128375],[119.6236922,37.0128369],[119.6231274,37.0128259],[119.6228962,37.0128173],[119.6225352,37.0127934],[119.6222748,37.012789],[119.6221426,37.0127943],[119.6219554,37.0127962],[119.6216418,37.0127907],[119.6215179,37.0127809],[119.6210874,37.0127683],[119.6208278,37.0127566],[119.6204388,37.0127484],[119.6196787,37.012724],[119.6190533,37.0126963],[119.6188132,37.012684],[119.618399,37.012673],[119.6182414,37.012679],[119.6181632,37.012688],[119.6181264,37.0126878],[119.6180275,37.0126719],[119.6179954,37.0126634],[119.6177401,37.0126544],[119.6176136,37.0126549],[119.617502,37.012649],[119.6173163,37.0126312],[119.6172716,37.0126235],[119.617211,37.0126209],[119.6170416,37.0126248],[119.6169877,37.0126342],[119.6169407,37.0126326],[119.6168837,37.0126208],[119.6168587,37.0126208],[119.6166508,37.0126343],[119.6163774,37.0126385],[119.6162975,37.0126283],[119.6161973,37.0126081],[119.6161219,37.0126028],[119.6158659,37.0125901],[119.6152648,37.0125734],[119.614963,37.0125493],[119.6148721,37.0125497],[119.6147181,37.0125646],[119.6146507,37.0125531],[119.6145191,37.0125196],[119.6143395,37.0125113],[119.6142961,37.0125268],[119.6142801,37.0125441],[119.614272,37.0125679],[119.6142626,37.0126137],[119.6142588,37.012707],[119.6142327,37.0127893],[119.6142041,37.0129676],[119.6142461,37.0129716],[119.6142772,37.012979],[119.6142969,37.0129907],[119.6143027,37.0130142],[119.6142966,37.0130597],[119.6142428,37.0132955],[119.6142094,37.0134085],[119.6141553,37.0136324],[119.6141317,37.0137058],[119.6141147,37.0137766],[119.6140839,37.0139662],[119.6140582,37.014042],[119.6140394,37.0140815],[119.6140204,37.0141455],[119.6139846,37.0143225],[119.6139601,37.0144157],[119.6138752,37.0146524],[119.6138245,37.014827],[119.6138016,37.014877],[119.6137969,37.014897],[119.613806,37.0149052],[119.6138571,37.0149242],[119.6139051,37.0150126],[119.6139103,37.0150717],[119.6138845,37.0151851],[119.6138506,37.0153891],[119.6137794,37.0156756],[119.6137235,37.0159359],[119.6137379,37.016157],[119.6137012,37.0164682],[119.6136987,37.0165398],[119.6136929,37.0165669],[119.6136793,37.0165805],[119.6135676,37.0166384],[119.6135239,37.0166564],[119.6134898,37.016678],[119.6134637,37.0168464],[119.6134022,37.0168743],[119.6126712,37.0169567],[119.6118206,37.0170102],[119.6111806,37.0170293],[119.6105407,37.0170132],[119.6098111,37.0169462],[119.6093556,37.0168675],[119.6088389,37.0167394],[119.6082962,37.016576],[119.6079637,37.0164414],[119.6074216,37.0161305],[119.6069648,37.0159026],[119.6063348,37.0156476],[119.6056607,37.0154487],[119.6048609,37.0152583],[119.5991222,36.9952069],[119.5919247,36.9879556],[119.5785112,36.9549565],[119.5776933,36.9502505],[119.5779195,36.9494792],[119.5890759,36.933079],[119.5911913,36.9299689],[119.5890601,36.9290473],[119.5900153,36.9269349],[119.590987,36.9247435],[119.5907891,36.924731],[119.5902906,36.9249242],[119.5901093,36.9250369],[119.5900288,36.9250449],[119.5898978,36.9250369],[119.5898827,36.9252744],[119.5896813,36.9253307],[119.5896008,36.9254113],[119.5894648,36.9254676],[119.5894195,36.9255843],[119.5893037,36.925681],[119.5891728,36.9257252],[119.5841663,36.9252529],[119.5838894,36.9257092],[119.5832699,36.9254364],[119.5829108,36.9252806],[119.5838222,36.9211686],[119.5841106,36.9213149],[119.584353,36.92141],[119.5844719,36.9212564],[119.5864892,36.9217172],[119.5864297,36.9218561],[119.5873595,36.921986],[119.5879856,36.9221618],[119.5881464,36.9219792],[119.5883663,36.9220671],[119.5884679,36.9221145],[119.5882394,36.922385],[119.5884933,36.9225474],[119.5886794,36.9228991],[119.5893562,36.9233996],[119.58994,36.924076],[119.5900914,36.9243153],[119.5903479,36.9245239],[119.590583,36.9246306],[119.5910161,36.9246912],[119.5922749,36.9218298],[119.5923789,36.9211982],[119.5941716,36.9212313],[119.5944158,36.9205283],[119.5936537,36.8986366],[119.5943359,36.8827408],[119.59454,36.8779857],[119.5940633,36.8715018],[119.5937071,36.8666565],[119.5923098,36.857173],[119.5907686,36.8539497],[119.5875629,36.8484632],[119.5625622,36.8056615],[119.5589726,36.8025705],[119.5572361,36.8039507],[119.5557757,36.8037962],[119.5546358,36.8033841],[119.5535578,36.803333],[119.5518812,36.803724],[119.549685,36.805009],[119.5474921,36.8059387],[119.5458464,36.8079079],[119.5447253,36.8087362],[119.5432189,36.8087843],[119.5392318,36.8077741],[119.5358998,36.8072948],[119.5349066,36.8063947],[119.5341571,36.8051],[119.5349095,36.8041574],[119.5366283,36.8031314],[119.5380187,36.8030217],[119.539136,36.8035632],[119.5411332,36.8050066],[119.5420086,36.8053625],[119.5434204,36.8051857],[119.5439051,36.8044542],[119.5440806,36.8031975],[119.5434476,36.8019801],[119.5421278,36.800503],[119.5404087,36.7997669],[119.5371243,36.799611],[119.5337582,36.7993711],[119.5332112,36.7991034],[119.5331557,36.7987504],[119.533392,36.7984442],[119.5338413,36.7981495],[119.5348565,36.797747],[119.5355411,36.797172],[119.5362024,36.796438],[119.5361709,36.796017],[119.5358043,36.7956049],[119.5347536,36.7953234],[119.5331552,36.7951773],[119.5325099,36.7950811],[119.532114,36.7948574],[119.5321003,36.794597],[119.5321671,36.7944704],[119.5308849,36.7934595],[119.5312406,36.793246],[119.5322042,36.7944033],[119.5331267,36.7937511],[119.5334665,36.7932507],[119.533539,36.7924444],[119.5325762,36.7895369],[119.5327745,36.789424],[119.5330368,36.7893032],[119.5330274,36.7890722],[119.5332119,36.7885134],[119.5344834,36.7873701],[119.5307073,36.7843744],[119.5287012,36.7823446],[119.525266,36.7695698],[119.5260627,36.7626773],[119.5291293,36.7479471],[119.5308367,36.7414976],[119.5368095,36.7330651],[119.5396974,36.7289877],[119.5411814,36.7268922],[119.5431777,36.7245559],[119.543779,36.7239107],[119.5438234,36.7228782],[119.5513314,36.7217012],[119.5531875,36.7216348],[119.5545796,36.7213758],[119.5557066,36.720685],[119.5607364,36.7140493],[119.5616313,36.7130264],[119.5623771,36.7128935],[119.5636946,36.7131061],[119.5646807,36.7133784],[119.5660065,36.7140161],[119.5667771,36.7141955],[119.5675643,36.7141224],[119.5682438,36.7137637],[119.5695199,36.7132323],[119.5717623,36.7127986],[119.5728842,36.7123754],[119.5734247,36.7123382],[119.5738288,36.7121363],[119.5740418,36.711953],[119.5743923,36.7116513],[119.574732,36.7108276],[119.5751215,36.7084694],[119.576034,36.7076751],[119.5766785,36.7069569],[119.5772124,36.7056003],[119.5778316,36.7036958],[119.5778063,36.7034603],[119.5779057,36.702404],[119.5786598,36.7014872],[119.5802922,36.7004641],[119.5822892,36.6994077],[119.5824135,36.6989825],[119.5824632,36.6983181],[119.5819893,36.6975132],[119.5817793,36.6970674],[119.5817785,36.6967946],[119.5819412,36.6962053],[119.5831675,36.6948166],[119.5844271,36.6941854],[119.5858772,36.6929895],[119.5874682,36.6921257],[119.588615,36.6917058],[119.5897635,36.6912087],[119.5904678,36.6908233],[119.5910976,36.6901855],[119.5911709,36.6900369],[119.5913265,36.6897458],[119.5913757,36.6894384],[119.591405,36.6873622],[119.5910569,36.6861197],[119.5911729,36.6855681],[119.5920844,36.6843787],[119.592855,36.6835746],[119.5937665,36.6829766],[119.5941311,36.6822456],[119.5941311,36.6814548],[119.5940482,36.6803982],[119.5943383,36.6793682],[119.5960038,36.6788565],[119.5973379,36.6783913],[119.5980919,36.6777732],[119.5983571,36.6772217],[119.5984068,36.6765903],[119.5986305,36.6757928],[119.5983902,36.6737326],[119.5984648,36.6728155],[119.5987797,36.672224],[119.5996911,36.6717853],[119.6004535,36.6715727],[119.6015224,36.6705824],[119.6017876,36.6699776],[119.6018621,36.6690072],[119.601481,36.6680634],[119.601539,36.6671728],[119.6018953,36.6668338],[119.6025747,36.6667607],[119.604406,36.6668405],[119.6056323,36.6670332],[119.6066018,36.6664949],[119.6070824,36.6657305],[119.6071984,36.6654314],[119.6078116,36.6649196],[119.6079111,36.6645075],[119.6074222,36.6624869],[119.6075547,36.6619285],[119.6087231,36.6602269],[119.6092286,36.6598281],[119.609444,36.6589772],[119.6093363,36.6584189],[119.6090297,36.6578871],[119.6091871,36.6574417],[119.6095932,36.6570828],[119.6106124,36.6558264],[119.6112835,36.6544371],[119.6111427,36.653061],[119.6118801,36.6518046],[119.612659,36.6510135],[119.6131065,36.649644],[119.6132639,36.6488662],[119.6141257,36.6478357],[119.6149763,36.6473312],[119.6154936,36.6467845],[119.6163719,36.6452288],[119.6163139,36.644544],[119.6157173,36.6437196],[119.615187,36.643088],[119.6151787,36.6425827],[119.6155599,36.6422768],[119.6182695,36.6408141],[119.6189821,36.6402623],[119.6192721,36.6397703],[119.6194047,36.6391852],[119.619819,36.6388527],[119.6207802,36.6381945],[119.6214928,36.6379551],[119.6233572,36.6370375],[119.6237135,36.636745],[119.6239621,36.6366386],[119.6245836,36.6365854],[119.6245836,36.6363793],[119.625205,36.6363793],[119.6258016,36.6363128],[119.627492,36.6353287],[119.6289255,36.6349164],[119.6297819,36.6346139],[119.6305695,36.6340025],[119.6308178,36.6332605],[119.6306637,36.6326834],[119.6303983,36.6319963],[119.6307151,36.631591],[119.631614,36.6312612],[119.6334119,36.6310344],[119.634602,36.6310482],[119.6361602,36.6307115],[119.6380694,36.6293718],[119.6387629,36.6288565],[119.6400128,36.6280388],[119.6404666,36.6277159],[119.6408861,36.6274617],[119.6419649,36.6262799],[119.642256,36.6257577],[119.6428381,36.6254347],[119.6451412,36.6242186],[119.6461001,36.6234559],[119.6461086,36.6231054],[119.6459203,36.6225763],[119.6460915,36.6219648],[119.6463826,36.6210646],[119.6467593,36.6206386],[119.6473586,36.6205699],[119.6478723,36.6208241],[119.6487284,36.6219785],[119.6486942,36.6223427],[119.6491308,36.6229405],[119.6499699,36.6230779],[119.6520417,36.6230917],[119.6525126,36.6228787],[119.6528208,36.6222603],[119.6528636,36.6215663],[119.6531547,36.621154],[119.6538225,36.6208929],[119.6553122,36.6209272],[119.6559115,36.6209272],[119.6567591,36.6206317],[119.6580519,36.6190925],[119.6582402,36.6185222],[119.6583515,36.6179999],[119.6590878,36.6172646],[119.6614851,36.6155261],[119.6624611,36.6146327],[119.6634114,36.6143441],[119.6638823,36.6145365],[119.664687,36.6156635],[119.664824,36.6160483],[119.6652264,36.6160964],[119.665723,36.6159453],[119.6667332,36.6155329],[119.6678034,36.6147221],[119.6682229,36.614509],[119.6685397,36.6140142],[119.6684969,36.613492],[119.6685226,36.6127291],[119.6687024,36.6122412],[119.6691476,36.611932],[119.6700551,36.6115402],[119.6707315,36.6115815],[119.6710739,36.6112997],[119.6715705,36.6105506],[119.6717674,36.6100421],[119.6727434,36.609829],[119.6738564,36.6098015],[119.6750636,36.6094717],[119.6760053,36.607891],[119.6760481,36.6074374],[119.6762964,36.6070319],[119.6763906,36.6067707],[119.6766988,36.6065783],[119.6777604,36.6062415],[119.678745,36.6064408],[119.6797809,36.6070113],[119.6801405,36.6070525],[119.6805258,36.6067226],[119.680697,36.6062759],[119.6811165,36.605946],[119.6821953,36.6056299],[119.6832484,36.6058292],[119.6849778,36.6061866],[119.6861507,36.6061728],[119.6874777,36.6057261],[119.6879315,36.6051969],[119.6887619,36.6048464],[119.689327,36.604922],[119.6896866,36.6052175],[119.6901232,36.6059941],[119.6904828,36.6061453],[119.6909194,36.6060835],[119.6912961,36.6058223],[119.6916386,36.604922],[119.6918013,36.6042553],[119.6921266,36.6039872],[119.6938218,36.6033893],[119.694541,36.6029357],[119.6955426,36.6025439],[119.6961591,36.6015748],[119.6969125,36.6004064],[119.6979827,36.5994647],[119.699207,36.5985093],[119.6993354,36.5982962],[119.6992326,36.5977738],[119.6988645,36.5973133],[119.6985306,36.5968184],[119.6984364,36.5964198],[119.6985135,36.5961173],[119.6988131,36.5959523],[119.7001744,36.5959042],[119.7017326,36.5964266],[119.7026316,36.5964404],[119.7031538,36.5957461],[119.7035305,36.5953475],[119.7036675,36.59499],[119.7044123,36.5944951],[119.7052257,36.5942477],[119.7069209,36.5945845],[119.7081708,36.5943645],[119.7098917,36.5935122],[119.7103883,36.5927629],[119.7107307,36.5916218],[119.7106965,36.5909619],[119.7109961,36.5902126],[119.7115441,36.5895733],[119.7120235,36.5891609],[119.712854,36.5890371],[119.7145491,36.5890234],[119.7151998,36.5886247],[119.7163299,36.5872429],[119.718085,36.5864042],[119.7189241,36.5860674],[119.7193008,36.5855243],[119.7193778,36.5849193],[119.7197973,36.5840737],[119.7204994,36.5838812],[119.7212614,36.5842593],[119.721972,36.5851462],[119.7223144,36.5851599],[119.7227853,36.5848849],[119.7235216,36.5839775],[119.7243264,36.5838744],[119.7253965,36.5837919],[119.7270404,36.5831525],[119.7280592,36.5828775],[119.7294804,36.5826988],[119.7299256,36.5824306],[119.7303793,36.5818257],[119.7310985,36.5802788],[119.7317663,36.5800244],[119.7323998,36.5802032],[119.7332474,36.5808425],[119.7340265,36.5818463],[119.7341293,36.5821694],[119.7344888,36.5823275],[119.7349769,36.5823],[119.7350882,36.5821144],[119.7352251,36.5817019],[119.7354563,36.5812413],[119.7363124,36.5808082],[119.7367491,36.5802032],[119.73722,36.5798663],[119.7376052,36.5790619],[119.7376652,36.57801],[119.7378706,36.5777006],[119.7385042,36.5773706],[119.7389922,36.57735],[119.7402165,36.577515],[119.7414493,36.57735],[119.7418089,36.5770612],[119.7423997,36.5752254],[119.7426993,36.5750879],[119.7444116,36.5753561],[119.7449082,36.5755761],[119.7451222,36.5755348],[119.7453363,36.5753423],[119.7451479,36.5741804],[119.7452934,36.5724546],[119.745165,36.5716776],[119.7452506,36.5714782],[119.7460383,36.57088],[119.746415,36.5706325],[119.7464321,36.5703849],[119.7456273,36.569553],[119.7454904,36.5689961],[119.7460383,36.5678959],[119.7464407,36.567724],[119.7473054,36.5677102],[119.7483156,36.5679096],[119.7487095,36.5677446],[119.7485896,36.5673252],[119.7487009,36.5669126],[119.7494372,36.5664038],[119.7497353,36.5660666],[119.7601928,36.5654219],[119.7644498,36.5638239],[119.7687073,36.5629079],[119.7746813,36.5619924],[119.7803573,36.5587924],[119.7914428,36.5533064],[119.8070678,36.5501024],[119.8158723,36.5459854],[119.8204368,36.5447941],[119.8263933,36.5432394],[119.8334808,36.5411759],[119.8368913,36.5398064],[119.8397775,36.5376526],[119.8516458,36.535919],[119.8629385,36.5342503],[119.8743577,36.5325372],[119.8821381,36.5311886],[119.8853736,36.5303891],[119.8875968,36.5296249],[119.8905585,36.5291375],[119.8939677,36.5285864],[119.9013832,36.527724],[119.9125038,36.5259593],[119.9131994,36.5252922],[119.9157659,36.523108],[119.9159749,36.5218901],[119.9167354,36.5209852],[119.9168723,36.5180536],[119.9179639,36.4946753],[119.9310991,36.4954248],[119.9302454,36.5106715],[119.9396989,36.5165739],[119.9461773,36.5187514],[119.9480442,36.5189605],[119.948022,36.5222567],[119.9527198,36.5226915],[119.9534105,36.5206307],[119.9670429,36.5215646],[119.9672423,36.5189099],[119.9688771,36.5187483],[119.9696927,36.5153539],[119.9762729,36.5120067],[119.9824908,36.5089233],[119.9945086,36.5033515],[119.9946874,36.5077186],[119.9980928,36.5079601],[119.9996954,36.5072356],[120.0007972,36.5081212],[120.0049038,36.5081212],[120.0058052,36.506189],[120.0046033,36.5036126],[120.0032011,36.4990234],[120.0030976,36.4977859],[120.001736,36.49875],[120.001571,36.498607],[120.001415,36.498416],[120.00138,36.498251],[120.001423,36.498004],[120.00165,36.497777],[120.001311,36.496919],[120.00118,36.496588],[120.000772,36.495238],[120.000421,36.494122],[119.999788,36.492105],[119.998906,36.489293],[119.999661,36.485416],[120.000772,36.484848],[120.001189,36.484787],[120.001311,36.484769],[120.001418,36.484754],[120.005433,36.484188],[120.005668,36.484366],[120.006128,36.485568],[120.006337,36.486129],[120.006398,36.486315],[120.006805,36.486254],[120.007378,36.486171],[120.009516,36.485856],[120.008823,36.484996],[120.00816,36.484032],[120.006918,36.483407],[120.005173,36.482552],[120.003461,36.481768],[120.003107,36.481495],[120.002496,36.48047],[120.00207,36.479962],[120.00164,36.479613],[120.000793,36.479078],[120,36.478893],[119.99882,36.477239],[120.000772,36.469718],[120.000816,36.469583],[120.001311,36.468963],[120.001606,36.468598],[120.003797,36.467933],[120.005182,36.467513],[120.006016,36.468121],[120.006458,36.468454],[120.006892,36.468351],[120.007492,36.467596],[120.007604,36.466974],[120.007413,36.466684],[120.007361,36.465899],[120.007612,36.465399],[120.008385,36.465425],[120.00934,36.46546],[120.009644,36.465091],[120.009731,36.464392],[120.009852,36.464036],[120.009913,36.463607],[120.009531,36.463207],[120.008568,36.463003],[120.007517,36.4628],[120.006467,36.462596],[120.00586,36.462292],[120.005825,36.461936],[120.005998,36.457444],[120.006554,36.454014],[120.005851,36.453789],[120.005157,36.453563],[120.003133,36.453251],[120.002352,36.453302],[120.000773,36.452977],[119.999991,36.452991],[120.000668,36.450404],[120.000634,36.448364],[119.999826,36.44792],[119.996736,36.447244],[119.992769,36.447014],[119.989531,36.447313],[119.989471,36.4498],[119.98888,36.450247],[119.985808,36.450495],[119.978611,36.450144],[119.97069,36.450111],[119.966579,36.450092],[119.96404,36.450081],[119.963273,36.450078],[119.962795,36.449045],[119.962091,36.448602],[119.961389,36.448376],[119.960694,36.448268],[119.959991,36.448047],[119.959297,36.448059],[119.958594,36.447951],[119.957899,36.447839],[119.957196,36.447838],[119.955625,36.447743],[119.955104,36.447851],[119.954409,36.447865],[119.953715,36.447977],[119.953012,36.447656],[119.952402,36.447247],[119.952383,36.447237],[119.952364,36.447222],[119.952317,36.447192],[119.952031,36.446631],[119.951614,36.446072],[119.95118,36.445796],[119.950912,36.445625],[119.950208,36.445065],[119.949505,36.444627],[119.948802,36.444171],[119.948107,36.443954],[119.947404,36.443967],[119.947293,36.443966],[119.94671,36.443962],[119.946015,36.444423],[119.945747,36.444644],[119.94533,36.445555],[119.944644,36.446453],[119.94408,36.446458],[119.94408,36.445786],[119.943932,36.444887],[119.943507,36.444092],[119.943229,36.443876],[119.942534,36.443545],[119.941831,36.442986],[119.941823,36.442191],[119.941675,36.441402],[119.940833,36.440399],[119.939844,36.439275],[119.939279,36.438606],[119.937743,36.437265],[119.936337,36.436254],[119.936092,36.435927],[119.93592,36.435699],[119.935911,36.435247],[119.935911,36.434349],[119.93618,36.43299],[119.936302,36.430959],[119.936007,36.429831],[119.935442,36.429162],[119.935026,36.428828],[119.934331,36.428602],[119.933628,36.428268],[119.932933,36.428159],[119.932231,36.427942],[119.931527,36.427725],[119.930833,36.427387],[119.930824,36.426822],[119.930824,36.426259],[119.931102,36.425699],[119.931093,36.42513],[119.931093,36.424566],[119.931085,36.424006],[119.930807,36.423446],[119.930243,36.422882],[119.929539,36.422326],[119.928846,36.422105],[119.928811,36.42003],[119.925648,36.419774],[119.923684,36.419615],[119.923659,36.419609],[119.923638,36.419611],[119.921151,36.419409],[119.921125,36.419407],[119.920972,36.419394],[119.920958,36.419393],[119.920139,36.419318],[119.92052,36.415416],[119.919895,36.413733],[119.919297,36.412479],[119.919446,36.411803],[119.920243,36.408185],[119.920316,36.40787],[119.920838,36.405609],[119.92118,36.404127],[119.921319,36.403328],[119.92243,36.403211],[119.923828,36.402979],[119.924523,36.402864],[119.925216,36.402858],[119.925911,36.402515],[119.926467,36.401942],[119.926875,36.401385],[119.927292,36.400811],[119.927483,36.400542],[119.930052,36.398225],[119.932179,36.398394],[119.935121,36.396122],[119.936319,36.395012],[119.936753,36.392782],[119.937682,36.389312],[119.938024,36.389108],[119.938489,36.38883],[119.939271,36.387869],[119.940347,36.384646],[119.938217,36.383714],[119.931233,36.380657],[119.930781,36.38079],[119.930208,36.382719],[119.926866,36.382845],[119.925199,36.385172],[119.922578,36.384795],[119.921632,36.385056],[119.916301,36.384279],[119.915234,36.385603],[119.912948,36.385336],[119.904722,36.384374],[119.903296,36.383995],[119.900511,36.383257],[119.899365,36.382521],[119.899157,36.38154],[119.901449,36.376008],[119.89861,36.375622],[119.898237,36.375037],[119.898321,36.374739],[119.899303,36.37126],[119.899678,36.369935],[119.894223,36.3665078],[119.895049,36.3651538],[119.895587,36.3636808],[119.895578,36.3623308],[119.896134,36.3603018],[119.895838,36.3593988],[119.895422,36.3588418],[119.895274,36.3582778],[119.895127,36.3577108],[119.894996,36.3571508],[119.894848,36.3565868],[119.894701,36.3560198],[119.894137,36.3549008],[119.89385,36.3537717],[119.893425,36.3532137],[119.893425,36.3526587],[119.893147,36.3520837],[119.893,36.3515187],[119.892722,36.3509587],[119.892575,36.3504057],[119.8922438,36.3495297],[119.8920958,36.3489667],[119.8919488,36.3484007],[119.8919488,36.3478396],[119.8920788,36.3472716],[119.8923568,36.3467096],[119.8927728,36.3461476],[119.8933198,36.3455736],[119.8938838,36.3450106],[119.8942928,36.3444416],[119.8944308,36.3438816],[119.8945608,36.3433196],[119.8945608,36.3427536],[119.8944138,36.3421886],[119.8939978,36.3416316],[119.8935718,36.3410646],[119.8931141,36.340479],[119.8927298,36.3397146],[119.892496,36.3389037],[119.892479,36.3371047],[119.892618,36.3367637],[119.892749,36.3361957],[119.892748,36.3356367],[119.892887,36.3350677],[119.892878,36.3345047],[119.892878,36.3339427],[119.892601,36.3333807],[119.892314,36.3328187],[119.891611,36.3322587],[119.891046,36.3316947],[119.890491,36.3311437],[119.889927,36.3305817],[119.889788,36.3300147],[119.889363,36.3294577],[119.889077,36.3287807],[119.888225,36.3276477],[119.887996,36.3268287],[119.887583,36.3253577],[119.887245,36.3246177],[119.8870981,36.3240117],[119.887097,36.3231537],[119.887218,36.3215727],[119.887626,36.3198867],[119.887887,36.3186677],[119.884635,36.31812],[119.880589,36.316677],[119.880303,36.316449],[119.879886,36.316253],[119.878905,36.315896],[119.878211,36.315677],[119.877516,36.315453],[119.876822,36.315236],[119.876128,36.315008],[119.875425,36.314792],[119.87473,36.314563],[119.874036,36.314465],[119.873333,36.314121],[119.872639,36.314021],[119.871935,36.313686],[119.87124,36.313576],[119.870547,36.313351],[119.869843,36.313014],[119.869148,36.312797],[119.868446,36.312579],[119.867751,36.312236],[119.867056,36.311912],[119.866363,36.311577],[119.865659,36.311351],[119.864965,36.311134],[119.86427,36.311023],[119.863567,36.310798],[119.862873,36.310463],[119.86217,36.310126],[119.861475,36.309802],[119.860772,36.309353],[119.860217,36.308908],[119.859939,36.308346],[119.859791,36.30778],[119.859783,36.307213],[119.859643,36.306649],[119.859635,36.306091],[119.859634,36.305522],[119.859496,36.304958],[119.859349,36.304405],[119.859062,36.303834],[119.858229,36.302719],[119.857534,36.302384],[119.856831,36.302276],[119.856137,36.302274],[119.855442,36.302391],[119.854748,36.302623],[119.854053,36.302858],[119.853359,36.30297],[119.852665,36.303196],[119.85197,36.303205],[119.851267,36.303092],[119.850572,36.302875],[119.849869,36.302541],[119.849174,36.302315],[119.848611,36.301751],[119.848333,36.301189],[119.847908,36.30075],[119.847908,36.300064],[119.847621,36.298719],[119.847621,36.298152],[119.847474,36.297588],[119.847056,36.297031],[119.846771,36.296471],[119.846353,36.2959],[119.845937,36.295347],[119.845373,36.294891],[119.844809,36.293995],[119.84355,36.292656],[119.842575,36.291926],[119.841449,36.291082],[119.838654,36.289068],[119.83572,36.28649],[119.835155,36.285936],[119.834869,36.285373],[119.834452,36.284809],[119.834036,36.284251],[119.833333,36.283691],[119.832777,36.283125],[119.832213,36.282565],[119.831648,36.282117],[119.831093,36.281555],[119.830538,36.281],[119.83026,36.28044],[119.829695,36.279876],[119.828992,36.279314],[119.828567,36.278758],[119.828437,36.278194],[119.828289,36.277627],[119.828142,36.277174],[119.828133,36.275489],[119.828124,36.27447],[119.827986,36.27335],[119.827986,36.272779],[119.827977,36.272224],[119.828115,36.271651],[119.828169,36.271422],[119.828169,36.271406],[119.828176,36.271392],[119.828246,36.271091],[119.828246,36.27052],[119.828246,36.269964],[119.828237,36.269398],[119.827951,36.268836],[119.827812,36.26827],[119.827386,36.267714],[119.82697,36.26715],[119.826686,36.266865],[119.826414,36.266593],[119.825711,36.266143],[119.825155,36.26559],[119.825122,36.265463],[119.825008,36.265026],[119.825146,36.264453],[119.824999,36.263899],[119.825139,36.263326],[119.825139,36.262771],[119.825137,36.26264],[119.825142,36.262626],[119.825136,36.262609],[119.82513,36.262202],[119.825268,36.261642],[119.825121,36.261078],[119.825121,36.260507],[119.824843,36.259948],[119.824418,36.259392],[119.824001,36.258824],[119.823298,36.258261],[119.822604,36.257929],[119.821901,36.257708],[119.821206,36.257491],[119.820511,36.25749],[119.819817,36.25738],[119.819123,36.257389],[119.818289,36.257273],[119.816475,36.257289],[119.815086,36.257292],[119.814253,36.256965],[119.814077,36.256687],[119.813966,36.25651],[119.813966,36.255837],[119.813961,36.255403],[119.813958,36.25516],[119.814227,36.253465],[119.814496,36.251325],[119.815034,36.248836],[119.815034,36.248385],[119.815025,36.247827],[119.815303,36.247263],[119.815303,36.246694],[119.815434,36.246132],[119.815434,36.245565],[119.815572,36.245006],[119.815564,36.244438],[119.815008,36.243991],[119.814314,36.243774],[119.813611,36.243663],[119.813923,36.242147],[119.811892,36.240348],[119.808367,36.240217],[119.804835,36.237157],[119.802709,36.232754],[119.803472,36.229757],[119.804913,36.23016],[119.806059,36.229798],[119.806461,36.229153],[119.806823,36.228572],[119.807328,36.225262],[119.807509,36.224075],[119.807627,36.223745],[119.809341,36.218967],[119.81091,36.216272],[119.812057,36.214301],[119.814184,36.211803],[119.81888,36.21105],[119.821363,36.212152],[119.821991,36.211714],[119.823498,36.210664],[119.823324,36.209139],[119.821406,36.205154],[119.820712,36.204027],[119.819505,36.20362],[119.818394,36.200977],[119.817847,36.198915],[119.818892,36.195425],[119.819184,36.194451],[119.819864,36.193705],[119.822074,36.191282],[119.820868,36.187598],[119.826068,36.184896],[119.826216,36.184607],[119.826606,36.183845],[119.82658,36.182149],[119.82644,36.180603],[119.826234,36.180471],[119.824262,36.17921],[119.822101,36.179284],[119.821103,36.179815],[119.817083,36.177962],[119.815504,36.173222],[119.815603,36.172816],[119.815751,36.172211],[119.815793,36.172041],[119.815989,36.171239],[119.812891,36.171992],[119.811154,36.174134],[119.810565,36.174324],[119.807891,36.175184],[119.808177,36.173533],[119.808298,36.172917],[119.808897,36.171417],[119.808047,36.171259],[119.806571,36.169037],[119.807647,36.167641],[119.806406,36.16696],[119.804762,36.167],[119.803524,36.167031],[119.801936,36.168732],[119.798086,36.169007],[119.796736,36.169104],[119.794896,36.168311],[119.794054,36.167426],[119.793004,36.167415],[119.792726,36.16931],[119.793281,36.169807],[119.792639,36.170329],[119.792422,36.170505],[119.791258,36.170728],[119.789049,36.171149],[119.78691,36.171558],[119.786719,36.168973],[119.78559,36.168114],[119.777395,36.165222],[119.772543,36.165872],[119.769435,36.165718],[119.770555,36.167226],[119.76691,36.1676],[119.763516,36.16691],[119.76105,36.166041],[119.760428,36.165822],[119.760188,36.165737],[119.760112,36.165711],[119.759903,36.165637],[119.757101,36.16465],[119.75526,36.161324],[119.754814,36.16116],[119.74875,36.158937],[119.747286,36.158741],[119.745851,36.158548],[119.742639,36.158555],[119.737743,36.161732],[119.733646,36.160395],[119.731979,36.161413],[119.731097,36.161778],[119.730321,36.162099],[119.729349,36.162554],[119.728377,36.163457],[119.728108,36.164477],[119.727552,36.16617],[119.727301,36.16967],[119.727309,36.172147],[119.727309,36.17245],[119.727039,36.172824],[119.726346,36.173387],[119.725651,36.173737],[119.724957,36.174184],[119.724262,36.174416],[119.723567,36.174648],[119.722874,36.174644],[119.722179,36.174534],[119.721484,36.1742],[119.721068,36.173643],[119.720373,36.173533],[119.719809,36.174103],[119.719401,36.174666],[119.718707,36.175117],[119.718012,36.175462],[119.717318,36.175577],[119.716623,36.175465],[119.715929,36.175469],[119.715234,36.175362],[119.71454,36.175134],[119.713845,36.175143],[119.713151,36.175256],[119.712456,36.175714],[119.711762,36.176279],[119.711067,36.176616],[119.710373,36.176849],[119.709679,36.176738],[119.708984,36.176512],[119.70829,36.175951],[119.708029,36.175221],[119.707118,36.175145],[119.705538,36.175441],[119.702943,36.175237],[119.700405,36.17586],[119.698741,36.176267],[119.698456,36.176451],[119.694983,36.178685],[119.693186,36.179147],[119.691976,36.17795],[119.691631,36.177609],[119.690364,36.177042],[119.689268,36.17683],[119.686934,36.176379],[119.686267,36.17625],[119.683536,36.177359],[119.681133,36.178334],[119.679852,36.178854],[119.677059,36.182879],[119.67651,36.183669],[119.675608,36.181895],[119.676094,36.181506],[119.675868,36.180411],[119.669514,36.178337],[119.667222,36.17803],[119.665668,36.177876],[119.663849,36.175746],[119.663203,36.174989],[119.663554,36.171025],[119.663554,36.171009],[119.663557,36.170992],[119.663768,36.168605],[119.660963,36.166927],[119.659948,36.164623],[119.65993,36.162739],[119.655252,36.161823],[119.654253,36.161515],[119.655469,36.154151],[119.65323,36.153944],[119.652934,36.154547],[119.652118,36.154474],[119.652127,36.147626],[119.652621,36.147487],[119.651458,36.146297],[119.649375,36.145251],[119.649228,36.14406],[119.6477,36.143805],[119.647101,36.143501],[119.64572,36.138175],[119.644575,36.137192],[119.644678,36.135903],[119.644774,36.134685],[119.645,36.131847],[119.645782,36.131819],[119.645834,36.130562],[119.642257,36.129887],[119.641667,36.130124],[119.641649,36.130983],[119.640651,36.13112],[119.638898,36.129106],[119.638359,36.127231],[119.639453,36.12734],[119.640547,36.126215],[119.64194,36.12348],[119.642822,36.121749],[119.644896,36.120135],[119.647031,36.117535],[119.647587,36.116352],[119.647066,36.115102],[119.647908,36.113691],[119.648646,36.110402],[119.650261,36.109103],[119.652274,36.108683],[119.652977,36.105996],[119.650859,36.105341],[119.651684,36.10091],[119.64619,36.099047],[119.642656,36.096925],[119.637734,36.095833],[119.637769,36.094946],[119.637171,36.09486],[119.630225,36.093871],[119.627777,36.093099],[119.626823,36.091613],[119.626976,36.090256],[119.627239,36.087934],[119.62901,36.082111],[119.627335,36.081256],[119.626528,36.080917],[119.626346,36.08084],[119.626354,36.080805],[119.626615,36.079719],[119.628029,36.073813],[119.626649,36.072864],[119.626736,36.071877],[119.626817,36.071661],[119.627726,36.069226],[119.628264,36.067784],[119.630995,36.067937],[119.633032,36.06805],[119.638767,36.06837],[119.641093,36.068397],[119.641354,36.066606],[119.642674,36.066042],[119.650876,36.06605],[119.654089,36.065525],[119.653281,36.064364],[119.654184,36.063388],[119.658368,36.062491],[119.661337,36.063012],[119.661511,36.061754],[119.659558,36.061517],[119.659514,36.060558],[119.661701,36.060406],[119.661717,36.059838],[119.661752,36.059802],[119.66172,36.059753],[119.661727,36.059503],[119.659852,36.059134],[119.660373,36.0579],[119.661719,36.058149],[119.662335,36.057802],[119.667301,36.058548],[119.666666,36.061784],[119.668307,36.064611],[119.670286,36.064086],[119.678567,36.057246],[119.682882,36.055104],[119.690278,36.053012],[119.691545,36.055122],[119.692188,36.054566],[119.69177,36.054007],[119.691345,36.053439],[119.690929,36.052882],[119.690512,36.052315],[119.690513,36.051755],[119.690781,36.051191],[119.691233,36.050666],[119.691954,36.050645],[119.693724,36.051745],[119.69388,36.05284],[119.694123,36.054561],[119.6977003,36.0511399],[119.7017668,36.0480234],[119.7055818,36.0396459],[119.7039033,36.0344314],[119.7017133,36.0270919],[119.6970368,36.0218314],[119.6926268,36.0183144],[119.6892928,36.0138434],[119.6846468,36.0057489],[119.6810378,36.0000074],[119.6797028,35.9978029],[119.6796263,35.9957389],[119.6792833,35.9939124],[119.6791993,35.9913904],[119.6788483,35.9893339],[119.6790693,35.9874954],[119.6789778,35.9847449],[119.6791918,35.9824484],[119.6802063,35.9792139],[119.6804193,35.9771459],[119.6806413,35.9750784],[119.6816868,35.9729919],[119.6827623,35.9711339],[119.6843413,35.9676594],[119.6856538,35.9646494],[119.6875383,35.9618569],[119.6896668,35.9583739],[119.6915518,35.9553489],[119.6919938,35.9516679],[119.6927718,35.9495894],[119.6932603,35.9472849],[119.6937408,35.9447519],[119.6942293,35.9424474],[119.6947333,35.9403724],[119.6949233,35.9376184],[119.6959533,35.9348409],[119.6984018,35.9322699],[119.6997373,35.9301759],[119.7016828,35.9289859],[119.7033233,35.9273454],[119.7052233,35.9252394],[119.7079398,35.9224279],[119.7095718,35.9205589],[119.7120208,35.9179804],[119.7130888,35.9161224],[119.7138673,35.9140434],[119.7149278,35.9121854],[119.7154243,35.9098819],[119.7159193,35.9080354],[119.7164228,35.9061889],[119.7180328,35.9036329],[119.7193678,35.9015389],[119.7209778,35.8992119],[119.7220228,35.8964344],[119.7222138,35.8939054],[119.7224198,35.8916094],[119.7228101,35.8877584],[119.7228393,35.8874704],[119.7232973,35.8842504],[119.7226028,35.8803674],[119.7225038,35.8771589],[119.7221528,35.8753319],[119.7220688,35.8728104],[119.7220078,35.8709754],[119.7219008,35.8677674],[119.7206873,35.8650399],[119.7183913,35.8639449],[119.7144163,35.8631134],[119.7116093,35.8631744],[119.7088013,35.8634644],[119.7046203,35.8647039],[119.7021028,35.8652154],[119.7001798,35.8666344],[119.6971213,35.8678474],[119.6934968,35.8693009],[119.6912538,35.8691179],[119.6889803,35.8687094],[119.6866988,35.8680689],[119.6846998,35.8671989],[119.6824033,35.8658719],[119.6794663,35.8622629],[119.6771163,35.8591039],[119.6753618,35.8573034],[119.6733168,35.8552854],[119.6707533,35.8541944],[119.6679308,35.8537939],[119.6648023,35.8529434],[119.6611173,35.8523329],[119.6563493,35.8528939],[119.6529998,35.8538819],[119.6501763,35.8537139],[119.6464998,35.8531034],[119.6442338,35.8524629],[119.6416473,35.8511389],[119.6393278,35.8491249],[119.6377868,35.8450319],[119.6368788,35.8429834],[119.6362533,35.8409349],[119.6344678,35.8382189],[119.6324003,35.8350524],[119.6306608,35.8334814],[119.6280668,35.8317029],[119.6249238,35.8301619],[119.6220703,35.8290784],[119.6197813,35.8279764],[119.6191633,35.8259279],[119.6190873,35.8240929],[119.6193083,35.8220219],[119.6195298,35.8199544],[119.6194538,35.8176649],[119.6201628,35.8135184],[119.6200638,35.8100814],[119.6193923,35.8071134],[119.6193238,35.8048209],[119.6195223,35.8022954],[119.6194603,35.8004609],[119.6179963,35.7988854],[119.6162723,35.7975464],[119.6139908,35.7964479],[119.6105573,35.7946814],[119.6093673,35.7928734],[119.6087263,35.7903634],[119.6086503,35.7878419],[119.6076583,35.7832749],[119.6055908,35.7803384],[119.6030273,35.7794724],[119.5993728,35.7790909],[119.5971068,35.7789079],[119.5934373,35.7785264],[119.5905838,35.7769814],[119.5891038,35.7747154],[119.5882033,35.7728994],[119.5870133,35.7710914],[119.5866693,35.7692609],[119.5865633,35.7655944],[119.5861968,35.7633094],[119.5866928,35.7610054],[119.5891268,35.7579729],[119.5902023,35.7563439],[119.5937728,35.7535209],[119.5959623,35.7518654],[119.5978928,35.7504499],[119.6003418,35.7478789],[119.6027983,35.7455329],[119.6057893,35.7422559],[119.6085128,35.7392194],[119.6104203,35.7375719],[119.6126028,35.7354624],[119.6147688,35.7328944],[119.6172028,35.7298624],[119.6199188,35.7268219],[119.6218033,35.7242624],[119.6206283,35.7226789],[119.6183473,35.7218094],[119.6152268,35.7209589],[119.6109773,35.7201269],[119.6106235,35.7200621],[119.6087263,35.7197149],[119.6061708,35.7190819],[119.6030583,35.7184599],[119.6005093,35.7178229],[119.5973893,35.7169729],[119.5942763,35.7165754],[119.5914763,35.7168654],[119.5864103,35.7165109],[119.5819013,35.7163774],[119.5774078,35.7164689],[119.5743333,35.7169914],[119.5692823,35.7173269],[119.5662308,35.7187614],[119.5645903,35.7201729],[119.5606918,35.7214014],[119.5579223,35.7226064],[119.5572795,35.7229763],[119.5554428,35.7240334],[119.5526808,35.7259254],[119.5507508,35.7271119],[119.5485613,35.7289884],[119.5451963,35.7297479],[119.5415573,35.7298204],[119.5384523,35.7296564],[119.5362088,35.7296979],[119.5339278,35.7288284],[119.5313798,35.7281919],[119.5290678,35.7261734],[119.5264968,35.7250784],[119.5132135,35.7214301],[119.5163319,35.7157789],[119.5145021,35.7123122],[119.5159543,35.7097443],[119.514266,35.7014289],[119.509216,35.6986918]]]}}]}
