{"type":"FeatureCollection","features":[{"type":"Feature","properties":{"place_id":223953780,"osm_type":"relation","osm_id":913067,"place_rank":8,"category":"boundary","type":"administrative","importance":0.7530031568721736,"addresstype":"state","name":"上海市","display_name":"上海市, 中国"},"bbox":[118.6001842,30.6693672,123.225706,33.4431436],"geometry":{"type":"MultiPolygon","coordinates":[[[[118.6001842,30.8817004],[118.6004511,30.8815174],[118.600553,30.8814806],[118.6006375,30.8814679],[118.6007193,30.881484],[118.6007863,30.8815186],[118.6008467,30.8816153],[118.6009312,30.8817821],[118.6009714,30.8818501],[118.6010237,30.8819076],[118.6012262,30.8820538],[118.6016205,30.8822161],[118.6018833,30.8824808],[118.6021006,30.8825683],[118.6030541,30.8828537],[118.6031185,30.8828928],[118.603148,30.882955],[118.6031775,30.8830091],[118.6032325,30.8830448],[118.6034457,30.8830574],[118.6037086,30.8830413],[118.6039138,30.8830401],[118.6042853,30.883054],[118.6047037,30.8831426],[118.6048834,30.8831737],[118.6050028,30.8831495],[118.6051181,30.8830919],[118.6051838,30.8830954],[118.6053112,30.8831668],[118.6054319,30.8832842],[118.6055164,30.8833877],[118.6055754,30.8835351],[118.6056183,30.8836041],[118.6057001,30.8836202],[118.6059161,30.8836122],[118.606136,30.8835846],[118.6064659,30.8834441],[118.6071137,30.8831909],[118.6072169,30.8831794],[118.6073443,30.8831898],[118.6077359,30.8832865],[118.607917,30.8833382],[118.6080055,30.8833382],[118.6081785,30.8832888],[118.6083569,30.8832381],[118.608495,30.8831714],[118.6085594,30.8831714],[118.6086144,30.8832001],[118.6086385,30.8832726],[118.608664,30.8833636],[118.6087257,30.8834407],[118.6087592,30.8835316],[118.6087686,30.8836479],[118.6087404,30.8837353],[118.6086653,30.8838182],[118.6086224,30.8838999],[118.6086211,30.8839977],[118.6086787,30.8841025],[118.6087927,30.8841428],[118.6097811,30.8843683],[118.6105335,30.8845836],[118.6119363,30.8848966],[118.6121669,30.8849219],[118.6123466,30.8849645],[118.6125036,30.8850497],[118.6127168,30.8851947],[118.6128201,30.8852304],[118.6129273,30.8852269],[118.6130132,30.8852396],[118.6132076,30.8853133],[118.613327,30.8853489],[118.6134531,30.8853501],[118.613901,30.885342],[118.6145407,30.8853271],[118.615104,30.8853628],[118.6152609,30.8853835],[118.6153936,30.8854341],[118.6155291,30.8855262],[118.6157718,30.8855745],[118.6159421,30.8855803],[118.6161017,30.8855423],[118.6161567,30.8855239],[118.6162359,30.8854111],[118.6163364,30.8852741],[118.6165175,30.8851395],[118.616547,30.8850658],[118.6165456,30.8849887],[118.6165456,30.8848771],[118.6165644,30.884785],[118.6166114,30.8847217],[118.6167978,30.8845847],[118.6170821,30.8843361],[118.6171035,30.8842855],[118.6171049,30.8841692],[118.6171183,30.8840829],[118.6172149,30.8839621],[118.617404,30.8837745],[118.6175126,30.8837077],[118.6176172,30.8837066],[118.6177057,30.8837514],[118.6178063,30.8838619],[118.6178572,30.8839575],[118.6178774,30.8840254],[118.617868,30.8841082],[118.6177888,30.8842256],[118.6177728,30.8843131],[118.6177848,30.8843914],[118.6178184,30.8844512],[118.6178787,30.8844938],[118.6179619,30.8845237],[118.6181013,30.8845111],[118.6182019,30.8845065],[118.6183079,30.8845329],[118.618686,30.8846285],[118.6188322,30.8846411],[118.6189838,30.8846354],[118.6192533,30.8845847],[118.6194102,30.8845134],[118.6194639,30.8844593],[118.6195631,30.8841876],[118.619661,30.8840334],[118.6197549,30.8838976],[118.6197549,30.8838239],[118.6197388,30.8837457],[118.6197536,30.8837019],[118.61994,30.8836191],[118.6200258,30.8835684],[118.6200634,30.8835132],[118.6200687,30.8834706],[118.6200379,30.8834257],[118.6198354,30.8833325],[118.619716,30.8833164],[118.6195725,30.8833336],[118.6193874,30.883367],[118.6192735,30.883367],[118.6191742,30.883329],[118.6190964,30.8832554],[118.6190522,30.8831219],[118.6190321,30.8829216],[118.6189757,30.8827409],[118.6189234,30.8825913],[118.618914,30.8824543],[118.6189784,30.8824186],[118.6190817,30.8824324],[118.6191997,30.8824957],[118.6193244,30.8825763],[118.619417,30.8826511],[118.619594,30.8826937],[118.6198877,30.8827536],[118.6200513,30.882757],[118.6201827,30.8827305],[118.6203289,30.8826649],[118.6203611,30.8826097],[118.620353,30.8825567],[118.6202914,30.8825027],[118.62018,30.8824232],[118.6201197,30.8823427],[118.6200754,30.8822609],[118.6200808,30.882193],[118.6201291,30.8821389],[118.6202458,30.8821343],[118.620345,30.8821516],[118.6204523,30.8821942],[118.6206307,30.8822092],[118.6207607,30.8822552],[118.6209069,30.882307],[118.6209941,30.8822828],[118.6210357,30.8821999],[118.6210625,30.8821251],[118.6211309,30.882048],[118.6212918,30.8819456],[118.6213991,30.8818616],[118.6214514,30.8817096],[118.6213978,30.8815727],[118.6214004,30.8814921],[118.6214246,30.8814415],[118.6215118,30.8813793],[118.6216861,30.8812895],[118.6218148,30.8812918],[118.6219624,30.8812895],[118.6221032,30.8812504],[118.6221823,30.8812044],[118.6221729,30.8811203],[118.6221501,30.8810697],[118.622122,30.8810455],[118.6219865,30.8809926],[118.6218832,30.8809166],[118.6218028,30.8808234],[118.6217813,30.8807509],[118.6217867,30.8806438],[118.6219771,30.8802744],[118.6220576,30.8800269],[118.6220214,30.8796022],[118.6219342,30.8795331],[118.6218873,30.8794848],[118.621782,30.8788201],[118.6217988,30.8787959],[118.621847,30.8787855],[118.6219094,30.8787855],[118.621951,30.8787924],[118.6220073,30.8788114],[118.622063,30.8788465],[118.6221099,30.8788949],[118.6222232,30.8791216],[118.622252,30.8791723],[118.6223171,30.879212],[118.6223875,30.8792246],[118.6224492,30.8792108],[118.6225082,30.8791423],[118.6225511,30.8790186],[118.6225806,30.8789622],[118.6225927,30.8788114],[118.6226128,30.8787527],[118.6226691,30.8787067],[118.622814,30.8786699],[118.6229306,30.8786457],[118.6230218,30.8786238],[118.6231801,30.8785225],[118.6232579,30.878503],[118.6234067,30.8785122],[118.6234939,30.8784661],[118.6235194,30.8784051],[118.6235087,30.8783441],[118.6234483,30.8782923],[118.6233397,30.8782417],[118.6237407,30.8777456],[118.6253098,30.8760006],[118.6263558,30.877078],[118.6269915,30.876514],[118.6284828,30.8746539],[118.6291373,30.8750084],[118.6314198,30.8736916],[118.630642,30.8724899],[118.634212,30.8700772],[118.6346626,30.8710809],[118.6355102,30.8717624],[118.6360145,30.8719051],[118.6366796,30.8719972],[118.6374038,30.8724024],[118.638481,30.8726199],[118.6382514,30.8728122],[118.6370203,30.8733578],[118.636272,30.8742833],[118.6358616,30.8745457],[118.633689,30.8753676],[118.6335468,30.875973],[118.6333591,30.8761019],[118.6333001,30.8763851],[118.633064,30.8768133],[118.6331552,30.8771977],[118.6329567,30.8774486],[118.6330962,30.8780241],[118.6328199,30.8782359],[118.6334192,30.8788706],[118.6334798,30.8791245],[118.6334194,30.8808418],[118.6331566,30.88095],[118.6329232,30.8809592],[118.6329058,30.8815439],[118.6329889,30.8816555],[118.6330077,30.8817315],[118.6329688,30.8818754],[118.6329849,30.8819721],[118.6330533,30.8820883],[118.6331391,30.8821942],[118.6333376,30.8822644],[118.6334189,30.8824046],[118.6344749,30.8826235],[118.6344829,30.8828652],[118.6343139,30.8832404],[118.6342952,30.883542],[118.6344293,30.8841428],[118.6343729,30.8844006],[118.6343113,30.8845387],[118.6341932,30.8846929],[118.6338553,30.8848794],[118.6339894,30.8855998],[118.6342643,30.8863526],[118.6341369,30.8864619],[118.6341611,30.8865148],[118.6343904,30.8865839],[118.6344668,30.8865701],[118.6345768,30.8866345],[118.6339465,30.8873573],[118.6334704,30.8877532],[118.6333323,30.8877762],[118.633233,30.8878154],[118.6329675,30.8880605],[118.6330104,30.888438],[118.6329487,30.8885301],[118.6326362,30.8886981],[118.6323573,30.8887476],[118.6323897,30.8904303],[118.6329898,30.8909442],[118.6352299,30.8907996],[118.6353761,30.8915638],[118.6360171,30.891428],[118.6361352,30.892008],[118.6362532,30.8922566],[118.6361539,30.8923141],[118.6361915,30.892466],[118.6356778,30.892565],[118.6358428,30.8927008],[118.6361338,30.8928193],[118.6362411,30.8928895],[118.6363873,30.8931301],[118.6368835,30.893488],[118.6370444,30.8936514],[118.6374924,30.8943465],[118.6377552,30.8953592],[118.6375809,30.89651],[118.6377928,30.8968461],[118.6380583,30.8977851],[118.63893,30.8997874],[118.6389032,30.9000199],[118.6393297,30.9004917],[118.6398634,30.9006919],[118.6404777,30.9011292],[118.6412019,30.9012995],[118.6423445,30.9016655],[118.6430365,30.9022408],[118.6431465,30.9024364],[118.6432028,30.9027264],[118.6432028,30.9029036],[118.6431304,30.9033041],[118.6435783,30.9038311],[118.6439779,30.9038081],[118.6440611,30.9051889],[118.6443588,30.906358],[118.6438143,30.9066825],[118.6428715,30.907427],[118.6427025,30.9075202],[118.6421929,30.9075973],[118.6418939,30.9076548],[118.6415465,30.907824],[118.6413252,30.9079782],[118.6412099,30.9081059],[118.6410892,30.9081761],[118.6406372,30.9082187],[118.6404897,30.9082762],[118.640302,30.9084925],[118.6402121,30.908527],[118.6401035,30.908527],[118.6398621,30.9084407],[118.6396113,30.9082935],[118.6393726,30.9089608],[118.6391446,30.9093313],[118.6389542,30.9095177],[118.6383882,30.9099895],[118.6382648,30.9102081],[118.6381012,30.9107121],[118.6374092,30.9116763],[118.6363202,30.9114025],[118.6348826,30.9111977],[118.6348557,30.9115889],[118.6351857,30.9119709],[118.634959,30.9121401],[118.6340108,30.9114255],[118.6330157,30.9122033],[118.6317658,30.9121297],[118.631562,30.9121895],[118.6312348,30.9125439],[118.6307144,30.9126773],[118.6304569,30.9128914],[118.6302665,30.913202],[118.6305857,30.913416],[118.6298481,30.9144631],[118.6291292,30.9156228],[118.6287644,30.9163546],[118.6287296,30.9166768],[118.6287886,30.9171945],[118.6288047,30.9180436],[118.628743,30.9182415],[118.6284184,30.9189709],[118.6278445,30.9195089],[118.6276725,30.9219376],[118.6258569,30.922457],[118.6256102,30.9227193],[118.6255431,30.9230276],[118.625181,30.9234211],[118.6251059,30.9235752],[118.6242503,30.9239066],[118.6232525,30.92404],[118.6230272,30.9241298],[118.622649,30.9241689],[118.6222717,30.9242981],[118.6209426,30.9249025],[118.6203152,30.9255355],[118.6196583,30.9264652],[118.619307,30.9264077],[118.6188537,30.9285037],[118.6193472,30.9294885],[118.6194116,30.9297692],[118.6193392,30.9301396],[118.6190307,30.930915],[118.6187947,30.9310415],[118.6184701,30.9310415],[118.6181563,30.9309012],[118.6179069,30.9308689],[118.6167455,30.9311795],[118.6164638,30.9311105],[118.616024,30.9306527],[118.615973,30.9296679],[118.6160695,30.9281264],[118.6117244,30.9253562],[118.6101901,30.9217943],[118.6096644,30.9212789],[118.6094579,30.920982],[118.6094204,30.9206438],[118.6091709,30.919369],[118.6076823,30.9175351],[118.60717,30.9168171],[118.607052,30.9162004],[118.6065128,30.9150453],[118.6062983,30.9144447],[118.6059442,30.914111],[118.6055982,30.9139338],[118.6053702,30.9137244],[118.6052066,30.9133907],[118.605499,30.9129512],[118.6056304,30.9126244],[118.6056975,30.9115613],[118.6059415,30.9111608],[118.6062124,30.9108548],[118.6067355,30.9103301],[118.6072183,30.9095292],[118.6077601,30.9085604],[118.6080524,30.9085788],[118.6093882,30.9089792],[118.6095437,30.9089954],[118.6097637,30.9089815],[118.6101016,30.9080978],[118.6101204,30.9071336],[118.6106569,30.9070784],[118.6112067,30.9069265],[118.6118504,30.9070645],[118.611947,30.9073131],[118.612175,30.9073361],[118.6123332,30.9063626],[118.6124057,30.9060658],[118.6125746,30.9057528],[118.6129045,30.9052073],[118.6129957,30.905014],[118.6130306,30.9048621],[118.6130547,30.9045054],[118.6130387,30.9023398],[118.6130869,30.9021718],[118.613154,30.9020429],[118.6132613,30.9019508],[118.613449,30.9018427],[118.6132278,30.900738],[118.6131808,30.9006079],[118.6130185,30.9004054],[118.6128724,30.9002684],[118.612006,30.8996885],[118.6114334,30.899471],[118.6111034,30.8994042],[118.6102666,30.8989761],[118.6095062,30.898525],[118.6090636,30.8986344],[118.6076608,30.8988461],[118.6073872,30.8981706],[118.6072974,30.8980245],[118.6072893,30.8979117],[118.6072665,30.8978587],[118.607111,30.8977575],[118.6070399,30.8975055],[118.6069152,30.897342],[118.6066952,30.8973409],[118.6064619,30.8968253],[118.606486,30.8967264],[118.6065799,30.8965952],[118.6065531,30.896487],[118.6067757,30.8961878],[118.6068803,30.8960934],[118.6067945,30.8959761],[118.606537,30.8958863],[118.6063385,30.8956262],[118.6063278,30.895579],[118.6063278,30.8954455],[118.6061762,30.8953224],[118.6061186,30.8953051],[118.6059456,30.8952775],[118.6058772,30.8952453],[118.605499,30.894839],[118.6053622,30.89464],[118.605224,30.894526],[118.6051288,30.8944996],[118.6049853,30.8944731],[118.6048271,30.8943787],[118.6045749,30.8941014],[118.6045361,30.8939195],[118.6044918,30.893847],[118.6044194,30.8937964],[118.6043295,30.8936054],[118.6041954,30.8935409],[118.6041471,30.8932751],[118.6041082,30.8932325],[118.6039205,30.8930944],[118.6038226,30.8929505],[118.603549,30.8924315],[118.6035088,30.892336],[118.6035014,30.8923049],[118.6035088,30.8922692],[118.6035638,30.8922152],[118.6034967,30.8919965],[118.6034833,30.891924],[118.603494,30.8916846],[118.6034645,30.8915707],[118.6032929,30.8915511],[118.6032191,30.8915039],[118.6031654,30.8913992],[118.6031587,30.8912668],[118.6032446,30.8908065],[118.6032231,30.890688],[118.6031708,30.890627],[118.6029039,30.890505],[118.6028919,30.8904509],[118.6028597,30.8904014],[118.602684,30.8902161],[118.602633,30.8901586],[118.6026196,30.8900803],[118.6026491,30.8899261],[118.6026263,30.8898881],[118.6023112,30.8896786],[118.6021382,30.8895946],[118.6020617,30.8894922],[118.6018887,30.8891561],[118.6017117,30.8889651],[118.6010693,30.8886544],[118.6009607,30.8885577],[118.600903,30.8884069],[118.6008628,30.8882861],[118.6008722,30.8881296],[118.6009298,30.8879673],[118.6010532,30.8877958],[118.6012074,30.8876807],[118.6012892,30.8876427],[118.6013898,30.8876093],[118.6014421,30.8875679],[118.601528,30.8873055],[118.6015709,30.8872376],[118.601709,30.8871225],[118.6020362,30.886905],[118.601886,30.8862052],[118.6019531,30.8856919],[118.601933,30.8856229],[118.6018686,30.8855895],[118.6016688,30.8855699],[118.6013576,30.8854686],[118.6011967,30.8853927],[118.6011162,30.8853812],[118.6010063,30.8853605],[118.600954,30.8853144],[118.6009392,30.8852339],[118.6009298,30.8850923],[118.6009647,30.8848656],[118.6010787,30.8845893],[118.6011364,30.8844386],[118.6011524,30.8843327],[118.6011377,30.8841796],[118.6008722,30.8836156],[118.6008829,30.883466],[118.6009955,30.8833877],[118.6010921,30.8828537],[118.6011216,30.8826396],[118.6010599,30.8825498],[118.6008373,30.8823841],[118.60062,30.8821401],[118.6004537,30.8818397],[118.6001842,30.8817004]]],[[[119.2289087,31.1696974],[119.2299668,31.1683422],[119.2302418,31.1677811],[119.2309177,31.1672211],[119.2324626,31.1665119],[119.2328516,31.1665899],[119.2333478,31.1665693],[119.2337528,31.1664706],[119.2340103,31.1663352],[119.2345722,31.1657017],[119.2341042,31.1653368],[119.2351851,31.1644738],[119.2353728,31.1647217],[119.2356706,31.1645335],[119.2359495,31.164421],[119.2360032,31.163643],[119.2361131,31.163565],[119.2363304,31.1636246],[119.2365342,31.1635305],[119.2371619,31.1627662],[119.2376071,31.1625964],[119.2378834,31.16306],[119.2380121,31.1630531],[119.2381006,31.1632987],[119.2386559,31.1631656],[119.2386693,31.1626194],[119.2389187,31.1625367],[119.2388409,31.1622407],[119.2386478,31.1616806],[119.2392889,31.1611688],[119.2396966,31.1612055],[119.2398897,31.1616944],[119.2398736,31.1621626],[119.2403161,31.1622062],[119.2405361,31.1620708],[119.2405222,31.1613181],[119.2407426,31.161015],[119.2410859,31.1609875],[119.2412469,31.1610586],[119.2415848,31.1615957],[119.2416626,31.161575],[119.2418101,31.1617885],[119.242073,31.162259],[119.2424646,31.1620731],[119.2424405,31.1619216],[119.2422286,31.1614878],[119.2422044,31.1613341],[119.2424646,31.1611229],[119.2424673,31.1610265],[119.242242,31.1609944],[119.2420971,31.160813],[119.2421991,31.1605697],[119.2423975,31.1603196],[119.2423171,31.1601497],[119.2419738,31.160191],[119.241794,31.1600074],[119.2417538,31.159553],[119.2419201,31.1593946],[119.242368,31.1592018],[119.2426363,31.1591513],[119.2428187,31.1593188],[119.2430332,31.1591214],[119.2434812,31.159087],[119.2432451,31.1623187],[119.2446291,31.1624151],[119.2447177,31.1631427],[119.2451978,31.1631564],[119.2467937,31.1628856],[119.2474776,31.1627938],[119.2495859,31.1627823],[119.2503557,31.1628902],[119.251619,31.1631794],[119.2519382,31.1632253],[119.2534241,31.1632138],[119.2538506,31.1632781],[119.2548162,31.1635982],[119.2555135,31.1620502],[119.2555726,31.1616646],[119.2557308,31.1613134],[119.2554465,31.1612147],[119.2552695,31.161077],[119.2551622,31.1609209],[119.2550307,31.160937],[119.2548054,31.1605766],[119.2548564,31.1601543],[119.2554894,31.160214],[119.2561895,31.1603471],[119.2562377,31.1601153],[119.2562136,31.1598995],[119.256683,31.160035],[119.256793,31.1604137],[119.2563289,31.1624679],[119.2567822,31.1628764],[119.2575976,31.1635604],[119.2582253,31.1639322],[119.2581689,31.1645519],[119.2579302,31.165564],[119.2578337,31.1655434],[119.2577559,31.1656443],[119.2564952,31.165727],[119.255366,31.1656053],[119.2551944,31.1657063],[119.2545694,31.1656099],[119.2545399,31.1657476],[119.2539605,31.1657109],[119.2534536,31.1662824],[119.25248,31.1663329],[119.252429,31.166388],[119.2511013,31.1664752],[119.251155,31.1666404],[119.2513695,31.1668584],[119.2511657,31.1670765],[119.2512435,31.1671958],[119.2510369,31.1673175],[119.2508613,31.1671648],[119.2506427,31.1677443],[119.2487785,31.1696033],[119.2491098,31.1702631],[119.2487007,31.1704295],[119.2482448,31.1697387],[119.2477486,31.1697754],[119.2476842,31.1693669],[119.2475662,31.1689859],[119.2474696,31.1688092],[119.2473167,31.1687427],[119.2471182,31.168722],[119.2468554,31.1688046],[119.2469895,31.169881],[119.2469117,31.1702734],[119.2471504,31.1703492],[119.2474186,31.1706315],[119.2474991,31.1707485],[119.2474991,31.171056],[119.2477083,31.1713131],[119.2479336,31.17132],[119.2483681,31.1716298],[119.2485988,31.1718145],[119.2485666,31.1719935],[119.2483051,31.1723997],[119.2482233,31.1724514],[119.2477271,31.1721966],[119.2475742,31.1722012],[119.2473516,31.1723274],[119.2470029,31.1724123],[119.2451575,31.1714439],[119.2448249,31.1717835],[119.2436501,31.170838],[119.2437279,31.1706613],[119.2434409,31.1699912],[119.2428669,31.1696171],[119.2402075,31.1678384],[119.2394726,31.1677214],[119.2390743,31.1683365],[119.2388758,31.1683583],[119.2383394,31.1687174],[119.2383206,31.1688735],[119.2383447,31.1691099],[119.2382589,31.1693497],[119.2379558,31.1693405],[119.2378432,31.1696836],[119.2378432,31.1698799],[119.2378579,31.1699969],[119.2379089,31.1701185],[119.2380282,31.1702482],[119.2378163,31.1702803],[119.2368561,31.1701793],[119.2366362,31.1704938],[119.2364216,31.1702964],[119.2341149,31.170138],[119.2338198,31.17006],[119.2337877,31.1698512],[119.2336482,31.1697181],[119.2336562,31.1693876],[119.2334336,31.1693348],[119.2319906,31.1697961],[119.2319047,31.1699269],[119.2320013,31.1704111],[119.2319423,31.1704961],[119.2317465,31.1705305],[119.2315426,31.1703308],[119.2314622,31.1699728],[119.2310008,31.1700072],[119.2304966,31.1700944],[119.2294103,31.1704731],[119.2289087,31.1696974]]],[[[119.2429662,31.1342606],[119.2435241,31.1340402],[119.2430305,31.1328463],[119.2436528,31.1328096],[119.243288,31.1307892],[119.243288,31.1297422],[119.2439532,31.1289524],[119.243803,31.1278411],[119.2447686,31.127786],[119.2460883,31.1272717],[119.2467964,31.1267023],[119.246099,31.1261788],[119.2462921,31.1258298],[119.2476761,31.1258206],[119.2504442,31.1254441],[119.2508411,31.1252053],[119.2507768,31.1250032],[119.249897,31.1249757],[119.2499721,31.1246267],[119.2505193,31.1243649],[119.2504254,31.1241973],[119.2498487,31.123598],[119.2480195,31.1226566],[119.2507392,31.12228],[119.2516994,31.1223994],[119.2525685,31.1223581],[119.2523432,31.1218254],[119.2561412,31.1211733],[119.2560875,31.1209712],[119.2557549,31.1210814],[119.2523217,31.1210814],[119.2523217,31.12076],[119.2529869,31.120613],[119.2530298,31.1204385],[119.2524505,31.1201078],[119.2520428,31.1193179],[119.2515707,31.1192445],[119.2507446,31.1195935],[119.2500982,31.119481],[119.2485774,31.11983],[119.2484915,31.1188587],[119.2481133,31.1179861],[119.2481026,31.1175108],[119.2484727,31.1175177],[119.2512917,31.1186934],[119.2526114,31.1178116],[119.2521179,31.1170676],[119.2539418,31.1163236],[119.2535019,31.1154602],[119.2539096,31.1153316],[119.2524075,31.1140549],[119.2532551,31.1129434],[119.2527079,31.1128332],[119.2523324,31.1120984],[119.2517424,31.1115564],[119.2519569,31.1105092],[119.2525041,31.110546],[119.2526221,31.1101877],[119.2530084,31.1101969],[119.253695,31.1095631],[119.2536092,31.1093978],[119.2522225,31.1087111],[119.2539579,31.108966],[119.254277,31.1124405],[119.2543602,31.1128562],[119.2557657,31.1164384],[119.2565703,31.1189597],[119.2574608,31.1225785],[119.2578578,31.123249],[119.2589629,31.1244338],[119.2596495,31.125738],[119.2614519,31.1323688],[119.2611408,31.1359687],[119.2608297,31.1366758],[119.2591882,31.1362166],[119.2587376,31.1370431],[119.2581475,31.1365288],[119.256742,31.1359319],[119.2557549,31.1358677],[119.2551112,31.1362258],[119.2552292,31.1364921],[119.2552936,31.1391644],[119.2555189,31.1396144],[119.2554009,31.1403765],[119.2556584,31.1412673],[119.2559695,31.1416529],[119.255873,31.1418917],[119.2555189,31.1418917],[119.2552829,31.1416897],[119.2548323,31.1416966],[119.2542744,31.1422406],[119.2537272,31.1426539],[119.2521608,31.1437649],[119.2496717,31.1420111],[119.2486954,31.14236],[119.2475098,31.1427044],[119.2475045,31.1430533],[119.2470056,31.1433425],[119.2466676,31.1432232],[119.2467642,31.1425896],[119.2462063,31.1420937],[119.2459542,31.1414647],[119.2455894,31.1413453],[119.2452729,31.1414142],[119.2447686,31.1420386],[119.2442751,31.1418182],[119.2453802,31.1405143],[119.2449188,31.1401929],[119.2445111,31.1373094],[119.2438459,31.1371992],[119.2435241,31.1362993],[119.2441678,31.136134],[119.2429662,31.1342606]]],[[[119.2466301,31.1835123],[119.2472202,31.1826082],[119.2469144,31.1822594],[119.2484808,31.1819473],[119.2488241,31.1828836],[119.2482984,31.1831589],[119.248985,31.1838703],[119.2493391,31.1836821],[119.2506748,31.1849579],[119.2510128,31.1845908],[119.2499989,31.1835536],[119.2494947,31.1827551],[119.249315,31.1819542],[119.2493713,31.1812061],[119.2499185,31.1813782],[119.2518765,31.1812176],[119.2516726,31.1828468],[119.2515492,31.183214],[119.251619,31.18365],[119.2514205,31.1844898],[119.2518175,31.184577],[119.2518872,31.1841732],[119.2521179,31.183705],[119.252252,31.1832002],[119.2522198,31.1828927],[119.2527831,31.1818509],[119.2534053,31.1819703],[119.2538291,31.1826541],[119.2537701,31.1837464],[119.254033,31.1836683],[119.2542583,31.1832874],[119.2543226,31.1828698],[119.2545158,31.1827734],[119.2549449,31.1832369],[119.2556101,31.1834503],[119.255476,31.1836224],[119.2564362,31.1838335],[119.2574796,31.1843017],[119.2576647,31.1840837],[119.2560071,31.1830144],[119.2557281,31.1830166],[119.2546794,31.1823741],[119.2540491,31.1817729],[119.2544353,31.1815044],[119.2547545,31.181431],[119.2543468,31.1811143],[119.2541161,31.1811327],[119.2539069,31.1812658],[119.2529601,31.1807128],[119.2545855,31.1798247],[119.2563826,31.1794323],[119.2577022,31.1794621],[119.2590031,31.1797995],[119.2598453,31.1797559],[119.2598829,31.1803617],[119.2600921,31.1806692],[119.2605561,31.1805751],[119.2602476,31.1797375],[119.2623639,31.1796755],[119.2629111,31.1795906],[119.2629835,31.1787553],[119.2634985,31.1789986],[119.2639276,31.1790215],[119.2639759,31.1788448],[119.2641798,31.1788311],[119.2642441,31.1787209],[119.2651373,31.1787439],[119.265368,31.178932],[119.2662102,31.1790146],[119.2662719,31.1787875],[119.2665777,31.1785419],[119.2666742,31.1783285],[119.2666903,31.1781151],[119.2660573,31.1784937],[119.2655638,31.1780164],[119.266634,31.1765225],[119.2660332,31.1757514],[119.2657596,31.1757744],[119.2654484,31.1752328],[119.265207,31.1749436],[119.2653465,31.1749299],[119.2654645,31.1744892],[119.2651427,31.1742781],[119.2649496,31.1739821],[119.2647859,31.1739385],[119.2641073,31.1746958],[119.2639384,31.1747187],[119.263823,31.1746591],[119.263815,31.1745076],[119.26433,31.1737939],[119.2645365,31.1736126],[119.2645633,31.1728277],[119.2639357,31.1701059],[119.2643863,31.1695964],[119.2647243,31.1701128],[119.2648423,31.1701748],[119.2649066,31.1703652],[119.2653894,31.1704593],[119.2659634,31.1707806],[119.2668512,31.1708931],[119.2673904,31.1710698],[119.2678463,31.1710469],[119.2682621,31.1711731],[119.268541,31.1715609],[119.2694825,31.1718317],[119.2699546,31.171694],[119.2700887,31.1718822],[119.2698392,31.1720475],[119.2698687,31.1721851],[119.2696461,31.1724307],[119.2694879,31.1723504],[119.2693913,31.1725891],[119.2696327,31.1730939],[119.2692304,31.1733877],[119.2689621,31.1730343],[119.2685759,31.1731031],[119.2684686,31.1730894],[119.2684525,31.172791],[119.268254,31.1722907],[119.2679295,31.1719579],[119.2675754,31.1719579],[119.2674655,31.1723871],[119.2675137,31.1731307],[119.2670685,31.1735162],[119.2669451,31.1734978],[119.2667466,31.1727451],[119.2669022,31.171873],[119.2667735,31.1716986],[119.2663336,31.1715242],[119.2657542,31.1714095],[119.2654055,31.1715609],[119.2649764,31.1715839],[119.2649925,31.1725523],[119.2652607,31.173328],[119.2657918,31.1740349],[119.2661405,31.1752511],[119.2663926,31.1753246],[119.2672133,31.1750125],[119.2678678,31.1750033],[119.2692357,31.1754898],[119.2694342,31.1754852],[119.2695147,31.1751857],[119.2695227,31.1749344],[119.2699519,31.1751272],[119.2708826,31.1751433],[119.2711562,31.1752902],[119.2712957,31.17532],[119.2723203,31.1750492],[119.272964,31.1750905],[119.2748255,31.1746545],[119.2754021,31.1731421],[119.2758688,31.1732798],[119.2761397,31.1726373],[119.2758688,31.1725455],[119.2757535,31.1724123],[119.2765206,31.1704226],[119.2770651,31.170581],[119.2775747,31.1694863],[119.2777652,31.1695413],[119.2766225,31.1722815],[119.2771321,31.1724468],[119.2767218,31.1737067],[119.2764214,31.1744158],[119.2758608,31.1742666],[119.2757964,31.1744066],[119.2760727,31.1748151],[119.2763919,31.1755219],[119.2776471,31.1760543],[119.2781997,31.1766694],[119.2786181,31.1764399],[119.2781085,31.1755082],[119.2799136,31.175297],[119.2803267,31.1753315],[119.2790446,31.1768644],[119.2802565,31.1772044],[119.2811072,31.1774725],[119.2805868,31.1788448],[119.2818528,31.1788448],[119.2823303,31.1793956],[119.2822927,31.1797627],[119.2820674,31.1806783],[119.2821586,31.1807128],[119.2826575,31.1804282],[119.2829874,31.1804282],[119.2830437,31.1822869],[119.2828882,31.1828973],[119.2832851,31.1834848],[119.2832529,31.1838657],[119.2822176,31.1842971],[119.2810965,31.1829937],[119.2804152,31.1822594],[119.2793584,31.1820942],[119.2789185,31.1826495],[119.2783391,31.1825485],[119.2779851,31.1826128],[119.2774808,31.1829845],[119.2769015,31.1830258],[119.2761826,31.1827688],[119.2758608,31.183214],[119.2752197,31.1828583],[119.2730015,31.185628],[119.2723954,31.1862154],[119.2721325,31.1866284],[119.2720735,31.1868418],[119.2734361,31.1870414],[119.2733154,31.1879432],[119.2727467,31.1880166],[119.27158,31.1878766],[119.2708558,31.1893061],[119.2705151,31.1900152],[119.2703408,31.1905704],[119.2701423,31.1907448],[119.2699707,31.1911326],[119.2702335,31.1911945],[119.2716604,31.1910936],[119.2717409,31.1918278],[119.2703891,31.1919838],[119.270491,31.1926584],[119.2717195,31.1925299],[119.2717945,31.192998],[119.2697775,31.1930898],[119.2693646,31.1943973],[119.2689675,31.194549],[119.2689621,31.1949299],[119.2691553,31.1953566],[119.2671114,31.1960816],[119.2660707,31.1962606],[119.2656791,31.1967562],[119.2656121,31.1973183],[119.2657033,31.1977703],[119.2654967,31.1978253],[119.2652848,31.1978093],[119.2650354,31.1972632],[119.2647216,31.1973711],[119.26433,31.1969764],[119.2631176,31.1976349],[119.2625704,31.1969833],[119.2622405,31.1964487],[119.2624873,31.1962606],[119.2633563,31.195921],[119.2644346,31.1955723],[119.2652285,31.1951272],[119.2656147,31.1941176],[119.2664033,31.1929429],[119.2676264,31.1916259],[119.2674306,31.1909697],[119.2678007,31.1896159],[119.2675728,31.1895172],[119.2676961,31.1891295],[119.2677417,31.1888243],[119.2663255,31.1884847],[119.2664409,31.1875279],[119.2645419,31.1878445],[119.2641878,31.1862108],[119.2648852,31.1860961],[119.2650139,31.1856257],[119.2655235,31.1855362],[119.2652982,31.1846068],[119.2655316,31.1845655],[119.2652392,31.1832966],[119.2617685,31.1836133],[119.2619133,31.1830855],[119.262836,31.182264],[119.2626321,31.181929],[119.2611569,31.1826862],[119.261122,31.1829455],[119.2599016,31.1835903],[119.2597219,31.183432],[119.2585283,31.1840171],[119.2596388,31.1847606],[119.2592096,31.1853618],[119.2590138,31.1852792],[119.2588234,31.1853021],[119.2586169,31.1855614],[119.2572087,31.1846917],[119.256742,31.1849097],[119.2564282,31.1850176],[119.2547598,31.1850635],[119.2546982,31.1846023],[119.2540142,31.1849809],[119.2544353,31.1858046],[119.2537165,31.1861603],[119.2534751,31.1858391],[119.2519194,31.186555],[119.2515385,31.186197],[119.2513427,31.1861832],[119.2510959,31.1858482],[119.2506024,31.1859974],[119.2502215,31.1859974],[119.2496583,31.185449],[119.2493257,31.1856119],[119.2487678,31.1851759],[119.2484164,31.1850474],[119.2478397,31.1851415],[119.2472067,31.1840217],[119.2466301,31.1835123]]],[[[119.2500901,31.0228599],[119.2504254,31.0218233],[119.2514098,31.0226347],[119.2554116,31.0215681],[119.2548218,31.0192854],[119.2583084,31.0186259],[119.2580509,31.0172651],[119.2609906,31.0175593],[119.262321,31.0180558],[119.2645526,31.0174858],[119.2653251,31.0150813],[119.2660224,31.0147411],[119.2658615,31.0143411],[119.2651159,31.0147503],[119.2642307,31.0139365],[119.264338,31.0135641],[119.2640752,31.013486],[119.2638069,31.0134492],[119.2636299,31.0126446],[119.2666662,31.0120791],[119.2671034,31.0117825],[119.2675486,31.0115986],[119.2683506,31.0115458],[119.2688012,31.0130032],[119.268828,31.0133135],[119.2686269,31.0135894],[119.2691794,31.0137641],[119.2701074,31.0134883],[119.2701745,31.0136331],[119.269917,31.0137319],[119.2702925,31.0142285],[119.271242,31.0138538],[119.2718106,31.0157295],[119.2720038,31.0162674],[119.2721727,31.0165318],[119.2726931,31.0171754],[119.2714405,31.0183317],[119.2689943,31.01778],[119.2695174,31.0200924],[119.2699841,31.0204878],[119.2701048,31.0208578],[119.2706653,31.0215428],[119.2713734,31.0227082],[119.271639,31.0234989],[119.2721137,31.0233817],[119.272382,31.0235127],[119.2742595,31.0228806],[119.2741844,31.0226645],[119.2752492,31.0223772],[119.2750883,31.0215497],[119.2789346,31.0198763],[119.2800477,31.0186604],[119.2834353,31.0192879],[119.2849132,31.0179547],[119.2870778,31.0189339],[119.2900979,31.0193385],[119.2915517,31.0190213],[119.2932361,31.0179041],[119.2940676,31.0189063],[119.2954463,31.0181593],[119.2951915,31.0177754],[119.3009421,31.014502],[119.301331,31.0150123],[119.3011486,31.0153525],[119.3012452,31.0155686],[119.3014759,31.0156744],[119.3018407,31.0155502],[119.3029779,31.0145848],[119.3032998,31.0146629],[119.3038657,31.0154146],[119.3036672,31.0157732],[119.3038952,31.0158996],[119.3038577,31.0163686],[119.3036485,31.0165157],[119.30323,31.0164513],[119.3023986,31.0167915],[119.3018675,31.0170766],[119.3006873,31.018704],[119.3008482,31.0202119],[119.3011701,31.0205935],[119.3015617,31.0204832],[119.3018246,31.0206211],[119.3021947,31.020497],[119.3025112,31.0206625],[119.3028063,31.0211544],[119.3038201,31.0213566],[119.3035465,31.022699],[119.3041795,31.0226806],[119.3041527,31.0221244],[119.3043244,31.0218485],[119.3042546,31.0215451],[119.3043727,31.0214256],[119.3043137,31.0211176],[119.3043995,31.0210486],[119.3043244,31.0208326],[119.305349,31.019835],[119.3061483,31.0196879],[119.3063468,31.0204832],[119.3065989,31.0204648],[119.3067598,31.0210165],[119.3071675,31.0209107],[119.3073285,31.02149],[119.308278,31.0213015],[119.3084067,31.0216968],[119.309544,31.0215267],[119.3102574,31.0237196],[119.3102306,31.0245654],[119.3099195,31.0250665],[119.3092006,31.0256135],[119.3083477,31.0259123],[119.3030155,31.0269375],[119.3009126,31.0269742],[119.3010467,31.0271811],[119.3012881,31.0274339],[119.3025729,31.0283832],[119.3066633,31.0287394],[119.3066311,31.0290612],[119.3063092,31.0291164],[119.3065667,31.0297507],[119.3060464,31.0307206],[119.3061912,31.0317135],[119.3052846,31.0332074],[119.3057245,31.0333775],[119.3062207,31.0323318],[119.3074948,31.0335545],[119.3095171,31.0343359],[119.309957,31.0345818],[119.3103433,31.034876],[119.3142325,31.0359975],[119.3141681,31.0365905],[119.3154663,31.0374224],[119.3157721,31.0378958],[119.315874,31.0382911],[119.3155038,31.0398539],[119.3193478,31.0410508],[119.3192482,31.0419865],[119.3207139,31.0430398],[119.3199938,31.0435308],[119.3201387,31.044496],[119.3204203,31.0443466],[119.3206054,31.0444363],[119.3207395,31.0455347],[119.3204123,31.0455669],[119.3202084,31.0453233],[119.319554,31.045383],[119.3197042,31.0458794],[119.3184221,31.0461322],[119.3182021,31.0456588],[119.3178427,31.0457277],[119.3177676,31.0461414],[119.3166679,31.0466056],[119.3175155,31.0483198],[119.31611,31.0489862],[119.315874,31.0492114],[119.3145114,31.049864],[119.3139213,31.0500065],[119.3158257,31.0534625],[119.3142217,31.054377],[119.3118024,31.0558844],[119.3106758,31.0571711],[119.3096781,31.0577685],[119.308852,31.0590046],[119.308852,31.0596388],[119.3053758,31.0607371],[119.2992604,31.0636045],[119.298799,31.0632736],[119.2984021,31.0637607],[119.2975116,31.0642202],[119.2957413,31.0647349],[119.2960042,31.0650749],[119.2962617,31.0651393],[119.2965138,31.0654977],[119.2957199,31.0658836],[119.2954516,31.0658331],[119.2954355,31.0655528],[119.2950332,31.0650014],[119.2943627,31.0648727],[119.2933917,31.0651255],[119.2924207,31.0658239],[119.2920077,31.066435],[119.2919058,31.0672162],[119.2926568,31.0688612],[119.2938155,31.0691047],[119.294486,31.0695228],[119.2951941,31.0695366],[119.2962134,31.0693436],[119.2969,31.0697756],[119.2974096,31.069918],[119.2983001,31.0699777],[119.3005854,31.0706899],[119.3005854,31.0711586],[119.3003064,31.0712459],[119.2993033,31.0707772],[119.2982411,31.0702534],[119.2974096,31.0701156],[119.2967874,31.0703407],[119.2968249,31.0707543],[119.2960632,31.0709656],[119.2948508,31.071177],[119.2942071,31.0715905],[119.2927694,31.0719856],[119.2922115,31.0724451],[119.2918897,31.0730103],[119.2913639,31.0732216],[119.2897546,31.0730286],[119.2875767,31.0710391],[119.2868364,31.0691185],[119.2846316,31.0669175],[119.2846531,31.0663799],[119.2858708,31.0654241],[119.2857796,31.0646154],[119.2866701,31.0645787],[119.2868257,31.0643673],[119.2858547,31.0633701],[119.2880487,31.0613207],[119.2891806,31.0606727],[119.2932308,31.0591977],[119.2928821,31.0585681],[119.2949045,31.057502],[119.2944324,31.0568172],[119.2946792,31.0565553],[119.2934346,31.0551399],[119.2941052,31.0546482],[119.2935473,31.0529478],[119.2942661,31.0528191],[119.2949957,31.0522768],[119.2965943,31.053922],[119.2973506,31.0534027],[119.2964494,31.0525296],[119.2988199,31.0514877],[119.300965,31.051696],[119.3022762,31.0511355],[119.3015295,31.0503047],[119.3017278,31.0483207],[119.3007175,31.0487944],[119.3008694,31.0490436],[119.300483,31.0492222],[119.2988372,31.0480057],[119.3027687,31.0442708],[119.3034232,31.0434481],[119.3036753,31.0428046],[119.3037289,31.0421474],[119.3033695,31.0413844],[119.3025595,31.0401802],[119.3022215,31.0394356],[119.3022215,31.0388703],[119.3025058,31.0383371],[119.3029511,31.0379326],[119.3037558,31.0375603],[119.304496,31.037142],[119.3011165,31.0360573],[119.3010467,31.0340486],[119.2998934,31.0335889],[119.3002474,31.0321824],[119.298901,31.0312309],[119.2988902,31.0295347],[119.2991692,31.0288497],[119.2990565,31.0286291],[119.2979997,31.0295508],[119.2977717,31.0296703],[119.2976323,31.0298495],[119.2974794,31.0299805],[119.2970878,31.0299392],[119.2968705,31.0301483],[119.2971119,31.0304977],[119.2976242,31.0310631],[119.2975169,31.0312791],[119.2970556,31.0311067],[119.2967337,31.0308424],[119.2964816,31.0307068],[119.2963743,31.0308769],[119.2960015,31.030978],[119.2958164,31.0309872],[119.2956877,31.0309183],[119.2955536,31.0313366],[119.2941481,31.0317411],[119.2940462,31.0322881],[119.2924261,31.0326558],[119.2919648,31.0325915],[119.290216,31.0320675],[119.288848,31.0315021],[119.288899,31.031332],[119.2891753,31.0309734],[119.2890143,31.0303207],[119.2895883,31.0300863],[119.2898968,31.0297622],[119.2897198,31.02936],[119.2894354,31.0293646],[119.2893442,31.0292198],[119.2861363,31.0300909],[119.28527,31.0293094],[119.2850018,31.0298449],[119.2857635,31.0301667],[119.2854255,31.0305827],[119.2851976,31.0305069],[119.2850205,31.0310654],[119.2848489,31.0310263],[119.284763,31.0312561],[119.2843258,31.0307873],[119.283599,31.0305804],[119.283784,31.0314331],[119.2835668,31.0319273],[119.2828023,31.0325317],[119.2822954,31.033166],[119.2812547,31.0335499],[119.2805788,31.0339153],[119.2801711,31.0341359],[119.2799297,31.0343474],[119.2796521,31.0347035],[119.2787817,31.0354827],[119.2783418,31.035685],[119.2774352,31.0364227],[119.2768612,31.0366226],[119.2763087,31.0367261],[119.2752761,31.037211],[119.2744446,31.0330419],[119.2723927,31.0326099],[119.2723015,31.0331431],[119.2719823,31.0331017],[119.2710972,31.0323915],[119.2708102,31.0320629],[119.2703864,31.0316675],[119.2701799,31.0315572],[119.2698634,31.0314906],[119.2687476,31.0314239],[119.2682728,31.0312309],[119.2673501,31.030716],[119.266862,31.0305345],[119.2663336,31.0303391],[119.265891,31.0299415],[119.2653224,31.0294657],[119.2665052,31.0283901],[119.2642157,31.0273663],[119.2623559,31.0265996],[119.2613527,31.0253239],[119.2590916,31.0266249],[119.2577961,31.0253561],[119.2576271,31.0251423],[119.2575547,31.024947],[119.2574501,31.0244666],[119.2574394,31.0242321],[119.2574394,31.0239471],[119.2560285,31.0242769],[119.2558917,31.0238552],[119.2550656,31.0241172],[119.2546311,31.0243034],[119.2545345,31.0241333],[119.2543267,31.0239333],[119.2529494,31.0240046],[119.2528474,31.0239149],[119.2527133,31.023931],[119.2526865,31.0240276],[119.2511201,31.0240965],[119.2500901,31.0228599]]],[[[119.2695844,31.09243],[119.2704964,31.0914194],[119.2709362,31.0906935],[119.2725992,31.0892327],[119.2724061,31.088856],[119.2727172,31.0878729],[119.2727709,31.0869449],[119.2734575,31.0869265],[119.2734468,31.0859618],[119.27423,31.086118],[119.2744875,31.0859618],[119.2757106,31.085971],[119.2765367,31.0862374],[119.2766976,31.0864488],[119.2770088,31.0865866],[119.2768773,31.0870138],[119.2775989,31.0872826],[119.2783499,31.0874181],[119.2786342,31.0875559],[119.2796481,31.0871034],[119.2800504,31.0863224],[119.2798412,31.0861823],[119.2797983,31.0857596],[119.2791599,31.0855414],[119.2789936,31.0852635],[119.278999,31.0848408],[119.2791653,31.0844664],[119.2793423,31.0842918],[119.2796722,31.0842068],[119.2798412,31.0841241],[119.2801014,31.0838163],[119.2803079,31.0833271],[119.2805251,31.0830376],[119.2806914,31.0826172],[119.2806619,31.0825185],[119.2805707,31.0824151],[119.2802837,31.0823117],[119.2795005,31.0822107],[119.2788783,31.0821808],[119.2783391,31.0818293],[119.2777491,31.0811103],[119.2774862,31.0809495],[119.2772877,31.0809518],[119.2768157,31.0810253],[119.276239,31.0808278],[119.2760968,31.0806946],[119.2760164,31.0805659],[119.2760244,31.0804258],[119.2762899,31.0798584],[119.2778993,31.0769961],[119.2785725,31.0764608],[119.2785698,31.0763368],[119.2785108,31.0761415],[119.2785323,31.0759853],[119.2786288,31.0758084],[119.2789158,31.0755534],[119.2798734,31.0749791],[119.2800692,31.0748527],[119.2803347,31.0745931],[119.2805198,31.0743703],[119.2806458,31.0740073],[119.2817294,31.0738695],[119.2822659,31.0742278],[119.2827809,31.0745035],[119.2840522,31.0748481],[119.2865789,31.0756705],[119.2868686,31.0759554],[119.2879844,31.0758911],[119.2897144,31.0761231],[119.291667,31.0764723],[119.2919111,31.0767732],[119.2928123,31.076957],[119.2940891,31.0773705],[119.2942715,31.0775635],[119.2951029,31.0777473],[119.2957038,31.0777978],[119.2959988,31.0777059],[119.2965782,31.0773246],[119.2969483,31.0773567],[119.2969912,31.0779127],[119.2972809,31.0783308],[119.2983109,31.0782251],[119.2990243,31.0784272],[119.2996895,31.0782159],[119.3015188,31.0778024],[119.3012398,31.0772694],[119.3025327,31.0768605],[119.3029965,31.0778946],[119.3033373,31.0790796],[119.3038738,31.0798699],[119.3043673,31.0801639],[119.305526,31.0803201],[119.3057406,31.0807612],[119.3064058,31.081193],[119.3076396,31.0808347],[119.3112016,31.0811839],[119.3111586,31.0815238],[119.3140447,31.0814136],[119.3141627,31.0817444],[119.3147635,31.0824794],[119.3152141,31.0827826],[119.3162119,31.0830767],[119.3162119,31.0832421],[119.3140018,31.0835361],[119.313122,31.0837291],[119.3113196,31.0837566],[119.3112659,31.0844641],[119.3109977,31.084896],[119.30956,31.0848133],[119.3096566,31.0854197],[119.3095279,31.0864579],[119.309957,31.0874778],[119.3104076,31.0879188],[119.3081224,31.0896278],[119.3078649,31.0891868],[119.3068027,31.0895359],[119.3062127,31.0890673],[119.3053758,31.0893154],[119.3049467,31.0888927],[119.3042171,31.0890306],[119.3040025,31.0888927],[119.3028867,31.0889571],[119.3023717,31.0893521],[119.302125,31.0888836],[119.3024487,31.0887585],[119.3019426,31.0882772],[119.3011701,31.086605],[119.3016958,31.0860445],[119.3002474,31.0852084],[119.2999256,31.0846846],[119.2994857,31.0845192],[119.2994642,31.0840139],[119.2996895,31.0833523],[119.2990458,31.0825897],[119.2984664,31.0822681],[119.2979944,31.0818546],[119.2973077,31.0814595],[119.2969429,31.0807979],[119.2955375,31.0800353],[119.2892933,31.0779954],[119.2899585,31.0767273],[119.2892933,31.0766997],[119.2878663,31.0767457],[119.2845833,31.0761851],[119.2841005,31.0760473],[119.2839074,31.076277],[119.2842185,31.0767273],[119.2838752,31.0766813],[119.2835104,31.0764241],[119.2824161,31.0770857],[119.2822015,31.0770489],[119.2822552,31.0766538],[119.2793101,31.0768054],[119.2792296,31.0772694],[119.2784411,31.0783491],[119.2783821,31.078611],[119.2784464,31.0789786],[119.2780924,31.0799066],[119.2783928,31.0810368],[119.2794871,31.0815055],[119.2808497,31.0823232],[119.2814183,31.0824886],[119.281826,31.0824059],[119.2823195,31.0820935],[119.2824268,31.0814044],[119.2827058,31.0814228],[119.2832637,31.0818454],[119.2837036,31.0828562],[119.2840898,31.0828929],[119.2840147,31.0842712],[119.2854845,31.08485],[119.2854738,31.0850062],[119.2856669,31.085043],[119.2856455,31.0852819],[119.2860854,31.0854748],[119.2862677,31.0860261],[119.2867505,31.0863844],[119.2874157,31.0866785],[119.2875337,31.0869082],[119.2874157,31.0871746],[119.2850983,31.0862007],[119.2848837,31.0863385],[119.2838859,31.0863661],[119.2835641,31.0867703],[119.2849481,31.0866693],[119.2848408,31.0873124],[119.2837143,31.0873859],[119.2838645,31.0878545],[119.2836606,31.0879096],[119.283489,31.0877994],[119.2830491,31.0879831],[119.2832851,31.0882128],[119.2837143,31.0883047],[119.2842722,31.0885436],[119.2844331,31.0883966],[119.2845404,31.0885436],[119.2853773,31.0889479],[119.2857098,31.0887366],[119.2859566,31.0890765],[119.2860532,31.0895818],[119.2856455,31.0901423],[119.2857206,31.0903168],[119.2860317,31.0905006],[119.2860639,31.0906752],[119.2857796,31.0908543],[119.2854094,31.0908589],[119.2846692,31.0905833],[119.2828345,31.0917317],[119.2827058,31.0925127],[119.2834461,31.0926781],[119.2839718,31.0932017],[119.2829955,31.0936244],[119.2831242,31.0940837],[119.2839074,31.0939275],[119.2841542,31.0942491],[119.2837679,31.0943134],[119.2834997,31.094736],[119.283328,31.0952505],[119.2827272,31.093753],[119.2820299,31.0939735],[119.2821586,31.0941756],[119.2824912,31.0940562],[119.282695,31.0944788],[119.2821586,31.0946809],[119.2820299,31.0951311],[119.2817294,31.0954343],[119.2814076,31.0953975],[119.2810321,31.0958293],[119.2804634,31.0952046],[119.2796051,31.0952321],[119.2801845,31.0961325],[119.2797661,31.0961784],[119.2784464,31.0970144],[119.2766762,31.0945798],[119.2764938,31.0948371],[119.2776847,31.0962243],[119.2764401,31.0968215],[119.2752278,31.0957926],[119.2756784,31.0955077],[119.2753458,31.0953148],[119.2751312,31.0954067],[119.2748093,31.0951219],[119.2746377,31.0951954],[119.2741334,31.0945063],[119.2738759,31.0943869],[119.2738867,31.0946717],[119.2735541,31.0947085],[119.2735433,31.0944512],[119.2732859,31.0943961],[119.2732644,31.0946717],[119.273082,31.0946717],[119.2729747,31.0941756],[119.2716229,31.0931007],[119.271301,31.0930731],[119.271183,31.0932385],[119.2705071,31.0933212],[119.2702389,31.0932201],[119.2701638,31.0928159],[119.2696595,31.0927056],[119.2695844,31.09243]]],[[[119.2986703,31.1582814],[119.2991745,31.1568606],[119.2995259,31.1567527],[119.2998371,31.1567275],[119.3000945,31.1563901],[119.3001911,31.1563923],[119.3006256,31.1565806],[119.3022269,31.156537],[119.3026319,31.156452],[119.3025246,31.1563074],[119.3027472,31.155791],[119.3032247,31.1556051],[119.3037531,31.1556096],[119.3038014,31.1557038],[119.3043244,31.1555798],[119.3047133,31.1554122],[119.3046838,31.155348],[119.3047535,31.1550266],[119.3050539,31.1546112],[119.3052042,31.1545974],[119.3062422,31.1547971],[119.3062851,31.1548889],[119.3067357,31.1548568],[119.3069074,31.1545285],[119.3069181,31.1543793],[119.3071648,31.1537596],[119.3073848,31.1534061],[119.3078274,31.1535553],[119.3076503,31.1539937],[119.3079239,31.1546731],[119.3082404,31.1546938],[119.3097156,31.1538652],[119.3097639,31.1539501],[119.3097424,31.1542714],[119.3103138,31.1543656],[119.3107805,31.1542485],[119.3109682,31.1542669],[119.3111855,31.1542118],[119.3114698,31.1542646],[119.311628,31.1541773],[119.3121162,31.1545928],[119.3120411,31.1548109],[119.3119392,31.1547994],[119.3118131,31.1549578],[119.3117273,31.1551322],[119.3111694,31.155667],[119.3111452,31.1559884],[119.3110219,31.1560802],[119.3103701,31.1561812],[119.3100536,31.1561192],[119.3097049,31.1562317],[119.3097129,31.1564291],[119.3099087,31.1569042],[119.3101984,31.1572255],[119.3105632,31.156856],[119.3109065,31.1570993],[119.3109736,31.1570557],[119.311384,31.1573633],[119.311038,31.1577259],[119.3108663,31.1577053],[119.3105793,31.1581758],[119.3108958,31.1582791],[119.3109763,31.158566],[119.3104505,31.1590526],[119.3103889,31.1600051],[119.3083316,31.160393],[119.3070924,31.1606868],[119.3059122,31.160696],[119.3052041,31.1605858],[119.3041581,31.1602737],[119.3037692,31.161761],[119.3032676,31.1621282],[119.3034929,31.1633079],[119.30334,31.1633836],[119.3032005,31.1634169],[119.3030584,31.163394],[119.3028666,31.1633331],[119.3027607,31.1633343],[119.3026654,31.1633618],[119.3025903,31.16341],[119.3025045,31.1635466],[119.3023905,31.1636568],[119.3022644,31.1637279],[119.3020982,31.1638909],[119.3019453,31.1639322],[119.3017629,31.1639391],[119.3015483,31.1639161],[119.3013632,31.1640125],[119.3006176,31.164444],[119.3002903,31.164763],[119.3000731,31.1648686],[119.2996895,31.1645909],[119.2986703,31.164265],[119.2988098,31.1637073],[119.2986944,31.1631449],[119.2993033,31.1629728],[119.2996868,31.1626836],[119.3000677,31.1625092],[119.3000329,31.1619308],[119.3000033,31.1617082],[119.300065,31.1616439],[119.3000597,31.1615406],[119.3001214,31.161194],[119.3002501,31.1609485],[119.3004486,31.1608842],[119.3003976,31.160673],[119.3007383,31.1605881],[119.3007758,31.1604711],[119.3011996,31.1603563],[119.3013766,31.1602071],[119.3018326,31.1597779],[119.3017521,31.159592],[119.3015107,31.159569],[119.3014383,31.1592821],[119.3016261,31.1591123],[119.3015832,31.1589585],[119.3010923,31.1580404],[119.3009019,31.1577856],[119.3006659,31.1577213],[119.3006149,31.15754],[119.3004405,31.1572921],[119.3000892,31.1573679],[119.2993999,31.1580519],[119.2992336,31.1583273],[119.2986703,31.1582814]]],[[[120.4873104,33.3588928],[120.487525,33.3568721],[120.4962575,33.3574178],[120.496444,33.3552628],[120.5001947,33.3554978],[120.5003644,33.3533701],[120.4959863,33.3530835],[120.4961599,33.3509136],[120.4941443,33.3507971],[120.4940785,33.3515241],[120.4934509,33.3516709],[120.4933543,33.3517224],[120.4933047,33.3518423],[120.4931706,33.3529087],[120.4885223,33.3526242],[120.488972,33.3481912],[120.501119,33.34907],[120.5013421,33.3467442],[120.4959004,33.3464288],[120.4961064,33.3443064],[120.4967588,33.3443208],[120.4969819,33.3422127],[120.5017026,33.3424995],[120.5018914,33.3403627],[120.515693,33.3411515],[120.5161222,33.3367057],[120.5022691,33.3358309],[120.5025094,33.333737],[120.4977372,33.3334071],[120.498132,33.3291474],[120.4994882,33.3292765],[120.499677,33.327082],[120.5030416,33.3272685],[120.5028699,33.3294343],[120.5071958,33.3297355],[120.5074018,33.3274549],[120.5089124,33.3275697],[120.5094504,33.3205544],[120.5259517,33.3216113],[120.52641,33.3168347],[120.5321406,33.3171604],[120.5325964,33.3127618],[120.5329634,33.3080961],[120.5333538,33.3039427],[120.5309282,33.3037902],[120.5307008,33.3061526],[120.5292938,33.3060819],[120.5294828,33.3036678],[120.5235918,33.303307],[120.5244158,33.2925317],[120.5290425,33.2928216],[120.5288688,33.2949638],[120.5340549,33.2952606],[120.5347925,33.2860311],[120.5562918,33.2873558],[120.577076,33.2885844],[120.5786442,33.268319],[120.5804731,33.2440662],[120.5834748,33.2056058],[120.5840928,33.2052324],[120.625759,33.207858],[120.6448141,33.2088824],[120.6421167,33.2137367],[120.6395076,33.2184771],[120.6329174,33.2302533],[120.6237813,33.2465519],[120.7279527,33.2564789],[120.7284764,33.2564488],[120.7303345,33.2565376],[120.7318914,33.2568189],[120.7195863,33.2743091],[120.7164253,33.2764407],[120.7158527,33.2767579],[120.715146,33.2770078],[120.6952756,33.2825369],[120.6949724,33.2825851],[120.6892886,33.2826497],[120.6886005,33.2827811],[120.6880554,33.2829873],[120.6875816,33.2833806],[120.6831989,33.2887887],[120.6748703,33.3074143],[120.6641432,33.3298224],[120.6636502,33.3313858],[120.6631009,33.3368357],[120.6632101,33.3373549],[120.664241,33.3405612],[120.6647106,33.3419937],[120.6649045,33.3428635],[120.6651495,33.3448161],[120.6654557,33.3475276],[120.6654761,33.348312],[120.6651699,33.3509637],[120.6646595,33.3556614],[120.6643635,33.3593956],[120.6639961,33.3631722],[120.6635368,33.3681507],[120.6629447,33.3738363],[120.6623119,33.380621],[120.6616587,33.3874053],[120.6615158,33.3886325],[120.661281,33.3893058],[120.6609606,33.39005],[120.6604414,33.3909494],[120.6601409,33.3913937],[120.6597848,33.3917556],[120.6591496,33.3923754],[120.6583857,33.3930025],[120.6571884,33.3935973],[120.6517381,33.3962469],[120.6506567,33.3967557],[120.6493005,33.3972358],[120.6478157,33.3977374],[120.6411724,33.3998871],[120.6381597,33.400618],[120.6326494,33.4019292],[120.6273021,33.4032405],[120.5996601,33.4100395],[120.5989763,33.4083439],[120.5982312,33.4068784],[120.5980298,33.4063899],[120.5966008,33.4041365],[120.5953882,33.402341],[120.5936271,33.4001707],[120.5896881,33.3959368],[120.5815342,33.3872083],[120.5797747,33.3852805],[120.5786675,33.3839546],[120.5778864,33.3829799],[120.5770624,33.3817902],[120.5765732,33.3809588],[120.5754746,33.3788588],[120.5749939,33.3775472],[120.5745721,33.3753995],[120.574379,33.3747043],[120.5743533,33.3744032],[120.5744894,33.3730143],[120.5748261,33.3694719],[120.5695373,33.3691136],[120.5695631,33.3699845],[120.5694687,33.3712015],[120.5696364,33.3733453],[120.5698457,33.3751112],[120.5701138,33.3760259],[120.570745,33.3789249],[120.5705265,33.379533],[120.5703566,33.3809115],[120.5696526,33.3895874],[120.5693491,33.3942189],[120.5686208,33.4026603],[120.568026,33.4101283],[120.5674798,33.4164203],[120.5670064,33.4225802],[120.5664359,33.4296006],[120.5657683,33.4379171],[120.5656105,33.4397302],[120.5655863,33.4407127],[120.5652464,33.4414724],[120.564603,33.4431436],[120.5459851,33.4339127],[120.5514605,33.4248136],[120.53314,33.4237379],[120.5337556,33.4161497],[120.534021,33.413287],[120.5349373,33.403063],[120.5352463,33.3991937],[120.5251778,33.3985953],[120.5257266,33.3924295],[120.5251266,33.3923828],[120.5249534,33.3925334],[120.5224706,33.3904002],[120.5120866,33.3812626],[120.5126015,33.3755861],[120.5134942,33.3753854],[120.5142495,33.374855],[120.5148331,33.374217],[120.5157944,33.3734071],[120.5165154,33.3663537],[120.5165606,33.3658918],[120.5080971,33.365393],[120.4996991,33.3648585],[120.4997179,33.3645897],[120.5081239,33.3650724],[120.5083412,33.362466],[120.5076706,33.3624357],[120.5078503,33.3602616],[120.5053411,33.3601126],[120.5055141,33.357963],[120.5003308,33.3576729],[120.4999701,33.3619646],[120.4884819,33.3612623],[120.4886896,33.3590219],[120.4873104,33.3588928]]],[[[120.6690766,32.9852545],[120.669263,32.9789749],[120.6696439,32.9790154],[120.6699872,32.9789344],[120.6703305,32.9789592],[120.670635,32.9789457],[120.6708696,32.9788714],[120.6709152,32.9787634],[120.6710735,32.9762523],[120.6693864,32.9759058],[120.6695138,32.9730549],[120.670175,32.9730976],[120.6706068,32.9730571],[120.6781036,32.9731111],[120.678125,32.9712795],[120.6786695,32.9707754],[120.6786588,32.9695108],[120.6794755,32.9694815],[120.6795023,32.9691181],[120.6802399,32.969126],[120.6807268,32.9686107],[120.680657,32.9664099],[120.6871842,32.9663851],[120.6872191,32.9630568],[120.6856942,32.963077],[120.6857331,32.9571346],[120.6849968,32.9571199],[120.6846106,32.9570884],[120.6837255,32.9555715],[120.6830791,32.9555524],[120.6812122,32.9550106],[120.6799288,32.9550651],[120.6781451,32.9549031],[120.6781344,32.9522946],[120.6787567,32.9518377],[120.6789243,32.9517533],[120.6791,32.9517229],[120.679902,32.9516306],[120.6805028,32.9514697],[120.6810768,32.9510274],[120.6812055,32.9509734],[120.681284,32.9509149],[120.6813034,32.9508564],[120.6813189,32.9500562],[120.6813665,32.9499279],[120.6814456,32.9498587],[120.6819043,32.9498458],[120.6818895,32.9477874],[120.6883295,32.9477216],[120.6883268,32.9548446],[120.6922898,32.9548153],[120.692334,32.9476884],[120.6930079,32.9476856],[120.6928638,32.9384246],[120.6948861,32.9384145],[120.6948084,32.9352213],[120.6949171,32.9329479],[120.6953824,32.9333191],[120.695904,32.9337367],[120.6959926,32.9338875],[120.6963533,32.9342353],[120.6965411,32.9343411],[120.6966309,32.9344424],[120.6968763,32.9345955],[120.6972599,32.9347542],[120.7004276,32.9367949],[120.7021683,32.9383188],[120.7024617,32.9385665],[120.7039976,32.9398631],[120.7053065,32.9404213],[120.7071948,32.9410876],[120.7130366,32.943055],[120.7131547,32.9568792],[120.7149598,32.9568758],[120.7152575,32.9569444],[120.7273432,32.956829],[120.7274106,32.9662681],[120.7412987,32.9661963],[120.7411384,32.9756483],[120.7473849,32.9755788],[120.7476827,32.984863],[120.752221,32.9848765],[120.7522666,32.99415],[120.7275018,32.9942693],[120.7274656,32.9850205],[120.7227757,32.985034],[120.7226974,32.9781857],[120.7226899,32.9775282],[120.7226697,32.9757646],[120.7226685,32.9756561],[120.7210799,32.9756403],[120.7184641,32.9756144],[120.7185084,32.9850599],[120.7171847,32.9850981],[120.7171968,32.9909004],[120.7171659,32.9909825],[120.7169728,32.9912153],[120.7168481,32.9913413],[120.7167394,32.9913885],[120.7166456,32.9914212],[120.7166161,32.9915044],[120.7166161,32.9930117],[120.7166536,32.9945819],[120.7165101,32.9946056],[120.7165155,32.9949183],[120.7165946,32.9953097],[120.7165128,32.9954885],[120.7165919,32.995808],[120.7165825,32.9962658],[120.7191682,32.9962264],[120.7192366,32.9981262],[120.7199031,32.9981633],[120.7200024,33.0038207],[120.7194498,33.0039174],[120.7176957,33.0043943],[120.7167891,33.0048307],[120.7158221,33.0054256],[120.715228,33.0058586],[120.7145897,33.0064929],[120.7142101,33.0069276],[120.7138789,33.0073657],[120.7135892,33.0078493],[120.711312,33.0129168],[120.7013476,33.0113491],[120.6987056,33.0170101],[120.6987163,33.0183461],[120.6989819,33.0186654],[120.6990704,33.0187396],[120.6992179,33.0188116],[120.699285,33.0189241],[120.6992984,33.0190523],[120.6990999,33.01961],[120.7012966,33.0203454],[120.7006811,33.021742],[120.6808153,33.0150175],[120.6807737,33.0139547],[120.6806678,33.0137692],[120.6806087,33.0132238],[120.680488,33.0128999],[120.6803928,33.0127245],[120.680362,33.0125625],[120.6803392,33.0124084],[120.6797766,33.0123269],[120.6797799,33.0094485],[120.6810245,33.0096071],[120.6810252,33.0093737],[120.6811197,33.009282],[120.6812263,33.0092196],[120.6842297,33.0095913],[120.6840936,33.0039849],[120.7044281,33.003878],[120.704349,32.9990518],[120.7002827,32.9992161],[120.6988505,32.9992206],[120.6984173,32.9992723],[120.698019,32.999279],[120.6979224,32.985151],[120.6886279,32.9852421],[120.6886795,32.994519],[120.6861167,32.9945223],[120.6860389,32.985214],[120.6690766,32.9852545]]],[[[120.8508584,31.1090894],[120.8517113,31.1074391],[120.8517766,31.1073126],[120.8525535,31.1050317],[120.8525899,31.1049248],[120.8530568,31.1042666],[120.8542517,31.1031012],[120.8549108,31.102725],[120.8567782,31.1028317],[120.8567937,31.103196],[120.8576222,31.1033169],[120.8576704,31.1030691],[120.8579812,31.1030508],[120.858008,31.1024543],[120.8596235,31.1028725],[120.8599748,31.102742],[120.8599638,31.1022479],[120.8596316,31.102101],[120.8602156,31.1009724],[120.8620825,31.0997527],[120.8627361,31.0993755],[120.8630741,31.0992698],[120.8634174,31.0992009],[120.8640021,31.0991734],[120.8648282,31.0991563],[120.8650106,31.0992423],[120.8651018,31.0993617],[120.8651298,31.0994848],[120.8652692,31.1007695],[120.8653347,31.1013737],[120.867181,31.1012453],[120.8673309,31.1016386],[120.8680282,31.1011375],[120.8686712,31.1027342],[120.8699894,31.1026241],[120.8700215,31.1027709],[120.8718706,31.1023742],[120.8722881,31.1022846],[120.8717684,31.1002382],[120.8744154,31.1007842],[120.8742761,31.1002107],[120.8740189,31.1002245],[120.8736063,31.097678],[120.8753157,31.0976208],[120.8772828,31.0975051],[120.8784485,31.097336],[120.8799612,31.0970604],[120.8822394,31.0968359],[120.8823592,31.0968241],[120.8833458,31.0966649],[120.8838558,31.0965826],[120.8840519,31.096542],[120.8843654,31.096477],[120.8847409,31.0964448],[120.8848687,31.096457],[120.8850306,31.0964724],[120.8853739,31.0965137],[120.8855483,31.0965725],[120.8858782,31.0966837],[120.8861732,31.0967388],[120.8866118,31.0967446],[120.8869296,31.0967204],[120.8871446,31.0966869],[120.8872837,31.0966653],[120.8875465,31.0965826],[120.8877021,31.0965],[120.888024,31.0962519],[120.8882964,31.0959612],[120.8898096,31.0939592],[120.8899927,31.0937438],[120.8901644,31.0935555],[120.8905131,31.0932615],[120.8908725,31.0930685],[120.8910736,31.0929077],[120.8912108,31.0927348],[120.8914518,31.0922416],[120.8916235,31.0917226],[120.8917569,31.091147],[120.8919239,31.0897105],[120.8920258,31.0888881],[120.8922511,31.0888009],[120.8947828,31.0890882],[120.8958384,31.0889001],[120.8978371,31.088175],[120.8981746,31.0879318],[120.8982711,31.0875097],[120.8973334,31.0861972],[120.8978303,31.0856301],[120.8983373,31.0850748],[120.899565,31.0838073],[120.8999276,31.0833477],[120.9002157,31.0829127],[120.9004802,31.0822876],[120.9005619,31.0819932],[120.900566,31.0817168],[120.9005177,31.0814365],[120.900405,31.0811563],[120.900287,31.0809679],[120.9001529,31.0808393],[120.8999172,31.0807085],[120.8997943,31.0806692],[120.8996433,31.080621],[120.8994238,31.0805638],[120.8993,31.0805315],[120.898726,31.0804396],[120.8981037,31.0803936],[120.8976263,31.0804212],[120.8971838,31.0804668],[120.8971174,31.0804737],[120.8953142,31.0809082],[120.8949584,31.0798862],[120.8949816,31.0796861],[120.8951104,31.0792864],[120.8952016,31.0786937],[120.8952405,31.0780365],[120.8947027,31.073796],[120.8943354,31.0723593],[120.8943057,31.072243],[120.8936297,31.0702856],[120.8925891,31.067786],[120.8919453,31.0648084],[120.8906793,31.0600662],[120.8906364,31.0571803],[120.8906408,31.0571202],[120.8908081,31.054809],[120.8909195,31.0540948],[120.8913964,31.052946],[120.892417,31.0512882],[120.8929869,31.0505955],[120.8931309,31.050319],[120.8931738,31.0501812],[120.8931845,31.0501076],[120.8931779,31.0499976],[120.8929869,31.0493351],[120.8929002,31.0491103],[120.8927881,31.0489263],[120.8927259,31.0487565],[120.8927286,31.0485841],[120.8927715,31.0483612],[120.8928411,31.0481541],[120.8940347,31.0457648],[120.896576,31.0406777],[120.8969278,31.0398057],[120.897232,31.0389111],[120.8973527,31.0383279],[120.8973978,31.0379202],[120.8974196,31.0377226],[120.8973504,31.0295078],[120.8971623,31.0262984],[120.8970657,31.0245424],[120.8970288,31.0240674],[120.8969986,31.0236782],[120.8969611,31.0234575],[120.896835,31.0232322],[120.8966285,31.0229748],[120.8965749,31.0228668],[120.8965819,31.0227293],[120.8968162,31.0216771],[120.8968512,31.0207406],[120.8972776,31.0207383],[120.8972588,31.0197108],[120.907183,31.019412],[120.9071428,31.0155457],[120.9075831,31.014127],[120.9098266,31.0138638],[120.9097845,31.0135335],[120.9117455,31.0146262],[120.9126441,31.0148493],[120.9128935,31.0149112],[120.9145457,31.0148009],[120.9196204,31.0133113],[120.9202534,31.0128147],[120.922367,31.0127228],[120.9225634,31.0131384],[120.9226759,31.0138613],[120.9227321,31.0141826],[120.9236318,31.0142469],[120.9249634,31.0137343],[120.9250554,31.0137359],[120.926122,31.0137539],[120.9273944,31.0138448],[120.9280704,31.013788],[120.9284945,31.0134699],[120.9285211,31.0129247],[120.9288524,31.0127202],[120.9311325,31.0117757],[120.9345228,31.0113435],[120.935542,31.0114998],[120.9360892,31.0121343],[120.9362823,31.0125665],[120.9353167,31.0138354],[120.93527,31.0138888],[120.9336444,31.0157493],[120.9333442,31.0160928],[120.9323811,31.0171951],[120.9318298,31.017826],[120.9317977,31.0193339],[120.9457505,31.0197798],[120.9470931,31.0264257],[120.9445811,31.0272731],[120.9447635,31.0284958],[120.9451604,31.0300312],[120.9440446,31.0304816],[120.9442672,31.0309114],[120.9440741,31.0310126],[120.9443853,31.0314722],[120.9442672,31.0315642],[120.9446374,31.0324329],[120.9451953,31.0322491],[120.9457854,31.0320744],[120.9460546,31.0317808],[120.9461448,31.0314217],[120.9465149,31.03127],[120.9471318,31.0311551],[120.9473464,31.031555],[120.9478185,31.0323778],[120.9484193,31.0321571],[120.9492904,31.0321218],[120.9494385,31.0321158],[120.9503934,31.0323318],[120.9509916,31.0320405],[120.9511391,31.0319687],[120.9522924,31.0309068],[120.9527699,31.0306494],[120.9536764,31.0310953],[120.9540037,31.030985],[120.9540305,31.0305115],[120.9550107,31.0271816],[120.9552811,31.0263083],[120.9553233,31.0261721],[120.9557529,31.0252848],[120.955951,31.0243103],[120.9559241,31.0234783],[120.9575512,31.0233487],[120.9576568,31.0233403],[120.9579894,31.0231978],[120.9593359,31.0231886],[120.9598455,31.0230691],[120.960339,31.0226186],[120.9606336,31.0220666],[120.960669,31.0220003],[120.9606582,31.0216187],[120.9594217,31.0205085],[120.9590838,31.0201637],[120.9586653,31.019373],[120.959014,31.0187707],[120.960445,31.0185151],[120.9659853,31.0186628],[120.9663564,31.0186514],[120.9692835,31.0185403],[120.9742883,31.0189419],[120.9775311,31.0186849],[120.9778122,31.0176508],[120.9779447,31.0173441],[120.9781966,31.0172078],[120.9786737,31.0172986],[120.9790581,31.017185],[120.9792702,31.0170487],[120.9795485,31.0166284],[120.9797076,31.0164126],[120.9800257,31.0163445],[120.9816465,31.0164077],[120.9820542,31.0163295],[120.9832612,31.0163387],[120.9841875,31.0166057],[120.9848635,31.0166966],[120.985513,31.0166398],[120.986225,31.0162123],[120.9869538,31.0157185],[120.9862427,31.0154533],[120.9850824,31.0151595],[120.9852004,31.0148836],[120.9849966,31.0148101],[120.9859461,31.0130584],[120.9859144,31.0130483],[120.9857583,31.0129986],[120.9860212,31.0124745],[120.9863698,31.0125665],[120.9863888,31.0125375],[120.9870619,31.011509],[120.9878799,31.0100585],[120.9870645,31.009755],[120.9880301,31.0074929],[120.987601,31.007309],[120.9877673,31.0062928],[120.9879658,31.0063296],[120.988175,31.0053917],[120.9864101,31.0055618],[120.9863672,31.0052997],[120.9865013,31.0049962],[120.986335,31.0046376],[120.9866944,31.0037318],[120.9877807,31.003449],[120.9878343,31.0013339],[120.9881669,31.0013247],[120.9881455,30.9990301],[120.986504,30.9987358],[120.9861607,30.9985887],[120.9860104,30.998368],[120.9864932,30.996639],[120.9907848,30.9973747],[120.9912699,30.9946913],[120.9906507,30.994257],[120.9905595,30.9940915],[120.9908545,30.9931948],[120.9909109,30.9931252],[120.991332,30.9926062],[120.9916635,30.9919275],[120.9921473,30.9918658],[120.9922546,30.9913369],[120.9931397,30.99136],[120.9939503,30.9883603],[120.9945291,30.9859702],[120.9942019,30.985777],[120.9948081,30.9834638],[120.9952158,30.9835512],[120.9956074,30.9822312],[120.9969324,30.9825808],[120.9973133,30.9817299],[120.997839,30.9818909],[120.9981984,30.9807825],[120.9980589,30.980548],[120.9983218,30.9795453],[120.996632,30.979412],[120.9968772,30.977751],[120.9965944,30.9776137],[120.9968841,30.9761235],[120.9953392,30.9759073],[120.9954304,30.9752864],[120.9933168,30.9750932],[120.9933598,30.974535],[120.9916423,30.9743465],[120.9890803,30.9742403],[120.9892962,30.9728786],[120.9879872,30.9726486],[120.9884861,30.9707536],[120.9875044,30.9705558],[120.9881696,30.9681502],[120.9893015,30.9684262],[120.989632,30.9670927],[120.9893605,30.9669036],[120.989508,30.9662988],[120.9899265,30.966354],[120.9901625,30.965296],[120.9890574,30.9650292],[120.9894154,30.9636429],[120.9901411,30.9618368],[120.9904057,30.9606707],[120.9879524,30.9605856],[120.9880825,30.9592136],[120.9883239,30.9588226],[120.9883775,30.9582752],[120.988458,30.9582614],[120.9886283,30.9572919],[120.9893418,30.9571815],[120.98939,30.9574437],[120.9900874,30.9578301],[120.9900499,30.9570573],[120.990994,30.9569975],[120.9911871,30.9560314],[120.9915948,30.9548905],[120.9917236,30.9542281],[120.9915063,30.9526018],[120.993062,30.9524822],[120.9928648,30.9508525],[120.9931706,30.9508203],[120.992897,30.9475262],[120.9930633,30.9467947],[120.9930097,30.946353],[120.9927629,30.9462426],[120.9918241,30.946422],[120.9913896,30.9461046],[120.9919797,30.9449958],[120.9939753,30.942272],[120.9957375,30.9407376],[120.992889,30.9397299],[120.993007,30.9395275],[120.995877,30.9405673],[120.9965958,30.9399876],[120.9960325,30.9389155],[120.9957428,30.9379769],[120.9956302,30.9372315],[120.995598,30.9359984],[120.9955175,30.932575],[120.9954746,30.9276513],[120.9954102,30.9267908],[120.9952654,30.9212179],[120.9951796,30.9155665],[120.9949543,30.9151293],[120.9944715,30.9144665],[120.9945412,30.9140385],[120.9949221,30.9131687],[120.9949489,30.9126348],[120.995201,30.9119076],[121.0004421,30.9115716],[121.000367,30.9108997],[121.0006835,30.9108859],[121.0004313,30.909321],[120.9997325,30.9093472],[120.9995481,30.9093466],[120.9995619,30.9091609],[120.9991278,30.9079494],[120.9989078,30.9079954],[120.9987201,30.9074661],[120.9977223,30.9077285],[120.9965582,30.9078804],[120.995244,30.9082302],[120.9948416,30.9082486],[120.9946163,30.9080737],[120.9942515,30.9058322],[120.9940638,30.9057401],[120.9916552,30.9060623],[120.9908398,30.9060623],[120.9899439,30.905602],[120.9893646,30.90522],[120.9886511,30.9045618],[120.9885059,30.9041617],[120.9885048,30.9025475],[120.9883354,30.9017117],[120.9877217,30.9006771],[120.9862156,30.8981476],[120.986299,30.8977766],[120.9868319,30.8975588],[120.9887369,30.8966055],[120.9891631,30.8963933],[120.9889032,30.8957217],[120.9887584,30.8943592],[120.988753,30.8935996],[120.9887951,30.8923507],[120.9904669,30.8920966],[120.9989132,30.8912933],[121.001523,30.8908905],[121.0033845,30.8904394],[121.004967,30.8896706],[121.0056858,30.8891596],[121.0039655,30.8871292],[121.0026656,30.8856609],[121.0040926,30.8855135],[121.0059648,30.8846849],[121.0066085,30.8844777],[121.0070645,30.8844086],[121.0094248,30.8852281],[121.0094194,30.8850578],[121.0092478,30.8847677],[121.0090976,30.8846434],[121.009178,30.884114],[121.0135956,30.884968],[121.0138692,30.8842038],[121.0142501,30.8838677],[121.0140462,30.8836191],[121.0142072,30.8834718],[121.0140516,30.8832692],[121.0147168,30.8827398],[121.0146578,30.8826385],[121.0166909,30.881087],[121.01653,30.8809212],[121.0169591,30.8806035],[121.0167231,30.8803181],[121.0162135,30.8805805],[121.015618,30.8798485],[121.0152854,30.8787666],[121.0173829,30.8772426],[121.0167928,30.8765474],[121.0162296,30.8769571],[121.0157682,30.8764277],[121.0169269,30.8755529],[121.0159184,30.8745906],[121.0143426,30.8756093],[121.014128,30.8753929],[121.0137418,30.8756646],[121.0113439,30.8733578],[121.0127708,30.8724139],[121.0131571,30.8720134],[121.0136882,30.8712536],[121.012744,30.8697019],[121.0122237,30.8697434],[121.0106104,30.8677795],[121.009799,30.8667919],[121.0104051,30.866336],[121.0103193,30.8661933],[121.0110811,30.8656545],[121.0117301,30.8650329],[121.0102335,30.8632693],[121.0112956,30.862643],[121.0101959,30.8613352],[121.0093483,30.861851],[121.0094449,30.8620076],[121.0090694,30.8622332],[121.0083452,30.8613122],[121.0087314,30.8611004],[121.0066179,30.8581947],[121.0104749,30.8565415],[121.0082862,30.8541744],[121.0074279,30.8547178],[121.0075566,30.8549895],[121.0059258,30.8558461],[121.0046169,30.8541652],[121.0034622,30.8545992],[121.0025235,30.8532499],[121.0021748,30.852467],[121.0023518,30.8523473],[121.0022231,30.8520617],[121.0024108,30.851965],[121.0022928,30.8517117],[121.0020834,30.8518304],[121.0010697,30.8497406],[121.0007961,30.8498281],[121.0005373,30.84947],[121.0001457,30.8495529],[120.9993518,30.8482634],[120.9990246,30.8483601],[120.9987724,30.8481989],[120.998236,30.8484707],[120.9983647,30.8489957],[120.9980858,30.849074],[120.9977451,30.8483417],[120.9974662,30.8484522],[120.9972248,30.848047],[120.9970102,30.8481851],[120.9968439,30.8480239],[120.9970746,30.8478812],[120.996573,30.8473561],[120.9961707,30.8459284],[120.9953982,30.8461449],[120.994041,30.8465363],[120.9934938,30.8467528],[120.9931934,30.8461034],[120.9927589,30.8451224],[120.9926033,30.844321],[120.9926838,30.8442289],[120.9924545,30.8438593],[120.9930378,30.8436163],[120.992952,30.8433077],[120.992834,30.8433354],[120.992657,30.8431558],[120.9922332,30.8432156],[120.9909189,30.8401804],[120.9892559,30.8408482],[120.9887067,30.8409359],[120.9870565,30.8390888],[120.9842778,30.8350171],[120.9854526,30.834667],[120.9856189,30.8348927],[120.9863163,30.8344874],[120.9864343,30.834644],[120.9881241,30.833907],[120.9852005,30.8304891],[120.9883895,30.829068],[120.9857691,30.8257214],[120.9889126,30.8242565],[120.9899265,30.8234918],[120.9917236,30.8257721],[120.9909672,30.826265],[120.9914339,30.8268224],[120.9920133,30.8265736],[120.9922493,30.8268869],[120.9925282,30.8267948],[120.9941376,30.8289368],[120.993628,30.8292638],[120.9945559,30.8304707],[120.9948189,30.8303694],[120.9952158,30.8308945],[120.995661,30.8308622],[120.9963812,30.8317271],[120.9967675,30.8315981],[120.9967836,30.8317501],[120.997894,30.8312572],[120.9974702,30.8302991],[120.9984613,30.8297613],[120.9991855,30.8286788],[120.9994698,30.8284439],[120.9997326,30.8285268],[121.000194,30.8295126],[120.9997702,30.8296968],[120.9998882,30.8298949],[120.9996039,30.8299732],[120.9997809,30.8304016],[120.9990299,30.8307517],[120.9992445,30.8311755],[121.0007787,30.8305352],[121.001312,30.8315135],[121.005526,30.835732],[121.0067171,30.8369424],[121.0069316,30.836947],[121.0071194,30.8375182],[121.0080045,30.8370806],[121.008144,30.8373063],[121.0076505,30.8377761],[121.0078275,30.8379373],[121.0083693,30.8375274],[121.0091418,30.8378268],[121.0094368,30.8373293],[121.0103541,30.8376149],[121.0110569,30.8360995],[121.0148227,30.8348052],[121.0171133,30.8339346],[121.0183632,30.8336905],[121.0218165,30.8322351],[121.0241139,30.8313781],[121.0253209,30.831005],[121.0290599,30.8259794],[121.0306799,30.8230265],[121.0315221,30.8223309],[121.0322249,30.8206863],[121.0317153,30.8202348],[121.0325789,30.8184289],[121.0331342,30.8170169],[121.033735,30.8173716],[121.0338906,30.8169431],[121.0333971,30.8167635],[121.0334936,30.8165055],[121.0367015,30.8171735],[121.0374257,30.8174361],[121.0387776,30.8177079],[121.0405317,30.8182331],[121.039019,30.8224576],[121.0376349,30.8220752],[121.0369107,30.8238718],[121.0366211,30.8237935],[121.0367015,30.8236],[121.0365567,30.8234895],[121.0368839,30.8227662],[121.0370449,30.8228169],[121.0373131,30.8219969],[121.0342929,30.8210894],[121.0335526,30.8227893],[121.035001,30.8232039],[121.0345504,30.8243463],[121.0348079,30.8246734],[121.0348508,30.8249129],[121.034191,30.8258849],[121.0356877,30.826516],[121.035866,30.8262293],[121.0360377,30.8263398],[121.0359143,30.8265794],[121.0363596,30.8266024],[121.0368102,30.8265748],[121.0370945,30.8268742],[121.0376899,30.827602],[121.0360323,30.8290162],[121.0359465,30.8292189],[121.0360382,30.8294474],[121.0382193,30.8305384],[121.0388123,30.8305203],[121.039977,30.8289201],[121.0404557,30.828454],[121.0431082,30.8272349],[121.0436219,30.8273632],[121.0437675,30.8275745],[121.0446587,30.828045],[121.0449051,30.8283344],[121.0448943,30.8286385],[121.0446569,30.8290837],[121.0442613,30.8293847],[121.0433863,30.8309749],[121.0437251,30.8314476],[121.0429885,30.8330787],[121.0450047,30.8342265],[121.0472507,30.8353488],[121.0491943,30.8364605],[121.0511682,30.8376054],[121.0522906,30.8379872],[121.0568932,30.840713],[121.0563635,30.8415238],[121.056285,30.8420054],[121.0562972,30.8424034],[121.0563054,30.8432865],[121.0561793,30.8438729],[121.0560176,30.8452053],[121.0572591,30.8456425],[121.0563742,30.8472674],[121.0560684,30.8470371],[121.0559557,30.8472951],[121.0583057,30.8485947],[121.0611432,30.850254],[121.061772,30.8505876],[121.0624736,30.8508527],[121.0669116,30.8507689],[121.0672013,30.8510729],[121.0703556,30.8509623],[121.0721253,30.8509699],[121.0759175,30.8508587],[121.0775584,30.8513593],[121.078568,30.8518265],[121.0805457,30.8530329],[121.0820066,30.8537423],[121.0851591,30.8552101],[121.0852381,30.8552606],[121.085547,30.8553981],[121.08877,30.8570514],[121.0921212,30.8587117],[121.0927107,30.8589861],[121.0938587,30.8577059],[121.0933115,30.8573605],[121.0944649,30.8559007],[121.0954519,30.8564303],[121.0955753,30.8562875],[121.0957094,30.8563658],[121.0960581,30.8558731],[121.0951032,30.8553619],[121.0951837,30.8552145],[121.0951086,30.8551685],[121.0961686,30.8539449],[121.0965823,30.8534396],[121.0967695,30.8531897],[121.0969089,30.852987],[121.0969423,30.8528832],[121.0970961,30.8522188],[121.0978901,30.8524445],[121.0981261,30.8520577],[121.0993975,30.8525965],[121.0996287,30.852112],[121.0999472,30.8518748],[121.1002751,30.8519623],[121.100377,30.8517091],[121.1014821,30.8520844],[121.1018764,30.8521926],[121.1028715,30.8524413],[121.1033697,30.8526847],[121.1060204,30.8535489],[121.1066542,30.8538503],[121.1067722,30.8545227],[121.1071799,30.8548266],[121.1072228,30.8551351],[121.1079416,30.8553976],[121.1075447,30.8557568],[121.1085532,30.8563049],[121.1094852,30.8554702],[121.1088576,30.8550097],[121.1088639,30.8549048],[121.1092042,30.854638],[121.109569,30.8543018],[121.1096923,30.854311],[121.109923,30.8542097],[121.1107974,30.8536985],[121.1115377,30.853215],[121.11216,30.8528742],[121.1125765,30.8525432],[121.1132953,30.8522393],[121.1138318,30.8520113],[121.1142709,30.8517919],[121.1156174,30.8510197],[121.1158588,30.8514434],[121.1158052,30.851554],[121.1158427,30.8516461],[121.1157462,30.8517382],[121.1161539,30.8521711],[121.1171631,30.8512192],[121.1173991,30.8507955],[121.1176029,30.8501968],[121.1193249,30.8495751],[121.1175673,30.8477281],[121.1156956,30.8452984],[121.1154837,30.8437441],[121.1157733,30.8412205],[121.1155623,30.8406208],[121.1153886,30.8400531],[121.1151817,30.8394481],[121.1132468,30.8375116],[121.1137892,30.8369816],[121.1146839,30.8371179],[121.1144669,30.8375434],[121.1148798,30.8376333],[121.1146395,30.838046],[121.115301,30.8382758],[121.1156175,30.8375481],[121.1159232,30.8375711],[121.1155263,30.8383357],[121.1156195,30.8384763],[121.1158637,30.8383972],[121.1169573,30.838303],[121.1179377,30.8381541],[121.1188056,30.8380926],[121.1196082,30.838142],[121.1204151,30.8382757],[121.121456,30.8382469],[121.1221033,30.8380356],[121.122751,30.8377439],[121.1234588,30.8376193],[121.1240711,30.8377591],[121.1245347,30.8377591],[121.1249347,30.8376071],[121.1253735,30.8373762],[121.1258159,30.8370754],[121.1271785,30.838926],[121.1273767,30.8379931],[121.1282757,30.8371483],[121.1294912,30.8362337],[121.1300129,30.8353901],[121.1280227,30.8343399],[121.1283392,30.8337135],[121.1295247,30.8331285],[121.1297554,30.832889],[121.1293262,30.8318894],[121.1297876,30.8317604],[121.1297071,30.8311202],[121.1299539,30.8311063],[121.1299002,30.8303463],[121.1316919,30.8301482],[121.1320941,30.8304526],[121.1314183,30.8315578],[121.1312896,30.8316775],[121.1316919,30.8321197],[121.1325556,30.8329811],[121.1329801,30.8326851],[121.1328936,30.8317604],[121.1329052,30.8301522],[121.1334997,30.8288326],[121.1334891,30.8284053],[121.1332208,30.8274811],[121.1329901,30.826979],[121.1323249,30.8268915],[121.1315016,30.8257364],[121.1306405,30.8245283],[121.1295388,30.8228911],[121.1288876,30.8222346],[121.1279674,30.821493],[121.1270416,30.8186363],[121.1267853,30.8183989],[121.1256528,30.8177606],[121.1255608,30.8175479],[121.1245859,30.8132866],[121.1234778,30.8121549],[121.1235976,30.8095828],[121.1226658,30.8055754],[121.1225435,30.8025677],[121.1220643,30.8006513],[121.1220643,30.7981561],[121.1218697,30.7965354],[121.1213755,30.7949148],[121.1216151,30.7937957],[121.1220494,30.7918277],[121.1219895,30.7913003],[121.1216189,30.7907337],[121.121753,30.7903973],[121.1216082,30.789448],[121.121973,30.7872729],[121.1223002,30.7854157],[121.1223806,30.7841944],[121.1223216,30.7840054],[121.1224611,30.78354],[121.1224879,30.7828809],[121.1225899,30.7827565],[121.1225684,30.7808669],[121.1250291,30.7802117],[121.1277556,30.779299],[121.128465,30.7796538],[121.1290685,30.77939],[121.130572,30.779631],[121.1311808,30.7796583],[121.1315793,30.7795661],[121.1319172,30.7798841],[121.1323195,30.7801053],[121.1330652,30.7805662],[121.1332583,30.7805478],[121.1338752,30.7806123],[121.1336124,30.779709],[121.1345994,30.7794601],[121.1347282,30.7797182],[121.13608,30.7793264],[121.1359942,30.7788425],[121.1367076,30.7787457],[121.1367988,30.7792251],[121.1364072,30.7793495],[121.1367935,30.7804418],[121.1379844,30.7801791],[121.1381131,30.7804095],[121.1384886,30.7803865],[121.1385917,30.7806443],[121.1387944,30.7811515],[121.1391699,30.7817138],[121.1404626,30.7815255],[121.1426755,30.7816165],[121.1462543,30.781198],[121.1475143,30.781198],[121.1484037,30.7809343],[121.1497807,30.7799025],[121.150786,30.7795152],[121.151093,30.779406],[121.151787,30.7794555],[121.1529036,30.7797699],[121.1531895,30.7797335],[121.1544283,30.7790512],[121.1562494,30.778842],[121.1563024,30.7767679],[121.1562247,30.7755276],[121.1562891,30.7754192],[121.1567022,30.7755414],[121.1587031,30.7774126],[121.1587922,30.7774177],[121.1594327,30.7774541],[121.1609717,30.7773956],[121.1619882,30.777714],[121.1643773,30.7780613],[121.1647528,30.7781835],[121.1649258,30.7789566],[121.1651779,30.7791409],[121.1654301,30.7791916],[121.1663367,30.7783667],[121.1660416,30.7780256],[121.1662777,30.7778412],[121.1657332,30.7773135],[121.166414,30.7770772],[121.1671896,30.7768273],[121.1676528,30.7771227],[121.168182,30.776689],[121.169448,30.7758732],[121.1698504,30.7753801],[121.1697753,30.7746703],[121.169845,30.7746011],[121.1700676,30.7745597],[121.1705455,30.7747553],[121.1716367,30.7752141],[121.1724628,30.7755644],[121.1727827,30.7757536],[121.1737145,30.7760174],[121.1741804,30.7760766],[121.1747574,30.7762312],[121.1752921,30.7764677],[121.1760702,30.7764971],[121.177036,30.776748],[121.177927,30.7772755],[121.1782349,30.7774495],[121.1785032,30.7773112],[121.1789077,30.7772047],[121.1804201,30.7780345],[121.1805232,30.7780998],[121.1807046,30.7782146],[121.1813934,30.7790315],[121.181618,30.7796876],[121.1816255,30.7805753],[121.1816554,30.7810577],[121.1819774,30.7813536],[121.1824341,30.7816108],[121.1828758,30.7817073],[121.1832951,30.7817523],[121.1838042,30.7814758],[121.184683,30.7810029],[121.1849351,30.781049],[121.1851282,30.7813209],[121.1855627,30.78245],[121.1863347,30.783206],[121.1864103,30.7830814],[121.1867316,30.7821318],[121.1871358,30.781405],[121.1878246,30.7805174],[121.1886152,30.7793349],[121.1890121,30.7787815],[121.1912505,30.7766912],[121.1925383,30.7755526],[121.1935396,30.7760345],[121.19406,30.7760899],[121.1959523,30.7759],[121.1963791,30.7759193],[121.1965138,30.7759901],[121.1960272,30.7775532],[121.1957277,30.7782093],[121.1959074,30.7786917],[121.1954282,30.7794507],[121.194964,30.7804155],[121.1948724,30.78142],[121.194793,30.7829846],[121.194306,30.783776],[121.1954866,30.7841807],[121.1951213,30.7849539],[121.1950207,30.7854178],[121.1972759,30.7865912],[121.1981946,30.7871588],[121.1983716,30.786956],[121.1997396,30.7873892],[121.2016761,30.787933],[121.2017566,30.7881773],[121.2020194,30.788251],[121.2048094,30.7882456],[121.2063023,30.7879181],[121.2067576,30.7878817],[121.2075305,30.7883183],[121.2083034,30.7882819],[121.2102622,30.7883183],[121.2121099,30.7882971],[121.214379,30.7882971],[121.2143576,30.788168],[121.2130219,30.7879468],[121.2137192,30.7866749],[121.2146955,30.7869975],[121.2152588,30.785827],[121.2152159,30.7856288],[121.2152481,30.7854398],[121.2159079,30.7855597],[121.2159296,30.78529],[121.215961,30.7849009],[121.2155002,30.7835227],[121.2152052,30.7828913],[121.2160168,30.782606],[121.2161863,30.7822148],[121.216668,30.7813961],[121.217208,30.7803546],[121.2173037,30.7801474],[121.2177374,30.7792084],[121.2180392,30.7787445],[121.2184124,30.7781009],[121.2195772,30.7787526],[121.2196737,30.7790568],[121.2202048,30.7793748],[121.2203758,30.7792281],[121.2209719,30.7785867],[121.2215886,30.7772084],[121.2219865,30.7754722],[121.2232094,30.7752312],[121.2235164,30.7750174],[121.2237829,30.774411],[121.2219214,30.7734708],[121.2223623,30.7729959],[121.2236351,30.7718251],[121.2244437,30.770693],[121.2249577,30.7695668],[121.2254067,30.7680772],[121.2255746,30.7675203],[121.2258106,30.7670132],[121.2259398,30.7666839],[121.2263154,30.7657266],[121.2264082,30.7642916],[121.2264352,30.7638738],[121.2266448,30.762021],[121.2273186,30.7601553],[121.2274307,30.7592899],[121.2281925,30.7593544],[121.2282676,30.7591977],[121.2283319,30.7591651],[121.228745,30.7586629],[121.2281174,30.7580176],[121.230794,30.7568145],[121.2314059,30.7565033],[121.2322343,30.756082],[121.2314878,30.7554178],[121.2319219,30.755213],[121.2326313,30.7558682],[121.2342704,30.7549566],[121.2340021,30.7545786],[121.2343347,30.7543573],[121.2347317,30.754763],[121.2373174,30.7535966],[121.2365985,30.7529051],[121.2370867,30.7525686],[121.2372637,30.7526331],[121.2377036,30.7524856],[121.2383795,30.7531264],[121.2400903,30.7524287],[121.2421359,30.7512409],[121.2422325,30.7511848],[121.2434395,30.7503014],[121.2434997,30.7502631],[121.245938,30.7492124],[121.2460824,30.7491413],[121.2516135,30.7464185],[121.2521929,30.7460082],[121.2525834,30.7456398],[121.2534313,30.7448397],[121.2548375,30.742767],[121.2572901,30.7401945],[121.2589869,30.7389102],[121.2608645,30.7369968],[121.2613097,30.7370198],[121.2616171,30.7365524],[121.2616584,30.7364896],[121.2621895,30.7366417],[121.2619803,30.7371351],[121.2634394,30.7375224],[121.2641481,30.7370414],[121.2650433,30.7351201],[121.2669316,30.7356319],[121.2669477,30.7355028],[121.2659714,30.7352354],[121.2661431,30.7347651],[121.2652955,30.7345023],[121.2657085,30.7336999],[121.2648663,30.7333956],[121.2650594,30.7327824],[121.2644801,30.732644],[121.2646035,30.7323351],[121.2643245,30.7322475],[121.2643889,30.7320723],[121.2654832,30.7323627],[121.2657461,30.7317126],[121.2655101,30.7315927],[121.266127,30.7303062],[121.265671,30.7301494],[121.2657568,30.7300065],[121.2647805,30.7296284],[121.2648556,30.7293471],[121.2658212,30.7296284],[121.2660143,30.7294577],[121.2666151,30.7296837],[121.2668887,30.7289044],[121.2653491,30.7283188],[121.2654564,30.7281205],[121.2657622,30.7282312],[121.2661967,30.7277285],[121.2661109,30.7272812],[121.2687394,30.7245421],[121.2658266,30.7230341],[121.265553,30.7230526],[121.2647322,30.7226099],[121.2650541,30.7218628],[121.2653464,30.7213901],[121.2654215,30.7210396],[121.2656093,30.7207168],[121.2652203,30.7204109],[121.2654149,30.7200923],[121.2654224,30.7196],[121.2634833,30.7185637],[121.2619852,30.7178164],[121.2623446,30.7167737],[121.2636715,30.7147489],[121.2627345,30.7144075],[121.2626365,30.7139091],[121.261493,30.7134721],[121.2620012,30.7125345],[121.2608259,30.7120703],[121.2618636,30.7106866],[121.2615883,30.7097399],[121.261893,30.7089662],[121.2628361,30.7092472],[121.2631254,30.7091643],[121.2631361,30.7085147],[121.261968,30.7080816],[121.2621073,30.7077085],[121.2610731,30.7073537],[121.2610999,30.707151],[121.2609285,30.7070865],[121.2612714,30.7062664],[121.2618287,30.7065198],[121.2615179,30.7072708],[121.2623699,30.7075518],[121.2624181,30.7074366],[121.2631683,30.7075748],[121.2630954,30.706577],[121.2635306,30.7054673],[121.2634555,30.7054027],[121.2635896,30.7051583],[121.2639383,30.7052044],[121.2639651,30.7050291],[121.2640992,30.7050384],[121.2641314,30.7049184],[121.2647966,30.7049277],[121.2648663,30.7048493],[121.2650326,30.7048862],[121.2650594,30.704697],[121.2651882,30.7047109],[121.2652525,30.7045079],[121.2653414,30.7044978],[121.2654993,30.7044941],[121.2655637,30.7042819],[121.2656549,30.7042681],[121.2657246,30.7040467],[121.266304,30.7042081],[121.2664327,30.703936],[121.2658963,30.7037838],[121.2659231,30.7035624],[121.2656871,30.7034748],[121.2657461,30.7032995],[121.2660089,30.7033641],[121.2660827,30.7031992],[121.2657756,30.7031173],[121.2658238,30.7029827],[121.2662463,30.7018016],[121.2656455,30.7007222],[121.2666862,30.6998505],[121.2670295,30.6993892],[121.2679109,30.6920092],[121.2685309,30.6917378],[121.2687826,30.6912333],[121.2743559,30.6800638],[121.3506882,30.6693672],[121.422271,30.6714343],[121.5062556,30.6785906],[121.5226755,30.6803212],[121.8431847,30.7140949],[121.8495682,30.7175491],[121.9599145,30.7772393],[122.1720879,30.8656896],[122.4247735,30.8774768],[122.6815789,30.9240222],[122.7783959,30.9493475],[123.225706,30.9493475],[123.188281,30.9776097],[122.9954823,31.1230727],[122.4463927,31.5361284],[122.4453757,31.5388527],[122.3844852,31.7018827],[122.0196526,31.7018827],[121.9228356,31.682018],[121.8740838,31.6340915],[121.8109124,31.6463677],[121.7293867,31.6709914],[121.6406243,31.6977933],[121.6330532,31.6964831],[121.6244037,31.6995855],[121.6219966,31.7004693],[121.6178817,31.701965],[121.6071588,31.7066138],[121.598574,31.7091365],[121.5977306,31.7092118],[121.5958025,31.7049619],[121.5885847,31.7075285],[121.5890562,31.709124],[121.5792664,31.7119913],[121.5749529,31.7132312],[121.5604209,31.7195898],[121.5535426,31.7252826],[121.5466069,31.7304966],[121.5462747,31.7293845],[121.5400482,31.7334088],[121.535799,31.7358105],[121.5360508,31.7377928],[121.5247499,31.7407413],[121.5246213,31.7416618],[121.5106315,31.7449127],[121.503477,31.749996],[121.5033377,31.7501965],[121.4980543,31.7532676],[121.4948928,31.7551539],[121.4912813,31.7554091],[121.4837527,31.7562383],[121.4831444,31.7566649],[121.4776307,31.7573887],[121.4775238,31.7574047],[121.4621851,31.759619],[121.461571,31.7595372],[121.4600632,31.7593365],[121.4511896,31.7615781],[121.4468572,31.7630682],[121.443526,31.7653769],[121.4427019,31.765948],[121.4326142,31.769624],[121.4288365,31.7708856],[121.4266655,31.7717337],[121.4259269,31.7721159],[121.4222614,31.775611],[121.4179763,31.7796469],[121.4142395,31.7844586],[121.4139267,31.7848613],[121.412592,31.7865079],[121.4108051,31.7890727],[121.4087646,31.7923033],[121.408396,31.7928869],[121.4062215,31.7973397],[121.4117398,31.7993415],[121.4110889,31.8005977],[121.4104686,31.8018389],[121.410133,31.802477],[121.4095582,31.8036678],[121.4090395,31.8047066],[121.4087694,31.805091],[121.4081914,31.8059135],[121.4067623,31.8080338],[121.4066039,31.8082815],[121.4064538,31.8085162],[121.405921,31.8088066],[121.4008139,31.8115905],[121.4002213,31.8122938],[121.396458,31.8167598],[121.394677,31.8188384],[121.39286,31.8208696],[121.3918231,31.8218194],[121.3905771,31.8232311],[121.3896111,31.8242901],[121.3814799,31.8351105],[121.3724898,31.8403786],[121.3695715,31.8437327],[121.3280295,31.8629795],[121.3055416,31.8714353],[121.2904354,31.8720185],[121.2811657,31.8702691],[121.2380188,31.8545346],[121.2203973,31.8481077],[121.1713021,31.8198148],[121.1517332,31.8018715],[121.1347382,31.7883031],[121.1028097,31.7684565],[121.0959542,31.7655101],[121.1240033,31.7410078],[121.1804139,31.7041676],[121.2331005,31.6697462],[121.2584396,31.6497056],[121.2939579,31.6114596],[121.3207615,31.5822618],[121.3271928,31.5800435],[121.3355502,31.5750253],[121.3381063,31.5735009],[121.3614148,31.5595995],[121.3829396,31.5459058],[121.3373634,31.5145597],[121.3319581,31.510622],[121.3315592,31.5103314],[121.325294,31.5063472],[121.3249694,31.5061824],[121.3247726,31.5060087],[121.3241649,31.505832],[121.323975,31.5065297],[121.323754,31.5065209],[121.3222727,31.5062589],[121.3225454,31.5053375],[121.3211332,31.5049636],[121.3208435,31.5061205],[121.3199696,31.5059733],[121.3202354,31.5048017],[121.3184189,31.5043997],[121.3184537,31.5041481],[121.3186022,31.5033974],[121.3187645,31.5028763],[121.3191797,31.5013807],[121.3188404,31.501299],[121.3187036,31.5012898],[121.317936,31.5012933],[121.3178327,31.5019998],[121.3170469,31.5019383],[121.3171325,31.5012634],[121.3170225,31.5012408],[121.3161751,31.5010909],[121.3159498,31.501073],[121.3158504,31.5016059],[121.3154374,31.501552],[121.315268,31.5023839],[121.3152579,31.5025568],[121.3152623,31.5027397],[121.3152999,31.5028678],[121.3153723,31.5030805],[121.3154098,31.5032497],[121.3155014,31.5039336],[121.3154876,31.5044251],[121.3154136,31.5047705],[121.3163781,31.504926],[121.3163674,31.5050014],[121.3175977,31.5051916],[121.3174452,31.5057241],[121.3172744,31.5057118],[121.3171756,31.5061834],[121.3166533,31.5061134],[121.3161405,31.5060343],[121.3160285,31.5069171],[121.3154325,31.5069044],[121.3154232,31.5071144],[121.3154554,31.5072082],[121.3155091,31.5072768],[121.3155735,31.5073523],[121.3156003,31.5074049],[121.3156137,31.5074757],[121.315611,31.5075203],[121.3155976,31.5075604],[121.3155493,31.5076335],[121.3155305,31.5076964],[121.3155265,31.5077524],[121.315535,31.5078453],[121.3122442,31.5077127],[121.3121095,31.5075808],[121.312049,31.5075123],[121.3120142,31.5074231],[121.3119814,31.5072728],[121.3119927,31.5071076],[121.3117969,31.5070504],[121.3119697,31.506184],[121.312158,31.5061917],[121.3121054,31.5057584],[121.3120705,31.505564],[121.3120303,31.5054039],[121.3119134,31.5051393],[121.3117731,31.5048194],[121.3114605,31.5041545],[121.3110278,31.5034446],[121.3107964,31.5030599],[121.3105795,31.5029739],[121.3090077,31.502562],[121.3086966,31.5035941],[121.309171,31.503721],[121.3090488,31.5041088],[121.3086091,31.504006],[121.3084137,31.5046382],[121.3075605,31.5044323],[121.3075372,31.5046894],[121.3074893,31.5049008],[121.3074571,31.5050151],[121.3074059,31.5051567],[121.3073391,31.5053879],[121.3072425,31.5055045],[121.3071513,31.5055914],[121.3070617,31.5057299],[121.3075447,31.5058707],[121.3074705,31.5061425],[121.3074544,31.5062386],[121.3074611,31.5062717],[121.3075134,31.5063049],[121.3073759,31.5067686],[121.3067302,31.5065971],[121.3065961,31.5067097],[121.3065666,31.5067531],[121.3065498,31.506792],[121.3065425,31.5068332],[121.3065357,31.5069029],[121.3065297,31.5069492],[121.3065103,31.5070024],[121.3064637,31.5070681],[121.3063842,31.5072082],[121.3063399,31.5072688],[121.3062308,31.507347],[121.3061978,31.5073888],[121.3061804,31.5074312],[121.306179,31.5074883],[121.3062037,31.5076323],[121.3062082,31.5078179],[121.3049768,31.5074854],[121.3048582,31.5075785],[121.3040129,31.5072034],[121.3043748,31.5065979],[121.3038724,31.506387],[121.3036365,31.5068413],[121.3032899,31.5074259],[121.3031167,31.5073466],[121.3030502,31.5073019],[121.3029738,31.507175],[121.3029064,31.5071154],[121.3027927,31.5070481],[121.3026988,31.5069727],[121.3025662,31.5068569],[121.3024537,31.5067883],[121.3023677,31.5067656],[121.3019559,31.507355],[121.3013126,31.5070817],[121.3012075,31.5071739],[121.3009171,31.5076888],[121.3005566,31.5075193],[121.3009543,31.5067952],[121.3005592,31.5065963],[121.3013082,31.5055004],[121.3012665,31.5054588],[121.3012317,31.5054005],[121.3011861,31.5053124],[121.3010902,31.5052191],[121.3009661,31.5051272],[121.3007998,31.5050311],[121.3005397,31.5049031],[121.3000602,31.5047213],[121.3000166,31.5046767],[121.3000019,31.5046229],[121.3000032,31.5045646],[121.3001807,31.5041681],[121.3001628,31.5041118],[121.3001253,31.5040752],[121.3000649,31.5040387],[121.2992291,31.5037163],[121.2989206,31.5042458],[121.2988794,31.5042902],[121.2988257,31.5043096],[121.298764,31.5043131],[121.2984028,31.5042285],[121.2982092,31.5046543],[121.2976411,31.5044773],[121.2978323,31.5040067],[121.2978573,31.5039451],[121.2977261,31.5039051],[121.2964744,31.5035237],[121.2968704,31.5028403],[121.297144,31.502431],[121.2973853,31.5022265],[121.2975274,31.5020762],[121.29788,31.5014712],[121.2977878,31.5010164],[121.2977019,31.5009971],[121.2975651,31.5010085],[121.2974444,31.5010428],[121.2973773,31.5010863],[121.2973146,31.5011493],[121.2965313,31.5022995],[121.295578,31.5017533],[121.2964208,31.5006637],[121.2972645,31.5011073],[121.2974822,31.5008173],[121.2978278,31.5009486],[121.2980131,31.5005839],[121.2967967,31.4999705],[121.2962997,31.5006158],[121.295668,31.5003517],[121.2965451,31.4986763],[121.2960416,31.4985112],[121.2963176,31.4962877],[121.2952501,31.4961431],[121.2945583,31.496032],[121.293456,31.4959543],[121.2933741,31.4959451],[121.2933205,31.4959188],[121.2932937,31.4958788],[121.2932974,31.4955394],[121.2938479,31.4955338],[121.2938071,31.4932596],[121.2937242,31.4932235],[121.2936169,31.4932097],[121.2925321,31.4932747],[121.2924949,31.4928294],[121.2918197,31.4928065],[121.2914714,31.4926557],[121.2914228,31.4924047],[121.2904894,31.4919838],[121.2902105,31.4918786],[121.2899047,31.4918054],[121.2897411,31.4917437],[121.2889713,31.4914166],[121.2888868,31.4914098],[121.2888184,31.4914212],[121.2887567,31.4914669],[121.288695,31.491547],[121.2885341,31.4918855],[121.2884791,31.4919518],[121.2884463,31.4919684],[121.2884027,31.4919633],[121.2883759,31.491945],[121.2883021,31.4918461],[121.2881774,31.4916613],[121.2881371,31.4916282],[121.2880822,31.4916099],[121.2880138,31.4916202],[121.2877603,31.4917505],[121.2877402,31.4917929],[121.2877536,31.4918352],[121.2878099,31.4919175],[121.2878086,31.4919816],[121.2877858,31.4920433],[121.2874612,31.492391],[121.2873244,31.4926242],[121.2868891,31.4931955],[121.2868255,31.4932509],[121.2867343,31.4933012],[121.2866592,31.4933104],[121.2865734,31.4932921],[121.2864742,31.4932189],[121.2864313,31.4931594],[121.2864071,31.4931],[121.2863481,31.4928209],[121.2862971,31.4926471],[121.2862328,31.4925488],[121.2861013,31.4924184],[121.2859994,31.4922309],[121.2859726,31.4921668],[121.2859189,31.4920982],[121.285817,31.4920296],[121.285412,31.4918466],[121.2853181,31.4917871],[121.2852788,31.4917267],[121.2852484,31.4916716],[121.2852457,31.4916179],[121.2852806,31.4915195],[121.2853262,31.4914647],[121.2856749,31.4912451],[121.2857097,31.4911719],[121.2857205,31.4910918],[121.2856668,31.4909775],[121.2853206,31.490504],[121.2841889,31.4911239],[121.2837973,31.4906344],[121.2830758,31.4910735],[121.2830557,31.4911159],[121.2830651,31.4911925],[121.2830195,31.4912702],[121.2829632,31.4913274],[121.282475,31.4916682],[121.2821853,31.4913938],[121.2813914,31.4918969],[121.2813404,31.4919267],[121.2812667,31.4919518],[121.2811875,31.4919621],[121.2811178,31.4919564],[121.2810454,31.4919324],[121.2809877,31.4919289],[121.2809341,31.491945],[121.2808952,31.4919976],[121.2807906,31.4921851],[121.2807584,31.4922148],[121.2807101,31.4922377],[121.2806109,31.4922469],[121.2804687,31.4922331],[121.2803882,31.4922469],[121.2798419,31.4924247],[121.2794701,31.4915876],[121.2787655,31.4917643],[121.2784895,31.4918818],[121.2783605,31.4919289],[121.2782398,31.4919427],[121.2781325,31.4919152],[121.2779581,31.4918558],[121.2773619,31.4915624],[121.2772943,31.4915333],[121.2772393,31.491531],[121.2772071,31.491547],[121.2771817,31.491587],[121.2771454,31.4916979],[121.2770175,31.4921352],[121.276719,31.4927889],[121.2766854,31.4928198],[121.2766439,31.4928312],[121.2765808,31.4928312],[121.2753132,31.4922728],[121.2756206,31.4917318],[121.2756568,31.4916682],[121.2757591,31.4913069],[121.2759682,31.490568],[121.2757802,31.4904194],[121.275512,31.4903005],[121.2751847,31.4901724],[121.2748307,31.4901129],[121.2747127,31.4903234],[121.2729728,31.4895297],[121.2733662,31.4890105],[121.2718052,31.4883838],[121.2721056,31.4878394],[121.2716295,31.4877284],[121.2717711,31.4872433],[121.2711936,31.4871075],[121.2712312,31.4869291],[121.2703399,31.4866934],[121.2702037,31.4870804],[121.2701368,31.4871212],[121.2700483,31.4871235],[121.2699813,31.4871052],[121.2693,31.4868239],[121.2690586,31.4867438],[121.2688708,31.4867118],[121.2687555,31.4867026],[121.2686187,31.4867049],[121.2685195,31.4866844],[121.2683853,31.4866386],[121.2681952,31.4865438],[121.2677067,31.4863161],[121.2675995,31.4862681],[121.2674895,31.4862429],[121.2673768,31.4862452],[121.2672293,31.4862612],[121.2669986,31.4868673],[121.2667465,31.4868193],[121.2666326,31.4871907],[121.2663978,31.4871601],[121.2662181,31.4871098],[121.2658789,31.4870566],[121.2658668,31.4877342],[121.2658721,31.4879492],[121.2658882,31.4881413],[121.2660318,31.4888509],[121.2648636,31.4887635],[121.2648328,31.4889968],[121.2648033,31.4890562],[121.2647443,31.4890963],[121.2646759,31.4891157],[121.2646168,31.4891157],[121.2645914,31.4895285],[121.2645726,31.4895594],[121.2645297,31.4895754],[121.2641448,31.4895571],[121.2641045,31.4895308],[121.2640965,31.4895],[121.2640992,31.489182],[121.2640925,31.4891329],[121.264071,31.4891066],[121.2640268,31.4890917],[121.263662,31.4890722],[121.2635949,31.4890482],[121.2635732,31.4890068],[121.2635976,31.4888435],[121.263603,31.488704],[121.2635735,31.4885965],[121.2635091,31.4884821],[121.2634957,31.4881688],[121.2628412,31.4881047],[121.2628093,31.4879174],[121.2629057,31.4876547],[121.2628575,31.4872548],[121.2629915,31.4868801],[121.2630156,31.4863889],[121.2632728,31.485555],[121.2626645,31.4853567],[121.2608825,31.4850127],[121.2601697,31.4849071],[121.2601161,31.4848842],[121.2600893,31.4848454],[121.2600812,31.4847813],[121.2601161,31.4845892],[121.2601107,31.4845045],[121.2600732,31.4844268],[121.2598398,31.4841935],[121.2584888,31.4837767],[121.2584209,31.4836171],[121.2583619,31.4835347],[121.2582466,31.4834272],[121.2580615,31.4833014],[121.2575036,31.4830361],[121.2574232,31.4829789],[121.2573588,31.4829194],[121.257289,31.482805],[121.2572443,31.4826248],[121.2572193,31.4815538],[121.2570083,31.4808369],[121.2566346,31.480099],[121.2527293,31.479836],[121.2527668,31.480433],[121.2525174,31.4804604],[121.2525013,31.4805359],[121.2525013,31.4806183],[121.2525523,31.4806892],[121.2531316,31.4806663],[121.2533569,31.4813137],[121.2533301,31.4813914],[121.2532443,31.4814532],[121.2530914,31.4814944],[121.252622,31.4815035],[121.2525389,31.4815493],[121.2523484,31.481611],[121.2521848,31.4816453],[121.2517181,31.4816362],[121.2517047,31.4815653],[121.2515679,31.4815698],[121.2515303,31.4811192],[121.251533,31.4810323],[121.2515652,31.480879],[121.2515545,31.4806755],[121.2516564,31.4806434],[121.2517878,31.4806366],[121.2518214,31.4798176],[121.2514767,31.4797788],[121.2514284,31.4800579],[121.2514177,31.4800899],[121.2513868,31.4801185],[121.2513453,31.4801265],[121.2506828,31.4800441],[121.2506345,31.4796347],[121.2500994,31.479538],[121.2500069,31.4795455],[121.2499344,31.4795889],[121.2498881,31.4800596],[121.2503006,31.4800674],[121.2502663,31.4811892],[121.2507659,31.4811947],[121.2508169,31.4819038],[121.2507078,31.4818983],[121.2508445,31.4841902],[121.250896,31.4850017],[121.2499584,31.4855352],[121.2498969,31.4846692],[121.2490654,31.4846784],[121.2490788,31.4845549],[121.2490815,31.4844611],[121.2490842,31.4843513],[121.2491494,31.484246],[121.2491539,31.4841523],[121.2490625,31.4838924],[121.2490118,31.4838366],[121.2488964,31.4837909],[121.2487623,31.4837589],[121.2484348,31.4837638],[121.2484136,31.4834112],[121.248588,31.4833975],[121.2485826,31.4829835],[121.2488077,31.4829663],[121.2488426,31.4835033],[121.2490355,31.4835193],[121.2490864,31.4834667],[121.2490301,31.4829161],[121.2490346,31.4818635],[121.2486194,31.4818516],[121.2477136,31.481842],[121.2469196,31.4816682],[121.2465227,31.4815859],[121.246038,31.4815505],[121.2460284,31.4809741],[121.2457609,31.4809545],[121.2457716,31.4808173],[121.245541,31.4807853],[121.2455102,31.4807116],[121.2456357,31.4799951],[121.2445532,31.4795513],[121.2442803,31.4793442],[121.2442146,31.4793167],[121.2441502,31.4793087],[121.2440899,31.4793121],[121.2439772,31.4793396],[121.2438834,31.479351],[121.2437841,31.4793396],[121.2436932,31.4793075],[121.2427561,31.4788971],[121.2426549,31.4791131],[121.2426093,31.4792321],[121.2425946,31.4792927],[121.2425986,31.4793522],[121.2426147,31.4794014],[121.2426777,31.4794711],[121.2426978,31.4795192],[121.2427005,31.4795683],[121.2426817,31.4796187],[121.2426335,31.4796644],[121.2425664,31.4797079],[121.2425436,31.4797456],[121.2425315,31.4797925],[121.2425369,31.4798611],[121.2425664,31.4800693],[121.2425651,31.4801208],[121.2425474,31.4801756],[121.2425128,31.4802294],[121.2424725,31.4802957],[121.2424323,31.4803895],[121.2423988,31.4804801],[121.2423599,31.4806114],[121.2418498,31.4805216],[121.2417427,31.481223],[121.2414375,31.4811599],[121.2412199,31.4820525],[121.2413111,31.4820937],[121.2414345,31.4821211],[121.2415177,31.4821325],[121.2416518,31.4821257],[121.2420326,31.4820708],[121.2420702,31.482144],[121.242089,31.4822538],[121.242097,31.4823453],[121.2420782,31.4824253],[121.24203,31.4824985],[121.2420005,31.4825466],[121.2419817,31.4826175],[121.2420005,31.4827387],[121.2419978,31.4828462],[121.2419922,31.4829257],[121.2439116,31.4830658],[121.2437946,31.4838755],[121.2418913,31.4838453],[121.2418127,31.4838343],[121.2417617,31.4838069],[121.2417322,31.4837612],[121.2416929,31.4836257],[121.2399708,31.4832341],[121.2398904,31.4842899],[121.2395192,31.4857556],[121.2391412,31.4857854],[121.2392861,31.4868879],[121.2390232,31.4869337],[121.2390661,31.487263],[121.2388033,31.4871898],[121.2386212,31.4877602],[121.2392402,31.4892543],[121.2385619,31.4904011],[121.2379716,31.4920683],[121.2375963,31.4920822],[121.2373522,31.4920959],[121.2372181,31.4921096],[121.2370867,31.4921371],[121.2369928,31.4921782],[121.2368265,31.4923132],[121.2367111,31.4924687],[121.2366119,31.4926677],[121.2365743,31.4928347],[121.2365609,31.4929536],[121.2365742,31.4930646],[121.2372637,31.4947558],[121.2373093,31.4949114],[121.2373388,31.4950623],[121.2373415,31.4951469],[121.2373388,31.4952453],[121.2373267,31.4953345],[121.2372985,31.4954259],[121.2372395,31.4955243],[121.237143,31.4956089],[121.2370297,31.4956672],[121.2369257,31.4956958],[121.236746,31.4957027],[121.2365931,31.4956867],[121.2363517,31.4956409],[121.2360755,31.4955517],[121.2357804,31.4954328],[121.2354183,31.4952361],[121.2344795,31.4945729],[121.2334736,31.4939405],[121.2333262,31.4938753],[121.2331331,31.4938135],[121.2329587,31.4937907],[121.2327254,31.4937815],[121.2325403,31.4937952],[121.2323901,31.4938433],[121.2322801,31.4939096],[121.2318993,31.4942938],[121.2316847,31.4944631],[121.2312502,31.4949571],[121.2311375,31.4950532],[121.2309766,31.4951446],[121.2308049,31.4952155],[121.2306493,31.495243],[121.230534,31.4952418],[121.2304643,31.4952315],[121.230298,31.4951812],[121.2302376,31.4951526],[121.2301934,31.4951149],[121.2301102,31.4950051],[121.2300539,31.4948999],[121.2300217,31.4947741],[121.2300205,31.494613],[121.2303275,31.4936672],[121.2304294,31.4932784],[121.2305045,31.4929124],[121.2305313,31.492638],[121.2306064,31.4914898],[121.2306306,31.4912542],[121.2306762,31.4910141],[121.2308284,31.4903845],[121.230821,31.4902227],[121.2307727,31.4900352],[121.2306815,31.4898659],[121.2304509,31.4896463],[121.2303516,31.489612],[121.2302518,31.4896196],[121.2290025,31.4899437],[121.2287906,31.4899665],[121.2286216,31.4899574],[121.2284017,31.4898934],[121.2281978,31.489779],[121.2279633,31.4895528],[121.2241728,31.4846562],[121.2240457,31.4843444],[121.224035,31.4841111],[121.2241155,31.4839968],[121.224271,31.4838687],[121.2247109,31.4836582],[121.2263417,31.483155],[121.2250783,31.4822353],[121.222274,31.481034],[121.2218785,31.4796781],[121.2216532,31.4790377],[121.2215298,31.4788272],[121.2213421,31.4786076],[121.2209558,31.4783148],[121.220473,31.4781318],[121.2201673,31.4780723],[121.2197435,31.4780129],[121.219368,31.47799],[121.2189066,31.4779946],[121.2185955,31.4780449],[121.2182414,31.4781318],[121.2175994,31.4784161],[121.2168516,31.4786339],[121.2136598,31.4771863],[121.2131131,31.4779122],[121.2130487,31.4779602],[121.2129495,31.4779831],[121.2127966,31.4779854],[121.2126034,31.4779717],[121.2122494,31.4779031],[121.2117773,31.4778436],[121.2107956,31.4778253],[121.2100285,31.4778344],[121.2094223,31.4778756],[121.2091917,31.4779259],[121.2090871,31.4779717],[121.2090093,31.4780403],[121.2089717,31.4781181],[121.2089765,31.4781792],[121.2090173,31.4782622],[121.2090951,31.4783377],[121.2093741,31.4785481],[121.2100017,31.4790011],[121.210227,31.4792252],[121.210404,31.4794585],[121.2105435,31.4797056],[121.2105918,31.4799252],[121.2105811,31.4801951],[121.2105161,31.4804356],[121.2102753,31.4809454],[121.210219,31.4810071],[121.2101251,31.481062],[121.2099749,31.4810941],[121.2097791,31.4810918],[121.2096611,31.4810735],[121.2095672,31.4810506],[121.2092382,31.4809177],[121.2078023,31.4800441],[121.207239,31.4797788],[121.2067938,31.4796004],[121.206311,31.4794357],[121.2050933,31.4790651],[121.204707,31.4789324],[121.2043422,31.4787677],[121.2038487,31.4784887],[121.2033391,31.4781684],[121.1985201,31.474424],[121.1983556,31.474243],[121.1982161,31.4740279],[121.1981571,31.4739067],[121.1981356,31.4737809],[121.1981732,31.4734149],[121.1982375,31.4731129],[121.1983743,31.4724472],[121.1983962,31.4723052],[121.1983716,31.4721796],[121.1983234,31.4720903],[121.198259,31.472024],[121.1975604,31.4716537],[121.1964619,31.4713469],[121.1957645,31.4712279],[121.1952817,31.4710952],[121.1942142,31.4706011],[121.1936805,31.4703792],[121.1934203,31.4702808],[121.1931279,31.4701939],[121.1924895,31.4700651],[121.1921892,31.4700154],[121.1918485,31.4699788],[121.1913872,31.4699605],[121.1905133,31.4699502],[121.190215,31.4699376],[121.189971,31.4698942],[121.189802,31.4698393],[121.1889088,31.4693337],[121.1887291,31.4691873],[121.1885992,31.4690434],[121.1882114,31.4685101],[121.1879393,31.4681928],[121.1869723,31.4674028],[121.1864626,31.4670093],[121.1859906,31.4666845],[121.1856258,31.4664832],[121.1854327,31.4663367],[121.1839509,31.4648262],[121.1843667,31.4641174],[121.1818477,31.4629649],[121.1817093,31.4629016],[121.1810042,31.462579],[121.1814537,31.461662],[121.1814871,31.4615757],[121.1814871,31.4615002],[121.181463,31.4614156],[121.1813986,31.4612532],[121.1804391,31.4592218],[121.1803412,31.4588799],[121.1803311,31.4586129],[121.1803687,31.4583886],[121.1804438,31.4581461],[121.1805886,31.4578441],[121.1810467,31.4571422],[121.1811224,31.4569815],[121.1811473,31.4568675],[121.1811599,31.4567024],[121.1811304,31.4565354],[121.181058,31.4564164],[121.1809538,31.4563201],[121.1791147,31.4553609],[121.1781317,31.4548514],[121.1768994,31.4540513],[121.1762976,31.4537704],[121.1745793,31.4531709],[121.1733574,31.4527921],[121.1722388,31.4523544],[121.1708146,31.4517579],[121.1694096,31.4512553],[121.1689961,31.4511538],[121.1686313,31.4510851],[121.1681485,31.4510394],[121.1678159,31.451044],[121.1674672,31.4510943],[121.1670917,31.4511904],[121.1667001,31.4513414],[121.1659813,31.4517258],[121.1656272,31.451886],[121.1651707,31.4520343],[121.1648488,31.4520885],[121.1646536,31.4520942],[121.1645168,31.452069],[121.1644003,31.4520167],[121.1643231,31.4519181],[121.164152,31.4515977],[121.1639214,31.4512179],[121.1636317,31.450806],[121.1630849,31.4502878],[121.1613254,31.4522263],[121.158337,31.451044],[121.1573826,31.4504965],[121.1563783,31.4517943],[121.1428107,31.4459095],[121.1429078,31.4447585],[121.1420554,31.4434198],[121.1424369,31.442582],[121.1425388,31.4419275],[121.1428124,31.4419733],[121.1430306,31.4415364],[121.142799,31.4414126],[121.1425951,31.441344],[121.1424422,31.4413211],[121.1423323,31.4413188],[121.1422169,31.4413234],[121.1418146,31.4412478],[121.1418736,31.4410648],[121.1415919,31.4409534],[121.142374,31.4398074],[121.1417195,31.4394458],[121.1423618,31.4386551],[121.1426139,31.4383621],[121.1429179,31.4381066],[121.144191,31.4372591],[121.1450976,31.4367053],[121.1457145,31.4363666],[121.146319,31.4360817],[121.1470771,31.4357533],[121.1480159,31.4354237],[121.1489868,31.435117],[121.1500548,31.4348386],[121.1507249,31.4347051],[121.1512828,31.4345953],[121.1529833,31.4343023],[121.1540856,31.4341657],[121.1547589,31.434133],[121.1558108,31.4341365],[121.1566257,31.4341879],[121.1571461,31.4342428],[121.1578986,31.4343837],[121.1581278,31.4338446],[121.1584629,31.4332934],[121.1598659,31.4334372],[121.1598791,31.4331395],[121.1597966,31.431359],[121.1576958,31.4303777],[121.1576208,31.4303155],[121.1575806,31.4302332],[121.1575082,31.430089],[121.1574626,31.4300363],[121.1573821,31.4299906],[121.1569047,31.4298761],[121.1571246,31.4294413],[121.1563039,31.4291209],[121.1561054,31.4294916],[121.1547536,31.4288874],[121.1540776,31.4286082],[121.1529993,31.4282359],[121.1512828,31.4276744],[121.1511621,31.427727],[121.1510333,31.4277476],[121.1508697,31.4277385],[121.1507544,31.4277728],[121.1506471,31.4278346],[121.1505479,31.4278346],[121.1487937,31.4274135],[121.1486998,31.4273608],[121.1486703,31.427267],[121.1486757,31.4270152],[121.1487883,31.4260906],[121.1462188,31.4257976],[121.1461557,31.4257679],[121.1461383,31.4257106],[121.1461866,31.4253765],[121.1461383,31.4253284],[121.1460471,31.4252849],[121.1457172,31.4251934],[121.145677,31.425143],[121.1456689,31.4250675],[121.1456931,31.4249416],[121.1460739,31.423962],[121.1456931,31.4239574],[121.14528,31.4238979],[121.1448508,31.4237835],[121.1443734,31.4236736],[121.1440301,31.4236004],[121.1437511,31.4235042],[121.1434651,31.4233401],[121.1433622,31.423241],[121.1432281,31.4231769],[121.1430457,31.4231289],[121.1429233,31.4231063],[121.1426756,31.4230831],[121.1424798,31.4230762],[121.1422652,31.42309],[121.1420184,31.4231151],[121.1411949,31.4231077],[121.1413687,31.421922],[121.1432576,31.422044],[121.1433756,31.4212841],[121.144073,31.4214214],[121.1442966,31.4207364],[121.144073,31.4206706],[121.1444163,31.419485],[121.1440301,31.4194392],[121.1442018,31.4187525],[121.143837,31.4186793],[121.1439282,31.4182352],[121.1442129,31.4175584],[121.1444861,31.4175989],[121.1448616,31.4177088],[121.1452976,31.4172307],[121.1454946,31.4173837],[121.1451298,31.4177591],[121.1453873,31.417956],[121.1457628,31.4175485],[121.1459613,31.4176492],[121.1470717,31.416404],[121.1481875,31.4168069],[121.1485577,31.4163354],[121.148681,31.4163811],[121.1490297,31.4158684],[121.1499926,31.4162098],[121.1503386,31.4160424],[121.1506015,31.4155663],[121.1507168,31.415596],[121.1512023,31.4146221],[121.149603,31.4138813],[121.1508681,31.4121914],[121.1513793,31.4126454],[121.1515993,31.4127965],[121.1518085,31.4128972],[121.1520606,31.41303],[121.1522284,31.4131543],[121.1525595,31.4127873],[121.1530101,31.4130483],[121.153627,31.4126317],[121.1537451,31.4125195],[121.1538041,31.412444],[121.1538577,31.4123661],[121.154033,31.4119548],[121.1529028,31.4113086],[121.1536017,31.4103524],[121.1528009,31.4098802],[121.1540513,31.4081329],[121.1536438,31.4078846],[121.1524516,31.4096858],[121.1497673,31.4081498],[121.1496681,31.4081724],[121.1496037,31.4081747],[121.1493435,31.4080282],[121.1492282,31.4080053],[121.149137,31.4080351],[121.1488044,31.4083739],[121.1479515,31.4077878],[121.1486649,31.4068355],[121.1481929,31.4065608],[121.1489368,31.405579],[121.1485282,31.4053315],[121.1484182,31.4052903],[121.1482841,31.4052651],[121.1479542,31.405217],[121.1475921,31.4051346],[121.1473936,31.4050705],[121.1470664,31.4049194],[121.1466908,31.4047111],[121.1461919,31.4044776],[121.1454081,31.404188],[121.1461973,31.4031681],[121.1453444,31.4026232],[121.145162,31.4028201],[121.1445129,31.402669],[121.1443251,31.4025591],[121.1442232,31.4024447],[121.1441535,31.4022936],[121.1441481,31.402115],[121.144191,31.401941],[121.1442661,31.4017716],[121.1443949,31.401593],[121.1445612,31.4014923],[121.1447865,31.4014099],[121.1450386,31.4014007],[121.1455911,31.4013824],[121.1457521,31.4013504],[121.1458808,31.4012862],[121.1460175,31.4011267],[121.1463887,31.4013126],[121.1472005,31.4009337],[121.1475652,31.4007688],[121.1476511,31.4006681],[121.1477154,31.4005536],[121.1477208,31.4003705],[121.1476912,31.4002],[121.14735,31.3999683],[121.1447945,31.4002423],[121.1447247,31.4003273],[121.1428418,31.3994783],[121.1427963,31.3994044],[121.1428124,31.3993403],[121.1430055,31.3990564],[121.1427158,31.3988366],[121.1428124,31.3986076],[121.1431986,31.3979895],[121.1438906,31.3971378],[121.1439657,31.3970668],[121.1440623,31.3970279],[121.1441749,31.3970233],[121.1444961,31.3965827],[121.1412942,31.3953795],[121.1411172,31.3958145],[121.1410475,31.3958832],[121.140959,31.3959061],[121.1408436,31.3958969],[121.1401302,31.3957183],[121.1400041,31.3956588],[121.1399639,31.395581],[121.1401838,31.3950361],[121.1398995,31.3950269],[121.139524,31.3949445],[121.1392236,31.3948025],[121.1388534,31.3946102],[121.138547,31.3944388],[121.1395362,31.393185],[121.1399746,31.3927282],[121.1402857,31.3929251],[121.1398405,31.3934105],[121.1401302,31.3935891],[121.1405218,31.3932731],[121.1407872,31.393414],[121.1417824,31.3923481],[121.1418682,31.3921329],[121.1417288,31.3920596],[121.1421633,31.3915697],[121.1414932,31.3911372],[121.1425334,31.389944],[121.1426461,31.389912],[121.1432898,31.3900402],[121.1434185,31.3900081],[121.1439872,31.3893304],[121.1441106,31.3891564],[121.1440998,31.3890327],[121.1439764,31.3889183],[121.1432362,31.3885427],[121.1431852,31.3884328],[121.1431932,31.3883275],[121.1434615,31.3874437],[121.1432898,31.387375],[121.142933,31.387297],[121.1407095,31.3866377],[121.1399585,31.3864591],[121.1389661,31.3861523],[121.1381078,31.3859508],[121.1335587,31.3847555],[121.1333495,31.3847326],[121.1330169,31.3854883],[121.1329043,31.385557],[121.1322284,31.3851906],[121.1324966,31.3849708],[121.1322176,31.3847968],[121.1323518,31.3843892],[121.1330399,31.3846225],[121.1334836,31.3835236],[121.1334997,31.3833771],[121.1334461,31.3832763],[121.1333006,31.3832084],[121.1304259,31.38231],[121.1266445,31.3809369],[121.1263114,31.3816185],[121.123656,31.3806659],[121.1236158,31.3805972],[121.1236292,31.3805148],[121.1239054,31.379911],[121.1232805,31.3797087],[121.122787,31.3795118],[121.1223257,31.3793515],[121.1222398,31.3795393],[121.1218911,31.379434],[121.1214459,31.3804003],[121.1210972,31.3803316],[121.1205286,31.3801301],[121.1205929,31.3799423],[121.1206949,31.3797545],[121.1207163,31.3795942],[121.1208022,31.379324],[121.120373,31.3791866],[121.1205929,31.3787149],[121.1197383,31.3783987],[121.1186204,31.3802783],[121.1182165,31.3801392],[121.1172992,31.3797179],[121.1168379,31.3794752],[121.1160761,31.3789577],[121.1149871,31.3784081],[121.1138284,31.3777074],[121.113528,31.3775654],[121.1133966,31.3775127],[121.1132169,31.37746],[121.1129057,31.377373],[121.112026,31.3771715],[121.1117578,31.3771097],[121.1115432,31.3770272],[121.1104059,31.376567],[121.1101136,31.3764868],[121.1091882,31.3762922],[121.1090702,31.3762624],[121.1090085,31.3762212],[121.1089817,31.3761616],[121.1089939,31.3760905],[121.1095798,31.3746388],[121.1103699,31.3731876],[121.1116719,31.373535],[121.1117578,31.3735281],[121.1118129,31.3734693],[121.1122228,31.3725089],[121.1122674,31.3724632],[121.1123465,31.3724449],[121.1124229,31.3724449],[121.1139448,31.3727452],[121.114043,31.3727518],[121.1141691,31.3727266],[121.1143058,31.3726419],[121.1149603,31.3720968],[121.1151802,31.3718312],[121.1153197,31.3716022],[121.1157353,31.3709287],[121.1137533,31.3704342],[121.1138338,31.3700037],[121.1138298,31.3699418],[121.1138016,31.3698914],[121.1137024,31.3698433],[121.1135656,31.3698067],[121.1125822,31.369692],[121.1122137,31.3696556],[121.1118972,31.3695777],[121.1115324,31.3695502],[121.1109853,31.3695319],[121.1098427,31.3694357],[121.1095369,31.3694449],[121.1093169,31.3694082],[121.1085985,31.3691186],[121.1082601,31.3689594],[121.1082065,31.3688723],[121.1082011,31.3687853],[121.1084001,31.3674981],[121.1083782,31.3674272],[121.1083004,31.3673608],[121.1081824,31.3673127],[121.1080027,31.3672692],[121.1063611,31.3670173],[121.1062324,31.3669577],[121.1060446,31.3668112],[121.1059052,31.3667562],[121.1056852,31.3667241],[121.1042212,31.3666864],[121.1040705,31.3677364],[121.1038968,31.3684104],[121.1034214,31.3683227],[121.1033302,31.3687349],[121.1032632,31.3687784],[121.103164,31.368783],[121.1030567,31.3687716],[121.1019338,31.3685836],[121.1019489,31.3682288],[121.1019435,31.3676952],[121.1019891,31.3671982],[121.1019999,31.3669348],[121.1019784,31.3665066],[121.1019851,31.3663932],[121.1019985,31.3663256],[121.1020294,31.3662501],[121.1021018,31.3661104],[121.1022574,31.3658997],[121.1023164,31.365792],[121.1023405,31.3657141],[121.1023553,31.3656237],[121.1023593,31.3655515],[121.1023647,31.365121],[121.1024129,31.3649309],[121.1024371,31.364853],[121.1024827,31.364766],[121.1026409,31.3645278],[121.1026812,31.3644499],[121.1027107,31.3643629],[121.1028206,31.3637651],[121.1030839,31.3637897],[121.1034107,31.3620749],[121.1034858,31.3613053],[121.1029547,31.3612778],[121.1030245,31.3600273],[121.1031693,31.3600411],[121.1031816,31.3594051],[121.1031425,31.3593494],[121.1030942,31.3593265],[121.1030272,31.3593081],[121.1024134,31.3591641],[121.10268,31.3584647],[121.1027053,31.3583943],[121.102716,31.3583141],[121.1027107,31.3582316],[121.1026812,31.3581354],[121.1026007,31.357998],[121.1024424,31.3577873],[121.1023888,31.3577003],[121.1023673,31.3576178],[121.1023727,31.3575342],[121.1023968,31.3574529],[121.1025657,31.3568865],[121.10329,31.3563558],[121.1033705,31.3562367],[121.1034536,31.3560672],[121.1035287,31.3558633],[121.1035529,31.3557671],[121.1035609,31.3557018],[121.1035556,31.3556366],[121.1035421,31.3555839],[121.1035002,31.3555113],[121.1034617,31.3554751],[121.1034013,31.3554327],[121.1031023,31.3552838],[121.1030325,31.3552449],[121.1029896,31.3552014],[121.1029601,31.3551521],[121.1029534,31.3551109],[121.1029632,31.3550551],[121.1029977,31.3549334],[121.1030889,31.3547593],[121.1033463,31.3543768],[121.1034402,31.3541844],[121.1034778,31.3540378],[121.1034778,31.353921],[121.103463,31.3538225],[121.1033973,31.3535591],[121.1033732,31.353346],[121.1033812,31.3531811],[121.1034134,31.3530391],[121.1034697,31.3529337],[121.1036101,31.3527467],[121.1036293,31.3527299],[121.1036736,31.3527116],[121.1037286,31.3527116],[121.1037929,31.3527253],[121.1038345,31.3527431],[121.1038721,31.352762],[121.1039874,31.3528582],[121.1041068,31.3529876],[121.1041698,31.3530403],[121.1042234,31.3530666],[121.1042784,31.3530803],[121.1043602,31.3530941],[121.1047035,31.3531513],[121.1048886,31.3531949],[121.1051139,31.3532613],[121.106346,31.3537037],[121.1064,31.3537091],[121.1064423,31.3537039],[121.1064778,31.3536873],[121.1064979,31.353669],[121.1065972,31.353472],[121.106675,31.3532865],[121.106742,31.3530414],[121.1067903,31.3528284],[121.1068413,31.3527184],[121.1069056,31.3526497],[121.1069941,31.3525879],[121.1071378,31.3525318],[121.1072892,31.3524985],[121.1074126,31.3524894],[121.1075413,31.3524985],[121.1076862,31.3525169],[121.1078712,31.352557],[121.1080268,31.352597],[121.1084908,31.3527345],[121.1108334,31.353558],[121.1121654,31.3539485],[121.1122312,31.3539656],[121.1122861,31.3539691],[121.1123398,31.3539599],[121.1123921,31.3539347],[121.1124283,31.3539072],[121.1125195,31.3538202],[121.1127126,31.353637],[121.1129272,31.3533529],[121.1130184,31.3531834],[121.1130398,31.3530941],[121.1130452,31.3529315],[121.1130774,31.352762],[121.1131257,31.3526383],[121.1132115,31.3525375],[121.1133456,31.3524596],[121.1134019,31.3524081],[121.1134422,31.3523588],[121.1135656,31.3521802],[121.1143058,31.3510074],[121.1150488,31.35002],[121.1150756,31.349964],[121.1150783,31.3499216],[121.1150569,31.3498529],[121.1150086,31.3497979],[121.1149201,31.3497521],[121.1148101,31.3497155],[121.1143246,31.3496559],[121.1139384,31.3495872],[121.1135844,31.3494887],[121.1133698,31.3494039],[121.1132464,31.3493696],[121.1131391,31.3493467],[121.1129916,31.3493352],[121.1126322,31.3494017],[121.1125557,31.3493936],[121.1124927,31.3493581],[121.1124498,31.3493009],[121.1124213,31.3492255],[121.1123908,31.3489458],[121.1124042,31.3487465],[121.1124739,31.3483892],[121.1125195,31.3480754],[121.112659,31.3474661],[121.1129326,31.3466345],[121.112946,31.3465498],[121.1129513,31.3464261],[121.1129433,31.3463024],[121.1128923,31.346071],[121.1128762,31.3458626],[121.112895,31.3457389],[121.1129218,31.3456564],[121.1129916,31.3455854],[121.113072,31.3455464],[121.1132109,31.3455105],[121.1139786,31.3454227],[121.1141369,31.3454227],[121.1143327,31.3454342],[121.1144829,31.3454502],[121.1148262,31.3455235],[121.1149147,31.3455361],[121.1150193,31.3455373],[121.1151481,31.3455258],[121.1153492,31.3454777],[121.1155397,31.3454182],[121.1155495,31.3454139],[121.1155781,31.3454032],[121.1156237,31.3453886],[121.1156847,31.345373],[121.1157596,31.3453592],[121.1158467,31.3453499],[121.1159445,31.3453479],[121.1160512,31.345356],[121.1161654,31.345377],[121.1162853,31.3454136],[121.1163986,31.3454536],[121.1164952,31.3454837],[121.1165774,31.345505],[121.1166474,31.3455185],[121.1167074,31.3455253],[121.1167596,31.3455264],[121.1168062,31.345523],[121.1168494,31.3455161],[121.1168914,31.3455067],[121.1169344,31.345496],[121.116978,31.3454759],[121.1170211,31.3454402],[121.1170646,31.3453927],[121.1171097,31.3453373],[121.1171574,31.3452779],[121.1172086,31.3452183],[121.1172646,31.3451625],[121.1173262,31.3451143],[121.1173946,31.3450776],[121.1174709,31.3450562],[121.1175497,31.3450492],[121.1176255,31.3450516],[121.1176986,31.3450615],[121.1177695,31.3450767],[121.1178383,31.3450955],[121.1179056,31.3451156],[121.1179716,31.3451352],[121.1180367,31.3451522],[121.1181012,31.3451648],[121.1181655,31.3451708],[121.1182309,31.3451698],[121.1182982,31.3451641],[121.1183679,31.3451554],[121.1184403,31.3451454],[121.1185156,31.3451361],[121.1185941,31.3451292],[121.1186761,31.3451265],[121.1187619,31.3451298],[121.1188518,31.3451409],[121.1189461,31.3451616],[121.1190401,31.3451816],[121.1191294,31.3451908],[121.1192142,31.3451912],[121.1192949,31.345185],[121.1193719,31.3451742],[121.1194455,31.3451609],[121.1195161,31.3451473],[121.119584,31.3451354],[121.1196496,31.3451272],[121.1197132,31.3451249],[121.1197735,31.3451233],[121.1198295,31.3451164],[121.1198821,31.3451057],[121.119932,31.3450926],[121.1199801,31.3450786],[121.1200272,31.3450649],[121.1200742,31.3450531],[121.1201219,31.3450445],[121.1201712,31.3450405],[121.1202228,31.3450425],[121.1202811,31.3450507],[121.1203483,31.3450635],[121.1204225,31.3450791],[121.1205018,31.3450961],[121.1205842,31.3451129],[121.1206677,31.3451279],[121.1207504,31.3451396],[121.1208303,31.3451463],[121.1209054,31.3451465],[121.1209738,31.3451387],[121.1210622,31.3451403],[121.1211907,31.3451662],[121.1213477,31.3452106],[121.1215216,31.3452676],[121.1217007,31.3453317],[121.1218734,31.345397],[121.1220279,31.3454578],[121.1221528,31.3455083],[121.1222362,31.3455428],[121.1222666,31.3455556],[121.1222723,31.3455572],[121.1222884,31.3455616],[121.1223139,31.3455685],[121.1223477,31.3455773],[121.1223887,31.3455877],[121.1224358,31.3455991],[121.122488,31.3456113],[121.122544,31.3456236],[121.122603,31.3456358],[121.1226636,31.3456472],[121.1227233,31.3456623],[121.1227806,31.3456843],[121.1228365,31.3457113],[121.1228917,31.3457414],[121.1229473,31.3457726],[121.1230039,31.3458033],[121.1230625,31.3458313],[121.123124,31.3458548],[121.1231892,31.345872],[121.1232591,31.3458809],[121.1233301,31.3458811],[121.1233987,31.3458751],[121.1234652,31.3458652],[121.12353,31.3458535],[121.1235937,31.3458425],[121.1236565,31.3458344],[121.1237189,31.3458314],[121.1237814,31.3458359],[121.1238444,31.3458501],[121.1239082,31.3458763],[121.1239738,31.3459088],[121.1240418,31.3459399],[121.1241118,31.3459691],[121.1241838,31.3459958],[121.1242575,31.3460195],[121.1243326,31.3460396],[121.124409,31.3460556],[121.1244863,31.3460669],[121.1245644,31.346073],[121.1246431,31.3460733],[121.1247175,31.346071],[121.1247836,31.3460699],[121.1248426,31.3460704],[121.1248955,31.3460727],[121.1249435,31.3460773],[121.1249876,31.3460845],[121.125029,31.3460947],[121.1250686,31.3461082],[121.1251077,31.3461254],[121.1251473,31.3461466],[121.1251878,31.3461685],[121.1252287,31.3461874],[121.1252696,31.3462033],[121.1253103,31.3462165],[121.1253505,31.3462268],[121.1253899,31.3462344],[121.1254282,31.3462392],[121.1254651,31.3462415],[121.1255003,31.3462411],[121.1255336,31.3462382],[121.1255617,31.3462298],[121.1255822,31.3462137],[121.125596,31.3461914],[121.1256036,31.3461641],[121.125606,31.3461334],[121.1256039,31.3461007],[121.125598,31.3460673],[121.1255892,31.3460346],[121.1255782,31.3460041],[121.1255658,31.3459771],[121.1255481,31.3459337],[121.1255226,31.3458578],[121.1254915,31.3457564],[121.1254573,31.3456365],[121.1254223,31.3455052],[121.1253889,31.3453695],[121.1253595,31.3452364],[121.1253364,31.345113],[121.1253221,31.3450063],[121.125319,31.3449234],[121.1253242,31.3448558],[121.1253339,31.3447905],[121.1253486,31.3447276],[121.125369,31.3446672],[121.1253954,31.3446095],[121.1254287,31.3445546],[121.1254693,31.3445025],[121.1255178,31.3444533],[121.1255748,31.3444073],[121.1256409,31.3443644],[121.1257064,31.3443149],[121.1257615,31.3442501],[121.1258064,31.3441723],[121.1258412,31.3440835],[121.1258662,31.3439859],[121.1258815,31.3438815],[121.1258873,31.3437725],[121.1258839,31.343661],[121.1258714,31.3435491],[121.1258501,31.3434389],[121.1258092,31.3433271],[121.1257429,31.3432113],[121.1256581,31.3430953],[121.1255619,31.3429826],[121.1254612,31.3428771],[121.125363,31.3427825],[121.1252745,31.3427024],[121.1252026,31.3426407],[121.1251543,31.3426009],[121.1251366,31.3425868],[121.1251292,31.3425812],[121.1251092,31.3425651],[121.1250803,31.3425389],[121.125046,31.3425034],[121.1250099,31.3424591],[121.1249755,31.3424067],[121.1249466,31.3423468],[121.1249265,31.3422801],[121.1249189,31.3422071],[121.1249274,31.3421286],[121.1249422,31.3420456],[121.1249527,31.3419595],[121.1249608,31.341872],[121.1249687,31.3417843],[121.1249784,31.3416979],[121.1249919,31.3416143],[121.1250114,31.3415349],[121.1250388,31.3414611],[121.1250763,31.3413943],[121.1251259,31.341336],[121.1251893,31.3412795],[121.1252637,31.3412176],[121.1253442,31.3411503],[121.1254262,31.341078],[121.1255047,31.341001],[121.1255751,31.3409193],[121.1256324,31.3408335],[121.1256719,31.3407435],[121.1256889,31.3406498],[121.1256784,31.3405525],[121.1256484,31.3404538],[121.1256114,31.3403564],[121.1255697,31.3402611],[121.1255258,31.3401688],[121.1254819,31.3400806],[121.1254405,31.3399973],[121.1254038,31.3399199],[121.1253742,31.3398494],[121.1253541,31.3397865],[121.1253458,31.3397324],[121.1253526,31.3396629],[121.1253739,31.3395599],[121.125406,31.339433],[121.1254455,31.3392918],[121.1254886,31.3391459],[121.125532,31.339005],[121.1255719,31.3388786],[121.1256049,31.3387765],[121.1256272,31.3387081],[121.1256355,31.3386832],[121.1256381,31.3386739],[121.1256444,31.3386478],[121.1256517,31.3386076],[121.1256576,31.338556],[121.1256596,31.3384959],[121.1256552,31.3384298],[121.1256418,31.3383605],[121.125617,31.3382908],[121.1255781,31.3382233],[121.1255228,31.3381608],[121.125451,31.3381037],[121.1253678,31.3380493],[121.1252785,31.3379963],[121.1251885,31.3379429],[121.1251031,31.3378876],[121.1250277,31.337829],[121.1249676,31.3377653],[121.1249282,31.337695],[121.1249148,31.3376166],[121.1249328,31.3375285],[121.1249647,31.3374323],[121.124992,31.3373322],[121.125018,31.3372313],[121.1250461,31.3371324],[121.1250796,31.3370383],[121.125122,31.3369519],[121.1251767,31.3368761],[121.1252469,31.3368136],[121.1253361,31.3367675],[121.1254477,31.3367405],[121.1255612,31.3367277],[121.1256557,31.3367206],[121.125734,31.3367166],[121.1257992,31.3367132],[121.1258541,31.3367078],[121.1259016,31.3366979],[121.1259445,31.3366809],[121.1259859,31.3366543],[121.1260286,31.3366154],[121.1260754,31.3365618],[121.1261136,31.3364954],[121.1261309,31.3364216],[121.1261306,31.3363428],[121.1261163,31.3362616],[121.1260915,31.3361803],[121.1260595,31.3361016],[121.126024,31.3360278],[121.1259883,31.3359614],[121.125956,31.3359049],[121.1259305,31.3358607],[121.1259123,31.3358231],[121.1258996,31.3357837],[121.1258928,31.3357411],[121.1258925,31.3356941],[121.125899,31.3356414],[121.1259128,31.3355816],[121.1259342,31.3355136],[121.1259637,31.335436],[121.1260017,31.3353475],[121.1260486,31.3352468],[121.1260928,31.3351379],[121.1261244,31.3350268],[121.1261463,31.334915],[121.1261612,31.3348041],[121.1261719,31.3346958],[121.1261814,31.3345916],[121.1261925,31.3344931],[121.1262079,31.3344019],[121.1262305,31.3343197],[121.1262631,31.3342479],[121.1263042,31.3341888],[121.1263497,31.3341427],[121.1263989,31.3341087],[121.1264509,31.3340859],[121.1265052,31.3340732],[121.1265609,31.3340697],[121.1266174,31.3340745],[121.1266738,31.3340866],[121.1267294,31.334105],[121.1267835,31.3341288],[121.1268426,31.3341595],[121.1269123,31.3341968],[121.1269909,31.3342363],[121.1270764,31.3342738],[121.127167,31.3343052],[121.1272609,31.334326],[121.1273561,31.3343322],[121.1274507,31.3343195],[121.127543,31.3342836],[121.1276311,31.3342204],[121.1277112,31.3341382],[121.1277807,31.3340494],[121.1278394,31.3339556],[121.1278871,31.3338586],[121.1279234,31.3337599],[121.1279482,31.3336612],[121.1279611,31.3335642],[121.1279619,31.3334704],[121.1279503,31.3333816],[121.1279261,31.3332994],[121.1278917,31.3332189],[121.1278526,31.3331356],[121.1278129,31.3330516],[121.127777,31.332969],[121.1277491,31.3328899],[121.1277334,31.3328164],[121.1277341,31.3327507],[121.1277556,31.3326949],[121.1278021,31.332651],[121.1278778,31.3326213],[121.1279734,31.3325997],[121.1280748,31.3325778],[121.1281791,31.3325539],[121.1282834,31.3325264],[121.1283848,31.3324935],[121.1284804,31.3324537],[121.1285673,31.3324051],[121.1286426,31.3323462],[121.1287034,31.3322752],[121.1287469,31.3321905],[121.1287708,31.3320923],[121.128777,31.3319839],[121.1287682,31.3318688],[121.1287471,31.3317504],[121.1287167,31.3316321],[121.1286797,31.3315172],[121.1286388,31.3314091],[121.128597,31.3313112],[121.128557,31.3312269],[121.1285216,31.3311596],[121.1284849,31.3310962],[121.1284391,31.3310251],[121.1283834,31.3309512],[121.1283175,31.3308798],[121.1282406,31.3308159],[121.1281523,31.3307647],[121.1280521,31.3307312],[121.1279393,31.3307206],[121.1278134,31.3307379],[121.127674,31.3307884],[121.1275378,31.3308452],[121.127421,31.3308802],[121.1273215,31.3308961],[121.1272375,31.3308959],[121.127167,31.3308823],[121.1271081,31.3308584],[121.1270589,31.3308268],[121.1270174,31.3307905],[121.1269816,31.3307523],[121.1269498,31.3307151],[121.1269218,31.3306769],[121.1268989,31.3306341],[121.1268811,31.3305875],[121.1268683,31.3305377],[121.1268606,31.3304854],[121.1268579,31.3304314],[121.1268601,31.3303762],[121.1268672,31.3303207],[121.1268792,31.3302654],[121.1268961,31.3302111],[121.1269191,31.3301509],[121.1269489,31.3300802],[121.1269852,31.3300026],[121.1270275,31.3299218],[121.1270752,31.3298416],[121.1271279,31.3297657],[121.1271851,31.3296977],[121.1272463,31.3296414],[121.1273111,31.3296005],[121.1273789,31.3295787],[121.1274591,31.3295699],[121.1275577,31.329564],[121.1276698,31.3295593],[121.1277905,31.3295538],[121.1279147,31.3295455],[121.1280375,31.3295325],[121.1281538,31.329513],[121.1282587,31.3294849],[121.1283472,31.3294463],[121.1284143,31.3293954],[121.1284693,31.3293266],[121.128524,31.3292383],[121.1285764,31.3291347],[121.1286249,31.3290202],[121.1286677,31.3288988],[121.1287032,31.3287748],[121.1287295,31.3286524],[121.1287449,31.3285359],[121.1287477,31.3284293],[121.1287361,31.3283369],[121.1287165,31.3282538],[121.1286953,31.3281724],[121.1286707,31.3280931],[121.128641,31.3280163],[121.1286047,31.3279423],[121.12856,31.3278714],[121.1285053,31.327804],[121.1284388,31.3277406],[121.128359,31.3276813],[121.1282641,31.3276267],[121.1281653,31.3275783],[121.1280746,31.3275379],[121.1279911,31.3275057],[121.1279144,31.3274819],[121.1278436,31.3274668],[121.1277782,31.3274607],[121.1277174,31.3274637],[121.1276605,31.3274762],[121.1276069,31.3274984],[121.127556,31.3275304],[121.1275061,31.327569],[121.1274566,31.3276094],[121.1274076,31.3276498],[121.1273595,31.3276884],[121.1273126,31.3277235],[121.1272671,31.3277531],[121.1272233,31.3277756],[121.1271816,31.3277892],[121.1271422,31.3277921],[121.1271053,31.3277825],[121.1270655,31.3277616],[121.1270183,31.3277321],[121.1269661,31.3276942],[121.1269112,31.3276481],[121.1268559,31.327594],[121.1268025,31.327532],[121.1267534,31.3274624],[121.1267109,31.3273854],[121.1266772,31.327301],[121.1266547,31.3272097],[121.1266418,31.3271075],[121.1266341,31.3269926],[121.1266302,31.3268682],[121.1266286,31.3267371],[121.1266279,31.3266025],[121.1266265,31.3264673],[121.126623,31.3263346],[121.1266159,31.3262074],[121.1266038,31.3260887],[121.126585,31.3259816],[121.1265602,31.3258774],[121.1265313,31.3257676],[121.126499,31.3256556],[121.1264642,31.3255447],[121.1264274,31.325438],[121.1263896,31.3253389],[121.1263513,31.3252506],[121.1263134,31.3251764],[121.1262766,31.3251196],[121.1262417,31.3250834],[121.1262193,31.3250492],[121.1262174,31.3249988],[121.1262323,31.3249364],[121.1262601,31.3248663],[121.1262973,31.3247924],[121.1263402,31.3247192],[121.1263849,31.3246506],[121.1264279,31.324591],[121.1264655,31.3245445],[121.1264938,31.3245152],[121.1265115,31.3244942],[121.12652,31.3244701],[121.1265203,31.324444],[121.126513,31.3244165],[121.1264992,31.3243886],[121.1264795,31.3243611],[121.1264549,31.3243349],[121.1264262,31.3243108],[121.1263942,31.3242896],[121.1263597,31.3242723],[121.1263137,31.3242517],[121.1262496,31.324221],[121.1261715,31.3241818],[121.1260838,31.3241356],[121.1259909,31.3240839],[121.125897,31.3240282],[121.1258064,31.32397],[121.1257235,31.3239109],[121.1256526,31.3238523],[121.1255979,31.3237957],[121.1255535,31.323747],[121.1255099,31.3237102],[121.1254668,31.3236848],[121.1254239,31.3236702],[121.1253807,31.3236657],[121.1253369,31.3236707],[121.125292,31.3236845],[121.1252457,31.3237066],[121.1251976,31.3237362],[121.1251473,31.3237728],[121.1250934,31.3238118],[121.1250353,31.3238484],[121.124974,31.3238813],[121.1249104,31.3239096],[121.1248456,31.3239321],[121.1247804,31.3239477],[121.1247159,31.3239554],[121.124653,31.3239539],[121.1245926,31.3239423],[121.1245358,31.3239195],[121.1244848,31.3238908],[121.124441,31.3238618],[121.1244038,31.323832],[121.1243725,31.3238005],[121.1243467,31.3237665],[121.1243257,31.3237294],[121.1243089,31.3236884],[121.1242958,31.3236428],[121.1242858,31.3235917],[121.1242783,31.3235345],[121.1242616,31.3234686],[121.1242283,31.3233937],[121.1241844,31.3233126],[121.1241358,31.3232282],[121.1240885,31.3231433],[121.1240485,31.3230607],[121.1240216,31.3229834],[121.1240139,31.322914],[121.1240314,31.3228554],[121.1240798,31.3228105],[121.1241442,31.3227752],[121.1242048,31.3227424],[121.1242608,31.3227107],[121.1243113,31.3226783],[121.1243554,31.3226438],[121.1243923,31.3226056],[121.124421,31.3225621],[121.1244408,31.3225118],[121.1244508,31.322453],[121.12445,31.3223843],[121.1244324,31.3223048],[121.124396,31.3222173],[121.1243455,31.3221257],[121.1242859,31.3220338],[121.124222,31.3219455],[121.1241587,31.3218647],[121.124101,31.321795],[121.1240538,31.3217406],[121.1240218,31.321705],[121.1240101,31.3216923],[121.1240086,31.321691],[121.1240043,31.3216876],[121.1239972,31.3216829],[121.1239873,31.3216776],[121.1239745,31.3216726],[121.1239591,31.3216686],[121.123941,31.3216664],[121.1239201,31.3216668],[121.1238967,31.3216706],[121.1238706,31.3216786],[121.1238427,31.3216868],[121.123814,31.3216908],[121.1237848,31.3216911],[121.1237553,31.3216879],[121.1237258,31.3216815],[121.1236966,31.3216722],[121.1236681,31.3216603],[121.1236404,31.3216461],[121.123614,31.32163],[121.123589,31.3216122],[121.1235628,31.3215938],[121.1235325,31.3215764],[121.1234984,31.3215607],[121.1234605,31.3215477],[121.123419,31.321538],[121.123374,31.3215325],[121.1233258,31.321532],[121.1232743,31.3215373],[121.1232199,31.3215492],[121.1231625,31.3215686],[121.1230996,31.3215886],[121.1230298,31.3216022],[121.1229552,31.3216097],[121.1228779,31.3216115],[121.1228001,31.3216081],[121.1227237,31.3216],[121.122651,31.3215874],[121.1225841,31.3215708],[121.122525,31.3215507],[121.1224759,31.3215274],[121.122435,31.3214987],[121.1223996,31.3214631],[121.1223698,31.3214213],[121.122346,31.3213746],[121.1223283,31.321324],[121.1223171,31.3212705],[121.1223126,31.3212152],[121.122315,31.321159],[121.1223246,31.3211031],[121.1223417,31.3210485],[121.1223504,31.3209915],[121.1223378,31.3209296],[121.1223088,31.3208652],[121.122268,31.3208011],[121.1222204,31.3207397],[121.1221706,31.3206837],[121.1221236,31.3206357],[121.1220841,31.3205981],[121.1220568,31.3205737],[121.1220467,31.320565],[121.1220419,31.3205604],[121.1220294,31.320547],[121.1220121,31.3205258],[121.121993,31.3204977],[121.121975,31.3204636],[121.121961,31.3204245],[121.1219539,31.3203811],[121.1219568,31.3203345],[121.1219724,31.3202855],[121.1220038,31.3202351],[121.12205,31.3201788],[121.1221052,31.3201136],[121.1221649,31.3200418],[121.1222245,31.3199659],[121.1222794,31.3198885],[121.1223251,31.3198121],[121.1223572,31.3197391],[121.122371,31.3196721],[121.122362,31.3196136],[121.1223257,31.319566],[121.1222763,31.3195231],[121.1222316,31.3194776],[121.1221919,31.3194304],[121.1221576,31.3193824],[121.1221292,31.3193346],[121.122107,31.3192878],[121.1220916,31.3192431],[121.1220833,31.3192014],[121.1220825,31.3191636],[121.1220896,31.3191306],[121.1221044,31.319098],[121.1221269,31.3190619],[121.122158,31.3190244],[121.1221987,31.3189876],[121.1222499,31.3189536],[121.1223125,31.3189244],[121.1223874,31.3189021],[121.1224757,31.3188887],[121.1225782,31.3188863],[121.1226958,31.3188969],[121.1228099,31.3189113],[121.1229035,31.318918],[121.1229795,31.3189159],[121.1230414,31.3189039],[121.1230921,31.3188809],[121.123135,31.3188458],[121.1231731,31.3187975],[121.1232098,31.3187349],[121.1232481,31.3186569],[121.1232912,31.3185624],[121.1233379,31.3184545],[121.1233829,31.3183391],[121.1234242,31.318219],[121.1234594,31.3180971],[121.1234864,31.3179763],[121.1235029,31.3178596],[121.1235068,31.3177496],[121.1234957,31.3176495],[121.1234675,31.317562],[121.12342,31.31749],[121.123361,31.3174254],[121.1233017,31.3173591],[121.1232453,31.3172923],[121.1231948,31.3172263],[121.1231531,31.3171623],[121.1231234,31.3171016],[121.1231085,31.3170455],[121.1231117,31.3169952],[121.1231358,31.316952],[121.123184,31.3169171],[121.1232497,31.316889],[121.1233225,31.3168633],[121.123399,31.316837],[121.123476,31.3168074],[121.1235501,31.3167716],[121.1236181,31.3167267],[121.1236767,31.3166699],[121.1237226,31.3165983],[121.1237526,31.3165091],[121.1237633,31.3163993],[121.1237672,31.3162785],[121.1237767,31.3161598],[121.1237882,31.3160455],[121.1237983,31.3159378],[121.1238036,31.315839],[121.1238004,31.3157515],[121.1237854,31.3156777],[121.1237551,31.3156197],[121.123706,31.3155799],[121.1236346,31.3155606],[121.1235558,31.3155537],[121.1234863,31.315548],[121.1234257,31.3155415],[121.1233731,31.3155323],[121.1233281,31.3155182],[121.12329,31.3154973],[121.1232583,31.3154674],[121.1232322,31.3154266],[121.1232112,31.3153728],[121.1231947,31.315304],[121.1231819,31.3152243],[121.123172,31.3151406],[121.1231644,31.315055],[121.1231586,31.3149696],[121.1231538,31.3148863],[121.1231495,31.3148074],[121.1231451,31.3147347],[121.1231399,31.3146704],[121.1231334,31.3146166],[121.123125,31.3145753],[121.1231169,31.3145391],[121.1231121,31.3144998],[121.1231106,31.314458],[121.1231124,31.3144146],[121.1231176,31.3143702],[121.1231261,31.3143255],[121.1231381,31.3142812],[121.1231534,31.3142381],[121.1231723,31.3141969],[121.1231947,31.3141582],[121.1232213,31.3141128],[121.1232518,31.3140535],[121.1232846,31.3139849],[121.1233182,31.3139112],[121.1233509,31.3138368],[121.1233812,31.3137662],[121.1234076,31.3137037],[121.1234283,31.3136536],[121.1234419,31.3136203],[121.1234468,31.3136083],[121.1234483,31.3136048],[121.123453,31.3135955],[121.1234613,31.3135818],[121.1234734,31.3135653],[121.1234897,31.3135475],[121.1235105,31.3135301],[121.1235362,31.3135144],[121.123567,31.3135021],[121.1236032,31.3134947],[121.1236453,31.3134937],[121.1236977,31.313499],[121.1237627,31.3135074],[121.123837,31.3135153],[121.1239174,31.3135195],[121.1240007,31.3135166],[121.1240837,31.3135033],[121.1241631,31.3134761],[121.1242358,31.3134318],[121.1242985,31.313367],[121.124348,31.3132783],[121.1243828,31.3131815],[121.1244044,31.3130942],[121.1244139,31.3130157],[121.1244126,31.3129454],[121.1244017,31.3128824],[121.1243824,31.3128262],[121.124356,31.3127761],[121.1243237,31.3127313],[121.1242866,31.3126911],[121.1242461,31.312655],[121.1242014,31.3126148],[121.1241533,31.3125647],[121.1241051,31.312507],[121.12406,31.312444],[121.1240215,31.3123783],[121.1239927,31.3123121],[121.1239771,31.312248],[121.123978,31.3121882],[121.1239986,31.3121351],[121.1240423,31.3120913],[121.124102,31.3120572],[121.1241671,31.3120304],[121.1242357,31.3120086],[121.1243059,31.3119893],[121.1243755,31.3119704],[121.1244428,31.3119494],[121.1245057,31.311924],[121.1245622,31.3118918],[121.1246105,31.3118506],[121.1246484,31.311798],[121.1246765,31.3117369],[121.1246966,31.3116725],[121.1247092,31.3116056],[121.1247147,31.311537],[121.1247135,31.3114674],[121.124706,31.3113977],[121.1246926,31.3113286],[121.1246739,31.311261],[121.12465,31.3111957],[121.1246216,31.3111334],[121.1245939,31.3110757],[121.1245723,31.3110231],[121.1245574,31.3109751],[121.12455,31.3109309],[121.1245505,31.3108899],[121.1245598,31.3108516],[121.1245784,31.3108152],[121.124607,31.3107802],[121.1246462,31.310746],[121.1246967,31.3107118],[121.1247529,31.3106754],[121.1248065,31.3106348],[121.1248547,31.3105897],[121.1248942,31.3105396],[121.124922,31.3104843],[121.124935,31.3104233],[121.1249301,31.3103564],[121.1249043,31.3102831],[121.1248543,31.310203],[121.1247772,31.3101159],[121.124694,31.3100273],[121.1246267,31.3099427],[121.1245735,31.3098616],[121.1245327,31.3097838],[121.1245023,31.3097086],[121.1244806,31.3096358],[121.1244657,31.3095649],[121.124456,31.3094956],[121.1244496,31.3094273],[121.1244446,31.3093597],[121.1244392,31.3092774],[121.1244328,31.3091705],[121.1244259,31.3090468],[121.1244188,31.3089142],[121.1244117,31.3087805],[121.1244052,31.3086535],[121.1243995,31.3085411],[121.124395,31.3084511],[121.124392,31.3083914],[121.124391,31.3083697],[121.1243906,31.3083608],[121.1243904,31.3083355],[121.1243921,31.3082961],[121.1243971,31.3082451],[121.124407,31.3081847],[121.1244234,31.3081173],[121.1244477,31.3080452],[121.1244816,31.3079708],[121.1245265,31.3078964],[121.1245841,31.3078243],[121.1246425,31.3077545],[121.1246899,31.3076856],[121.1247272,31.3076178],[121.1247557,31.3075515],[121.1247765,31.3074869],[121.1247907,31.3074244],[121.1247994,31.3073642],[121.1248038,31.3073067],[121.124805,31.3072522],[121.124804,31.307201],[121.1248098,31.3071366],[121.1248282,31.3070475],[121.1248561,31.3069411],[121.1248904,31.3068248],[121.1249281,31.306706],[121.1249658,31.3065921],[121.1250007,31.3064907],[121.1250294,31.306409],[121.1250489,31.3063545],[121.1250561,31.3063347],[121.1250582,31.3063276],[121.1250633,31.3063074],[121.1250695,31.3062758],[121.1250749,31.3062347],[121.1250776,31.3061858],[121.1250758,31.3061308],[121.1250677,31.3060715],[121.1250513,31.3060097],[121.1250249,31.3059472],[121.1249864,31.3058856],[121.1249392,31.3058244],[121.1248902,31.305762],[121.1248431,31.3056985],[121.1248015,31.305634],[121.1247691,31.3055687],[121.1247496,31.3055028],[121.1247467,31.3054362],[121.1247639,31.3053693],[121.1248051,31.3053021],[121.1248738,31.3052347],[121.1249542,31.3051676],[121.1250284,31.3051014],[121.1250963,31.3050367],[121.125158,31.3049742],[121.1252137,31.3049145],[121.1252635,31.3048582],[121.1253074,31.304806],[121.1253455,31.3047585],[121.1253779,31.3047163],[121.1254048,31.3046801],[121.1254313,31.30465],[121.1254618,31.3046255],[121.1254956,31.3046066],[121.1255321,31.3045932],[121.1255705,31.304585],[121.1256099,31.3045821],[121.1256498,31.3045843],[121.1256893,31.3045915],[121.1257277,31.3046037],[121.1257642,31.3046205],[121.1258007,31.3046362],[121.1258386,31.3046452],[121.1258773,31.3046482],[121.125916,31.3046461],[121.125954,31.3046395],[121.1259906,31.3046291],[121.126025,31.3046158],[121.1260564,31.3046003],[121.1260842,31.3045833],[121.1261076,31.3045655],[121.1261285,31.3045452],[121.1261498,31.3045212],[121.1261724,31.3044953],[121.1261969,31.3044694],[121.1262242,31.3044452],[121.1262551,31.3044246],[121.1262903,31.3044094],[121.1263306,31.3044014],[121.1263767,31.3044024],[121.1264294,31.3044143],[121.1264842,31.3044316],[121.1265358,31.3044474],[121.1265845,31.304461],[121.1266304,31.3044716],[121.1266735,31.3044785],[121.1267141,31.304481],[121.1267522,31.3044783],[121.126788,31.3044699],[121.1268217,31.3044549],[121.1268532,31.3044326],[121.1268826,31.3044041],[121.1269108,31.3043722],[121.1269394,31.304339],[121.1269702,31.3043067],[121.1270048,31.3042774],[121.1270448,31.3042531],[121.127092,31.304236],[121.127148,31.3042283],[121.1272145,31.304232],[121.1272931,31.3042493],[121.1273769,31.3042741],[121.1274582,31.304298],[121.1275377,31.3043197],[121.1276161,31.3043377],[121.1276941,31.3043507],[121.1277724,31.3043572],[121.1278518,31.3043558],[121.1279329,31.3043452],[121.1280164,31.3043239],[121.1281031,31.3042905],[121.1281902,31.3042537],[121.1282744,31.3042227],[121.1283559,31.3041974],[121.1284347,31.3041777],[121.1285108,31.3041633],[121.1285844,31.3041542],[121.1286554,31.3041502],[121.128724,31.3041511],[121.1287902,31.3041566],[121.1288542,31.3041668],[121.128919,31.3041823],[121.128988,31.304203],[121.129061,31.3042273],[121.129138,31.3042534],[121.1292189,31.3042797],[121.1293037,31.3043044],[121.1293923,31.304326],[121.1294847,31.3043426],[121.1295807,31.3043528],[121.1296803,31.3043547],[121.1297781,31.3043504],[121.1298693,31.3043441],[121.1299546,31.3043372],[121.1300348,31.3043312],[121.1301108,31.3043278],[121.1301832,31.3043283],[121.1302528,31.3043343],[121.1303204,31.3043474],[121.1303868,31.3043689],[121.1304527,31.3044005],[121.1305274,31.3044371],[121.1306178,31.3044721],[121.1307209,31.3045047],[121.1308343,31.3045342],[121.130955,31.3045598],[121.1310804,31.3045807],[121.1312077,31.3045962],[121.1313342,31.3046054],[121.1314572,31.3046077],[121.1315739,31.3046022],[121.1316816,31.3045962],[121.1317814,31.3045971],[121.1318765,31.3046044],[121.1319699,31.3046175],[121.1320648,31.304636],[121.1321641,31.3046593],[121.132271,31.3046869],[121.1323886,31.3047182],[121.13252,31.3047528],[121.1326683,31.3047901],[121.1328528,31.3048289],[121.133081,31.3048675],[121.1333381,31.3049051],[121.1336091,31.3049408],[121.1338793,31.3049735],[121.1341336,31.3050023],[121.1343574,31.3050264],[121.1341161,31.3058498],[121.1346396,31.3059349],[121.134527,31.306282],[121.1344814,31.306604],[121.1344452,31.3067633],[121.1343674,31.3069809],[121.1343027,31.3071065],[121.1342414,31.3072308],[121.1341998,31.3073213],[121.1341555,31.3074279],[121.1341182,31.3075592],[121.1340925,31.3076524],[121.1341059,31.3077602],[121.134181,31.3079343],[121.1343259,31.3081085],[121.1344975,31.308246],[121.1350945,31.3085359],[121.1352807,31.3086883],[121.1354095,31.3088372],[121.1355087,31.3089289],[121.1356187,31.3090022],[121.1358815,31.3091168],[121.1360532,31.3092314],[121.1361927,31.3093918],[121.1362785,31.3094583],[121.136418,31.3095293],[121.1367312,31.3096446],[121.1369222,31.3097126],[121.1370955,31.3098461],[121.1367874,31.3104184],[121.1376662,31.3108441],[121.1380059,31.3104757],[121.1381105,31.3105972],[121.1381856,31.310643],[121.1378806,31.3110204],[121.138687,31.3115286],[121.1388504,31.3115308],[121.1389955,31.3117684],[121.1400336,31.310368],[121.1407471,31.3092818],[121.1411226,31.3088418],[121.1414015,31.3084156],[121.1419111,31.3078427],[121.1425066,31.3069718],[121.1439764,31.3050743],[121.1449805,31.3036427],[121.1443508,31.3033084],[121.1447661,31.3025301],[121.1455618,31.3028437],[121.1458701,31.3024205],[121.1460873,31.3021432],[121.1463828,31.3018244],[121.1460257,31.3015588],[121.1453819,31.3014052],[121.1454517,31.30094],[121.1447516,31.3007177],[121.1446738,31.3010591],[121.1441588,31.3010362],[121.1437243,31.3009262],[121.1439228,31.3004449],[121.1429705,31.300178],[121.1430484,31.2986917],[121.1445719,31.2990882],[121.1447321,31.2986173],[121.1454198,31.2987574],[121.1457199,31.29805],[121.1468023,31.2983865],[121.147582,31.2972052],[121.1474292,31.2971297],[121.1476168,31.296523],[121.1477722,31.2964063],[121.1478418,31.2963101],[121.1478311,31.2962277],[121.1475257,31.2959919],[121.1475739,31.2957195],[121.1473998,31.2956782],[121.1474105,31.2955821],[121.1472685,31.29555],[121.1472229,31.295676],[121.1467996,31.2956233],[121.1467059,31.2959392],[121.1463046,31.2958703],[121.146605,31.2938488],[121.1475921,31.2938855],[121.1476618,31.2934821],[121.1479783,31.2935004],[121.1481714,31.2923911],[121.1478174,31.2923774],[121.1478603,31.2919969],[121.1493999,31.2921207],[121.150108,31.2922811],[121.1501647,31.2917038],[121.1501711,31.2907532],[121.1514577,31.2907699],[121.1514728,31.2904105],[121.1514789,31.2902673],[121.1515188,31.2893197],[121.1534715,31.2893702],[121.1532569,31.2898699],[121.1544424,31.2899478],[121.1546118,31.2897395],[121.1550701,31.2891089],[121.1555876,31.288355],[121.1557406,31.2880728],[121.155813,31.2879147],[121.155864,31.2877794],[121.1560222,31.2872408],[121.1560678,31.2870024],[121.1561081,31.2868947],[121.1561309,31.2868488],[121.1561725,31.2867961],[121.1562529,31.2867251],[121.1563481,31.2866471],[121.1564192,31.2865715],[121.1565131,31.2864317],[121.1565909,31.2862643],[121.1566284,31.2861199],[121.1566392,31.2859755],[121.1566472,31.2858586],[121.1566472,31.2856592],[121.1549578,31.2852895],[121.1549789,31.2849005],[121.1542493,31.2846758],[121.1548177,31.2833513],[121.1535358,31.2828283],[121.1532676,31.282755],[121.1531389,31.2827252],[121.1529672,31.2826976],[121.1527607,31.2826885],[121.1517763,31.2826908],[121.1516207,31.282677],[121.1514437,31.2826403],[121.1512521,31.282576],[121.151146,31.2825005],[121.1510709,31.2823951],[121.1510253,31.2822644],[121.1510038,31.2820994],[121.1510199,31.2814575],[121.1510253,31.2810587],[121.150977,31.280724],[121.1509234,31.2805452],[121.1508791,31.2804569],[121.1508133,31.280369],[121.1489937,31.2789702],[121.1476672,31.2781382],[121.1472219,31.2779273],[121.1466694,31.2777073],[121.14609,31.2775055],[121.1454421,31.2773596],[121.144883,31.2773038],[121.1442554,31.2772763],[121.1387352,31.2769902],[121.1385774,31.2788729],[121.1385211,31.2795439],[121.1366838,31.27955],[121.1364902,31.2784863],[121.1346329,31.2788525],[121.1343829,31.2788584],[121.1340964,31.2789525],[121.1337298,31.2790109],[121.1328331,31.2792586],[121.1333547,31.2805369],[121.1329598,31.2806715],[121.1329563,31.2807622],[121.1310668,31.2813907],[121.1308102,31.2807378],[121.1302671,31.2809053],[121.1291188,31.281292],[121.1295164,31.2821139],[121.1269478,31.2831308],[121.1263835,31.2820773],[121.1248661,31.2827671],[121.1220123,31.2839332],[121.1195745,31.2849264],[121.1204243,31.2862848],[121.1166264,31.2874035],[121.1165172,31.2875342],[121.1165354,31.2878716],[121.1156074,31.2879682],[121.1155277,31.2879518],[121.1154434,31.2866756],[121.1129755,31.2875823],[121.1123837,31.2877507],[121.1121762,31.2877726],[121.1119348,31.2877726],[121.1117202,31.2877519],[121.1112535,31.2876465],[121.1108512,31.2875181],[121.1106044,31.287399],[121.1104569,31.2872958],[121.1100679,31.2875732],[121.1097863,31.2870895],[121.1097434,31.2866838],[121.1085606,31.2855744],[121.1068547,31.2840432],[121.1060715,31.283218],[121.1052078,31.2822782],[121.1049905,31.2819962],[121.1043495,31.2827962],[121.1038774,31.2825395],[121.1046016,31.2814415],[121.1045211,31.2813246],[121.1037594,31.2803481],[121.1030567,31.2796053],[121.1027107,31.2792432],[121.1020482,31.2801876],[121.1019999,31.2801693],[121.1014768,31.2809876],[121.1012837,31.2809097],[121.1023271,31.2789268],[121.102075,31.278748],[121.1013722,31.2783583],[121.1001271,31.277784],[121.0990012,31.2773955],[121.0991454,31.2768688],[121.0991675,31.2768178],[121.0991876,31.2767897],[121.0992265,31.2767605],[121.0992801,31.2767307],[121.0994571,31.2766826],[121.09961,31.2766184],[121.0996798,31.2766127],[121.0997307,31.2766184],[121.0997951,31.276639],[121.0998327,31.276686],[121.0998568,31.2767445],[121.0999024,31.2768568],[121.0999534,31.2769072],[121.1000432,31.2769359],[121.1001545,31.2769508],[121.1005783,31.2769645],[121.100986,31.2769416],[121.1010836,31.2757085],[121.0995622,31.2757085],[121.0988063,31.2759639],[121.0942037,31.278248],[121.0939653,31.2784168],[121.0937561,31.2785875],[121.0936287,31.2787411],[121.0935295,31.2789451],[121.0934651,31.2791927],[121.093449,31.2794174],[121.0934758,31.2799813],[121.0934704,31.2802747],[121.0934383,31.2804787],[121.0933846,31.2806965],[121.0932398,31.2810999],[121.0918841,31.2844652],[121.0910511,31.286968],[121.0906434,31.2882241],[121.0901499,31.2892327],[121.089946,31.2895902],[121.0896885,31.2899386],[121.0893181,31.2900252],[121.0889799,31.2900293],[121.0886854,31.290067],[121.088444,31.2900028],[121.088618,31.2915298],[121.0885001,31.2916672],[121.0881625,31.2917679],[121.0873212,31.2911864],[121.0868497,31.2917816],[121.0858209,31.2931599],[121.0853815,31.2932927],[121.0847224,31.2932973],[121.0845456,31.2936682],[121.0843795,31.2940436],[121.0840098,31.2939108],[121.0836507,31.293833],[121.0829649,31.2935583],[121.0828791,31.2940024],[121.0827505,31.294039],[121.0821289,31.293746],[121.0819896,31.2935628],[121.0821557,31.2932194],[121.0823486,31.2928852],[121.0824183,31.2924593],[121.0823554,31.2922582],[121.0819691,31.2921597],[121.0818645,31.2921023],[121.0817277,31.2920496],[121.0814113,31.2919327],[121.0812718,31.2918433],[121.081186,31.2917631],[121.0811258,31.2916835],[121.0808587,31.2912175],[121.0806387,31.2907179],[121.0802043,31.2896361],[121.0794961,31.287509],[121.0789871,31.2857723],[121.0778332,31.2829475],[121.0767012,31.2803801],[121.0765564,31.279885],[121.0764121,31.2793033],[121.0767442,31.2788214],[121.0777393,31.2784912],[121.0776615,31.2780741],[121.0780799,31.2778815],[121.0782489,31.2781909],[121.0786271,31.2780167],[121.0786888,31.2780924],[121.079959,31.2776144],[121.0782409,31.2742962],[121.0778761,31.2737184],[121.0777125,31.2735167],[121.077522,31.2733241],[121.0769195,31.2728085],[121.0755667,31.2718845],[121.0754138,31.2718134],[121.0752314,31.2717354],[121.0749605,31.2716437],[121.0747647,31.271591],[121.0742283,31.2714901],[121.0735577,31.271403],[121.0731554,31.2713709],[121.0704839,31.2713251],[121.0695988,31.2713021],[121.0686278,31.2712288],[121.0679573,31.2711463],[121.0673833,31.27105],[121.0665518,31.2708666],[121.0659081,31.2706465],[121.0651141,31.2702888],[121.064626,31.27011],[121.0642692,31.2700275],[121.0638937,31.2699656],[121.0636443,31.2699404],[121.0633653,31.2699266],[121.0603988,31.2698487],[121.0590684,31.2698762],[121.0575432,31.2700135],[121.0573357,31.2686015],[121.0578668,31.2685098],[121.0571909,31.2635118],[121.0571963,31.2597007],[121.0575231,31.2596595],[121.0575767,31.2594717],[121.0571427,31.259151],[121.0571105,31.2578593],[121.0569551,31.2567417],[121.0568218,31.2540695],[121.0567349,31.2538842],[121.056692,31.2537878],[121.0566571,31.2536778],[121.0566437,31.25357],[121.0566223,31.2509331],[121.0569656,31.2509101],[121.0569388,31.2497178],[121.0563058,31.2497728],[121.0564097,31.2485127],[121.0563165,31.248507],[121.0561931,31.2485001],[121.0560429,31.248507],[121.0559088,31.2485483],[121.0557774,31.2486171],[121.0557049,31.2486561],[121.0555789,31.2486836],[121.0554072,31.2486928],[121.0549915,31.2486813],[121.0548989,31.2487031],[121.0548399,31.2487249],[121.0547689,31.2487638],[121.0546482,31.2488407],[121.0545744,31.2488888],[121.0545114,31.2489106],[121.0544376,31.2489106],[121.0543706,31.2488991],[121.0542284,31.2488384],[121.0541587,31.2488212],[121.054101,31.2488189],[121.0539347,31.2488464],[121.0539115,31.2491993],[121.0536785,31.2492131],[121.0530783,31.2492955],[121.0531086,31.2490711],[121.0531193,31.2489656],[121.0531166,31.2489083],[121.0531086,31.2488533],[121.0530898,31.2487994],[121.0530576,31.248734],[121.0529996,31.2486503],[121.0529517,31.2486033],[121.0528913,31.2485575],[121.0524246,31.2483465],[121.0523549,31.2482938],[121.0523093,31.2482181],[121.0522851,31.2481149],[121.0522932,31.2480278],[121.052312,31.247959],[121.0523361,31.2479246],[121.0529289,31.2479085],[121.0530971,31.2484893],[121.0534373,31.2482442],[121.0534534,31.2484228],[121.053515,31.2484137],[121.0535231,31.2484984],[121.0538891,31.2483946],[121.0540742,31.2483924],[121.0540956,31.2483259],[121.0541493,31.2482823],[121.054506,31.2481837],[121.054455,31.247936],[121.0547045,31.2478879],[121.0546884,31.2477801],[121.0547474,31.247764],[121.0546857,31.2475026],[121.0565472,31.2471724],[121.0567092,31.2481531],[121.057112,31.2481284],[121.0571801,31.2485322],[121.0573867,31.2485437],[121.0575959,31.2485575],[121.0578078,31.248546],[121.0580197,31.2485093],[121.0581592,31.2484566],[121.0583228,31.2483923],[121.0586393,31.2483052],[121.0591848,31.2481825],[121.0592213,31.2481665],[121.0592468,31.248147],[121.0592629,31.2481034],[121.0592642,31.2480587],[121.0590845,31.2474017],[121.0590738,31.247044],[121.0590041,31.2466496],[121.059047,31.2465028],[121.0591114,31.2464111],[121.0592347,31.2462712],[121.0592792,31.2461604],[121.0593157,31.2453229],[121.0598709,31.245316],[121.0599013,31.2453069],[121.0599227,31.245292],[121.0599375,31.2452674],[121.0599402,31.2452439],[121.0599603,31.2442282],[121.0599589,31.244208],[121.0599502,31.2441931],[121.0599187,31.2441776],[121.0598865,31.244173],[121.0587355,31.2441182],[121.0586581,31.244103],[121.0586245,31.2440732],[121.0586151,31.2440308],[121.0586286,31.2439207],[121.05887,31.2427053],[121.0584944,31.242664],[121.0588217,31.2412835],[121.0587627,31.2408845],[121.0586971,31.2406737],[121.0586393,31.2405818],[121.0585132,31.2404854],[121.0583818,31.2404304],[121.0582155,31.2403937],[121.0580224,31.2403708],[121.0577273,31.2403891],[121.0574216,31.24038],[121.0570943,31.2403341],[121.0562751,31.240121],[121.0564291,31.2385086],[121.0567403,31.2385637],[121.0571051,31.2366877],[121.058473,31.2370317],[121.058709,31.2370271],[121.0586822,31.236307],[121.0591972,31.2362428],[121.0591435,31.235252],[121.0593367,31.2352429],[121.0593533,31.2348428],[121.0599337,31.2347977],[121.0609299,31.2347291],[121.061638,31.2347429],[121.0626202,31.234739],[121.0625821,31.2345594],[121.0625768,31.2343438],[121.0625929,31.234087],[121.0626572,31.233642],[121.0627146,31.2332427],[121.0622603,31.2332522],[121.0622281,31.2330045],[121.060313,31.2331329],[121.0602969,31.2327201],[121.0595796,31.23264],[121.0600607,31.2292575],[121.0577589,31.229219],[121.0578982,31.2281449],[121.0582947,31.2277555],[121.0580536,31.226949],[121.0580867,31.2264816],[121.0581511,31.226289],[121.0582852,31.2260917],[121.0584569,31.2259357],[121.0585374,31.2258256],[121.0585588,31.2257362],[121.0585548,31.225688],[121.0585374,31.2256376],[121.0584301,31.2255366],[121.0583872,31.2254495],[121.0583925,31.2253302],[121.0584301,31.2251697],[121.0584944,31.2250963],[121.0585803,31.2250825],[121.0587358,31.22511],[121.0587949,31.2249082],[121.0587412,31.2245366],[121.0587358,31.2242705],[121.058768,31.2236558],[121.0588431,31.2233806],[121.0589397,31.2230686],[121.0589826,31.2228439],[121.0590556,31.222376],[121.0572606,31.2222156],[121.0572659,31.2219269],[121.0564193,31.2218674],[121.0564407,31.2217024],[121.0590878,31.2219269],[121.0591543,31.2216649],[121.0592937,31.2214126],[121.0593688,31.2211786],[121.059401,31.220885],[121.0594225,31.2204951],[121.0594547,31.2202978],[121.059562,31.219995],[121.0598165,31.2190354],[121.0588681,31.2189209],[121.0593075,31.2166113],[121.0603202,31.2167213],[121.0603344,31.2164717],[121.0603934,31.2161781],[121.0604739,31.2158983],[121.0605651,31.2156],[121.0606885,31.2148201],[121.0607475,31.2145265],[121.0608441,31.2142237],[121.0609996,31.2138154],[121.0611016,31.2134942],[121.0611391,31.2131685],[121.061182,31.2127831],[121.0638755,31.2008574],[121.0643647,31.1986913],[121.0643524,31.1985182],[121.064288,31.1984356],[121.0641646,31.1983851],[121.0640466,31.1983943],[121.063832,31.1985412],[121.0635531,31.1986788],[121.0632473,31.1987706],[121.0628933,31.1988532],[121.0624144,31.1989974],[121.0620044,31.1991208],[121.0616781,31.1992191],[121.0612768,31.1969771],[121.0647176,31.1973176],[121.0650038,31.1958746],[121.0650444,31.1957008],[121.0651034,31.1955861],[121.0651839,31.1955241],[121.0653126,31.1954713],[121.0661242,31.1952416],[121.0677695,31.1946316],[121.0678356,31.19385],[121.0655781,31.1941311],[121.0658169,31.1931265],[121.0659993,31.1920114],[121.0655111,31.1922041],[121.065098,31.192328],[121.0651088,31.190988],[121.0661548,31.1911119],[121.0662675,31.1904741],[121.066128,31.1898316],[121.0666168,31.1883024],[121.0660422,31.1883034],[121.065613,31.1883401],[121.0649908,31.1884319],[121.0646743,31.1884962],[121.0642719,31.1886109],[121.0633975,31.1888863],[121.0641844,31.1872512],[121.0643443,31.1868704],[121.0644473,31.1864297],[121.0646458,31.1860947],[121.0649194,31.1857688],[121.065039,31.1855086],[121.0651597,31.1848622],[121.070377,31.1862261],[121.0704047,31.1857792],[121.0702279,31.1857517],[121.0704264,31.1849034],[121.0685614,31.1844773],[121.0686418,31.184216],[121.0660055,31.1836155],[121.0663801,31.1829845],[121.0665357,31.1825394],[121.0666752,31.1820299],[121.0667717,31.1817867],[121.0669248,31.1815208],[121.066931,31.18151],[121.0679895,31.1795929],[121.0685688,31.1788311],[121.0689336,31.1782161],[121.0692055,31.1776731],[121.0701657,31.1756602],[121.0675371,31.1748184],[121.0678837,31.1733277],[121.0670276,31.173166],[121.0672807,31.1718039],[121.0682577,31.1719648],[121.0686976,31.1720475],[121.0692877,31.1721852],[121.0708272,31.1725294],[121.0711088,31.1718902],[121.0715032,31.1702528],[121.0716748,31.1699407],[121.0717767,31.1697433],[121.0718626,31.1695643],[121.0718948,31.1693669],[121.0718626,31.1691971],[121.0717714,31.1689217],[121.0717392,31.1687014],[121.0717499,31.1685683],[121.071825,31.1683938],[121.072104,31.167866],[121.0721576,31.1676916],[121.0721898,31.1674988],[121.072275,31.1667448],[121.0684073,31.1652915],[121.0688654,31.1637116],[121.070956,31.1644922],[121.0710472,31.164584],[121.0715729,31.1647676],[121.0719699,31.1648502],[121.0724713,31.1649684],[121.0725439,31.1647722],[121.0725599,31.1645565],[121.0725278,31.1642719],[121.0724258,31.1640515],[121.0722488,31.1639368],[121.0717606,31.1637119],[121.0719716,31.1633187],[121.0722113,31.1628626],[121.0711774,31.1625125],[121.0719521,31.1608186],[121.0719435,31.1606838],[121.0687888,31.1591444],[121.06866,31.1590618],[121.0686037,31.1589883],[121.0685832,31.1589135],[121.0686369,31.1584224],[121.0678429,31.1583259],[121.0680039,31.1576833],[121.0674674,31.1575501],[121.0679019,31.1559755],[121.0668934,31.1556221],[121.0663838,31.1575134],[121.0657455,31.157238],[121.0662229,31.1554476],[121.0653699,31.1551928],[121.0631974,31.1547613],[121.0631347,31.1546915],[121.0631303,31.1545948],[121.0634548,31.1537238],[121.0636716,31.1532735],[121.0638052,31.1526807],[121.0639286,31.1518636],[121.0641307,31.1504505],[121.0638948,31.1503954],[121.0627736,31.1504367],[121.0622939,31.1504726],[121.0622334,31.1504771],[121.061756,31.1505276],[121.0607673,31.1505331],[121.0607136,31.1514743],[121.0610087,31.1516029],[121.061057,31.1521905],[121.0610372,31.152442],[121.0608585,31.1530856],[121.0598628,31.1528907],[121.059614,31.152824],[121.0594815,31.1528162],[121.0593618,31.1528492],[121.0592813,31.1529342],[121.0592374,31.1530641],[121.0592384,31.1532555],[121.0592884,31.1540993],[121.0577482,31.1540016],[121.0577053,31.1550792],[121.0559893,31.1551047],[121.0546964,31.1550174],[121.0542029,31.1550037],[121.0537416,31.1549624],[121.0532319,31.1548797],[121.0530522,31.1549073],[121.0528672,31.154866],[121.0519697,31.1544813],[121.0517996,31.1546777],[121.0507804,31.154462],[121.0509038,31.1540718],[121.0510362,31.1540864],[121.0512696,31.1528148],[121.0501608,31.1528001],[121.0491828,31.152785],[121.0490299,31.153049],[121.0484067,31.1529195],[121.0478444,31.1528447],[121.0478819,31.1525463],[121.046573,31.1524062],[121.0465623,31.1525531],[121.0453178,31.1524429],[121.0449476,31.154091],[121.0448913,31.1545341],[121.044878,31.1550595],[121.0446874,31.1557667],[121.0445791,31.1564406],[121.0445496,31.1565002],[121.0444906,31.1565553],[121.0444075,31.1565989],[121.0442877,31.1566114],[121.0410101,31.1563221],[121.0409457,31.1569924],[121.0401089,31.1569373],[121.040066,31.1532418],[121.0400489,31.1531238],[121.0400033,31.1530067],[121.0399175,31.1528965],[121.0397297,31.152768],[121.036488,31.1514008],[121.0367025,31.1507489],[121.0368828,31.1499461],[121.03679,31.1498849],[121.0368795,31.1490365],[121.037931,31.1488987],[121.0379738,31.148458],[121.0390199,31.1485452],[121.039125,31.1478232],[121.0396734,31.1478488],[121.0401186,31.1478488],[121.0402715,31.1478396],[121.0403547,31.1478258],[121.040419,31.1477615],[121.0404447,31.1476791],[121.0404898,31.1470692],[121.0404888,31.1469971],[121.040462,31.1469214],[121.040411,31.1468502],[121.0402125,31.1466666],[121.0398782,31.1462521],[121.0395296,31.1457974],[121.039331,31.1456505],[121.0391791,31.1455687],[121.0391289,31.1455417],[121.0388482,31.1454164],[121.03863,31.1452984],[121.0385442,31.1452158],[121.0385174,31.1451033],[121.0385093,31.1449403],[121.0385317,31.1447415],[121.0385999,31.144288],[121.0386085,31.1441322],[121.0386005,31.144006],[121.038564,31.1438508],[121.0374267,31.141298],[121.0372138,31.1410193],[121.036672,31.1405051],[121.0360985,31.1397316],[121.0338272,31.1391217],[121.0333132,31.1399997],[121.0326577,31.1396956],[121.0315537,31.1395442],[121.0313559,31.1409596],[121.03127,31.1411525],[121.0312244,31.141281],[121.0312164,31.141405],[121.0312378,31.1419835],[121.0311932,31.1423885],[121.0311359,31.142787],[121.0300989,31.1426869],[121.0300989,31.143293],[121.0291762,31.1431782],[121.0291977,31.1436695],[121.0286559,31.1437154],[121.0286237,31.1443444],[121.0271163,31.144225],[121.0269875,31.1441056],[121.0269715,31.1438455],[121.0239245,31.1433664],[121.0238118,31.1434422],[121.0236401,31.1448953],[121.0238279,31.1449321],[121.0237099,31.1460867],[121.0218484,31.14591],[121.0217106,31.14587],[121.021636,31.1458299],[121.0216168,31.1458195],[121.0215765,31.1457598],[121.0215604,31.1456749],[121.0215721,31.1455427],[121.0216338,31.1454118],[121.0218082,31.1452029],[121.0220576,31.1449803],[121.0220952,31.1448838],[121.0220845,31.1448081],[121.0216059,31.1448317],[121.0211671,31.1434382],[121.0208657,31.1431084],[121.020805,31.1428751],[121.0199709,31.1429417],[121.0199333,31.1427076],[121.0196239,31.1428008],[121.0193996,31.1428407],[121.0189399,31.1428742],[121.0185332,31.1428729],[121.0178788,31.142827],[121.0177125,31.1427489],[121.0176427,31.1426628],[121.0181255,31.1404578],[121.0139767,31.1362576],[121.0025043,31.1355908],[120.9866149,31.1353291],[120.9790725,31.1339],[120.9584275,31.1382287],[120.9468163,31.1407563],[120.9262483,31.1436369],[120.9254568,31.1437477],[120.9219211,31.1423446],[120.912248,31.1384835],[120.9070877,31.1376259],[120.9007468,31.1366211],[120.8944059,31.1383972],[120.8762229,31.1369902],[120.8745082,31.1354924],[120.8740426,31.1350857],[120.8733131,31.134351],[120.8725369,31.1337922],[120.8720202,31.1333225],[120.87111,31.1322953],[120.8702302,31.1312024],[120.8694905,31.1304856],[120.8683591,31.1293891],[120.8678199,31.1287077],[120.8674997,31.1281626],[120.8673038,31.1276382],[120.8671297,31.1268696],[120.866953,31.1260915],[120.8668828,31.125738],[120.8668345,31.1253614],[120.8668419,31.1249198],[120.8668967,31.124041],[120.866915,31.1237863],[120.8669043,31.1235613],[120.8668279,31.1232575],[120.864513,31.1194705],[120.8622556,31.1177358],[120.8610359,31.1167986],[120.8603811,31.1166543],[120.8599198,31.116489],[120.8592364,31.1161728],[120.8583555,31.1154827],[120.8579242,31.1150469],[120.8576994,31.1146161],[120.8572121,31.1131718],[120.8569264,31.112677],[120.856478,31.1121608],[120.8556068,31.111538],[120.8548176,31.1111221],[120.8541974,31.1108205],[120.8540753,31.1107611],[120.8539505,31.1107004],[120.8508584,31.1090894]]],[[[121.1048434,31.2873809],[121.1057256,31.2873036],[121.1059001,31.2876732],[121.1062048,31.2876549],[121.1062348,31.2879043],[121.1067455,31.2878896],[121.1067369,31.28815],[121.1067798,31.2884947],[121.10687,31.2888028],[121.1069215,31.2891328],[121.1066211,31.2891915],[121.1064794,31.2892575],[121.1062949,31.2892832],[121.1061919,31.2892392],[121.1058894,31.2892467],[121.1058342,31.2890203],[121.1057979,31.2887595],[121.1058357,31.2885351],[121.1055782,31.2885497],[121.1055739,31.2882123],[121.1050504,31.2882235],[121.1048434,31.2873809]]]]}}]}
