{"type":"FeatureCollection","features":[{"type":"Feature","properties":{"place_id":237036391,"osm_type":"relation","osm_id":3464353,"place_rank":10,"category":"boundary","type":"administrative","importance":0.66507068790013,"addresstype":"city","name":"深圳市","display_name":"深圳市, 广东省, 中国"},"bbox":[113.6805151,21.8213642,115.3890648,23.016534],"geometry":{"type":"MultiPolygon","coordinates":[[[[114.0670149,22.5237153],[114.0670323,22.5237642],[114.0669201,22.5237986],[114.0669098,22.5237694],[114.0669265,22.5237643],[114.0669119,22.5237231],[114.0668666,22.523737],[114.0668915,22.5238074],[114.0668325,22.5238255],[114.0668035,22.523744],[114.0669614,22.5236956],[114.0669729,22.5237282],[114.0670149,22.5237153]]],[[[114.0670149,22.5237153],[114.067011,22.5237042],[114.0670345,22.523697],[114.0670385,22.5237081],[114.0670149,22.5237153]]],[[[113.6805151,22.718082],[113.7153624,22.6759563],[113.7351034,22.6090986],[113.7467764,22.5978468],[113.7272323,22.5607978],[113.7241171,22.5548915],[113.7320869,22.5326115],[113.7496947,22.4833753],[113.7500787,22.4567619],[113.7502096,22.4476827],[113.7265204,22.419598],[113.7153624,22.404522],[113.7117575,22.3967453],[113.7093542,22.3937297],[113.705921,22.3869048],[113.7016295,22.3748412],[113.6992262,22.3632529],[113.705406,22.318478],[113.7726973,22.2719413],[113.7781904,22.2721002],[113.8070296,22.2773423],[113.8345592,22.2577066],[113.839,22.2677222],[113.8473889,22.2731111],[113.8658702,22.32435],[113.8691111,22.3333333],[113.8691111,22.4],[113.8691111,22.4288056],[113.8742315,22.4316398],[113.9478056,22.4723583],[113.9865927,22.5032962],[113.9927148,22.5081962],[113.9950556,22.5100639],[113.9952237,22.5101629],[113.9959594,22.510229],[113.9965466,22.5102088],[113.9971593,22.5101701],[113.9975706,22.5101079],[113.9980992,22.5099926],[113.9985121,22.5098573],[113.9995168,22.5093559],[114.0001192,22.5090181],[114.0017119,22.5079566],[114.0025695,22.507246],[114.0033995,22.5065099],[114.0043329,22.5055224],[114.0050738,22.5045985],[114.0075793,22.5024028],[114.0086078,22.5017861],[114.0098906,22.5011386],[114.0111627,22.500729],[114.0119473,22.5006432],[114.0134549,22.5008781],[114.0167327,22.5019953],[114.0204882,22.5038329],[114.0244719,22.5065864],[114.0254086,22.5067585],[114.02667,22.5067174],[114.031935,22.5063089],[114.0340851,22.5060628],[114.0372417,22.5056593],[114.0408354,22.5050651],[114.0431073,22.5044327],[114.0433311,22.5043945],[114.0436495,22.5043435],[114.044136,22.5042668],[114.0444246,22.5042205],[114.0453395,22.5040735],[114.0465514,22.5037299],[114.0478327,22.5031191],[114.0485289,22.5027996],[114.0490133,22.5026504],[114.0494791,22.5025036],[114.0504116,22.5023716],[114.0511124,22.5023406],[114.051808,22.5024284],[114.0526501,22.5026117],[114.0532161,22.5028074],[114.0548495,22.5034987],[114.055634,22.5039374],[114.0563791,22.5046529],[114.0568119,22.5054118],[114.0569643,22.5058723],[114.0570869,22.5068643],[114.0571529,22.5080854],[114.0573065,22.5093356],[114.0576548,22.5104648],[114.0580053,22.5112458],[114.0584621,22.5120214],[114.0595297,22.5133299],[114.0608331,22.5143646],[114.0625467,22.5154959],[114.0636651,22.5162342],[114.0638685,22.5163545],[114.0640719,22.5164748],[114.0644356,22.5166482],[114.064786,22.5167723],[114.0652651,22.5168964],[114.0654878,22.5169402],[114.0656996,22.516973],[114.0666597,22.5170793],[114.0676766,22.5171754],[114.0682796,22.5172324],[114.0692801,22.5174039],[114.070607,22.517785],[114.0715235,22.5180482],[114.0725554,22.5183579],[114.0727797,22.5184592],[114.0739075,22.5191556],[114.0742149,22.5194284],[114.074443,22.5197746],[114.0746205,22.5201714],[114.0754661,22.5222312],[114.0756241,22.522677],[114.0764446,22.5253273],[114.0768388,22.5264567],[114.0775151,22.5286835],[114.0775904,22.5289267],[114.0776725,22.529118],[114.0779302,22.5295845],[114.0780946,22.529794],[114.078382,22.5300021],[114.0789915,22.5303492],[114.079277,22.5305229],[114.0795624,22.5306965],[114.0809885,22.5311422],[114.0823923,22.5314987],[114.0830209,22.5316583],[114.0845277,22.532095],[114.085246,22.5323726],[114.0859424,22.5329485],[114.0863228,22.5334235],[114.0870129,22.5344071],[114.0876937,22.5353399],[114.0881333,22.5357862],[114.0884649,22.5361332],[114.0889963,22.5364705],[114.0896152,22.5367094],[114.0902533,22.5368417],[114.0917925,22.5370108],[114.0922052,22.5369893],[114.0927171,22.5368811],[114.0933678,22.536614],[114.0938169,22.5363469],[114.0942539,22.5360036],[114.0953406,22.5349288],[114.0957297,22.5345979],[114.0962413,22.5343366],[114.0966667,22.5341929],[114.0972742,22.534121],[114.097889,22.5341356],[114.0996246,22.5344865],[114.0999998,22.5345622],[114.1002663,22.534616],[114.1027235,22.535106],[114.1030943,22.5351511],[114.1032825,22.5351714],[114.1036356,22.535177],[114.1038969,22.5351532],[114.1041381,22.5350997],[114.1043374,22.5350375],[114.1050906,22.5347845],[114.1054013,22.534666],[114.1068733,22.5340329],[114.1072749,22.5338602],[114.1076283,22.5336896],[114.1079334,22.5334794],[114.1082035,22.5332211],[114.108436,22.5329213],[114.1086145,22.5325917],[114.109084,22.5313573],[114.1092268,22.5310922],[114.1092929,22.5309694],[114.1095858,22.530595],[114.1099773,22.5303117],[114.1105046,22.5299977],[114.1106983,22.5299108],[114.1110184,22.5297671],[114.1115261,22.5296048],[114.1118767,22.5295742],[114.112203,22.5295796],[114.1124985,22.5296533],[114.1128065,22.5297592],[114.1130823,22.5298618],[114.1132388,22.5299402],[114.1147774,22.5307107],[114.1152223,22.5309851],[114.1155671,22.5312479],[114.1157261,22.5314141],[114.1158961,22.5318017],[114.1160185,22.5322209],[114.1160694,22.5330456],[114.1161194,22.5333046],[114.1162879,22.5336474],[114.1164405,22.5338996],[114.1168122,22.5341998],[114.1170769,22.5343372],[114.1173828,22.5344481],[114.1186178,22.5346314],[114.118782,22.5346601],[114.1197332,22.5348139],[114.1199962,22.5349162],[114.1201884,22.5350637],[114.120371,22.5353216],[114.1204169,22.5353865],[114.1208808,22.5360459],[114.1214883,22.5369258],[114.1219559,22.5375842],[114.1221152,22.5377738],[114.1223203,22.5379359],[114.1235569,22.5387268],[114.1250413,22.539633],[114.1254478,22.5397873],[114.1259507,22.5398374],[114.1262942,22.5398253],[114.1265121,22.5398067],[114.1269505,22.5396967],[114.1270378,22.5396703],[114.1272774,22.5396391],[114.127304,22.5396378],[114.1273353,22.5396389],[114.1276091,22.5396482],[114.1283393,22.5397923],[114.1289152,22.5401987],[114.1289611,22.5402626],[114.129451,22.5409443],[114.1301585,22.5417147],[114.1303679,22.5418425],[114.1304805,22.5418716],[114.1308037,22.541955],[114.1312566,22.5419965],[114.1315169,22.5419424],[114.1336596,22.5414828],[114.133985,22.5415093],[114.1344427,22.5416094],[114.13469,22.5417278],[114.1349202,22.5418381],[114.1357718,22.5425119],[114.1360337,22.5428557],[114.1369886,22.5433213],[114.1373093,22.5434437],[114.137528,22.5435188],[114.1380475,22.5435797],[114.1383361,22.5435575],[114.1386407,22.5434863],[114.1391751,22.5432815],[114.1398036,22.543011],[114.140133,22.5429196],[114.1405144,22.5428785],[114.1409718,22.5428817],[114.1411825,22.5428783],[114.1413472,22.5428226],[114.141474,22.5427321],[114.1416843,22.5424623],[114.1418024,22.5423626],[114.1421896,22.5421176],[114.1426709,22.5420488],[114.1427367,22.5420499],[114.1431324,22.5420562],[114.143932,22.5420528],[114.1439657,22.5420459],[114.1440445,22.5420225],[114.1441177,22.5419461],[114.1442653,22.5416154],[114.1442909,22.5415581],[114.1443966,22.5412946],[114.1444062,22.5412708],[114.1444685,22.5412236],[114.1444921,22.5412057],[114.1445115,22.5411976],[114.1445932,22.5411632],[114.1447793,22.5411647],[114.1453352,22.5411693],[114.1454245,22.54117],[114.1455297,22.5411862],[114.1459193,22.5412462],[114.146118,22.5413068],[114.1462661,22.541352],[114.1467553,22.5414875],[114.1467789,22.541494],[114.147267,22.541542],[114.1475872,22.5416821],[114.1477276,22.5417516],[114.1480179,22.5417855],[114.1481124,22.5417965],[114.1483078,22.5418229],[114.1483338,22.5418264],[114.1484519,22.541892],[114.1485184,22.5419777],[114.1486135,22.5421001],[114.1486159,22.5421388],[114.1486241,22.5422681],[114.1485943,22.542409],[114.1485779,22.5424353],[114.1484975,22.5425644],[114.1483859,22.5427873],[114.1482728,22.5430234],[114.1483101,22.5432994],[114.1483899,22.5434851],[114.148428,22.5435737],[114.1485479,22.5438762],[114.1486953,22.5442074],[114.1489373,22.5444605],[114.149841,22.5454428],[114.149914,22.5455221],[114.1501941,22.5459649],[114.1505157,22.5462253],[114.1505418,22.5462385],[114.1506401,22.5462882],[114.150806,22.5463265],[114.1509536,22.5463313],[114.1509838,22.5463323],[114.151125,22.5463078],[114.1512692,22.5463107],[114.1513268,22.5463373],[114.151411,22.5463761],[114.1515517,22.5465087],[114.1517892,22.5467191],[114.1518429,22.5468236],[114.1519005,22.5469356],[114.1519461,22.5471171],[114.1519728,22.5472235],[114.1519618,22.5474479],[114.1519559,22.5475669],[114.1518325,22.5478482],[114.1516963,22.5480335],[114.1515886,22.5481109],[114.1514613,22.548125],[114.1514244,22.548126],[114.1509841,22.5479822],[114.1508831,22.5479492],[114.1506569,22.5478773],[114.1505961,22.5478589],[114.1504911,22.5478376],[114.1503969,22.5478314],[114.1502658,22.5478395],[114.1500898,22.5478824],[114.1499394,22.5479804],[114.1498579,22.5480356],[114.1497709,22.5481182],[114.1496995,22.5482109],[114.1496542,22.5482831],[114.1496257,22.5483414],[114.149601,22.5484066],[114.1495838,22.5484686],[114.1495683,22.5485615],[114.1495612,22.5486613],[114.1496002,22.5490503],[114.149643,22.5494982],[114.1496766,22.5497539],[114.1496956,22.5498879],[114.149747,22.5501201],[114.1497877,22.5503502],[114.1498122,22.5503995],[114.1498843,22.5505206],[114.149972,22.5506204],[114.1500795,22.550712],[114.1502029,22.5507839],[114.1503409,22.5508355],[114.1504376,22.5508646],[114.1504939,22.5508762],[114.1507313,22.550926],[114.150893,22.5509743],[114.1509282,22.550991],[114.1510738,22.5510602],[114.1512221,22.551164],[114.1513558,22.5512853],[114.1514784,22.5514256],[114.1515277,22.551515],[114.1515735,22.551598],[114.1516451,22.5517697],[114.151674,22.5518807],[114.151688,22.5519348],[114.1516899,22.5520828],[114.1516798,22.552197],[114.1516439,22.5525597],[114.1516366,22.5527043],[114.1516355,22.5527687],[114.1516281,22.5528632],[114.1516596,22.5531663],[114.1516681,22.553218],[114.1516871,22.5533183],[114.1518597,22.5541243],[114.151871,22.554202],[114.1518737,22.5542209],[114.1518764,22.5542392],[114.1518648,22.554336],[114.1519471,22.5545662],[114.1520076,22.5546801],[114.152108,22.5547785],[114.1522529,22.5548351],[114.1523573,22.5548438],[114.1525332,22.5548192],[114.1527807,22.5547486],[114.1532337,22.5545787],[114.1534509,22.5545172],[114.1537158,22.5544614],[114.1539534,22.5544596],[114.1544211,22.554458],[114.1545584,22.5544246],[114.154686,22.5543702],[114.1547922,22.5543669],[114.1548708,22.5543978],[114.1550714,22.554678],[114.1550987,22.5547161],[114.1552007,22.5548089],[114.1554344,22.5549802],[114.1554517,22.5549921],[114.155643,22.5550864],[114.1557766,22.5551558],[114.1558907,22.5551891],[114.1559099,22.5551947],[114.1560567,22.5551947],[114.156183,22.5551193],[114.1563592,22.5550247],[114.1563857,22.5550105],[114.1564016,22.555002],[114.156503,22.5550064],[114.1565802,22.5550257],[114.156692,22.5550724],[114.1567048,22.5550777],[114.1569326,22.5553723],[114.1569585,22.5554398],[114.1569927,22.555658],[114.1570245,22.5558603],[114.157108,22.5562165],[114.1571279,22.5562681],[114.1571784,22.5563987],[114.157453,22.557012],[114.1577171,22.5576228],[114.1577999,22.5577972],[114.1579997,22.558218],[114.1582238,22.5587623],[114.1582382,22.5587871],[114.1584226,22.5591054],[114.1586533,22.5592676],[114.1589577,22.559509],[114.1590768,22.5596451],[114.1591683,22.5598311],[114.1592126,22.5599212],[114.1593017,22.5601615],[114.1593106,22.5601854],[114.1594675,22.5604087],[114.1596631,22.5606114],[114.1598775,22.5608018],[114.1599458,22.5609128],[114.1600856,22.5611402],[114.1601893,22.5612751],[114.1602501,22.5613456],[114.1603314,22.5614147],[114.1605585,22.5615753],[114.1606788,22.5616403],[114.1607972,22.5617043],[114.1608464,22.5617309],[114.1610345,22.56185],[114.1612843,22.5619295],[114.1614669,22.561963],[114.1615632,22.5619337],[114.1618061,22.561826],[114.1618353,22.5618131],[114.1619324,22.5617346],[114.1621032,22.5615965],[114.162354,22.5613302],[114.1624275,22.561192],[114.1625124,22.5610325],[114.1626481,22.5607297],[114.162845,22.5603003],[114.163074,22.5597156],[114.163208,22.5593733],[114.1632225,22.5593364],[114.1635146,22.5591753],[114.1635425,22.5591599],[114.1639145,22.5591172],[114.1645222,22.5591215],[114.165031,22.559188],[114.1651005,22.5592085],[114.1651359,22.5592189],[114.1655376,22.5595143],[114.1656943,22.5596295],[114.1660365,22.5599402],[114.1660726,22.5599854],[114.1662036,22.5601491],[114.1664269,22.5604281],[114.1668383,22.5608561],[114.1668739,22.5608856],[114.1670492,22.5610306],[114.167107,22.5610649],[114.1672926,22.5611751],[114.1674076,22.5612313],[114.1674345,22.5612371],[114.1675469,22.5612613],[114.1678514,22.5612942],[114.1682147,22.5612786],[114.1683952,22.5612709],[114.168559,22.5612518],[114.1685896,22.5612477],[114.168751,22.561226],[114.1687954,22.56122],[114.1688523,22.5611956],[114.1691363,22.5610735],[114.1691926,22.5610405],[114.1693347,22.5609571],[114.1693646,22.5609396],[114.1695032,22.5607842],[114.1695289,22.5607378],[114.1696064,22.5605975],[114.1697461,22.5603657],[114.1697534,22.5603537],[114.1698128,22.5602551],[114.1698266,22.5602425],[114.1701868,22.5599122],[114.1705205,22.5597207],[114.1708505,22.5596386],[114.1720368,22.5596513],[114.1720582,22.5596524],[114.1724556,22.5596719],[114.1726072,22.5596728],[114.1727182,22.5596735],[114.172876,22.5596219],[114.1728935,22.5596163],[114.1729323,22.5596038],[114.1730816,22.5595914],[114.1731323,22.5595831],[114.1731874,22.5595968],[114.1732986,22.5596243],[114.1734607,22.559662],[114.1736723,22.5596998],[114.1738346,22.5597289],[114.1738486,22.5597314],[114.1740234,22.5597691],[114.1741256,22.5597911],[114.1742357,22.5598244],[114.1743582,22.5598615],[114.1745664,22.5599368],[114.1745943,22.5599469],[114.1747138,22.5599769],[114.1748445,22.5599933],[114.1749564,22.5600029],[114.1750264,22.5600071],[114.1752201,22.5600189],[114.1753869,22.5600262],[114.1757558,22.5600763],[114.175842,22.5600943],[114.1759723,22.5600493],[114.1760749,22.5600732],[114.1762009,22.5600435],[114.1763163,22.5599828],[114.1763653,22.5599935],[114.1763847,22.5599977],[114.1764565,22.5600081],[114.1764736,22.5600034],[114.1764978,22.559969],[114.1765218,22.5599509],[114.1765684,22.5599259],[114.1766037,22.5599169],[114.1766818,22.5598969],[114.1767547,22.5598762],[114.176865,22.5598375],[114.1769194,22.5598144],[114.1769718,22.5598112],[114.1770151,22.5598089],[114.1770558,22.5598099],[114.1770812,22.5597786],[114.1772589,22.5596972],[114.1772675,22.5596872],[114.1773525,22.5595881],[114.1773959,22.559498],[114.1774188,22.5593857],[114.1774224,22.5593225],[114.1774299,22.5592747],[114.1774397,22.5592098],[114.177465,22.5591422],[114.1774639,22.5591344],[114.1774595,22.5591033],[114.1774605,22.5590543],[114.1774781,22.5589763],[114.1774864,22.5589333],[114.1774926,22.5589009],[114.1775064,22.5588052],[114.177607,22.5585055],[114.1776199,22.5583524],[114.1776237,22.5583076],[114.1776475,22.5581864],[114.1776523,22.5581621],[114.1776412,22.5579909],[114.1776193,22.5576542],[114.1776177,22.5576295],[114.1776249,22.5574592],[114.1776299,22.5573429],[114.177636,22.5571993],[114.1776404,22.5570968],[114.1776476,22.5569282],[114.1776572,22.5568843],[114.1777413,22.5565011],[114.177745,22.5564843],[114.1777752,22.5563465],[114.1777713,22.5561593],[114.177771,22.5561451],[114.1777878,22.5560541],[114.1777746,22.5560138],[114.1777569,22.5559394],[114.1777073,22.5558223],[114.1776902,22.555745],[114.1776763,22.5556826],[114.1777438,22.5556404],[114.1778659,22.5555877],[114.1779459,22.5555531],[114.1782501,22.5554218],[114.1784115,22.5553563],[114.1784829,22.5553296],[114.179443,22.5549702],[114.1797758,22.5548347],[114.1798963,22.5547821],[114.1799947,22.5547314],[114.180119,22.5546672],[114.1803184,22.5545643],[114.1803996,22.5544886],[114.1804445,22.5544467],[114.1804777,22.5544249],[114.180574,22.5543617],[114.180679,22.5543136],[114.1807742,22.5542719],[114.1809778,22.5541154],[114.1810658,22.5541259],[114.1811119,22.5541653],[114.1811513,22.5542215],[114.1811586,22.5542424],[114.1811696,22.5542741],[114.1811743,22.5543402],[114.181179,22.554406],[114.1811729,22.5544543],[114.1811527,22.5546139],[114.1811493,22.5546411],[114.181155,22.5546854],[114.1811854,22.5549628],[114.1812389,22.5550653],[114.1812199,22.5551179],[114.1812502,22.5551613],[114.1814631,22.5553538],[114.1814741,22.5553677],[114.1814896,22.5553725],[114.181565,22.5554083],[114.1816596,22.5554369],[114.1817948,22.5554483],[114.1818539,22.555445],[114.1819874,22.5554377],[114.1820658,22.555436],[114.182081,22.5554357],[114.1821963,22.5554177],[114.182331,22.5553926],[114.1823962,22.5553787],[114.1824565,22.5553731],[114.1825811,22.555341],[114.1826637,22.555292],[114.1827232,22.5552695],[114.1827747,22.5552722],[114.1828308,22.5552689],[114.1828571,22.5552653],[114.1830627,22.5552375],[114.1831626,22.5552361],[114.1832841,22.5552203],[114.1833671,22.5552202],[114.1834863,22.5552169],[114.1835719,22.5552105],[114.1836026,22.555211],[114.1836758,22.5552122],[114.1837204,22.5552129],[114.1837657,22.5552163],[114.1838638,22.5552235],[114.1839096,22.5552272],[114.184039,22.5552257],[114.1843048,22.5552166],[114.1844152,22.5551812],[114.1846543,22.5551238],[114.1846734,22.5551242],[114.1850491,22.5550708],[114.1851882,22.5550404],[114.1853086,22.5550025],[114.185331,22.5549954],[114.1854908,22.5549266],[114.1856111,22.5548817],[114.1856289,22.5548756],[114.1858066,22.5548145],[114.1858743,22.5548059],[114.1859509,22.5547852],[114.1859655,22.554778],[114.1859794,22.5547742],[114.1860963,22.5547427],[114.1861352,22.5547378],[114.1862227,22.5547187],[114.1862549,22.5547116],[114.1863845,22.5546819],[114.1864519,22.5546664],[114.1865683,22.5546542],[114.1865801,22.5546514],[114.1866373,22.5546378],[114.1866991,22.554643],[114.1867059,22.5546448],[114.1867701,22.5546616],[114.1867773,22.5546646],[114.1868054,22.5546764],[114.186824,22.5546877],[114.1868705,22.5547421],[114.1869124,22.554814],[114.186987,22.5549628],[114.1870213,22.5550304],[114.1870477,22.5550969],[114.1870705,22.5551471],[114.1871335,22.5552851],[114.1871872,22.555371],[114.1872271,22.5554514],[114.1872444,22.5554862],[114.1872533,22.5554945],[114.1873095,22.5555512],[114.1873149,22.5555567],[114.1873411,22.5555756],[114.1873731,22.5555988],[114.1874073,22.5556125],[114.1874241,22.5556193],[114.1874984,22.5556363],[114.1875161,22.5556403],[114.1876439,22.5556629],[114.1877317,22.5556697],[114.1877907,22.5556661],[114.1878137,22.5556647],[114.1879436,22.5556425],[114.1880566,22.5556313],[114.1881218,22.5556237],[114.1881587,22.5555818],[114.1882548,22.5554889],[114.1883285,22.5554128],[114.1884567,22.5552615],[114.1884747,22.555209],[114.1884834,22.5551026],[114.1884861,22.5550697],[114.1885693,22.5548889],[114.1885886,22.55481],[114.1886839,22.5546882],[114.188761,22.5545699],[114.1887854,22.5545444],[114.188849,22.5544779],[114.1889622,22.5543749],[114.1890445,22.5543173],[114.1890757,22.5542955],[114.1890967,22.5542809],[114.1891848,22.5542345],[114.1892016,22.5542256],[114.1892349,22.5542122],[114.1892619,22.5542014],[114.1893062,22.5542083],[114.1893592,22.5542343],[114.1894519,22.554247],[114.1895811,22.5542776],[114.1896951,22.5542987],[114.1897151,22.5543013],[114.1899132,22.5543267],[114.1900445,22.5543489],[114.1901819,22.5543681],[114.1902093,22.5543684],[114.1904003,22.5543707],[114.1904448,22.5543681],[114.1905064,22.5543745],[114.1905618,22.5544146],[114.1905876,22.5544535],[114.1905959,22.5544751],[114.1906594,22.5546409],[114.1906741,22.5546792],[114.1907452,22.5548511],[114.1907975,22.5549242],[114.1908552,22.554996],[114.1909066,22.555058],[114.1910169,22.5551632],[114.1910705,22.5552144],[114.1911156,22.5552568],[114.1911404,22.5552957],[114.1911935,22.5553788],[114.1913076,22.5554148],[114.1913628,22.5554335],[114.1914701,22.5554698],[114.1915671,22.555581],[114.191726,22.5558007],[114.1917396,22.5558195],[114.1919584,22.5559715],[114.1921883,22.55603],[114.1922607,22.5560333],[114.1922922,22.5560198],[114.1923723,22.5559586],[114.1924255,22.5559023],[114.1925356,22.5557856],[114.1926308,22.5557447],[114.1926786,22.5557137],[114.192819,22.555636],[114.192968,22.5555724],[114.1931588,22.5554952],[114.1932371,22.5554563],[114.1934248,22.5554381],[114.1936438,22.5554045],[114.193817,22.5553768],[114.1941455,22.5553392],[114.1941912,22.5553341],[114.1944014,22.5553417],[114.1944718,22.5553442],[114.1945568,22.5553473],[114.1945886,22.555353],[114.194621,22.5553588],[114.1946655,22.5553697],[114.1947229,22.5553902],[114.1947802,22.5553779],[114.1948159,22.5553693],[114.1948743,22.5553652],[114.1950398,22.5553774],[114.1952055,22.555507],[114.195274,22.5555686],[114.1953151,22.555614],[114.195317,22.5556914],[114.1953821,22.5557261],[114.19541,22.5557251],[114.195458,22.5557233],[114.1955436,22.5557141],[114.1956533,22.5557015],[114.1956672,22.5556999],[114.195773,22.5556993],[114.1958218,22.5557052],[114.1958401,22.5557074],[114.1958677,22.5557222],[114.195915,22.5557475],[114.1959297,22.5557886],[114.1959413,22.5558208],[114.1959643,22.555871],[114.196042,22.5559256],[114.1960489,22.5560141],[114.1960338,22.5560722],[114.1960205,22.5561014],[114.1960153,22.5562042],[114.1960136,22.5562919],[114.1960475,22.5563709],[114.1960558,22.5564394],[114.1960565,22.5565478],[114.1960569,22.5566062],[114.1960575,22.5566973],[114.1960432,22.5568345],[114.196082,22.5568625],[114.196091,22.5569061],[114.1960919,22.5569104],[114.1960976,22.55692],[114.1961252,22.5569662],[114.1961541,22.5569727],[114.1961847,22.5569795],[114.1962467,22.5569795],[114.1962702,22.5569765],[114.1963041,22.5569722],[114.1963928,22.5569513],[114.1964627,22.5569348],[114.1964794,22.5569309],[114.1966201,22.5569032],[114.1967107,22.5568853],[114.1968418,22.556862],[114.1968629,22.5568582],[114.1968688,22.5568572],[114.196945,22.5568346],[114.1970093,22.556804],[114.1970151,22.5568005],[114.1970489,22.5567799],[114.1970791,22.5567615],[114.1970845,22.5567582],[114.197146,22.5567111],[114.1972149,22.5566621],[114.1972991,22.5566101],[114.1973766,22.5565719],[114.1974432,22.5565427],[114.1974742,22.5565328],[114.1974902,22.5565277],[114.1975524,22.5565187],[114.1975754,22.556523],[114.1977024,22.5565468],[114.1978182,22.556572],[114.1980033,22.5566358],[114.1980059,22.5566762],[114.198008,22.5567089],[114.1980582,22.5567609],[114.1980958,22.5567479],[114.1980515,22.5566952],[114.1981385,22.556701],[114.1981777,22.5566967],[114.1982233,22.5566917],[114.1985769,22.5566685],[114.198628,22.5566651],[114.1986698,22.556661],[114.199009,22.5566303],[114.199117,22.5566488],[114.1992183,22.5566742],[114.1993189,22.5567188],[114.1994062,22.5567768],[114.1995201,22.5568971],[114.1995372,22.5569326],[114.1995931,22.556985],[114.1996877,22.5570525],[114.1998491,22.5571669],[114.1999177,22.5572173],[114.2000283,22.5572724],[114.2000943,22.5573216],[114.2002161,22.5573863],[114.2003401,22.557447],[114.2004354,22.5574842],[114.2005379,22.557512],[114.2005956,22.5575176],[114.2006513,22.5575166],[114.2007244,22.5574928],[114.2008042,22.5574786],[114.2009155,22.5574346],[114.2009734,22.5573778],[114.2009811,22.5573703],[114.2009845,22.5573479],[114.2010348,22.5572885],[114.2010638,22.557244],[114.2010764,22.5572247],[114.2010932,22.5571776],[114.2010898,22.5571145],[114.2010784,22.557021],[114.2010875,22.5568629],[114.2010917,22.5567691],[114.2010975,22.556707],[114.2011227,22.5566339],[114.2011399,22.5566003],[114.2011596,22.5565621],[114.2012005,22.5564921],[114.2012615,22.5564135],[114.2013265,22.5563509],[114.2013815,22.556307],[114.2013877,22.5563011],[114.2014628,22.5562305],[114.2014988,22.5561814],[114.2015062,22.5561713],[114.201546,22.5560884],[114.2015854,22.5561082],[114.2016484,22.5561212],[114.2017188,22.5561342],[114.2017952,22.5561416],[114.2019045,22.556196],[114.2019622,22.5562128],[114.2020158,22.5562172],[114.2020572,22.5562054],[114.2021111,22.5561844],[114.2021848,22.5561695],[114.2022579,22.5561608],[114.2023619,22.5561398],[114.2024156,22.5561342],[114.2025248,22.5561187],[114.2026006,22.5561274],[114.202622,22.5561311],[114.2026448,22.5561299],[114.2026947,22.5561345],[114.2027917,22.5561274],[114.2028963,22.5561125],[114.2029989,22.556136],[114.2030989,22.5561657],[114.2031618,22.5561596],[114.2032879,22.5562153],[114.2033119,22.5562167],[114.2034859,22.5562176],[114.2035186,22.5562178],[114.2036486,22.5562215],[114.2037396,22.5562283],[114.2037729,22.5562308],[114.2039029,22.5562601],[114.2040718,22.556294],[114.2041368,22.5563113],[114.2042207,22.556341],[114.204348,22.5563528],[114.2043983,22.5563534],[114.2044205,22.5563522],[114.2044895,22.5563485],[114.2045934,22.5563299],[114.2046974,22.556328],[114.2048161,22.5563175],[114.2049401,22.5563206],[114.2049503,22.5563273],[114.2050716,22.5563577],[114.2051892,22.5564026],[114.2052788,22.5564011],[114.2053787,22.5563943],[114.2055754,22.5564334],[114.2055979,22.5564332],[114.205673,22.5564327],[114.2057689,22.5564345],[114.2058172,22.5564413],[114.2058367,22.5564457],[114.2058582,22.556451],[114.2060687,22.5565033],[114.2061692,22.5565157],[114.2067361,22.556525],[114.2071214,22.5565584],[114.207155,22.5565881],[114.2071563,22.5566104],[114.2071509,22.556629],[114.207387,22.5566798],[114.2084918,22.5569402],[114.2086396,22.5568804],[114.208996,22.5565649],[114.2092665,22.5564364],[114.2095193,22.5564048],[114.2095428,22.5563961],[114.2098922,22.5561738],[114.2099391,22.5561831],[114.2100645,22.5561261],[114.2101094,22.5561001],[114.2101295,22.5560611],[114.2101289,22.556045],[114.210157,22.5560568],[114.2101778,22.5560506],[114.2103186,22.555998],[114.2103482,22.5559838],[114.2104454,22.5559373],[114.2105325,22.5559181],[114.2106165,22.5558996],[114.2107122,22.5559274],[114.2108919,22.5561193],[114.2110328,22.5562178],[114.2112895,22.5564853],[114.211292,22.5564822],[114.2113673,22.556438],[114.2114237,22.5564048],[114.2114688,22.5563762],[114.2114928,22.5563559],[114.2115165,22.5563406],[114.2115433,22.5563216],[114.2116109,22.5562596],[114.211634,22.556235],[114.2116524,22.5560915],[114.2116634,22.5560794],[114.2117858,22.5560147],[114.211803,22.5560018],[114.2118166,22.5559915],[114.2118582,22.5559602],[114.2118666,22.5559308],[114.2118824,22.55584],[114.2119005,22.5557602],[114.211936,22.5557069],[114.2119937,22.5556463],[114.212003,22.5556398],[114.2120168,22.5556301],[114.2120465,22.5556209],[114.2121197,22.5555982],[114.2121625,22.5555852],[114.2121707,22.5555827],[114.2122188,22.5555637],[114.2122441,22.5555403],[114.2123826,22.5554629],[114.2124637,22.555409],[114.2125475,22.555333],[114.2126719,22.5551121],[114.2127421,22.5550495],[114.2127504,22.5550421],[114.2128448,22.5549877],[114.2128522,22.5549866],[114.2129286,22.5549752],[114.2129658,22.5549721],[114.2130583,22.5549399],[114.2130694,22.5549386],[114.213089,22.5549364],[114.2131008,22.5549315],[114.2131205,22.5549234],[114.2131456,22.5549083],[114.2131795,22.5548879],[114.2132103,22.5548688],[114.2132618,22.5548367],[114.2132857,22.5548285],[114.2133844,22.5548034],[114.2135458,22.5548045],[114.2137919,22.554835],[114.2140543,22.5548585],[114.2141321,22.5548663],[114.2142615,22.5548851],[114.2143208,22.5548929],[114.2144264,22.5548988],[114.2144735,22.5548989],[114.2145401,22.5548949],[114.214614,22.5548966],[114.2146651,22.5548913],[114.2148096,22.5549014],[114.2148422,22.5549053],[114.214993,22.5549576],[114.2151111,22.5549842],[114.2152222,22.5549983],[114.2153028,22.5550177],[114.2153634,22.5550455],[114.2155878,22.5552313],[114.2156716,22.5552906],[114.2157494,22.5553199],[114.2157848,22.5553232],[114.2158311,22.5553177],[114.2159305,22.5553131],[114.2159766,22.5553059],[114.2160572,22.5552889],[114.2161025,22.5552479],[114.2161844,22.5551358],[114.2162184,22.5551092],[114.216245,22.5551022],[114.2163241,22.5551019],[114.2163686,22.555113],[114.2164279,22.555131],[114.2165433,22.5551539],[114.2167278,22.5552158],[114.2167836,22.555244],[114.2168216,22.5552663],[114.2168465,22.5552891],[114.2168734,22.5553205],[114.2169117,22.5553847],[114.2169133,22.5553874],[114.2169264,22.5554307],[114.2169378,22.5554776],[114.2169445,22.5555287],[114.2169459,22.5555956],[114.2168875,22.5556733],[114.21689,22.5557211],[114.2169125,22.5557611],[114.2169889,22.5558085],[114.2170523,22.55585],[114.2170885,22.5558537],[114.217236,22.5558252],[114.2172843,22.5558252],[114.2173292,22.5558691],[114.217377,22.5559104],[114.2174798,22.5559216],[114.2176055,22.5559515],[114.2176779,22.5559775],[114.2177369,22.5559854],[114.2177955,22.5560073],[114.2178509,22.5560103],[114.2178617,22.5560141],[114.217869,22.5560172],[114.2179046,22.5560469],[114.217971,22.5560103],[114.2179897,22.5559998],[114.2179964,22.5559744],[114.2180814,22.5558992],[114.2184155,22.5556084],[114.2186478,22.5553952],[114.218667,22.5553564],[114.218789,22.5552394],[114.2188983,22.555165],[114.2189506,22.5551112],[114.2189617,22.5550972],[114.2190619,22.5549715],[114.2191602,22.5549066],[114.2192297,22.5548608],[114.2192906,22.5548133],[114.2194251,22.5545993],[114.2194287,22.5545062],[114.2194175,22.554447],[114.2194167,22.5544108],[114.2194636,22.5543563],[114.2194988,22.5542882],[114.2195092,22.5542306],[114.2195226,22.554194],[114.2195401,22.5541547],[114.2195662,22.5541309],[114.2196324,22.5540813],[114.2196577,22.5540601],[114.219697,22.5540318],[114.2197294,22.5539812],[114.2197409,22.5539522],[114.2197452,22.5539253],[114.2197359,22.5538609],[114.2197566,22.553807],[114.2197902,22.5537537],[114.2199038,22.5537054],[114.2199196,22.5536949],[114.219988,22.5536553],[114.2200174,22.5536266],[114.2200805,22.5535977],[114.2200993,22.5535927],[114.2201462,22.5535971],[114.2201764,22.5536099],[114.2202441,22.5536454],[114.2202799,22.5536683],[114.2203062,22.5536715],[114.2203213,22.5536708],[114.2203533,22.5536794],[114.2203672,22.5536903],[114.220391,22.5536879],[114.2204253,22.5536732],[114.2204661,22.553624],[114.2205328,22.5535296],[114.2205901,22.5534359],[114.22068,22.5533258],[114.2207787,22.5531763],[114.2208436,22.5530831],[114.2208493,22.5530648],[114.2208433,22.5530136],[114.2208527,22.5527251],[114.220851,22.5526737],[114.2208426,22.5526098],[114.2208467,22.5525521],[114.2208473,22.552544],[114.2208859,22.5524152],[114.2209093,22.5523282],[114.2209113,22.5523167],[114.2209207,22.5522917],[114.2209342,22.5522555],[114.2209613,22.5522065],[114.2210106,22.552139],[114.2210642,22.552047],[114.2210907,22.5520021],[114.2211184,22.551962],[114.2211638,22.5519012],[114.2212439,22.5518074],[114.2213023,22.5517545],[114.2213883,22.5516901],[114.2215239,22.5516241],[114.2215651,22.5516197],[114.2216608,22.5516184],[114.2217358,22.5516173],[114.2218112,22.5516101],[114.2219024,22.5515869],[114.2219863,22.551559],[114.2220751,22.5515197],[114.2222286,22.5514726],[114.2224231,22.5514104],[114.2225089,22.5513822],[114.2226028,22.5513466],[114.2227778,22.5512729],[114.2228649,22.5512206],[114.2229295,22.5511816],[114.2229974,22.5511231],[114.2230424,22.5510995],[114.2232122,22.5509811],[114.2232682,22.5509533],[114.2233079,22.5509447],[114.2233476,22.5509485],[114.223389,22.5509583],[114.2236633,22.5509965],[114.223677,22.5509984],[114.2239034,22.5510035],[114.2239349,22.5510042],[114.2240589,22.5509986],[114.2242504,22.5509629],[114.2242628,22.5509556],[114.2242778,22.5509468],[114.2243365,22.5508933],[114.2243412,22.5508833],[114.2243545,22.550855],[114.2243919,22.5506862],[114.224419,22.550618],[114.2244291,22.5506029],[114.2244934,22.5504307],[114.2245943,22.5501816],[114.2246343,22.550143],[114.2249849,22.5498628],[114.2251106,22.5497505],[114.2251948,22.5496541],[114.2252847,22.5495383],[114.2253162,22.5494844],[114.2253969,22.5494143],[114.2254771,22.5493754],[114.2255891,22.5492219],[114.2257329,22.5490333],[114.2257514,22.5490144],[114.225764,22.5490021],[114.2257978,22.548969],[114.2258058,22.5489544],[114.2259184,22.5487493],[114.2260835,22.5485002],[114.226208,22.5483988],[114.2262684,22.5483567],[114.226487,22.5481994],[114.2266177,22.5481511],[114.2269056,22.5480083],[114.2269194,22.54785],[114.2268999,22.5477724],[114.2268477,22.5476314],[114.2266414,22.5470741],[114.2266138,22.5470232],[114.2264263,22.5467887],[114.2261819,22.5464906],[114.2260874,22.5463741],[114.2259084,22.5461741],[114.2258104,22.5460597],[114.2257912,22.5460373],[114.225732,22.5460079],[114.2256867,22.5459944],[114.2256797,22.5459785],[114.2256667,22.54595],[114.2256628,22.545938],[114.2256258,22.5457472],[114.22555,22.5455789],[114.2254599,22.5454191],[114.2254353,22.5453734],[114.2254231,22.5453151],[114.2254319,22.5452644],[114.2254528,22.545221],[114.2256292,22.5449611],[114.2258682,22.5446043],[114.2258869,22.5445768],[114.2259081,22.5445444],[114.2260512,22.5443297],[114.2260869,22.5442817],[114.2261519,22.5441824],[114.2261347,22.5441708],[114.2261384,22.5441611],[114.2261113,22.5441153],[114.2261125,22.5440955],[114.2263285,22.5437697],[114.2263484,22.5437343],[114.2263581,22.5437042],[114.2263472,22.5436694],[114.2336389,22.5436667],[114.2370556,22.5507222],[114.2414556,22.5526169],[114.2486667,22.5557222],[114.2760278,22.5655],[114.3090833,22.5666667],[114.3329722,22.5683333],[114.33619,22.5681316],[114.3513102,22.5671837],[114.4339722,22.562],[114.4551389,22.5449722],[114.4548889,22.4687222],[114.4560363,22.4662238],[114.4570861,22.463938],[114.5024444,22.3651389],[114.5024444,22.1484722],[114.5024444,21.8213642],[114.557029,21.845236],[114.7966548,21.9499855],[114.5575332,22.4159877],[114.5561599,22.4276907],[114.5782184,22.4620797],[114.6024871,22.4816502],[114.6357894,22.4974118],[114.6449733,22.5119028],[114.6457028,22.5258572],[114.6416044,22.5364212],[114.6192455,22.5557633],[114.6071005,22.5792832],[114.6051693,22.6242314],[114.6023798,22.646294],[114.5981955,22.6557201],[114.5908141,22.6634624],[114.5747852,22.6717587],[114.5575332,22.6696995],[114.5374488,22.6644326],[114.5148325,22.6615219],[114.5087814,22.6660365],[114.507523,22.6667389],[114.5074882,22.6667809],[114.5074644,22.6668096],[114.5070624,22.6671846],[114.5068797,22.6673676],[114.5066046,22.6676302],[114.5064348,22.667743],[114.5058072,22.6682338],[114.5050837,22.6685704],[114.5047518,22.6686001],[114.5045346,22.6686535],[114.5038591,22.6690587],[114.5029953,22.6696598],[114.5025755,22.6701051],[114.5022522,22.6706542],[114.5019472,22.6710261],[114.5012968,22.6711737],[114.5005248,22.6711656],[114.4994259,22.671234],[114.4983077,22.6717129],[114.496454,22.6717191],[114.4959497,22.6717092],[114.4947494,22.671672],[114.4938041,22.67186],[114.492774,22.6715904],[114.4910464,22.6716701],[114.4892871,22.6725011],[114.4875705,22.6726199],[114.4841909,22.6716003],[114.4829893,22.6718874],[114.4816375,22.6712934],[114.4795239,22.671036],[114.4782087,22.6708627],[114.4772177,22.6711031],[114.4766164,22.6689867],[114.4753826,22.6664919],[114.4728144,22.6655225],[114.4705009,22.6660959],[114.4688809,22.6668186],[114.4663381,22.6680858],[114.4633413,22.6686096],[114.4595039,22.6697688],[114.45768,22.6706994],[114.456128,22.670649],[114.4545793,22.6701648],[114.4521051,22.6710775],[114.4489682,22.6725704],[114.4479804,22.672513],[114.4474125,22.6714914],[114.4466918,22.6699468],[114.4451155,22.6677496],[114.4435235,22.6675212],[114.4396341,22.6674819],[114.43917,22.66716],[114.4383252,22.6668681],[114.4381428,22.6661949],[114.4375919,22.6659645],[114.4358146,22.6658087],[114.4346572,22.665219],[114.4338941,22.6654028],[114.432799,22.6650517],[114.4304423,22.6640045],[114.429747,22.6640385],[114.4280684,22.663799],[114.4269134,22.6631244],[114.4261801,22.6638188],[114.4258261,22.6644722],[114.4259334,22.6651652],[114.4270252,22.6660498],[114.4272656,22.6665495],[114.4275749,22.6678581],[114.4273666,22.6685353],[114.4258411,22.6694239],[114.4250511,22.6705103],[114.4247926,22.6717502],[114.4241953,22.6730555],[114.423944,22.6746792],[114.4236052,22.6764709],[114.4232416,22.6787729],[114.4256624,22.6795596],[114.426907,22.6798738],[114.4295534,22.680626],[114.4307291,22.6819056],[114.4315785,22.6822169],[114.4322093,22.6826588],[114.4356429,22.6843506],[114.436512,22.6842021],[114.4370908,22.6851831],[114.4375634,22.6864492],[114.4384217,22.6865779],[114.4383346,22.68816],[114.4383037,22.6890327],[114.4387329,22.6896167],[114.4396984,22.689686],[114.4399238,22.6900028],[114.4408515,22.6920415],[114.440031,22.6924279],[114.4400525,22.6939126],[114.4399927,22.6952873],[114.4387543,22.6965851],[114.4381428,22.697466],[114.4373166,22.6988616],[114.4373668,22.7000482],[114.4371677,22.7003181],[114.4366987,22.7004751],[114.4361525,22.7001316],[114.434924,22.6996709],[114.4339198,22.6998511],[114.4331057,22.7000122],[114.4321431,22.7005782],[114.4317258,22.7011228],[114.4312331,22.7011663],[114.4308274,22.7011714],[114.4303125,22.7014031],[114.4295061,22.7012371],[114.4289075,22.7016995],[114.4287389,22.7021838],[114.42883,22.7023413],[114.4294987,22.7025759],[114.4296642,22.7026977],[114.4298337,22.7030112],[114.4292682,22.7031786],[114.4290579,22.7031382],[114.4286395,22.7029638],[114.4284748,22.7028951],[114.4278216,22.7026228],[114.427445,22.7022156],[114.4267741,22.7016857],[114.4256799,22.7014165],[114.4246625,22.7020611],[114.4240909,22.7019139],[114.4234245,22.7016062],[114.4226179,22.701432],[114.4224521,22.7014123],[114.4221675,22.7017815],[114.4221032,22.7023258],[114.4215989,22.7028009],[114.4215882,22.7036125],[114.4210732,22.7043053],[114.4197428,22.7046418],[114.4188317,22.7054228],[114.418728,22.7059188],[114.4187566,22.7068739],[114.4187933,22.7077227],[114.4186981,22.7087522],[114.4188271,22.7101803],[114.4194102,22.7107774],[114.4197465,22.7112169],[114.4184972,22.7116902],[114.4180778,22.7126637],[114.41725,22.7141114],[114.4161953,22.7155868],[114.4155036,22.7165544],[114.4145528,22.715425],[114.4137805,22.7148871],[114.4135227,22.7145237],[114.4133008,22.7143411],[114.4128762,22.7141989],[114.4124076,22.7143934],[114.4120608,22.7148005],[114.4119606,22.7152226],[114.4115898,22.7154464],[114.4109416,22.7154386],[114.4100193,22.7152479],[114.4097303,22.7152672],[114.4093849,22.7152697],[114.4091542,22.7152447],[114.4084539,22.7149799],[114.4082056,22.7148415],[114.4066172,22.7139564],[114.4063565,22.7138039],[114.4054657,22.7130751],[114.4049169,22.7133545],[114.4046853,22.7135235],[114.4042858,22.7136392],[114.4032778,22.7140795],[114.4034326,22.7147477],[114.4041462,22.7155228],[114.4043261,22.7162022],[114.4043001,22.7164289],[114.4039399,22.7167489],[114.4035739,22.71716],[114.4035503,22.7173498],[114.4034529,22.7176673],[114.4032663,22.7186136],[114.403255,22.7186711],[114.4031997,22.7187391],[114.4025562,22.7195297],[114.4023015,22.7200647],[114.4023105,22.7210137],[114.4016372,22.7223501],[114.3998709,22.7240597],[114.3988624,22.7249767],[114.3984269,22.7257211],[114.3983752,22.7265422],[114.3991057,22.7272733],[114.3994192,22.7275566],[114.399832,22.727675],[114.4001382,22.7280553],[114.4006588,22.7287526],[114.4010668,22.72954],[114.4014644,22.7310411],[114.4011847,22.7327548],[114.4028689,22.733935],[114.4033199,22.7342528],[114.4033962,22.7342988],[114.4067766,22.7363622],[114.4098709,22.7394172],[114.4093895,22.7402185],[114.4092071,22.7415048],[114.4095611,22.7418313],[114.4095397,22.7426922],[114.4109452,22.7440576],[114.4109023,22.7459178],[114.4109417,22.7462759],[114.4109911,22.7466973],[114.4104409,22.7466302],[114.4100118,22.7462443],[114.409647,22.7462839],[114.4095611,22.7467687],[114.4100761,22.7473624],[114.4109208,22.7478094],[114.4112563,22.7489158],[114.4110525,22.7495292],[114.4105053,22.7502911],[114.4102049,22.7514684],[114.4098294,22.7524183],[114.4101083,22.7529525],[114.4099581,22.754031],[114.4098723,22.7545554],[114.4096684,22.7551886],[114.4099903,22.7554359],[114.4110525,22.7555744],[114.4133699,22.7557624],[114.4142282,22.7558811],[114.4154835,22.7567023],[114.4160628,22.7568804],[114.4161379,22.7574542],[114.4161165,22.7586711],[114.4160735,22.7596407],[114.4141102,22.7600067],[114.4130051,22.7600364],[114.4131124,22.7605707],[114.4137776,22.7607982],[114.4153654,22.7609169],[114.4170391,22.7616391],[114.4177794,22.7622426],[114.4183051,22.7629945],[114.41823,22.7637464],[114.417758,22.7641322],[114.4172428,22.7645721],[114.4168568,22.7648544],[114.4154084,22.7647159],[114.415065,22.7642608],[114.4146466,22.76341],[114.4133377,22.7673672],[114.413681,22.7680696],[114.4138098,22.7687522],[114.4132858,22.7693494],[114.4126925,22.7700829],[114.4123798,22.7704388],[114.4112837,22.7710389],[114.4108653,22.7713294],[114.4101801,22.7721318],[114.4095762,22.772815],[114.4088196,22.7745446],[114.409587,22.7755064],[114.4089355,22.7765084],[114.407335,22.7776246],[114.4065819,22.7798824],[114.4060921,22.7805236],[114.40384,22.7808695],[114.4023866,22.7814845],[114.401572,22.7822231],[114.4006732,22.7836811],[114.4000421,22.7839175],[114.3995472,22.7839042],[114.3989892,22.7836872],[114.3976403,22.7826672],[114.3958636,22.7820668],[114.3948961,22.7818194],[114.3928595,22.7791625],[114.3923163,22.7788606],[114.3915531,22.7779605],[114.3917291,22.7763546],[114.3910107,22.7751172],[114.3905072,22.7739547],[114.3904667,22.7638493],[114.3864815,22.7626331],[114.3840544,22.7599583],[114.3817225,22.7620912],[114.3775373,22.7623214],[114.3760399,22.763624],[114.3751145,22.7637864],[114.371927,22.7651516],[114.3654055,22.7679506],[114.36444,22.768261],[114.362959,22.76961],[114.362062,22.7690875],[114.3570617,22.7670349],[114.3555995,22.7665981],[114.353293,22.766864],[114.3532312,22.7669019],[114.3514208,22.7679682],[114.3508991,22.7683403],[114.3508278,22.7687984],[114.3514959,22.7702454],[114.3527521,22.7743147],[114.3517089,22.7762463],[114.3494954,22.7807576],[114.3451268,22.7810798],[114.3436705,22.7802205],[114.3405834,22.7815631],[114.3380787,22.7866113],[114.3405251,22.7907463],[114.3466995,22.7926795],[114.347049,22.7998751],[114.3451268,22.8018082],[114.3471072,22.806265],[114.3486217,22.8071241],[114.3486799,22.8093255],[114.3454763,22.8090571],[114.3433211,22.8117954],[114.3398261,22.8113122],[114.3365642,22.8124397],[114.3279412,22.8118417],[114.3278741,22.8118367],[114.3278507,22.8118383],[114.3260795,22.8119565],[114.3242738,22.8090034],[114.3220603,22.8078758],[114.3179829,22.8082517],[114.3158859,22.8092719],[114.3141967,22.8098088],[114.3131212,22.8064054],[114.3115149,22.8037856],[114.3094555,22.8031401],[114.3083846,22.8034059],[114.3079223,22.8058339],[114.3042246,22.8063674],[114.3017945,22.805722],[114.3011355,22.8042412],[114.293145,22.8049246],[114.2896029,22.8064054],[114.2900869,22.8091033],[114.287058,22.8112242],[114.2845242,22.8107141],[114.2839999,22.8101772],[114.2823107,22.8098819],[114.2803037,22.8109365],[114.2780003,22.8074657],[114.2781751,22.80513],[114.2747384,22.8014518],[114.2714473,22.8002704],[114.2712722,22.8000576],[114.2710105,22.7997603],[114.27136,22.7981762],[114.2701367,22.7968069],[114.2688262,22.7965921],[114.2675738,22.7959746],[114.2639915,22.7948469],[114.2634964,22.7937998],[114.2640615,22.7926481],[114.2644905,22.7917739],[114.2646031,22.7915444],[114.2602054,22.787302],[114.259419,22.7872214],[114.2584622,22.7862591],[114.2568561,22.7846437],[114.2565048,22.784758],[114.2538854,22.7856103],[114.2534304,22.785616],[114.2523411,22.7856298],[114.2496332,22.785664],[114.2483809,22.7841066],[114.2473615,22.7840529],[114.2459053,22.7844826],[114.2457888,22.7862011],[114.2417988,22.7905241],[114.2408668,22.7937192],[114.2393815,22.7946053],[114.2378379,22.7939609],[114.2362069,22.7943099],[114.2354788,22.7948738],[114.2295666,22.7960283],[114.2293336,22.8012101],[114.2283725,22.8046735],[114.2272658,22.8096403],[114.2247083,22.8116393],[114.2242269,22.8129704],[114.2244676,22.8152165],[114.2231439,22.8163535],[114.2211283,22.8164366],[114.2197745,22.8156602],[114.2194135,22.8138855],[114.2158937,22.8110847],[114.2134569,22.8121662],[114.2108697,22.8105578],[114.2075002,22.8031811],[114.2081621,22.801739],[114.2067181,22.7989102],[114.2060261,22.7957763],[114.2027169,22.7925036],[114.2020822,22.7922966],[114.2007614,22.7918657],[114.198445,22.7915329],[114.1975702,22.7910812],[114.1969408,22.7907563],[114.1949107,22.7903964],[114.1930299,22.7900629],[114.1927333,22.7898587],[114.19258,22.7895664],[114.1923418,22.7892415],[114.1920608,22.7886644],[114.1919996,22.7885968],[114.1883067,22.7884542],[114.1849072,22.788482],[114.1811467,22.7862631],[114.1806461,22.7845158],[114.1789322,22.7831382],[114.1788003,22.7825102],[114.1751226,22.782083],[114.1751659,22.781996],[114.1750352,22.7819093],[114.1745568,22.7819103],[114.1744045,22.7818455],[114.1744681,22.7811935],[114.1746625,22.7806281],[114.1748788,22.7801714],[114.1750738,22.7798885],[114.1750518,22.7797582],[114.1746154,22.7791724],[114.1745713,22.77889],[114.1746141,22.7786292],[114.1749395,22.7783025],[114.174939,22.7780853],[114.1746759,22.7771949],[114.1745436,22.7764346],[114.1745426,22.7760218],[114.1746505,22.7756956],[114.1748888,22.7753475],[114.1751926,22.7750643],[114.1762995,22.7742146],[114.176604,22.774214],[114.1768436,22.7743873],[114.1771051,22.7746258],[114.1772579,22.7748645],[114.1772149,22.7750602],[114.1770631,22.7752343],[114.1770205,22.7756255],[114.1768688,22.7758214],[114.1766949,22.7758652],[114.1762601,22.7758879],[114.1760646,22.7759969],[114.175913,22.7762363],[114.1759353,22.7764535],[114.1761316,22.7766921],[114.1761537,22.7768442],[114.1761769,22.7774308],[114.1764384,22.7776693],[114.1759396,22.7782136],[114.1758533,22.7784962],[114.1759844,22.7787784],[114.176246,22.7790386],[114.1764854,22.7791251],[114.1767026,22.779016],[114.1776357,22.7782101],[114.1779615,22.7780573],[114.1782439,22.7779481],[114.1782436,22.7778394],[114.1778516,22.7775795],[114.1778294,22.7774057],[114.1780236,22.7767969],[114.1780008,22.7763623],[114.1782818,22.7756447],[114.1786942,22.7753396],[114.1791079,22.7755561],[114.1793036,22.7755774],[114.1799329,22.7750328],[114.1801286,22.7750324],[114.1806729,22.7752921],[114.1809545,22.7748569],[114.1812582,22.7745521],[114.1819531,22.7741812],[114.1822568,22.7738764],[114.182517,22.7735716],[114.1827337,22.773267],[114.1829069,22.7729189],[114.1829497,22.7726581],[114.182839,22.7718326],[114.182708,22.7716155],[114.18249,22.7713987],[114.1816192,22.7709876],[114.1809661,22.7706847],[114.1804652,22.7703381],[114.1803777,22.7701427],[114.1805513,22.7699685],[114.1804856,22.7698165],[114.1803117,22.7698168],[114.1800948,22.7700346],[114.179899,22.7700133],[114.179398,22.7696666],[114.1792459,22.7697104],[114.1792463,22.7698842],[114.1802702,22.7706427],[114.1803576,22.7708164],[114.1803147,22.7710555],[114.1801412,22.7712297],[114.1798805,22.7713389],[114.1787932,22.7713194],[114.178402,22.7714071],[114.1780541,22.7714295],[114.1777278,22.771365],[114.17751,22.7712134],[114.1773354,22.7709747],[114.1772696,22.7707358],[114.1773971,22.7695186],[114.1773745,22.7691493],[114.1772645,22.7686062],[114.177155,22.7683239],[114.1771326,22.7680415],[114.177219,22.7677805],[114.1775445,22.7675191],[114.1779572,22.7673444],[114.1784572,22.7672782],[114.1787835,22.767321],[114.1799373,22.7678619],[114.1802199,22.7678178],[114.1806969,22.7672736],[114.1811529,22.7670119],[114.1815004,22.7668373],[114.1819996,22.7664451],[114.1830431,22.7663126],[114.1836085,22.7663331],[114.1841305,22.7663973],[114.1851535,22.766808],[114.1855886,22.7668941],[114.1864382,22.7675008],[114.1865903,22.7674787],[114.1873725,22.7672163],[114.1886789,22.7679308],[114.189114,22.7680168],[114.1895055,22.7680377],[114.1897884,22.7681241],[114.1901803,22.7683406],[114.1906806,22.768383],[114.1910935,22.7682952],[114.1916364,22.7679899],[114.1918751,22.7677721],[114.1921138,22.7675977],[114.1923094,22.7675539],[114.1924836,22.7676187],[114.1926363,22.7678574],[114.1929634,22.7682044],[114.1933336,22.7684427],[114.1937688,22.7685722],[114.1942472,22.7685712],[114.1955732,22.7683729],[114.1955511,22.7682208],[114.1952027,22.768026],[114.1951152,22.7678089],[114.1953751,22.7673954],[114.1955705,22.7672646],[114.1957662,22.767286],[114.1962452,22.7675023],[114.1962884,22.7674153],[114.1962664,22.7672849],[114.195742,22.7662429],[114.1955889,22.7658956],[114.1954355,22.7654178],[114.1953253,22.7647878],[114.1953683,22.7645921],[114.1954764,22.7643311],[114.1955194,22.7641137],[114.1954754,22.76394],[114.1949085,22.7632892],[114.1949082,22.7631805],[114.1956679,22.762614],[114.1960156,22.7625263],[114.1962983,22.7625257],[114.1964721,22.7624602],[114.197774,22.761284],[114.1981217,22.7611963],[114.19847,22.7613477],[114.1988187,22.761673],[114.1990364,22.7617812],[114.1992758,22.7618676],[114.1997106,22.761845],[114.199993,22.7616923],[114.2002103,22.7616267],[114.200558,22.7615608],[114.2007318,22.7614735],[114.2016431,22.7606675],[114.2017946,22.760363],[114.2017938,22.760037],[114.2017716,22.7598632],[114.2016407,22.7596896],[114.2013793,22.7594945],[114.2013352,22.7592556],[114.2012479,22.7591254],[114.2010521,22.7590606],[114.2009436,22.7591477],[114.2006179,22.759344],[114.2005308,22.7593007],[114.2005086,22.7591269],[114.2004648,22.7589966],[114.2001163,22.7587582],[114.1998335,22.7586936],[114.1995502,22.7584552],[114.1993546,22.758499],[114.1992022,22.7584124],[114.1991365,22.7582387],[114.1991577,22.7579996],[114.1990705,22.7578911],[114.198853,22.7578698],[114.1985706,22.7580008],[114.1984401,22.7579793],[114.1982875,22.7578492],[114.1981784,22.7576973],[114.1982214,22.7574799],[114.1984817,22.7571969],[114.1991548,22.7567826],[114.1995458,22.7566296],[114.199741,22.7564336],[114.1999351,22.7557813],[114.1999778,22.7554552],[114.1999337,22.7551727],[114.1998028,22.7549992],[114.1992145,22.7545222],[114.1991706,22.7543485],[114.199278,22.7538049],[114.1994734,22.7536741],[114.2002568,22.7539333],[114.2003224,22.7540636],[114.200323,22.7543026],[114.1999985,22.7549988],[114.2000861,22.7552594],[114.2003255,22.7553458],[114.2010866,22.7553442],[114.201695,22.7551474],[114.2020638,22.7548206],[114.2024325,22.7544287],[114.202889,22.7543625],[114.2037587,22.7542955],[114.2049102,22.7539237],[114.2052356,22.753597],[114.2057775,22.7528787],[114.205712,22.7527485],[114.2053629,22.7522711],[114.2051881,22.7519237],[114.2050355,22.7517719],[114.2047743,22.7516637],[114.2046217,22.7514902],[114.2045776,22.7512729],[114.2044664,22.7502517],[114.2044868,22.7496866],[114.2044428,22.7494693],[114.2042901,22.7492741],[114.2036363,22.7486669],[114.2035488,22.7484714],[114.2035701,22.748254],[114.2038954,22.7479056],[114.2039384,22.7476882],[114.2039159,22.747384],[114.2040023,22.7471665],[114.204567,22.746861],[114.2051102,22.7467078],[114.2057622,22.746576],[114.2066753,22.7464655],[114.2070664,22.7463342],[114.2074787,22.7459856],[114.2078257,22.7456154],[114.2078466,22.7452677],[114.2079548,22.7450718],[114.2084971,22.7445056],[114.2086703,22.744201],[114.208973,22.7434831],[114.2090807,22.7430699],[114.2090792,22.7424396],[114.2093177,22.7421348],[114.2096001,22.7420256],[114.2099046,22.7420684],[114.2102746,22.7422198],[114.210688,22.7423059],[114.2108449,22.742322],[114.2108616,22.7421751],[114.2109037,22.7415882],[114.2108597,22.7413709],[114.2107285,22.7410887],[114.2104884,22.7406762],[114.210488,22.7405458],[114.2105962,22.7403065],[114.2109188,22.7388278],[114.2109395,22.7384148],[114.2108305,22.7383063],[114.2105692,22.7381547],[114.2104165,22.7379594],[114.2101981,22.7375469],[114.2100894,22.7375471],[114.2098286,22.7376129],[114.2094805,22.7375266],[114.2091538,22.7373099],[114.2088704,22.737028],[114.2087611,22.7367891],[114.2086949,22.7364197],[114.2085208,22.7363331],[114.2082816,22.7363336],[114.2077169,22.7365956],[114.2074776,22.7365527],[114.207238,22.736401],[114.2071068,22.736097],[114.2070399,22.7354233],[114.2069523,22.7351409],[114.2067995,22.7349021],[114.2065817,22.7347722],[114.2060816,22.7347949],[114.2057117,22.7347087],[114.2055373,22.7345135],[114.2053409,22.7342096],[114.2050361,22.7340798],[114.2047963,22.7338194],[114.2046862,22.7332545],[114.204663,22.7326677],[114.204184,22.7324078],[114.2039228,22.732278],[114.2037918,22.7320826],[114.2037688,22.731561],[114.2038321,22.7307783],[114.2038966,22.7304739],[114.2040266,22.7302563],[114.2040694,22.7299736],[114.2038728,22.7296045],[114.2038505,22.7293654],[114.2040233,22.7288868],[114.2040879,22.7286259],[114.2040657,22.728452],[114.2039565,22.7282566],[114.2036293,22.7278443],[114.2035201,22.7276271],[114.203476,22.7273664],[114.2035166,22.7261925],[114.203581,22.7258445],[114.2036672,22.72554],[114.203748,22.7229531],[114.203834,22.7225834],[114.2040723,22.7221916],[114.2043542,22.7218649],[114.2047016,22.7216468],[114.2054186,22.721428],[114.2057226,22.7212534],[114.2058741,22.7209271],[114.2058949,22.7205357],[114.2057858,22.7203838],[114.2056115,22.7202755],[114.2052416,22.7201458],[114.2046108,22.7201036],[114.2038486,22.7196052],[114.2035657,22.7195188],[114.2031954,22.7192587],[114.2031937,22.7185848],[114.203302,22.7184107],[114.2034756,22.7182582],[114.2035619,22.7179754],[114.2035178,22.7177146],[114.2034304,22.7175192],[114.2032778,22.7173673],[114.2028424,22.7171508],[114.2025595,22.7170644],[114.2021676,22.7168696],[114.2019065,22.7168267],[114.2016674,22.7168706],[114.2014941,22.7171101],[114.2012132,22.7178498],[114.201018,22.7180676],[114.2007357,22.7182203],[114.2001488,22.7183302],[114.1992793,22.7184407],[114.1986052,22.7184204],[114.1984311,22.7183773],[114.198039,22.7180955],[114.1977775,22.7178569],[114.1976897,22.717531],[114.1972538,22.7170971],[114.1969701,22.7166847],[114.1965995,22.7162941],[114.1961639,22.7160124],[114.1956414,22.7157744],[114.1950107,22.7157322],[114.1943585,22.7157987],[114.194011,22.7159734],[114.1937286,22.7160609],[114.1934675,22.7159962],[114.1932492,22.7156706],[114.1932471,22.714801],[114.1930944,22.714584],[114.1922452,22.7141074],[114.1918319,22.7140648],[114.1915707,22.7139567],[114.1915485,22.7137828],[114.1918081,22.7131953],[114.1919155,22.7126733],[114.1918905,22.7113255],[114.1919978,22.7107383],[114.1921926,22.7103466],[114.1924092,22.7099983],[114.1926915,22.7098456],[114.1934957,22.7096917],[114.1938214,22.7094954],[114.1940815,22.7091687],[114.1941458,22.7087773],[114.1945931,22.7049066],[114.1946136,22.7043847],[114.1945248,22.7036675],[114.1944374,22.703472],[114.1942412,22.7032767],[114.1940451,22.7031032],[114.1938268,22.7027558],[114.1936519,22.7023866],[114.1936079,22.7021692],[114.1935204,22.701952],[114.1932583,22.7014742],[114.1933872,22.7008217],[114.1935387,22.700517],[114.1935166,22.7003866],[114.1926241,22.6999971],[114.1923626,22.6997368],[114.1922966,22.6994325],[114.1924262,22.6990844],[114.1926433,22.6989317],[114.1929258,22.6988442],[114.193165,22.6988654],[114.1937741,22.6989512],[114.1939043,22.6988422],[114.193903,22.6983204],[114.1939457,22.6979942],[114.1940757,22.6977765],[114.1944661,22.6973843],[114.1940954,22.6969502],[114.1939862,22.6967548],[114.1938544,22.6961898],[114.1937668,22.695929],[114.1935706,22.6957338],[114.1933311,22.6956256],[114.1923523,22.6954971],[114.1920695,22.6954542],[114.1918083,22.695346],[114.1914592,22.6948684],[114.1913711,22.694412],[114.1911963,22.6940428],[114.1912392,22.6938035],[114.1914995,22.6935421],[114.1917161,22.693172],[114.1922801,22.6926055],[114.1922762,22.6910183],[114.1921454,22.6908881],[114.1918629,22.6909322],[114.1915587,22.6910415],[114.1912329,22.6912161],[114.1909939,22.6912819],[114.1908415,22.6911952],[114.1905364,22.6909132],[114.1902316,22.6907616],[114.1899707,22.6908056],[114.1895799,22.6910239],[114.1891453,22.691177],[114.1886024,22.6914607],[114.1882113,22.691592],[114.1872113,22.6917028],[114.1868415,22.69166],[114.1866674,22.6915734],[114.1864276,22.6913348],[114.1860783,22.6907702],[114.1861214,22.6905961],[114.1864683,22.690204],[114.1865546,22.6898995],[114.1866392,22.6889426],[114.1870298,22.6885721],[114.1874853,22.6881146],[114.1877451,22.6876574],[114.1877661,22.6873312],[114.1875468,22.6865924],[114.1876118,22.6864836],[114.1877639,22.6864398],[114.1893516,22.6865669],[114.1902431,22.6865651],[114.1906779,22.686499],[114.191069,22.6863895],[114.1915253,22.6862363],[114.1919597,22.686018],[114.1922632,22.685626],[114.192306,22.6853432],[114.1922619,22.6851041],[114.1920439,22.6848871],[114.1917607,22.6846703],[114.1908884,22.6836501],[114.1906265,22.6832375],[114.1903644,22.6827597],[114.1901684,22.6826514],[114.1894726,22.6826528],[114.1890593,22.6826101],[114.1887545,22.6824368],[114.1885365,22.6821981],[114.1880112,22.6808075],[114.1878586,22.6806339],[114.1875974,22.6805474],[114.187271,22.6804611],[114.1863349,22.6800064],[114.1860516,22.6797678],[114.1858985,22.6793985],[114.1858968,22.6786809],[114.185831,22.6784636],[114.1853952,22.6780731],[114.1851339,22.6779431],[114.1848294,22.6779003],[114.1845683,22.6778356],[114.1837187,22.6772067],[114.1835007,22.676968],[114.1833042,22.6766422],[114.1830865,22.6765339],[114.182782,22.6764911],[114.1824989,22.6763177],[114.1820847,22.6758836],[114.1818663,22.6755144],[114.1817132,22.6751668],[114.1811248,22.6746026],[114.1801661,22.6738218],[114.1808808,22.6726243],[114.1814666,22.6720794],[114.1810088,22.671602],[114.1810953,22.6714278],[114.181334,22.6712099],[114.1813772,22.6710793],[114.1813113,22.6708185],[114.1813326,22.6706227],[114.1814838,22.670231],[114.1819173,22.6696212],[114.1825031,22.6690981],[114.1824374,22.6689025],[114.1822847,22.6687071],[114.1818926,22.6684252],[114.1814789,22.6681868],[114.1811082,22.6677527],[114.1808031,22.6674923],[114.1804114,22.6673844],[114.1799763,22.6672983],[114.1791499,22.6672348],[114.1783453,22.6672364],[114.1780842,22.66715],[114.1778224,22.6668243],[114.1776259,22.6664985],[114.1772118,22.6661079],[114.1770371,22.6658038],[114.1769277,22.6654996],[114.1768614,22.6650648],[114.176944,22.6648637],[114.1770856,22.6646972],[114.1774378,22.6642547],[114.1775023,22.6639718],[114.177393,22.6637111],[114.1770881,22.663516],[114.1765007,22.6634302],[114.1763918,22.6633217],[114.1763473,22.6629086],[114.1763243,22.6623867],[114.1763452,22.6620387],[114.1764316,22.661821],[114.1766051,22.6616467],[114.1766047,22.6614727],[114.1764521,22.6613208],[114.1760605,22.6612346],[114.175734,22.6611048],[114.1753857,22.6609315],[114.1752332,22.6608014],[114.1751891,22.660584],[114.1751017,22.6604102],[114.1743827,22.6598245],[114.1746425,22.6593455],[114.1749894,22.6589098],[114.1754887,22.6585826],[114.1759228,22.6582554],[114.1759659,22.6580596],[114.1758784,22.6578641],[114.1756824,22.6577557],[114.1753562,22.6577129],[114.1748994,22.6576486],[114.1745294,22.6575406],[114.1738763,22.6572157],[114.173637,22.6571727],[114.1733108,22.6571734],[114.1731365,22.6570433],[114.1730926,22.6568694],[114.173201,22.6567169],[114.1735268,22.656564],[114.1735266,22.6564988],[114.1690258,22.6566385],[114.1688085,22.656726],[114.1686132,22.6568786],[114.1683965,22.6572053],[114.1678545,22.6578589],[114.1677024,22.6579244],[114.1675066,22.6578813],[114.1670927,22.657556],[114.1669187,22.6575563],[114.1668322,22.6577305],[114.1668766,22.6581219],[114.1670073,22.6582303],[114.1674642,22.6583164],[114.1677036,22.6584246],[114.1681177,22.6587935],[114.1681398,22.6589457],[114.1680097,22.6590764],[114.1678794,22.6591637],[114.1676836,22.6591423],[114.1669866,22.6586653],[114.1669216,22.6587525],[114.1669658,22.6590351],[114.1671184,22.6592088],[114.1672927,22.6593171],[114.1675972,22.6593818],[114.1679241,22.6596638],[114.1680334,22.6599028],[114.168034,22.660142],[114.1678824,22.6604033],[114.1672968,22.6610352],[114.1670796,22.6611226],[114.1669054,22.6610143],[114.1665344,22.6604931],[114.1664687,22.6602975],[114.1663596,22.6601237],[114.16588,22.6596463],[114.1657051,22.6592552],[114.1656608,22.658929],[114.1654645,22.6586685],[114.1651814,22.6585168],[114.1650512,22.6586041],[114.16503,22.6588216],[114.1650521,22.6589738],[114.1649216,22.6589741],[114.1645521,22.6590183],[114.1643569,22.6592362],[114.1642488,22.6595191],[114.1644014,22.6596493],[114.1645536,22.659649],[114.1648139,22.6594092],[114.1650315,22.6594523],[114.165293,22.659691],[114.1653373,22.6600389],[114.1652729,22.6603435],[114.1651,22.6608005],[114.1652306,22.6608655],[114.1655562,22.6606038],[114.1657521,22.6606904],[114.1657526,22.6609079],[114.1653841,22.6613654],[114.1653414,22.6617134],[114.1651899,22.6620182],[114.165169,22.6623445],[114.1651042,22.6625403],[114.1648218,22.6626714],[114.1646695,22.6626065],[114.1646468,22.662215],[114.1645377,22.662063],[114.1641461,22.6619986],[114.1637761,22.6618689],[114.1634061,22.6617174],[114.1630794,22.6615006],[114.1624911,22.6610016],[114.1620114,22.6604807],[114.1617937,22.6603724],[114.1611412,22.6603085],[114.160663,22.6603965],[114.160555,22.6606794],[114.1605993,22.6610273],[114.1607088,22.6613533],[114.1607743,22.6614619],[114.1615135,22.6613733],[114.1619049,22.6613943],[114.1622968,22.6615675],[114.1631685,22.6623703],[114.1631907,22.662566],[114.1631043,22.6627837],[114.1630829,22.6629359],[114.1631485,22.663088],[114.1631272,22.6632621],[114.162997,22.6633928],[114.162823,22.6633714],[114.1624092,22.6631113],[114.1621046,22.6630467],[114.1619967,22.6633949],[114.1621056,22.6634599],[114.1623667,22.6635246],[114.1626933,22.6636761],[114.1629766,22.6639365],[114.1631951,22.664371],[114.1633702,22.6648274],[114.1633272,22.6650449],[114.1631754,22.6652409],[114.1629801,22.6653718],[114.1626976,22.6654594],[114.1623714,22.6654601],[114.1619145,22.6653305],[114.1616315,22.6652224],[114.1613048,22.6650056],[114.1610871,22.6648973],[114.1607826,22.6648544],[114.1606085,22.6648113],[114.1602599,22.6645511],[114.1601076,22.6645079],[114.1596945,22.6645087],[114.159564,22.6644872],[114.159455,22.6643787],[114.1594544,22.6641613],[114.1595843,22.6639218],[114.1600184,22.6635729],[114.1600399,22.6634641],[114.1595826,22.6632259],[114.1595387,22.6630302],[114.159581,22.66253],[114.1595588,22.662356],[114.159319,22.6621173],[114.1592098,22.6619218],[114.1592528,22.6617042],[114.1594477,22.6613776],[114.1595777,22.6612034],[114.1595555,22.6610077],[114.1594899,22.6608556],[114.1594674,22.6605294],[114.1595104,22.6603118],[114.1594446,22.6601162],[114.1592268,22.6599645],[114.1589005,22.6599216],[114.1584872,22.6598572],[114.1575517,22.6596634],[114.1570728,22.6594252],[114.1566599,22.6595565],[114.1564425,22.6595787],[114.1562466,22.6594922],[114.1559421,22.659471],[114.155747,22.6596889],[114.155726,22.6599934],[114.1558135,22.6602325],[114.155988,22.6604496],[114.1560972,22.6606668],[114.1560544,22.6609279],[114.155968,22.6611891],[114.1560568,22.6619065],[114.1562529,22.6620801],[114.1565576,22.66221],[114.1569062,22.662492],[114.157168,22.6628394],[114.1573429,22.6632305],[114.1576266,22.6636214],[114.1576925,22.6639039],[114.157584,22.6640129],[114.1574099,22.6639698],[114.1572352,22.6636439],[114.1569525,22.6636445],[114.1567786,22.6636448],[114.1567136,22.6637537],[114.1567359,22.6639711],[114.1570849,22.6644489],[114.1571511,22.6648402],[114.1570215,22.6652101],[114.1567612,22.6654716],[114.1565439,22.6655156],[114.1563912,22.6653202],[114.1563251,22.6649506],[114.1560847,22.6644509],[114.1560187,22.6641683],[114.1560171,22.6634724],[114.1559295,22.6632117],[114.1556677,22.6628642],[114.1550575,22.6623218],[114.1547962,22.6621701],[114.1546444,22.6623444],[114.1550149,22.6626916],[114.1554292,22.6631474],[114.1555383,22.6633212],[114.1555608,22.6636474],[114.1554525,22.6637998],[114.1551047,22.663844],[114.1544303,22.6637149],[114.1541473,22.663585],[114.153995,22.6635636],[114.1539736,22.6636941],[114.1541044,22.6638461],[114.1544525,22.6639106],[114.1548443,22.664062],[114.1552363,22.6643222],[114.1554981,22.6646696],[114.1555858,22.6649739],[114.1556089,22.6655393],[114.1555453,22.6662135],[114.1555459,22.6664528],[114.1556553,22.6667352],[114.1558751,22.6676916],[114.1558102,22.667844],[114.1555714,22.6680185],[114.1553108,22.6681277],[114.1550716,22.6681282],[114.1548754,22.6679329],[114.1542838,22.6661074],[114.1540001,22.6656731],[114.1536311,22.6659348],[114.153392,22.6659788],[114.1531527,22.6659358],[114.1529349,22.665784],[114.1526075,22.6653062],[114.1525198,22.6649802],[114.1529536,22.6645444],[114.1526487,22.6643275],[114.1523876,22.6642846],[114.1520836,22.6644374],[114.1519972,22.6646986],[114.1520633,22.6650464],[114.1523037,22.6655461],[114.1527617,22.6661106],[114.1529359,22.6662189],[114.1533712,22.666392],[114.15372,22.6667175],[114.1539599,22.6670432],[114.1541131,22.6674343],[114.15442,22.6684558],[114.1545955,22.6690861],[114.1546181,22.6694557],[114.1544449,22.6697388],[114.1542061,22.669935],[114.1538801,22.6700009],[114.1535105,22.6700016],[114.1533795,22.6698062],[114.1534008,22.6696322],[114.1535091,22.669458],[114.1536393,22.6693272],[114.1536601,22.6689575],[114.1536159,22.6686314],[114.1534414,22.6684143],[114.1534191,22.6681969],[114.1535047,22.6676313],[114.1534824,22.6673921],[114.1532203,22.666936],[114.1529375,22.6668496],[114.1524593,22.6669376],[114.1520028,22.6670037],[114.1515678,22.6669829],[114.1508279,22.6667452],[114.1504361,22.6665503],[114.1503704,22.6663764],[114.1505005,22.6662239],[114.1507398,22.6662669],[114.1509572,22.6662665],[114.1510873,22.666114],[114.1506948,22.6656364],[114.150629,22.6653973],[114.1506273,22.6647014],[114.1505398,22.6644841],[114.150387,22.664267],[114.1501475,22.664137],[114.15006,22.6638979],[114.1501681,22.6636585],[114.1501025,22.6634846],[114.150058,22.6630715],[114.1498622,22.6630284],[114.1495802,22.6633335],[114.149298,22.6635298],[114.148689,22.6634658],[114.1484717,22.6635315],[114.14832,22.6637493],[114.1483205,22.6639668],[114.1485167,22.6641621],[114.1488437,22.6645094],[114.1491491,22.6649002],[114.1495858,22.6656604],[114.1496519,22.6660082],[114.149544,22.6663347],[114.1493053,22.6665526],[114.1488707,22.666684],[114.1488713,22.6669015],[114.1489802,22.6669882],[114.1490676,22.6671403],[114.1490681,22.6673795],[114.1491553,22.6674663],[114.1493507,22.6673354],[114.1494378,22.6673787],[114.1493513,22.6675964],[114.1493745,22.6681617],[114.1495485,22.6682049],[114.1498094,22.6681608],[114.1500047,22.6680082],[114.1501345,22.667747],[114.1502213,22.6676816],[114.1504174,22.6678334],[114.1510055,22.6682454],[114.1511146,22.6683756],[114.1511802,22.6685494],[114.1511155,22.668767],[114.1509852,22.6688325],[114.1498762,22.6688348],[114.1495502,22.6689007],[114.1492898,22.6691405],[114.1492687,22.6694015],[114.1493559,22.6694883],[114.1494863,22.6694663],[114.1497469,22.6693135],[114.1500077,22.6692695],[114.1503558,22.6693123],[114.1506605,22.6694421],[114.1507697,22.6696159],[114.1507493,22.6701813],[114.150663,22.6704859],[114.1502301,22.6713132],[114.1502527,22.6716393],[114.1504052,22.6717695],[114.1506011,22.6718561],[114.1507529,22.6716818],[114.150817,22.671225],[114.151271,22.670115],[114.1515961,22.6696577],[114.1519432,22.6693525],[114.152204,22.669265],[114.1523998,22.6693298],[114.152575,22.6698296],[114.1527497,22.6701337],[114.1530766,22.6704157],[114.1531422,22.6705678],[114.1530991,22.6707636],[114.1530127,22.671003],[114.1530999,22.6710898],[114.1532522,22.6711112],[114.1534476,22.6709804],[114.1542524,22.6710657],[114.15447,22.6711522],[114.155167,22.6716292],[114.1554933,22.671672],[114.1556236,22.6716065],[114.1561874,22.6709747],[114.1562305,22.6708006],[114.1562735,22.6705831],[114.1564036,22.6704306],[114.1571423,22.6701681],[114.1574463,22.6700153],[114.1576849,22.6697756],[114.1577929,22.6694709],[114.1578569,22.6689271],[114.1579217,22.668753],[114.1586807,22.6679251],[114.1588328,22.6678813],[114.1589852,22.6679462],[114.1592031,22.6681197],[114.1591819,22.6683372],[114.1590084,22.6685333],[114.1590087,22.6686638],[114.1595971,22.6691845],[114.1595977,22.6694237],[114.1594895,22.6696414],[114.1584263,22.6706004],[114.1582963,22.6707964],[114.1582971,22.6711443],[114.1584714,22.6712744],[114.1587316,22.6709695],[114.1596872,22.6704891],[114.1601655,22.6704446],[114.1602962,22.6705531],[114.160427,22.6706833],[114.1604275,22.6709007],[114.1603409,22.6710314],[114.1589297,22.6719694],[114.1589088,22.6723173],[114.1589968,22.6727303],[114.1589539,22.6729914],[114.1588024,22.6732526],[114.1589332,22.6734046],[114.1596948,22.6736205],[114.1603028,22.6732713],[114.1605854,22.6732272],[114.16089,22.6732918],[114.1612734,22.673457],[114.161347,22.6736501],[114.1613044,22.6740416],[114.1613921,22.6743459],[114.1615667,22.6746064],[114.1619151,22.6748014],[114.1622417,22.674953],[114.1624817,22.6752787],[114.1627008,22.6759741],[114.162725,22.6769961],[114.1626604,22.6772354],[114.1623135,22.677671],[114.1622487,22.6778668],[114.1623155,22.678519],[114.1622725,22.6786931],[114.1620991,22.6789544],[114.1619697,22.6793678],[114.1619494,22.679955],[114.1618851,22.6803465],[114.1616251,22.6807602],[114.1615388,22.6810213],[114.1615395,22.681304],[114.1617136,22.6813906],[114.1625617,22.6813888],[114.1633665,22.6814959],[114.1634117,22.6821916],[114.1633257,22.6825832],[114.1630222,22.6829752],[114.1621542,22.6837381],[114.1619152,22.6838038],[114.1612191,22.6836965],[114.1606531,22.6834585],[114.160414,22.6834807],[114.1598711,22.6837863],[114.1592409,22.6839615],[114.1586112,22.6843325],[114.1585247,22.6845066],[114.1585468,22.6846805],[114.1586125,22.6848543],[114.1587653,22.6851149],[114.1587876,22.6853323],[114.1586794,22.6855282],[114.1579201,22.6862908],[114.1575943,22.686422],[114.157595,22.6867046],[114.1574435,22.6870311],[114.1567281,22.6879241],[114.1564673,22.6879898],[114.1560975,22.6879036],[114.1554877,22.6875352],[114.1553139,22.6875791],[114.1546411,22.6881458],[114.1537076,22.6887565],[114.1467591,22.6928368],[114.1478723,22.6945739],[114.1478945,22.6947695],[114.1475065,22.6961836],[114.1471385,22.6968584],[114.147052,22.6970542],[114.1469453,22.6979024],[114.1468372,22.6981635],[114.1457535,22.6996224],[114.1454074,22.7003841],[114.1450838,22.7014283],[114.1450196,22.7018633],[114.1448246,22.7021681],[114.1444773,22.7024297],[114.14426,22.7024736],[114.1438686,22.7024744],[114.1436516,22.7026488],[114.1427824,22.7029332],[114.1422173,22.7030431],[114.1416089,22.7032183],[114.1410444,22.7035673],[114.1405227,22.7036336],[114.140349,22.7037644],[114.1400447,22.7038302],[114.1396111,22.7043312],[114.1395466,22.7046357],[114.139526,22.705114],[114.13957,22.7053313],[114.1398759,22.7059395],[114.1401378,22.706352],[114.1405967,22.7072859],[114.1407502,22.7078073],[114.1410343,22.708372],[114.1410567,22.7086546],[114.1409919,22.7088504],[114.140775,22.7090465],[114.1404709,22.7091775],[114.1399273,22.7092004],[114.1396666,22.7092879],[114.139493,22.7094404],[114.1394504,22.7098101],[114.1393202,22.7099408],[114.1389725,22.7100285],[114.1388207,22.7102027],[114.1387779,22.7104637],[114.1381932,22.7114649],[114.1380852,22.7117695],[114.1380865,22.712313],[114.1388055,22.7128767],[114.1388493,22.7130288],[114.1387628,22.7132029],[114.1386329,22.7134641],[114.1385686,22.7138555],[114.1382879,22.7146604],[114.138246,22.7153344],[114.138356,22.7158559],[114.138552,22.715986],[114.1389001,22.7160287],[114.1391398,22.7162674],[114.1390749,22.7163979],[114.138727,22.7163769],[114.1383577,22.7165516],[114.1378367,22.7169005],[114.1377275,22.7167051],[114.1377487,22.7164876],[114.1374014,22.7167492],[114.1371842,22.7168366],[114.136771,22.7168157],[114.1366405,22.716816],[114.1354894,22.7173836],[114.1346643,22.7178853],[114.1342087,22.718321],[114.1341008,22.718669],[114.1339924,22.7187779],[114.1336229,22.7188439],[114.1325362,22.719107],[114.1323188,22.7191292],[114.132188,22.7189556],[114.1321005,22.7187601],[114.1320775,22.7182602],[114.1321204,22.7179775],[114.1322714,22.7174772],[114.1322708,22.7172598],[114.1321615,22.7170209],[114.1314639,22.7162832],[114.1314201,22.7161528],[114.1313758,22.7158269],[114.13131,22.7155879],[114.1311137,22.7153491],[114.1303731,22.7148072],[114.1301771,22.7146989],[114.1299815,22.7147428],[114.129721,22.714939],[114.129591,22.7151349],[114.1295484,22.7154828],[114.1294185,22.7157005],[114.1292449,22.7158747],[114.1284845,22.7161372],[114.127006,22.7162272],[114.1267453,22.7163147],[114.1258772,22.7170121],[114.1258599,22.7170493],[114.1257258,22.7173385],[114.1254654,22.7175781],[114.124966,22.7178835],[114.1249446,22.718014],[114.1250544,22.7184485],[114.125077,22.7188181],[114.1250597,22.718853],[114.1249255,22.7191227],[114.1246434,22.7193624],[114.1243175,22.71945],[114.1232954,22.7194304],[114.1230563,22.7194526],[114.1224263,22.7197365],[114.1222088,22.7197152],[114.1215554,22.7192601],[114.1212726,22.7191954],[114.1209248,22.7192614],[114.1205339,22.7194796],[114.1203158,22.7191974],[114.1196392,22.7181554],[114.1193775,22.7178516],[114.1186814,22.717766],[114.118399,22.7178536],[114.1180301,22.7182022],[114.1176394,22.7184638],[114.1168357,22.718835],[114.116771,22.7190526],[114.1168586,22.7193132],[114.1166419,22.719618],[114.1161421,22.7197712],[114.1158597,22.7198588],[114.1156859,22.7199461],[114.1156645,22.7200983],[114.115904,22.7202065],[114.1160996,22.7201843],[114.1163383,22.7199665],[114.1165773,22.7199008],[114.116708,22.7199874],[114.1167519,22.7201613],[114.1164051,22.7205967],[114.1162318,22.7208797],[114.1161024,22.7213147],[114.1158637,22.7215109],[114.1145172,22.722231],[114.1143438,22.7224487],[114.1142794,22.7228184],[114.1139768,22.7235364],[114.1136949,22.723863],[114.1134992,22.7238852],[114.1131511,22.7238207],[114.1128902,22.7238429],[114.1126731,22.7239738],[114.112543,22.7241263],[114.1124565,22.7243221],[114.1123734,22.7259091],[114.1120904,22.7257792],[114.1118293,22.7257363],[114.1105028,22.7257173],[114.1101764,22.7256093],[114.1095447,22.7251541],[114.1093703,22.7249806],[114.1092174,22.7246766],[114.109086,22.7243073],[114.1087588,22.7238949],[114.1084677,22.7235651],[114.108367,22.7237402],[114.1067175,22.724153],[114.106303,22.7246653],[114.1055073,22.7251546],[114.1031366,22.725384],[114.1021999,22.7257204],[114.1008778,22.7313673],[114.0999509,22.7344328],[114.0977611,22.7340681],[114.0971617,22.7342339],[114.096237,22.7355448],[114.0942077,22.7379929],[114.0944389,22.7383956],[114.095826,22.7392485],[114.0960315,22.7405436],[114.0953037,22.7439865],[114.0931374,22.7457948],[114.0938736,22.7483115],[114.0934861,22.7497409],[114.0904346,22.7490709],[114.0869957,22.7488922],[114.0866809,22.7496292],[114.0876254,22.7506566],[114.0848887,22.7522423],[114.0827576,22.7516393],[114.0814498,22.7516393],[114.0793429,22.7532696],[114.0759524,22.7503886],[114.0764125,22.7479319],[114.0756133,22.7475299],[114.0722712,22.7460111],[114.0712783,22.744135],[114.0697284,22.7430183],[114.0674761,22.7441797],[114.0671128,22.7453858],[114.0677425,22.7468598],[114.0664589,22.7485126],[114.0638058,22.7517088],[114.0637708,22.7517509],[114.0618818,22.7508576],[114.0608404,22.7502769],[114.0577191,22.7522281],[114.0585411,22.7541863],[114.0595447,22.7544159],[114.0595525,22.7546571],[114.0596714,22.7583553],[114.0587456,22.7589495],[114.0581038,22.7586815],[114.0579766,22.7586452],[114.0547375,22.7577212],[114.0539175,22.7565866],[114.0522393,22.7574078],[114.051383,22.7594923],[114.0489513,22.7590817],[114.0485403,22.7582289],[114.0446017,22.7590185],[114.0436863,22.7599766],[114.0441706,22.7621205],[114.046883,22.7635944],[114.047319,22.7657382],[114.0457757,22.7682218],[114.044484,22.7686205],[114.0439397,22.7691255],[114.0434369,22.7709234],[114.0438293,22.7712712],[114.0446067,22.77152],[114.0448487,22.7719461],[114.0444616,22.7729792],[114.0445327,22.7734725],[114.0443055,22.7741616],[114.0435167,22.7746034],[114.0414824,22.7739782],[114.0404411,22.7724597],[114.0394239,22.7702267],[114.0368811,22.7694005],[114.0359608,22.7678597],[114.0347499,22.7669441],[114.0326671,22.7669218],[114.0311172,22.7676587],[114.0302211,22.7694451],[114.0271697,22.7689539],[114.0260557,22.7669441],[114.0240698,22.7676363],[114.02298,22.7689539],[114.0222535,22.7693112],[114.0211394,22.7682393],[114.0212847,22.7675694],[114.0209215,22.7662965],[114.0192504,22.7655372],[114.0178458,22.7646886],[114.0152548,22.7642022],[114.0138014,22.7639294],[114.0127843,22.7630138],[114.0091758,22.7633934],[114.0079891,22.764376],[114.0063181,22.7648003],[114.0054705,22.764711],[114.0038462,22.7639825],[114.0029518,22.7646663],[114.0015173,22.76673],[113.9998519,22.7668324],[113.9978526,22.7662247],[113.9971676,22.7668248],[113.9967909,22.7679301],[113.9954551,22.7699828],[113.9911397,22.7714986],[113.9904026,22.7731936],[113.9938956,22.7773994],[113.9934246,22.7792862],[113.9926198,22.7793888],[113.9918492,22.7798704],[113.9916779,22.7808572],[113.9908302,22.7818282],[113.9904107,22.7831387],[113.9891435,22.7850964],[113.9889808,22.7857437],[113.9889209,22.7871489],[113.9874995,22.7905038],[113.9876108,22.7910643],[113.9878677,22.7916563],[113.9877307,22.792643],[113.9871056,22.7933534],[113.9867289,22.7946085],[113.9864806,22.7950979],[113.985984,22.7967635],[113.9861552,22.7983343],[113.9859848,22.8004073],[113.9858898,22.8015626],[113.9860354,22.8028018],[113.9858384,22.8029281],[113.9795162,22.8030109],[113.9775182,22.8026147],[113.9759224,22.8024333],[113.975681,22.8023517],[113.9755927,22.8025004],[113.9756056,22.8027766],[113.9757811,22.8032581],[113.97614,22.8036172],[113.9772103,22.8035462],[113.9758699,22.8043927],[113.9747049,22.8035199],[113.9746285,22.8032504],[113.9736603,22.8027069],[113.9728212,22.8018071],[113.9724872,22.8016413],[113.9722646,22.8018229],[113.9722132,22.8020676],[113.9722989,22.8027543],[113.9725745,22.8031662],[113.9725327,22.8033438],[113.9723351,22.803443],[113.9718964,22.8033541],[113.9718022,22.8030305],[113.9716139,22.8028963],[113.9713913,22.8028411],[113.9712628,22.8029674],[113.9709803,22.8042382],[113.9708178,22.804361],[113.9702366,22.804361],[113.9698733,22.8042605],[113.9708421,22.8022178],[113.9708975,22.8009274],[113.9706432,22.8003693],[113.9701161,22.8001591],[113.9696624,22.8013628],[113.9680035,22.803026],[113.9672164,22.8049682],[113.9677976,22.8066203],[113.9685847,22.807703],[113.9693476,22.8082388],[113.9710428,22.8082611],[113.973392,22.8092099],[113.9721568,22.8100917],[113.9720358,22.8117994],[113.9716241,22.8125696],[113.9707401,22.8131277],[113.9692628,22.8132393],[113.9686695,22.8134291],[113.9678554,22.81497],[113.9671777,22.8151746],[113.9662719,22.8151368],[113.9649762,22.8156614],[113.9641528,22.8156614],[113.9635353,22.8148466],[113.9631478,22.8147573],[113.9622638,22.8148466],[113.9610893,22.8151256],[113.9598542,22.8161302],[113.9597573,22.8169449],[113.9601932,22.817503],[113.9597452,22.8185522],[113.9592487,22.818329],[113.9580015,22.8172351],[113.9564273,22.8161413],[113.9555412,22.815879],[113.9540534,22.8161049],[113.9539164,22.8164364],[113.9538908,22.8170362],[113.9523581,22.8173835],[113.9520499,22.8167205],[113.9504304,22.8181419],[113.9505379,22.8192412],[113.9509079,22.8207129],[113.9507207,22.8209835],[113.9504794,22.821385],[113.9498842,22.8213805],[113.9498568,22.8216626],[113.9499963,22.8217489],[113.9503512,22.8219634],[113.9503292,22.8224998],[113.950438,22.822992],[113.9507649,22.8237688],[113.9496655,22.8239722],[113.9482254,22.8238477],[113.9433765,22.8272132],[113.9425047,22.8298917],[113.9387267,22.8306506],[113.9379517,22.8312309],[113.9347065,22.8317666],[113.9342706,22.8329719],[113.9325269,22.8339093],[113.9329628,22.8354717],[113.9287019,22.835166],[113.9248741,22.8348914],[113.9187712,22.8335076],[113.9151869,22.8340433],[113.9118449,22.8329719],[113.9107308,22.8318112],[113.9092778,22.8328826],[113.9058388,22.8329272],[113.904967,22.8346682],[113.9032233,22.8356503],[113.8994937,22.8353378],[113.8974879,22.8389321],[113.8967496,22.8417943],[113.8971129,22.8423758],[113.8970492,22.8428634],[113.8966349,22.8432393],[113.8966603,22.8434273],[113.8967751,22.8436153],[113.8973245,22.8437199],[113.8986809,22.8438503],[113.8990467,22.8426779],[113.9009092,22.8409671],[113.9010985,22.8409921],[113.9012607,22.8414074],[113.90145,22.8414822],[113.9019008,22.8414573],[113.9027661,22.8409505],[113.903334,22.8408425],[113.9063088,22.8417397],[113.9066826,22.841452],[113.9069037,22.8408674],[113.9078888,22.840269],[113.9084689,22.8401104],[113.9098648,22.8403454],[113.9102727,22.840504],[113.9109484,22.8410738],[113.9112735,22.8411854],[113.9115731,22.8411502],[113.9126556,22.8402936],[113.9129891,22.839413],[113.9152301,22.8387214],[113.9149566,22.8382193],[113.9146297,22.8380824],[113.914188,22.8377556],[113.9143458,22.8375811],[113.9145486,22.8375271],[113.9163199,22.8381793],[113.9167391,22.8380671],[113.9174467,22.8375894],[113.9177532,22.8375853],[113.9178884,22.8377307],[113.9173701,22.8387317],[113.9171132,22.8386985],[113.9150444,22.839172],[113.9136472,22.8399571],[113.9134263,22.8400236],[113.9127737,22.8409056],[113.9126926,22.8417612],[113.9125573,22.8423843],[113.9127635,22.8430746],[113.9143124,22.8427632],[113.9154661,22.842681],[113.915505,22.8428412],[113.9153705,22.842916],[113.9147478,22.8429326],[113.9139546,22.8431236],[113.9138374,22.8434227],[113.9140177,22.8438796],[113.914216,22.8439793],[113.9150904,22.8440291],[113.9156222,22.8441953],[113.917344,22.8453085],[113.9176595,22.8454081],[113.9184617,22.84535],[113.9202015,22.8446605],[113.9204178,22.8448349],[113.9213734,22.8451423],[113.9221666,22.8456574],[113.9225362,22.8456989],[113.9231672,22.845566],[113.9241588,22.8449596],[113.9247267,22.8445193],[113.924925,22.8445276],[113.9252766,22.8447353],[113.9267008,22.844727],[113.9279178,22.8442202],[113.9296666,22.8436802],[113.9297477,22.8437716],[113.9297116,22.8441039],[113.9282423,22.8448599],[113.9267279,22.8451423],[113.9250783,22.8449928],[113.9247177,22.8452254],[113.924276,22.8454165],[113.9233836,22.8460727],[113.921752,22.8462804],[113.9211751,22.8464465],[113.9209136,22.8463884],[113.9203097,22.8459398],[113.9194533,22.8457737],[113.9191018,22.84589],[113.9187682,22.8462638],[113.9181733,22.8464299],[113.9171456,22.8463302],[113.9169654,22.8460395],[113.9159197,22.8451839],[113.9157124,22.8448599],[113.9152887,22.8446023],[113.9150002,22.8445857],[113.9147208,22.844702],[113.9143963,22.8450426],[113.9141529,22.8455161],[113.9137022,22.8453749],[113.9133236,22.8447768],[113.9123771,22.8443199],[113.9121697,22.8440956],[113.9118903,22.8433895],[113.9119731,22.842386],[113.9117628,22.8421687],[113.9114441,22.8420453],[113.9109023,22.8420923],[113.9105326,22.8419464],[113.9099334,22.8415578],[113.9092705,22.8409057],[113.9088435,22.8407295],[113.9086905,22.840706],[113.9075814,22.8414814],[113.9075368,22.8418104],[113.9077981,22.8420277],[113.9082443,22.8420688],[113.9087287,22.8417986],[113.9091749,22.8417575],[113.9094044,22.8418397],[113.9096839,22.8421079],[113.9096343,22.8425274],[113.9092943,22.8436922],[113.909269,22.8437787],[113.9093324,22.8440103],[113.9096836,22.8446178],[113.9095304,22.8447756],[113.9093501,22.8446593],[113.9090346,22.8439615],[113.909296,22.842624],[113.9092896,22.8424389],[113.909143,22.8422862],[113.9088817,22.8422568],[113.9084355,22.8424565],[113.9079511,22.8428853],[113.9077471,22.8431849],[113.9073902,22.8432025],[113.9067527,22.8430028],[113.9057138,22.8422979],[113.9039449,22.8421101],[113.9032148,22.8415037],[113.9029984,22.8414372],[113.9027285,22.8415769],[113.9028369,22.8422818],[113.9024417,22.8427048],[113.9017469,22.8429633],[113.9010649,22.8427459],[113.8998028,22.843069],[113.8996307,22.8433627],[113.8995566,22.84417],[113.8992507,22.8447221],[113.8993272,22.8449571],[113.9004617,22.845568],[113.8992124,22.8453448],[113.8981671,22.8454035],[113.8981543,22.8456503],[113.8985368,22.8465079],[113.898881,22.8468368],[113.8997861,22.8471305],[113.9002705,22.8480234],[113.8999391,22.8479881],[113.8978611,22.8467546],[113.8956812,22.8474007],[113.8958342,22.8490572],[113.8955409,22.8491042],[113.8951075,22.847107],[113.8931443,22.8457442],[113.8919459,22.8470953],[113.8927618,22.8476122],[113.8936925,22.8483758],[113.8935777,22.8485638],[113.8922774,22.8481878],[113.8911938,22.8486343],[113.8913978,22.8498678],[113.8911683,22.84995],[113.8907731,22.8490807],[113.8904034,22.8488692],[113.889664,22.8492686],[113.8888226,22.8490572],[113.8876243,22.8505609],[113.8876753,22.8519236],[113.8884402,22.8523113],[113.8893198,22.8523465],[113.8894983,22.8528987],[113.8880285,22.8527167],[113.8862462,22.8537157],[113.8866481,22.854502],[113.8863225,22.8561831],[113.8878637,22.8566723],[113.8884973,22.8563567],[113.890219,22.8549953],[113.8911773,22.8551169],[113.8920763,22.8555362],[113.8931552,22.8568301],[113.8942683,22.8577927],[113.8961691,22.8593865],[113.8949704,22.8601281],[113.8934634,22.8587395],[113.8933778,22.8576349],[113.8912201,22.8572562],[113.8898908,22.8572509],[113.8893535,22.8583134],[113.8890988,22.858552],[113.8879557,22.85913],[113.8875554,22.8596389],[113.8869145,22.8593223],[113.8850469,22.860001],[113.8843034,22.8604135],[113.8842333,22.860633],[113.8849354,22.8617849],[113.8860313,22.8620059],[113.8861683,22.8644043],[113.8856546,22.8641361],[113.8854387,22.8628631],[113.8847984,22.862495],[113.8837562,22.862255],[113.8833599,22.8627475],[113.8827948,22.862779],[113.8827219,22.8618888],[113.8825077,22.8618061],[113.8811337,22.8619112],[113.8808426,22.8616745],[113.88218,22.8607627],[113.882628,22.8599472],[113.8838146,22.8582288],[113.8828016,22.8577842],[113.8818128,22.8573989],[113.8800546,22.85811],[113.879994,22.8578087],[113.8811081,22.856983],[113.8808226,22.8561127],[113.8804784,22.8550638],[113.8800909,22.8550638],[113.8797397,22.8556998],[113.8794733,22.8557445],[113.8792554,22.8548741],[113.8794128,22.8541488],[113.8791948,22.8539368],[113.8787347,22.8540819],[113.8785894,22.8544948],[113.8779113,22.8546844],[113.8775601,22.854439],[113.8782746,22.8540373],[113.8784683,22.853524],[113.878323,22.8532785],[113.8779781,22.85323],[113.8775359,22.8532896],[113.8760344,22.8540931],[113.8758286,22.8546063],[113.8760828,22.8554209],[113.8767488,22.8559118],[113.8767609,22.8561685],[113.8755258,22.8565702],[113.875659,22.8558561],[113.8752473,22.854651],[113.8737943,22.8551196],[113.8738042,22.8553294],[113.873879,22.8569161],[113.8747388,22.8573401],[113.8748962,22.8575967],[113.8738771,22.8578022],[113.8733462,22.8579092],[113.8727166,22.8571058],[113.8733947,22.8568938],[113.873322,22.8553093],[113.8729408,22.8548368],[113.8711797,22.8523913],[113.869962,22.8515562],[113.8703674,22.850076],[113.8694956,22.8481902],[113.8693624,22.8472082],[113.8688659,22.8466391],[113.8689144,22.8477438],[113.8684421,22.8481455],[113.8667832,22.8480897],[113.8659719,22.8483687],[113.8657903,22.8481902],[113.8665168,22.8458356],[113.867212,22.8447957],[113.8676914,22.843481],[113.8674385,22.8431511],[113.8677156,22.8402672],[113.8676408,22.839796],[113.8668527,22.8397722],[113.8665692,22.8397637],[113.865875,22.8397427],[113.8634411,22.8400105],[113.8611889,22.8393632],[113.8598569,22.8396199],[113.8591667,22.8395864],[113.8588397,22.8386602],[113.8570718,22.8375331],[113.8567812,22.8367184],[113.8568296,22.8359707],[113.8563332,22.8359595],[113.8560304,22.83683],[113.8521177,22.8354967],[113.8510288,22.8386492],[113.8492367,22.8381582],[113.846718,22.8401669],[113.8461482,22.8403448],[113.8456687,22.8397609],[113.8425275,22.8387363],[113.8415074,22.8384036],[113.8402916,22.837362],[113.8377914,22.836636],[113.8360294,22.8362773],[113.8357397,22.8350484],[113.8356079,22.8337354],[113.8343787,22.833347],[113.8334589,22.8324694],[113.8327225,22.8310332],[113.8315409,22.8295022],[113.8313124,22.8263873],[113.8303192,22.826119],[113.829656,22.8253019],[113.8299082,22.8249064],[113.8316206,22.8243697],[113.8331022,22.8231319],[113.8334036,22.8227355],[113.8335522,22.8224072],[113.8336135,22.8219822],[113.8335703,22.8209092],[113.8335746,22.8199445],[113.8335901,22.8170172],[113.8335935,22.8147744],[113.8341823,22.8146419],[113.8342795,22.8144204],[113.8345877,22.8142626],[113.835033,22.8136943],[113.8352293,22.8126561],[113.8349678,22.8109535],[113.8321854,22.8038274],[113.8315798,22.8036169],[113.8312685,22.803471],[113.830912,22.8032093],[113.8290313,22.8022964],[113.8287833,22.8023937],[113.8284074,22.8024008],[113.8272499,22.8017584],[113.8271319,22.8014629],[113.8266706,22.800935],[113.82657,22.8008472],[113.826008,22.8005456],[113.8259225,22.8004932],[113.8258487,22.8004227],[113.8253903,22.7998084],[113.8253009,22.7997218],[113.8251962,22.7996479],[113.8250652,22.7995769],[113.8249297,22.7995158],[113.8236789,22.7991023],[113.8235248,22.799027],[113.8233877,22.7989404],[113.8229277,22.7986337],[113.8229015,22.7986053],[113.8228783,22.7985685],[113.8228691,22.7985414],[113.822866,22.798505],[113.82287,22.7984749],[113.8228773,22.7984458],[113.8228863,22.7984199],[113.8228993,22.7983945],[113.8230637,22.7981248],[113.8230724,22.7981049],[113.8230779,22.7980833],[113.8230819,22.7980585],[113.8230832,22.7980313],[113.8230808,22.7980048],[113.8230716,22.7979745],[113.8230557,22.7979402],[113.8230355,22.7979113],[113.8230047,22.797875],[113.8227988,22.7976722],[113.8227597,22.7976192],[113.8227204,22.7975462],[113.8226905,22.7974726],[113.8226536,22.7973665],[113.8222241,22.795966],[113.8219412,22.7954263],[113.8216167,22.7955359],[113.8212835,22.7956203],[113.8209438,22.7956789],[113.8206,22.7957111],[113.8202545,22.7957169],[113.8199096,22.7956962],[113.8195678,22.7956491],[113.8192315,22.795576],[113.8189029,22.7954773],[113.8185348,22.7953539],[113.8181597,22.7952501],[113.8177788,22.7951661],[113.8173934,22.7951023],[113.8170046,22.7950588],[113.8166138,22.7950358],[113.8162221,22.7950333],[113.8144106,22.795031],[113.812736,22.7952068],[113.8125519,22.7952264],[113.8123669,22.7952376],[113.8121815,22.7952406],[113.8119962,22.7952352],[113.8118113,22.7952216],[113.8116275,22.7951996],[113.811445,22.7951694],[113.8112577,22.7951296],[113.8110728,22.795081],[113.8108909,22.7950239],[113.8107123,22.7949584],[113.8105375,22.7948847],[113.8103669,22.794803],[113.8102011,22.7947134],[113.8100403,22.7946162],[113.8091656,22.7939615],[113.8090381,22.7938447],[113.8089174,22.7937218],[113.8088038,22.7935934],[113.8086976,22.7934597],[113.808599,22.793321],[113.8085085,22.7931779],[113.808434,22.7930455],[113.8083664,22.7929101],[113.8083057,22.792772],[113.8082521,22.7926313],[113.8082056,22.7924885],[113.8081665,22.7923439],[113.8080707,22.7918288],[113.8080594,22.7917299],[113.8080558,22.7916306],[113.80806,22.7915313],[113.808072,22.7914325],[113.8080916,22.7913348],[113.8081188,22.7912389],[113.8081534,22.791145],[113.8081952,22.7910536],[113.8082441,22.7909653],[113.8082998,22.7908804],[113.8089744,22.7899133],[113.8091033,22.7897193],[113.8092076,22.7895131],[113.809286,22.7892974],[113.8093376,22.7890749],[113.8093616,22.7888485],[113.8093578,22.7886211],[113.8093262,22.7883954],[113.8092672,22.7881745],[113.8091816,22.7879612],[113.8090379,22.7877119],[113.8088731,22.7874741],[113.8086882,22.7872491],[113.8084844,22.7870385],[113.808263,22.7868436],[113.8080254,22.7866656],[113.8077731,22.7865056],[113.8063529,22.7856715],[113.8051604,22.785126],[113.8036339,22.784913],[113.802535,22.7848871],[113.8023924,22.7848852],[113.8022498,22.7848918],[113.802108,22.7849069],[113.8019676,22.7849304],[113.8018291,22.7849622],[113.8016932,22.7850022],[113.8015598,22.7850503],[113.80143,22.7851064],[113.8013045,22.7851701],[113.8011837,22.7852411],[113.8010681,22.7853192],[113.7996043,22.7870145],[113.7989375,22.7876241],[113.7984921,22.7877897],[113.7982926,22.787838],[113.7980893,22.7878698],[113.7978836,22.7878847],[113.7976774,22.7878826],[113.7974722,22.7878635],[113.7972696,22.7878276],[113.7970713,22.7877752],[113.7968919,22.7876819],[113.7965017,22.7874818],[113.7961389,22.7872417],[113.7959059,22.7870465],[113.7958085,22.7869649],[113.7955147,22.7866549],[113.7952614,22.7863158],[113.795204,22.7861625],[113.795142,22.7860142],[113.7950974,22.7858608],[113.7950705,22.7857038],[113.7950617,22.7855451],[113.7950711,22.7853864],[113.7950987,22.7852296],[113.7951649,22.7849925],[113.7952497,22.7847604],[113.7953523,22.7845347],[113.7954725,22.7843163],[113.7956094,22.7841065],[113.7962063,22.7831188],[113.7968377,22.7815082],[113.7968781,22.7813714],[113.7969094,22.7812327],[113.7969316,22.7810925],[113.7969446,22.7809512],[113.7969483,22.7808096],[113.7969427,22.7806679],[113.7969278,22.7805269],[113.7969036,22.780386],[113.7968701,22.7802468],[113.7968276,22.7801097],[113.796776,22.7799753],[113.7967158,22.7798439],[113.7966469,22.7797162],[113.7957771,22.778636],[113.7956702,22.7785247],[113.7955576,22.7784183],[113.7954397,22.7783168],[113.7953167,22.7782207],[113.7951889,22.77813],[113.7950456,22.7780383],[113.7948974,22.7779536],[113.7947447,22.777876],[113.7945879,22.7778057],[113.7944274,22.7777429],[113.7942636,22.7776877],[113.794097,22.7776404],[113.7939279,22.777601],[113.7923844,22.7772156],[113.7922073,22.7771684],[113.792033,22.7771131],[113.791862,22.7770497],[113.7916947,22.7769783],[113.7915316,22.7768993],[113.7913803,22.776817],[113.7912335,22.7767281],[113.7910916,22.7766327],[113.7891456,22.775274],[113.7889818,22.7751158],[113.7888259,22.7749511],[113.7886779,22.7747802],[113.7885617,22.7746342],[113.7884513,22.7744844],[113.7883469,22.7743309],[113.7875017,22.773101],[113.7873009,22.772793],[113.7871349,22.7724678],[113.7870053,22.7721289],[113.7869135,22.7717796],[113.7868604,22.7714235],[113.7868466,22.7710644],[113.7868721,22.7707058],[113.7869368,22.7703514],[113.78704,22.7700048],[113.7871805,22.7696696],[113.7873571,22.7693492],[113.7879979,22.7686199],[113.7882361,22.7681366],[113.7884433,22.7676412],[113.7886186,22.7671355],[113.7887616,22.7666212],[113.7888717,22.7661],[113.7889485,22.7655738],[113.7889919,22.7650444],[113.7890359,22.7643569],[113.7890213,22.7636683],[113.7889742,22.7629809],[113.7888946,22.762296],[113.7887827,22.761615],[113.7886062,22.7610008],[113.7883979,22.7603951],[113.788158,22.7597994],[113.7878873,22.759215],[113.7875864,22.7586434],[113.7872559,22.7580858],[113.7868953,22.7575443],[113.7865581,22.7570809],[113.7862012,22.7566302],[113.7858251,22.7561929],[113.7854304,22.7557698],[113.7850178,22.7553615],[113.7845879,22.7549687],[113.7841414,22.7545919],[113.783679,22.7542319],[113.7832014,22.753889],[113.7826975,22.7535591],[113.7821791,22.7532489],[113.781647,22.752959],[113.7811023,22.7526898],[113.7805458,22.752442],[113.7799785,22.7522158],[113.7737369,22.7502573],[113.7734761,22.7501717],[113.7732187,22.7500777],[113.772965,22.7499756],[113.7727357,22.7498748],[113.77251,22.7497674],[113.772288,22.7496533],[113.7720702,22.7495329],[113.7718566,22.7494061],[113.7687333,22.7474758],[113.7562057,22.7381518],[113.7498663,22.7294823],[113.7102125,22.726949],[113.7062342,22.7257612],[113.6805151,22.718082]],[[113.780583,22.2831355],[113.7806211,22.2833895],[113.780649,22.2835221],[113.7807333,22.2836311],[113.7808227,22.2837221],[113.7809784,22.283832],[113.7811553,22.283887],[113.7813287,22.2839147],[113.7814473,22.2839264],[113.7814366,22.2840108],[113.7814892,22.2840163],[113.7815037,22.2839312],[113.7817568,22.2839551],[113.7817457,22.2842706],[113.7821738,22.2842989],[113.7823679,22.2843118],[113.7823842,22.2839874],[113.7831046,22.2840094],[113.7833888,22.2840017],[113.783662,22.2839888],[113.7839065,22.2839793],[113.7840486,22.2839714],[113.784253,22.2839575],[113.784475,22.2839317],[113.784712,22.2839001],[113.7851773,22.2838331],[113.7860429,22.2836534],[113.78624,22.2836084],[113.7863706,22.283563],[113.7864751,22.2834828],[113.7865458,22.2833849],[113.7865954,22.2832845],[113.7866096,22.2831616],[113.7865967,22.2830719],[113.7865695,22.2829693],[113.7865235,22.2828965],[113.7864571,22.2828127],[113.7863742,22.2827657],[113.786275,22.2827212],[113.7860146,22.2826684],[113.785717,22.2826045],[113.7853504,22.2825217],[113.7850143,22.282463],[113.7844969,22.2823865],[113.7842208,22.2823598],[113.7836644,22.2823303],[113.7832645,22.2823154],[113.7828577,22.2823184],[113.7823158,22.2823284],[113.7820077,22.282344],[113.7815087,22.2823821],[113.7815033,22.2822532],[113.7814227,22.2822541],[113.7814362,22.2823912],[113.7812218,22.2824103],[113.7810775,22.2824434],[113.7809411,22.2825046],[113.7807964,22.2826024],[113.7806921,22.2827153],[113.7806315,22.2828399],[113.7806018,22.2829302],[113.780583,22.2831355]],[[113.8407756,22.2826443],[113.8407796,22.282742],[113.8407989,22.2828138],[113.8408263,22.282865],[113.84087,22.2829467],[113.8409157,22.2830071],[113.8409842,22.2830644],[113.8410545,22.2831051],[113.841117,22.2831312],[113.8411948,22.2831446],[113.8427297,22.2830982],[113.8442454,22.2830258],[113.8442812,22.2834259],[113.84491,22.2833872],[113.844877,22.2829836],[113.8456469,22.2828892],[113.8458412,22.2828637],[113.8459984,22.2828268],[113.8461523,22.2827594],[113.8462881,22.2826806],[113.8464292,22.2825734],[113.8465445,22.2824484],[113.8466143,22.2823294],[113.8466736,22.282206],[113.8467167,22.2820751],[113.8467334,22.2819621],[113.8465751,22.2813613],[113.8465057,22.2812261],[113.8464281,22.2811205],[113.846323,22.2810328],[113.8461838,22.2809451],[113.8460503,22.2808857],[113.8459055,22.2808441],[113.8457773,22.2808226],[113.8456544,22.2808157],[113.8455141,22.2808226],[113.845373,22.2808461],[113.8452058,22.2808925],[113.8447076,22.2810882],[113.8437163,22.281464],[113.8428222,22.2817575],[113.8422113,22.2819259],[113.8412365,22.2821838],[113.841091,22.2822153],[113.8409873,22.2822623],[113.8409272,22.2823099],[113.8408519,22.2824173],[113.8408128,22.2825015],[113.8407874,22.2825697],[113.8407756,22.2826443]],[[113.9402451,22.4947066],[113.9407498,22.4947139],[113.9417379,22.4947278],[113.941834,22.4947311],[113.9423112,22.4947472],[113.942382,22.4947591],[113.9426683,22.4948614],[113.9436854,22.4952247],[113.9438894,22.4952976],[113.9440892,22.495369],[113.9441668,22.4953967],[113.944295,22.4954515],[113.9443971,22.4955222],[113.945043,22.4955322],[113.9458214,22.4955441],[113.9458441,22.4959395],[113.9457805,22.5000692],[113.9457529,22.5002461],[113.9457111,22.5004058],[113.9456371,22.5005268],[113.9455592,22.5006461],[113.9454281,22.5007725],[113.9453066,22.500862],[113.9450236,22.5010304],[113.9447621,22.5012247],[113.944538,22.5014212],[113.9436359,22.5022924],[113.9435077,22.5024174],[113.9434175,22.5025249],[113.9433344,22.5026499],[113.9432679,22.5027859],[113.9431777,22.5030227],[113.9431397,22.5033254],[113.9431232,22.5038408],[113.9431744,22.5038416],[113.9436563,22.5038527],[113.9458272,22.5038815],[113.9463019,22.5038877],[113.9463422,22.5008343],[113.9461591,22.5008083],[113.9463396,22.4914016],[113.9460077,22.4911994],[113.9459113,22.4911407],[113.945591,22.4909452],[113.9454857,22.4908815],[113.9453829,22.4908185],[113.9452165,22.4907174],[113.9451788,22.4906948],[113.945042,22.4906111],[113.9402962,22.4905313],[113.9402451,22.4947066]],[[114.0659511,22.5229015],[114.0662516,22.523488],[114.0668737,22.5245816],[114.0668899,22.5245767],[114.0668789,22.5245458],[114.066956,22.5245222],[114.066967,22.524553],[114.0671359,22.5245013],[114.0671283,22.5244798],[114.0672127,22.524454],[114.0672204,22.5244754],[114.0676362,22.5243479],[114.0676173,22.5242948],[114.0676386,22.5242883],[114.0676532,22.5243294],[114.0677242,22.5243076],[114.0677285,22.5243197],[114.0681326,22.5241956],[114.0680235,22.5238879],[114.0677466,22.5239727],[114.0676905,22.5238149],[114.0682003,22.5236587],[114.0681238,22.5234454],[114.0681556,22.5234356],[114.0681403,22.5233923],[114.0681561,22.5233875],[114.0681414,22.5233463],[114.068097,22.5233599],[114.068122,22.5234302],[114.0680629,22.5234483],[114.068034,22.5233669],[114.0680896,22.5233492],[114.0679233,22.5228801],[114.0679715,22.5228649],[114.0679569,22.5228238],[114.0679116,22.5228377],[114.0679012,22.5228085],[114.0678421,22.5228266],[114.0678525,22.5228558],[114.0679083,22.5228386],[114.067915,22.5228575],[114.0678957,22.5228635],[114.0679075,22.5228969],[114.0677451,22.5229467],[114.0677361,22.5229214],[114.0676858,22.5229368],[114.0675843,22.5226532],[114.0678619,22.5225681],[114.0678051,22.5224105],[114.067529,22.5224952],[114.0675028,22.5224214],[114.0675582,22.5224044],[114.0675304,22.5223264],[114.0673504,22.5223816],[114.0673224,22.5223027],[114.0675301,22.522239],[114.0675197,22.5222103],[114.0667836,22.5224355],[114.0667718,22.5224024],[114.0661169,22.5226027],[114.0660801,22.5226181],[114.0660473,22.5226399],[114.0660198,22.5226674],[114.065999,22.5226994],[114.0659854,22.5227348],[114.0659798,22.522772],[114.0659823,22.5228094],[114.065993,22.5228456],[114.0660066,22.5228775],[114.0659511,22.5229015]],[[114.0678481,22.5224601],[114.067856,22.5224824],[114.0678911,22.5224716],[114.0678832,22.5224493],[114.0678481,22.5224601]],[[114.0678981,22.5224682],[114.0679112,22.5225052],[114.0679519,22.5224928],[114.0679635,22.5225255],[114.0679953,22.5225158],[114.0679436,22.52237],[114.0679117,22.5223798],[114.0679387,22.5224557],[114.0678981,22.5224682]],[[114.067908,22.5225249],[114.0679173,22.5225511],[114.0679441,22.5225429],[114.0679347,22.5225167],[114.067908,22.5225249]],[[114.0679962,22.5223539],[114.0680479,22.5224997],[114.068078,22.5224905],[114.0680365,22.5223738],[114.0680162,22.5223801],[114.0680059,22.5223509],[114.0679962,22.5223539]],[[114.068131,22.5221067],[114.0681412,22.5221354],[114.0682044,22.522116],[114.0681993,22.5221014],[114.0681742,22.5221091],[114.0681691,22.522095],[114.068131,22.5221067]],[[114.068414,22.5222234],[114.0684215,22.5222444],[114.0684326,22.522241],[114.0684251,22.52222],[114.068414,22.5222234]],[[114.0684355,22.5222492],[114.0684501,22.5222903],[114.0685489,22.5222601],[114.0685528,22.5222712],[114.0685787,22.5222633],[114.0685689,22.5222359],[114.0685431,22.5222438],[114.0685347,22.5222202],[114.0685919,22.5222026],[114.0686101,22.5222537],[114.0686465,22.5222425],[114.0686255,22.5221833],[114.0686371,22.5221798],[114.0686291,22.5221575],[114.0685239,22.5221897],[114.0685342,22.5222189],[114.0684355,22.5222492]],[[114.0686197,22.5226206],[114.0686343,22.5226618],[114.0686896,22.5226449],[114.0686935,22.522656],[114.0687489,22.522639],[114.0687386,22.5226099],[114.0686832,22.5226268],[114.0686756,22.5226054],[114.0686963,22.522599],[114.0686854,22.5225682],[114.0686646,22.5225745],[114.068675,22.5226037],[114.0686197,22.5226206]],[[114.0688695,22.5225117],[114.0688985,22.5225932],[114.0689382,22.522581],[114.0689092,22.5224995],[114.0688695,22.5225117]],[[114.0694516,22.5203149],[114.0695575,22.5203109],[114.0695602,22.5202848],[114.0695654,22.5202276],[114.0695773,22.5201713],[114.0695956,22.5201164],[114.0696202,22.5200637],[114.0696507,22.5200138],[114.0696868,22.5199672],[114.069728,22.5199245],[114.0697739,22.5198861],[114.069824,22.5198525],[114.0698778,22.519824],[114.0700107,22.5197714],[114.0705883,22.5196881],[114.0707671,22.5196722],[114.0707466,22.5195433],[114.0706144,22.5195655],[114.0701691,22.5196466],[114.0700314,22.5196739],[114.0698319,22.5197388],[114.0697686,22.5197724],[114.0697095,22.519812],[114.0696554,22.5198572],[114.0696068,22.5199076],[114.0695643,22.5199624],[114.0695283,22.5200213],[114.0694994,22.5200834],[114.0694778,22.520148],[114.0694639,22.5202143],[114.0694577,22.5202817],[114.0694516,22.5203149]]],[[[114.0664873,22.5228477],[114.0665445,22.5228302],[114.0665529,22.5228537],[114.0665275,22.5228615],[114.066537,22.5228881],[114.0665051,22.5228979],[114.0664873,22.5228477]]],[[[114.0665314,22.5232283],[114.0665443,22.5232244],[114.0665574,22.5232612],[114.0665445,22.5232652],[114.0665314,22.5232283]]],[[[114.066563,22.5227927],[114.0665777,22.5227881],[114.0665692,22.5227641],[114.0665955,22.522756],[114.0666034,22.5227783],[114.0666745,22.5227566],[114.0666919,22.5228054],[114.066648,22.5228189],[114.066641,22.5227992],[114.0665727,22.5228201],[114.066563,22.5227927]]],[[[114.0666117,22.5232037],[114.0666463,22.5231931],[114.0666573,22.523224],[114.0666817,22.5232165],[114.0666893,22.5232379],[114.0666303,22.523256],[114.0666117,22.5232037]]],[[[114.0666761,22.523783],[114.0667001,22.5237757],[114.0667085,22.5237993],[114.0666845,22.5238066],[114.0666761,22.523783]]],[[[114.0666994,22.5231768],[114.0668115,22.5231425],[114.0668263,22.5231841],[114.0667824,22.5231975],[114.066778,22.5231851],[114.0667097,22.523206],[114.0666994,22.5231768]]],[[[114.0669059,22.5241405],[114.0669978,22.5241124],[114.0670056,22.5241342],[114.067036,22.5241249],[114.0670282,22.524103],[114.0671404,22.5240687],[114.0671693,22.5241501],[114.06715,22.5241561],[114.0671384,22.5241235],[114.0671121,22.5241315],[114.0671194,22.5241521],[114.0671231,22.524151],[114.0671352,22.5241853],[114.0670365,22.5242156],[114.0670286,22.5241933],[114.0669713,22.5242108],[114.0669793,22.5242331],[114.0669557,22.5242403],[114.0669478,22.524218],[114.0669349,22.524222],[114.0669059,22.5241405]]],[[[114.0669212,22.524084],[114.066948,22.5240758],[114.0669579,22.5241037],[114.0669311,22.5241119],[114.0669212,22.524084]]],[[[114.0670081,22.5226928],[114.0670445,22.5226817],[114.0670847,22.5227949],[114.0671147,22.5227857],[114.0671184,22.522796],[114.0670695,22.522811],[114.0670554,22.52281],[114.0670461,22.5228],[114.0670081,22.5226928]]],[[[114.0671673,22.5227695],[114.0671983,22.5227601],[114.0672013,22.5227686],[114.0671704,22.5227781],[114.0671673,22.5227695]]],[[[114.0672149,22.5226542],[114.06725,22.5226434],[114.0672579,22.5226657],[114.0672228,22.5226765],[114.0672149,22.5226542]]],[[[114.0672314,22.5226948],[114.0672646,22.5226846],[114.0672859,22.5227446],[114.0672527,22.5227548],[114.0672314,22.5226948]]],[[[114.0672952,22.5229942],[114.0674305,22.5229528],[114.0674344,22.5229639],[114.0672992,22.5230054],[114.0672952,22.5229942]]],[[[114.0673013,22.5230285],[114.0673479,22.5230142],[114.0673549,22.5230339],[114.0674204,22.5230139],[114.0674308,22.523043],[114.0673186,22.5230774],[114.0673013,22.5230285]]],[[[114.0674344,22.5238935],[114.0675009,22.5238731],[114.0675569,22.5240309],[114.0674904,22.5240512],[114.0674651,22.5239801],[114.0675016,22.5239689],[114.0674949,22.52395],[114.0674584,22.5239612],[114.0674344,22.5238935]]],[[[114.067446,22.5229851],[114.0674649,22.5229793],[114.0674531,22.5229459],[114.0674895,22.5229347],[114.0675081,22.522987],[114.0674527,22.523004],[114.067446,22.5229851]]],[[[114.0674908,22.5235695],[114.0675351,22.5235559],[114.0675235,22.5235233],[114.0676814,22.523475],[114.0677103,22.5235564],[114.0676549,22.5235734],[114.06763,22.5235031],[114.0675741,22.5235202],[114.0675887,22.5235613],[114.0676123,22.5235541],[114.0676226,22.5235833],[114.0675082,22.5236184],[114.0674908,22.5235695]]],[[[114.0675541,22.5238587],[114.067585,22.5238492],[114.0675997,22.5238905],[114.0676237,22.5238832],[114.0676084,22.5238401],[114.0676684,22.5238217],[114.0676964,22.5239006],[114.0676613,22.5239114],[114.0676692,22.5239337],[114.0676619,22.5239359],[114.0676562,22.5239199],[114.0676146,22.5239326],[114.0676398,22.5240036],[114.0676089,22.524013],[114.0675541,22.5238587]]],[[[114.0676787,22.5239545],[114.0676889,22.5239514],[114.0677013,22.5239866],[114.0676912,22.5239897],[114.0676787,22.5239545]]],[[[114.0678266,22.5234485],[114.0678275,22.5234356],[114.0678384,22.5234268],[114.0678549,22.5234218],[114.0678698,22.5234637],[114.0678357,22.5234742],[114.0678266,22.5234485]]],[[[114.913323,22.909962],[114.914227,22.908706],[114.914496,22.908493],[114.915529,22.908606],[114.916779,22.90843],[114.917872,22.907899],[114.918133,22.907482],[114.918298,22.90637],[114.918775,22.905789],[114.919228,22.905436],[114.919687,22.90472],[114.920426,22.904169],[114.920833,22.904023],[114.921459,22.904002],[114.92171,22.90378],[114.92171,22.902422],[114.921172,22.900221],[114.920886,22.899727],[114.920686,22.898995],[114.92059,22.896432],[114.920668,22.896004],[114.921597,22.89477],[114.921597,22.894255],[114.921423,22.893861],[114.921562,22.893377],[114.921945,22.89306],[114.923272,22.892351],[114.924627,22.892417],[114.924896,22.892339],[114.926024,22.89151],[114.92678,22.891096],[114.928047,22.889944],[114.928429,22.888685],[114.92842,22.888357],[114.928281,22.887945],[114.928342,22.887617],[114.928854,22.886719],[114.929488,22.885915],[114.930026,22.884559],[114.931649,22.882417],[114.931962,22.881834],[114.932848,22.881474],[114.934401,22.881563],[114.935113,22.881378],[114.936675,22.880402],[114.936632,22.879915],[114.936224,22.878937],[114.935764,22.878253],[114.935521,22.877674],[114.935842,22.87666],[114.936172,22.876104],[114.936172,22.875471],[114.935461,22.874566],[114.93513,22.873561],[114.934661,22.873006],[114.934496,22.872993],[114.932048,22.874078],[114.93132,22.873524],[114.930373,22.873148],[114.929418,22.872511],[114.929106,22.872493],[114.928715,22.872609],[114.925659,22.874626],[114.925252,22.874814],[114.923985,22.874507],[114.922795,22.873158],[114.921268,22.871953],[114.920556,22.871285],[114.920556,22.870245],[114.920981,22.869321],[114.921233,22.868355],[114.921319,22.867273],[114.921754,22.86612],[114.922422,22.865486],[114.922899,22.865317],[114.923438,22.865288],[114.925477,22.865479],[114.925694,22.864952],[114.926893,22.863413],[114.927803,22.861979],[114.927509,22.859889],[114.925703,22.857741],[114.925452,22.857234],[114.924705,22.856387],[114.924627,22.855671],[114.924731,22.854768],[114.924662,22.85455],[114.924028,22.853262],[114.923447,22.852712],[114.924011,22.852112],[114.924097,22.851067],[114.923924,22.850172],[114.924609,22.848531],[114.925017,22.848038],[114.926164,22.846997],[114.927118,22.846378],[114.927335,22.846196],[114.927413,22.845992],[114.927205,22.845291],[114.927178,22.843418],[114.928464,22.842448],[114.928785,22.842454],[114.931224,22.841576],[114.931415,22.841692],[114.931562,22.841934],[114.934009,22.843498],[114.934037,22.843516],[114.934132,22.84357],[114.934172,22.843605],[114.936007,22.845406],[114.936276,22.845517],[114.936502,22.844698],[114.937812,22.843306],[114.938038,22.843192],[114.938742,22.843112],[114.939132,22.842939],[114.93967,22.842353],[114.940425,22.841788],[114.941085,22.841461],[114.943229,22.839492],[114.943559,22.839014],[114.944141,22.838988],[114.944636,22.838778],[114.945356,22.838062],[114.945573,22.837639],[114.945573,22.837185],[114.945399,22.836628],[114.945122,22.836124],[114.944809,22.835883],[114.945353,22.833709],[114.945356,22.833681],[114.945361,22.833653],[114.945365,22.833633],[114.945382,22.833583],[114.945391,22.83352],[114.945403,22.833463],[114.945429,22.833333],[114.945773,22.832624],[114.945774,22.832467],[114.945773,22.832461],[114.945747,22.832407],[114.945703,22.832331],[114.945682,22.832296],[114.943732,22.829658],[114.943498,22.829262],[114.943411,22.828893],[114.943611,22.828607],[114.94408,22.828318],[114.944662,22.827537],[114.944679,22.826341],[114.944323,22.825666],[114.943941,22.825183],[114.943958,22.824939],[114.944315,22.823878],[114.944479,22.822411],[114.94605,22.820725],[114.946094,22.82033],[114.946007,22.819386],[114.946068,22.819071],[114.945686,22.818524],[114.945165,22.81799],[114.944574,22.816841],[114.943672,22.81594],[114.943229,22.815884],[114.94204,22.816412],[114.941215,22.816578],[114.940929,22.81676],[114.940851,22.81671],[114.940565,22.81595],[114.939861,22.81472],[114.9398,22.814273],[114.939878,22.812368],[114.940252,22.811838],[114.940582,22.811582],[114.941467,22.811458],[114.9425,22.81096],[114.943446,22.809763],[114.943993,22.809763],[114.944619,22.809491],[114.946094,22.80885],[114.94612,22.808703],[114.945599,22.807912],[114.945568,22.807535],[114.945538,22.807163],[114.944836,22.806068],[114.94408,22.805278],[114.944428,22.803703],[114.945043,22.802908],[114.946719,22.803091],[114.947031,22.802691],[114.947222,22.802151],[114.947291,22.801352],[114.947066,22.799477],[114.947092,22.798763],[114.94816,22.797507],[114.948819,22.797524],[114.949809,22.797734],[114.951189,22.798175],[114.95158,22.797681],[114.951797,22.796964],[114.95224,22.795703],[114.953021,22.794527],[114.953941,22.794152],[114.955017,22.793895],[114.957171,22.793208],[114.957604,22.793169],[114.958507,22.793334],[114.958915,22.793533],[114.960122,22.793811],[114.961258,22.794632],[114.962448,22.793607],[114.963021,22.792986],[114.964471,22.792114],[114.964983,22.791534],[114.966059,22.790935],[114.96638,22.790486],[114.966563,22.790547],[114.967405,22.791287],[114.967639,22.791363],[114.968975,22.79123],[114.969635,22.790927],[114.969696,22.79074],[114.969619,22.789826],[114.969045,22.789276],[114.968142,22.787922],[114.968177,22.787058],[114.968055,22.786132],[114.968142,22.785688],[114.968603,22.784985],[114.970226,22.78398],[114.972691,22.780276],[114.973125,22.779497],[114.973985,22.778924],[114.975243,22.778314],[114.976537,22.777309],[114.978151,22.776678],[114.978776,22.776582],[114.979341,22.776759],[114.980443,22.77745],[114.980772,22.77748],[114.982813,22.776526],[114.983446,22.776322],[114.983741,22.77607],[114.984558,22.775028],[114.985972,22.774379],[114.987587,22.773925],[114.988212,22.774338],[114.995104,22.776369],[114.995513,22.776298],[114.995773,22.776139],[114.995894,22.775986],[114.995885,22.775558],[114.995512,22.774369],[114.995469,22.773859],[114.995877,22.773314],[114.995895,22.773112],[114.995296,22.772188],[114.995191,22.771777],[114.995182,22.771222],[114.994931,22.770677],[114.994393,22.769937],[114.99329,22.769286],[114.992075,22.768188],[114.991606,22.767453],[114.99165,22.76663],[114.992031,22.765369],[114.992188,22.765003],[114.992378,22.764831],[114.99263,22.764527],[114.992734,22.763698],[114.992587,22.76283],[114.992222,22.762252],[114.99112,22.761471],[114.989758,22.757209],[114.989844,22.757018],[114.990521,22.756426],[114.992517,22.753233],[114.993116,22.752559],[114.993329,22.752023],[114.9934,22.751843],[114.993715,22.751074],[114.994141,22.750777],[114.994832,22.750069],[114.994983,22.749894],[114.995461,22.749365],[114.995487,22.749334],[114.995547,22.749292],[114.995616,22.749258],[114.995669,22.749236],[114.995738,22.749215],[114.995807,22.749197],[114.995877,22.749173],[114.995981,22.749156],[114.996051,22.749143],[114.996189,22.749117],[114.996302,22.749104],[114.996415,22.749093],[114.996528,22.749085],[114.996632,22.749075],[114.996762,22.749065],[114.996919,22.749051],[114.996996,22.749034],[114.997118,22.749024],[114.997231,22.749012],[114.997335,22.749002],[114.997483,22.749013],[114.997604,22.74901],[114.997735,22.749011],[114.997813,22.749022],[114.997873,22.74904],[114.997951,22.749062],[114.998021,22.749093],[114.998117,22.749128],[114.998229,22.749171],[114.998325,22.749212],[114.998386,22.749247],[114.998437,22.749271],[114.998524,22.749305],[114.998603,22.749325],[114.998681,22.749343],[114.998776,22.749358],[114.998863,22.749364],[114.99895,22.749366],[114.999045,22.749358],[114.999115,22.749349],[114.999184,22.749331],[114.99928,22.749303],[114.999366,22.749267],[114.999453,22.749234],[114.999523,22.749199],[114.999567,22.749164],[114.999618,22.749125],[114.99967,22.749084],[114.999696,22.749041],[114.999714,22.748963],[114.999731,22.748889],[114.999766,22.748765],[114.999792,22.748683],[114.999836,22.74854],[114.999862,22.748462],[114.999895,22.748388],[114.999904,22.748304],[114.999913,22.748232],[114.999922,22.74817],[114.999948,22.748107],[114.999983,22.74806],[114.999991,22.748018],[115.000017,22.747934],[115.000044,22.747858],[115.00007,22.747795],[115.000122,22.747713],[115.000165,22.747628],[115.000208,22.747524],[115.000243,22.747468],[115.000304,22.747368],[115.000382,22.747265],[115.000443,22.747181],[115.000494,22.747116],[115.000547,22.747021],[115.00059,22.746956],[115.000616,22.746895],[115.000634,22.746864],[115.000695,22.746745],[115.000773,22.746608],[115.000868,22.74645],[115.000938,22.746359],[115.001042,22.746203],[115.001086,22.746112],[115.001128,22.746034],[115.001146,22.745994],[115.001163,22.745918],[115.001198,22.745863],[115.001215,22.74579],[115.00125,22.745731],[115.001294,22.745649],[115.00132,22.74559],[115.001337,22.745538],[115.001458,22.7452],[115.001528,22.745018],[115.001685,22.744735],[115.001832,22.744555],[115.002188,22.743972],[115.002257,22.743835],[115.002352,22.743678],[115.002431,22.743554],[115.002465,22.743515],[115.00263,22.743399],[115.002665,22.743381],[115.002734,22.743372],[115.002813,22.743361],[115.002856,22.743357],[115.002899,22.743377],[115.002942,22.743381],[115.003003,22.743392],[115.003073,22.743407],[115.003143,22.74344],[115.003212,22.743472],[115.003307,22.74352],[115.00336,22.743554],[115.003421,22.743585],[115.003472,22.743613],[115.003542,22.743653],[115.003611,22.743716],[115.003698,22.743793],[115.003751,22.743854],[115.003784,22.743904],[115.003819,22.743969],[115.003854,22.744043],[115.003863,22.744115],[115.003872,22.744176],[115.003898,22.744271],[115.003933,22.744373],[115.003941,22.744422],[115.003959,22.74447],[115.003976,22.74452],[115.004036,22.744601],[115.004088,22.744649],[115.004123,22.744681],[115.004167,22.744703],[115.004219,22.744708],[115.00428,22.744702],[115.005426,22.74456],[115.005625,22.744533],[115.005756,22.744442],[115.006563,22.743963],[115.006615,22.743935],[115.006676,22.743869],[115.00671,22.743813],[115.006736,22.74375],[115.006762,22.743696],[115.006788,22.743631],[115.006814,22.743579],[115.006823,22.743535],[115.007048,22.74324],[115.0073,22.742756],[115.007352,22.742715],[115.007378,22.742683],[115.007404,22.742629],[115.007448,22.742541],[115.007465,22.742493],[115.007483,22.74245],[115.007492,22.742406],[115.007492,22.742324],[115.007483,22.742283],[115.007474,22.742241],[115.007343,22.741206],[115.007343,22.741102],[115.007335,22.741026],[115.007318,22.740972],[115.007292,22.740918],[115.00724,22.740836],[115.007196,22.740773],[115.007161,22.740714],[115.007101,22.740647],[115.00704,22.74056],[115.00698,22.740486],[115.006953,22.74045],[115.006919,22.7404],[115.006884,22.740358],[115.005816,22.736947],[115.005842,22.736838],[115.00586,22.736736],[115.005877,22.73666],[115.005895,22.736589],[115.005912,22.73653],[115.005921,22.736441],[115.005929,22.736372],[115.005938,22.736289],[115.005938,22.736213],[115.005938,22.736135],[115.005929,22.736079],[115.005912,22.735966],[115.005894,22.735864],[115.005886,22.735796],[115.005886,22.735731],[115.005877,22.735666],[115.005868,22.735577],[115.005851,22.735499],[115.005833,22.735416],[115.005807,22.73535],[115.005764,22.735254],[115.005746,22.735209],[115.005712,22.735148],[115.005669,22.735078],[115.005617,22.735006],[115.005591,22.734945],[115.005547,22.734878],[115.005521,22.73481],[115.005503,22.734757],[115.00546,22.734699],[115.005442,22.734653],[115.005399,22.734579],[115.005374,22.734525],[115.005356,22.734479],[115.005339,22.734416],[115.005147,22.733333],[115.00513,22.733262],[115.00513,22.733205],[115.00513,22.733127],[115.00513,22.733034],[115.00513,22.732975],[115.00513,22.732858],[115.00513,22.732751],[115.005087,22.73239],[115.005105,22.732158],[115.005122,22.732045],[115.005182,22.731959],[115.008246,22.728578],[115.009349,22.727367],[115.010616,22.726906],[115.010668,22.726879],[115.010738,22.726842],[115.01079,22.726823],[115.010824,22.72681],[115.010877,22.72678],[115.010937,22.726745],[115.01099,22.726711],[115.011068,22.726671],[115.01112,22.726649],[115.011172,22.726623],[115.011224,22.726606],[115.011276,22.726585],[115.011355,22.726556],[115.011423,22.726543],[115.011484,22.726532],[115.011545,22.726526],[115.011624,22.726524],[115.011685,22.726525],[115.011727,22.726532],[115.011779,22.726547],[115.01184,22.72656],[115.01191,22.72658],[115.011988,22.7266],[115.012031,22.72661],[115.012092,22.726623],[115.012144,22.726625],[115.012343,22.726677],[115.012492,22.726693],[115.012734,22.726703],[115.01296,22.7267],[115.013056,22.72666],[115.013178,22.72653],[115.014149,22.725566],[115.014462,22.725361],[115.014531,22.725317],[115.01461,22.725278],[115.014671,22.725241],[115.014731,22.725217],[115.0148,22.725191],[115.01487,22.725178],[115.014896,22.725169],[115.014948,22.725154],[115.014992,22.72513],[115.015034,22.725109],[115.015078,22.725072],[115.015121,22.725029],[115.015148,22.724992],[115.016293,22.724106],[115.016363,22.72406],[115.016432,22.724012],[115.016485,22.723974],[115.01652,22.723943],[115.016553,22.723909],[115.016476,22.72339],[115.016224,22.721723],[115.016277,22.721706],[115.016345,22.721684],[115.016415,22.721656],[115.016467,22.721643],[115.016519,22.721632],[115.016572,22.721627],[115.01664,22.721621],[115.01671,22.721617],[115.016788,22.721613],[115.016823,22.721613],[115.016962,22.721571],[115.017092,22.721515],[115.017396,22.721343],[115.017691,22.721115],[115.018073,22.720722],[115.018126,22.72066],[115.018159,22.720605],[115.018177,22.720547],[115.018203,22.720488],[115.018238,22.720432],[115.018281,22.720382],[115.018307,22.720328],[115.018307,22.720278],[115.018307,22.720206],[115.018299,22.720135],[115.018273,22.720087],[115.018246,22.720017],[115.018212,22.719948],[115.018185,22.71987],[115.018159,22.719807],[115.018108,22.719739],[115.017604,22.718044],[115.017553,22.717785],[115.017483,22.717522],[115.017378,22.717233],[115.017317,22.716917],[115.01724,22.716467],[115.017214,22.7164],[115.017188,22.71635],[115.017153,22.716258],[115.017135,22.7162],[115.017135,22.716141],[115.017144,22.716076],[115.017162,22.716011],[115.017196,22.715946],[115.01724,22.715896],[115.017292,22.715853],[115.017352,22.715803],[115.017431,22.715725],[115.017483,22.715681],[115.017561,22.715616],[115.017621,22.715569],[115.017691,22.715508],[115.017752,22.715465],[115.017804,22.715424],[115.017865,22.715392],[115.017891,22.715358],[115.017917,22.715321],[115.017951,22.715262],[115.017977,22.715206],[115.018003,22.715161],[115.018038,22.715119],[115.018073,22.715072],[115.018117,22.715018],[115.018143,22.714972],[115.018169,22.714931],[115.018195,22.714888],[115.01823,22.714846],[115.01829,22.714785],[115.018368,22.714696],[115.018412,22.71464],[115.018446,22.714603],[115.018481,22.71456],[115.018534,22.714514],[115.018576,22.714454],[115.018628,22.714401],[115.018646,22.714364],[115.018663,22.714314],[115.018672,22.714268],[115.018672,22.714186],[115.018663,22.714088],[115.018654,22.714],[115.018646,22.713907],[115.018646,22.713846],[115.018646,22.713744],[115.018646,22.713672],[115.018646,22.713614],[115.018654,22.713557],[115.018663,22.71351],[115.01868,22.713468],[115.019115,22.712596],[115.01915,22.712532],[115.019185,22.712513],[115.019245,22.712491],[115.019297,22.712472],[115.01934,22.71245],[115.019419,22.712435],[115.019497,22.712431],[115.019583,22.712426],[115.019618,22.712413],[115.019696,22.712398],[115.01974,22.712394],[115.019801,22.712396],[115.019861,22.712402],[115.019948,22.712398],[115.020018,22.712392],[115.020044,22.712387],[115.020079,22.712372],[115.020139,22.712355],[115.020182,22.712339],[115.020252,22.712317],[115.020304,22.712289],[115.020495,22.712123],[115.021128,22.711578],[115.021154,22.711539],[115.021172,22.711489],[115.021172,22.71143],[115.021163,22.711337],[115.021154,22.71128],[115.021146,22.71123],[115.021128,22.711159],[115.021111,22.711098],[115.021093,22.711044],[115.021085,22.710998],[115.021085,22.710948],[115.021076,22.710868],[115.02106,22.710818],[115.02106,22.710777],[115.021042,22.710721],[115.021033,22.71068],[115.021025,22.71063],[115.021016,22.710534],[115.021007,22.710456],[115.020999,22.710348],[115.020981,22.710261],[115.020972,22.710198],[115.020955,22.710128],[115.020946,22.710078],[115.020938,22.710046],[115.020903,22.709987],[115.020868,22.709928],[115.020824,22.709854],[115.020798,22.709799],[115.020773,22.709742],[115.02073,22.709679],[115.020703,22.709644],[115.020669,22.709581],[115.020616,22.709512],[115.020581,22.70947],[115.020547,22.709431],[115.020503,22.709368],[115.020478,22.709332],[115.020443,22.709284],[115.020408,22.70923],[115.020382,22.709182],[115.020347,22.709136],[115.020312,22.709091],[115.020278,22.709028],[115.020252,22.70898],[115.020225,22.708917],[115.020199,22.708873],[115.020191,22.708839],[115.020192,22.708794],[115.020192,22.708732],[115.020192,22.708646],[115.020192,22.708564],[115.020192,22.708466],[115.020183,22.708334],[115.020183,22.708264],[115.020165,22.708199],[115.020174,22.708125],[115.020183,22.708017],[115.020191,22.707965],[115.020209,22.707876],[115.020209,22.707822],[115.020217,22.70778],[115.020225,22.707704],[115.020225,22.707646],[115.020234,22.707563],[115.020243,22.707483],[115.020251,22.707401],[115.02026,22.707351],[115.020269,22.707273],[115.020286,22.707227],[115.020286,22.707184],[115.020286,22.707136],[115.020286,22.70706],[115.020304,22.706984],[115.020312,22.706936],[115.020312,22.706893],[115.020321,22.706806],[115.020321,22.706719],[115.02033,22.706667],[115.020338,22.706591],[115.020347,22.706533],[115.020347,22.706467],[115.020356,22.706409],[115.020365,22.706352],[115.020365,22.706296],[115.020373,22.706224],[115.020373,22.706179],[115.020382,22.706101],[115.020391,22.706066],[115.0204029,22.7057317],[115.0217055,22.6930614],[115.0368976,22.6734219],[115.1161187,22.4262632],[115.2047728,22.1282117],[115.2202463,22.1349646],[115.3890648,22.2114844],[115.2095889,22.7820377],[115.2159458,22.7985946],[115.1720461,22.8134776],[115.1718825,22.8133861],[115.1716787,22.8134529],[115.1713434,22.8133317],[115.171095,22.813751],[115.170686,22.814126],[115.170342,22.814718],[115.170342,22.81543],[115.16989,22.815864],[115.169031,22.816278],[115.168407,22.816771],[115.168171,22.817443],[115.167912,22.818272],[115.167525,22.819438],[115.166837,22.820723],[115.165784,22.821748],[115.164473,22.822438],[115.163484,22.823425],[115.162795,22.824255],[115.162193,22.824846],[115.160904,22.825754],[115.160215,22.826108],[115.159055,22.826106],[115.15841,22.826204],[115.158367,22.826461],[115.158174,22.827133],[115.158345,22.828023],[115.15798,22.828338],[115.157679,22.828635],[115.157592,22.829208],[115.157377,22.829465],[115.157033,22.829701],[115.156818,22.829919],[115.156969,22.830532],[115.157313,22.831066],[115.157356,22.83154],[115.15714,22.832113],[115.156711,22.832685],[115.156302,22.833159],[115.156001,22.833416],[115.155399,22.834186],[115.154818,22.834739],[115.15441,22.835035],[115.154088,22.835193],[115.153249,22.835033],[115.152518,22.834814],[115.151938,22.834595],[115.151208,22.834258],[115.150863,22.833962],[115.15067,22.833783],[115.149982,22.83394],[115.149638,22.833939],[115.149101,22.833741],[115.147682,22.834035],[115.146672,22.83425],[115.14622,22.83425],[115.145769,22.83421],[115.14506,22.83405],[115.14463,22.834049],[115.143856,22.833811],[115.143276,22.833553],[115.143017,22.833474],[115.142738,22.833512],[115.142329,22.834125],[115.1422,22.83454],[115.141792,22.834994],[115.141577,22.835627],[115.141401,22.836556],[115.141342,22.836871],[115.141191,22.837345],[115.140374,22.836988],[115.139945,22.836672],[115.139322,22.836137],[115.139042,22.836097],[115.138727,22.835982],[115.138118,22.83576],[115.137667,22.835601],[115.137431,22.835541],[115.136958,22.835857],[115.136679,22.83639],[115.136657,22.836884],[115.13627,22.837378],[115.135776,22.837476],[115.135411,22.837555],[115.135046,22.837573],[115.134723,22.837811],[115.134315,22.838225],[115.133971,22.83866],[115.133649,22.838956],[115.133219,22.838877],[115.132747,22.838757],[115.132661,22.838757],[115.132445,22.838658],[115.132059,22.838697],[115.131715,22.838558],[115.131543,22.838321],[115.131371,22.838083],[115.131157,22.837944],[115.130834,22.837944],[115.130362,22.83822],[115.129846,22.838259],[115.129609,22.838199],[115.129008,22.838456],[115.128772,22.838436],[115.128407,22.838198],[115.128084,22.838099],[115.12759,22.838395],[115.127117,22.838137],[115.126753,22.837801],[115.126581,22.837386],[115.126517,22.837188],[115.125743,22.837642],[115.125592,22.837464],[115.125398,22.837365],[115.125033,22.837483],[115.124733,22.837423],[115.124475,22.837166],[115.124303,22.837067],[115.123981,22.837383],[115.123874,22.8376],[115.12368,22.838015],[115.123509,22.838133],[115.123143,22.837955],[115.122821,22.837757],[115.122048,22.837697],[115.121297,22.837854],[115.121211,22.837203],[115.120759,22.836806],[115.120759,22.83649],[115.120094,22.835936],[115.119127,22.835184],[115.118784,22.835006],[115.118032,22.835203],[115.117624,22.834985],[115.11698,22.834925],[115.115584,22.83528],[115.115347,22.835339],[115.114897,22.835003],[115.11393,22.834765],[115.113178,22.834646],[115.112599,22.834606],[115.112127,22.834804],[115.111439,22.835515],[115.11101,22.835495],[115.110216,22.835771],[115.109427,22.836357],[115.109276,22.836484],[115.10903,22.836543],[115.108879,22.836948],[115.109009,22.837344],[115.109116,22.83774],[115.10903,22.838056],[115.10918,22.838452],[115.109373,22.838709],[115.109416,22.839064],[115.109395,22.83948],[115.109266,22.839875],[115.109438,22.840192],[115.109566,22.840607],[115.109609,22.840706],[115.109845,22.840864],[115.110081,22.841042],[115.109588,22.841339],[115.109824,22.841576],[115.110017,22.841873],[115.11036,22.84207],[115.110576,22.842308],[115.110748,22.842664],[115.110812,22.842961],[115.111005,22.843139],[115.111005,22.843396],[115.111005,22.843713],[115.110898,22.844008],[115.111005,22.844206],[115.111048,22.844582],[115.111177,22.844938],[115.111177,22.845234],[115.111241,22.845511],[115.111112,22.845729],[115.110875,22.845926],[115.110768,22.846064],[115.110639,22.846202],[115.110704,22.846776],[115.110725,22.847132],[115.110725,22.847408],[115.110489,22.847626],[115.110553,22.847962],[115.110789,22.848061],[115.111068,22.848199],[115.111111,22.848575],[115.111026,22.848872],[115.110983,22.849108],[115.111026,22.849424],[115.111111,22.8498],[115.111433,22.850156],[115.111756,22.850453],[115.112164,22.850553],[115.112464,22.850671],[115.112657,22.85081],[115.112958,22.850888],[115.11313,22.850967],[115.11313,22.851303],[115.113216,22.851402],[115.113387,22.851402],[115.113559,22.85158],[115.113946,22.851442],[115.114225,22.85154],[115.114611,22.851541],[115.114847,22.851581],[115.114912,22.851818],[115.115255,22.852036],[115.115556,22.852233],[115.115577,22.85251],[115.115964,22.852669],[115.116415,22.852808],[115.116565,22.853124],[115.116951,22.853401],[115.11723,22.85354],[115.117553,22.853777],[115.117789,22.853955],[115.118025,22.854172],[115.118197,22.854508],[115.118283,22.854746],[115.118411,22.85522],[115.118154,22.855635],[115.117982,22.855971],[115.117725,22.856464],[115.117617,22.8568],[115.117639,22.857295],[115.117659,22.85767],[115.117488,22.857828],[115.117466,22.858401],[115.117659,22.858856],[115.117767,22.859152],[115.118219,22.859488],[115.118519,22.859548],[115.118648,22.859746],[115.118669,22.860101],[115.118755,22.860417],[115.119034,22.860655],[115.119077,22.861089],[115.119313,22.861387],[115.119377,22.8619],[115.119593,22.862296],[115.119743,22.862612],[115.120108,22.862811],[115.12058,22.86287],[115.120924,22.862929],[115.121268,22.86297],[115.121611,22.863305],[115.121697,22.863701],[115.121847,22.863918],[115.121633,22.864215],[115.12174,22.864649],[115.121933,22.865064],[115.12232,22.865579],[115.122792,22.865975],[115.123071,22.86635],[115.122942,22.866568],[115.122749,22.866983],[115.122664,22.867417],[115.122664,22.867832],[115.122857,22.868089],[115.123136,22.868287],[115.123329,22.868466],[115.123372,22.868761],[115.123458,22.869117],[115.12347,22.869293],[115.12348,22.869453],[115.123737,22.86967],[115.123973,22.869869],[115.124188,22.870146],[115.124424,22.870502],[115.12451,22.871055],[115.124381,22.871667],[115.124167,22.87228],[115.123931,22.872655],[115.123479,22.87305],[115.123286,22.873504],[115.12305,22.87386],[115.12305,22.874374],[115.123093,22.874888],[115.123221,22.875224],[115.123436,22.875738],[115.123479,22.876133],[115.123651,22.876627],[115.123758,22.876963],[115.124253,22.877398],[115.125025,22.877815],[115.125584,22.87823],[115.12625,22.878587],[115.126787,22.878923],[115.127303,22.879062],[115.127646,22.879082],[115.128055,22.87926],[115.128484,22.879478],[115.128979,22.879715],[115.129344,22.879815],[115.129924,22.879855],[115.130375,22.880113],[115.130848,22.880686],[115.131427,22.880964],[115.131965,22.880964],[115.132459,22.881123],[115.132802,22.881341],[115.133017,22.881381],[115.133383,22.88148],[115.133641,22.881697],[115.133748,22.882053],[115.133598,22.882488],[115.133426,22.882745],[115.133189,22.883278],[115.133211,22.883594],[115.133189,22.88397],[115.133146,22.884425],[115.132889,22.88472],[115.13276,22.884938],[115.132867,22.885155],[115.13291,22.885531],[115.132996,22.885748],[115.133125,22.886084],[115.133125,22.886341],[115.133125,22.886697],[115.133082,22.886993],[115.133351,22.887231],[115.133663,22.887429],[115.133899,22.887636],[115.134188,22.887874],[115.134791,22.888349],[115.135586,22.888785],[115.135886,22.889042],[115.136102,22.889438],[115.136381,22.889952],[115.136402,22.890702],[115.137262,22.890882],[115.137628,22.8911],[115.137799,22.891871],[115.138143,22.892503],[115.138251,22.892958],[115.137971,22.893215],[115.137649,22.893471],[115.138014,22.893807],[115.138423,22.894223],[115.138788,22.894401],[115.139111,22.894541],[115.13939,22.894758],[115.139561,22.894896],[115.139734,22.895056],[115.139841,22.89549],[115.139884,22.895905],[115.140056,22.89632],[115.140399,22.896756],[115.140808,22.896736],[115.140937,22.897349],[115.141022,22.897824],[115.141324,22.898042],[115.141947,22.897905],[115.142483,22.897886],[115.142957,22.898597],[115.143387,22.899151],[115.14373,22.899429],[115.14431,22.899667],[115.144912,22.899885],[115.145643,22.900203],[115.145987,22.900421],[115.145966,22.901172],[115.145858,22.90212],[115.146288,22.902753],[115.146416,22.903484],[115.146331,22.904017],[115.146137,22.904373],[115.146052,22.904807],[115.146181,22.905282],[115.146352,22.905678],[115.146587,22.90624],[115.146825,22.906805],[115.146976,22.907754],[115.146911,22.908168],[115.146825,22.908543],[115.146911,22.908899],[115.14704,22.9106],[115.147126,22.910758],[115.147148,22.911173],[115.147448,22.911193],[115.147943,22.911174],[115.148244,22.911234],[115.148502,22.911393],[115.148717,22.911373],[115.148975,22.911295],[115.149211,22.911156],[115.149512,22.91096],[115.149921,22.910881],[115.150436,22.91104],[115.151016,22.911337],[115.151425,22.911674],[115.151705,22.91205],[115.152241,22.91288],[115.152671,22.913395],[115.152822,22.913553],[115.153359,22.913515],[115.153703,22.913772],[115.154155,22.913812],[115.154413,22.91403],[115.154434,22.914801],[115.154198,22.916025],[115.153701,22.916676],[115.153658,22.91715],[115.153937,22.917547],[115.154216,22.91883],[115.15441,22.919266],[115.154518,22.920332],[115.154732,22.921537],[115.154668,22.92215],[115.154496,22.922959],[115.154625,22.923611],[115.155463,22.92393],[115.156194,22.924306],[115.156689,22.924525],[115.156968,22.925097],[115.157118,22.925611],[115.157806,22.926916],[115.158774,22.927569],[115.159461,22.928776],[115.160279,22.929389],[115.160988,22.929647],[115.16159,22.93028],[115.162793,22.930776],[115.162847,22.930841],[115.162944,22.930955],[115.162578,22.931191],[115.162191,22.931369],[115.161783,22.931348],[115.160988,22.93186],[115.159956,22.932569],[115.159891,22.933044],[115.159461,22.933774],[115.16002,22.935256],[115.160342,22.936086],[115.160643,22.936304],[115.159847,22.937152],[115.160041,22.937903],[115.15959,22.938712],[115.159418,22.939225],[115.15901,22.939698],[115.15888,22.939915],[115.15888,22.94035],[115.158451,22.940744],[115.158451,22.941159],[115.158429,22.941573],[115.158299,22.942185],[115.158299,22.942442],[115.158299,22.942917],[115.158299,22.943252],[115.158063,22.943508],[115.158278,22.943983],[115.158342,22.944516],[115.158235,22.94499],[115.158085,22.945167],[115.158085,22.945385],[115.158106,22.94659],[115.158171,22.946965],[115.158171,22.947341],[115.157912,22.948071],[115.157934,22.948466],[115.157912,22.948702],[115.157783,22.948801],[115.157762,22.949354],[115.157676,22.949651],[115.157482,22.949788],[115.156902,22.950479],[115.156687,22.950893],[115.156493,22.951525],[115.156493,22.951998],[115.156343,22.952374],[115.155848,22.952649],[115.155548,22.95334],[115.155505,22.953636],[115.155569,22.95413],[115.15544,22.954801],[115.155461,22.955315],[115.155311,22.955572],[115.155354,22.955927],[115.155719,22.956224],[115.155784,22.956698],[115.155741,22.957607],[115.155504,22.958317],[115.155332,22.95885],[115.155375,22.959146],[115.155568,22.959602],[115.155654,22.960076],[115.155998,22.960471],[115.15632,22.960748],[115.156299,22.96136],[115.156536,22.962348],[115.15645,22.963631],[115.156428,22.964995],[115.15632,22.965212],[115.156513,22.96612],[115.156643,22.966536],[115.156535,22.968254],[115.156599,22.96863],[115.156879,22.96942],[115.157395,22.970289],[115.157438,22.970428],[115.156299,22.970327],[115.154622,22.970225],[115.153139,22.970184],[115.152795,22.970281],[115.152343,22.971091],[115.152128,22.972038],[115.151806,22.972452],[115.151461,22.972768],[115.151333,22.973162],[115.151633,22.973913],[115.152149,22.974527],[115.15245,22.975218],[115.152579,22.97597],[115.152363,22.976621],[115.152042,22.976996],[115.151547,22.97737],[115.151311,22.978021],[115.15101,22.978672],[115.150601,22.979323],[115.149977,22.979876],[115.149568,22.980665],[115.149289,22.981059],[115.149461,22.98183],[115.149354,22.982403],[115.149031,22.982915],[115.148838,22.983172],[115.14858,22.983467],[115.14858,22.98402],[115.148623,22.984376],[115.148773,22.985067],[115.148515,22.985383],[115.148129,22.985974],[115.147999,22.986745],[115.14802,22.987435],[115.147956,22.98777],[115.147527,22.987848],[115.147161,22.988065],[115.147204,22.988381],[115.147504,22.988954],[115.147634,22.98929],[115.147763,22.989705],[115.147483,22.990415],[115.147226,22.990632],[115.146365,22.990946],[115.145613,22.991912],[115.145742,22.992347],[115.145785,22.992859],[115.145463,22.993175],[115.14456,22.993608],[115.144279,22.993748],[115.14197,22.993722],[115.141459,22.994692],[115.140886,22.995152],[115.139123,22.996571],[115.134705,22.999368],[115.13395,22.999857],[115.132656,23.000736],[115.130833,23.001376],[115.130312,23.001158],[115.129782,23.001115],[115.128932,23.001474],[115.127535,23.001955],[115.127126,23.002817],[115.126432,23.003687],[115.126085,23.004618],[115.125295,23.005354],[115.12454,23.005853],[115.122517,23.005775],[115.121389,23.006432],[115.120122,23.006992],[115.118506,23.007482],[115.117152,23.00769],[115.115043,23.008834],[115.112699,23.010547],[115.111059,23.012144],[115.110824,23.013505],[115.110512,23.014403],[115.110416,23.014674],[115.108558,23.015627],[115.107083,23.016022],[115.106189,23.016525],[115.105018,23.016534],[115.10474,23.016009],[115.104766,23.015449],[115.105451,23.014572],[115.10612,23.013425],[115.106076,23.012126],[115.105173,23.011625],[115.104132,23.011204],[115.103689,23.010579],[115.103116,23.009761],[115.103142,23.008592],[115.102535,23.007901],[115.102552,23.007185],[115.101779,23.006425],[115.100382,23.005352],[115.099262,23.00472],[115.097552,23.003697],[115.096988,23.002986],[115.096041,23.002187],[115.096189,23.001636],[115.096285,23.000903],[115.095859,23.000377],[115.096258,22.999897],[115.096293,22.999854],[115.095937,22.998709],[115.095433,22.998424],[115.094436,22.998761],[115.093399,22.999766],[115.093307,22.999855],[115.091935,23.00149],[115.091094,23.002491],[115.091033,23.00301],[115.090972,23.003472],[115.090338,23.003676],[115.089453,23.004071],[115.088324,23.004811],[115.087787,23.005334],[115.087318,23.005735],[115.086198,23.006072],[115.084887,23.007316],[115.083498,23.008628],[115.082603,23.008914],[115.082101,23.009505],[115.081007,23.010264],[115.080295,23.010373],[115.079141,23.009826],[115.078723,23.009231],[115.078107,23.008752],[115.077604,23.008963],[115.077196,23.009039],[115.076615,23.008433],[115.074878,23.007537],[115.073993,23.006844],[115.073854,23.005762],[115.073863,23.005234],[115.073315,23.00505],[115.072508,23.004499],[115.072196,23.003745],[115.071302,23.003064],[115.069965,23.00227],[115.070147,23.001743],[115.070017,23.001148],[115.070034,23.000516],[115.070499,22.999881],[115.070798,22.99967],[115.071207,22.998984],[115.071285,22.998624],[115.07125,22.998233],[115.071067,22.997792],[115.06987,22.9973],[115.068237,22.99735],[115.067126,22.997272],[115.065555,22.9974],[115.06487,22.997691],[115.064253,22.997081],[115.063325,22.996398],[115.060391,22.994733],[115.059966,22.99475],[115.0593335,22.9948889],[115.058949,22.995054],[115.0583722,22.9953385],[115.0568138,22.9949917],[115.0564392,22.9946968],[115.0555176,22.9939849],[115.055564,22.992612],[115.056145,22.991489],[115.056172,22.990334],[115.056155,22.989772],[115.055998,22.989162],[115.05559,22.988329],[115.055261,22.988229],[115.054661,22.987853],[115.053394,22.987643],[115.052969,22.98735],[115.052925,22.986597],[115.05263,22.986105],[115.052048,22.984573],[115.051484,22.983637],[115.051372,22.982754],[115.050937,22.981677],[115.050616,22.981261],[115.049305,22.980523],[115.048516,22.979574],[115.048368,22.97911],[115.047907,22.97824],[115.046927,22.977034],[115.046675,22.975269],[115.04618,22.974939],[115.045443,22.974199],[115.045165,22.972842],[115.045078,22.971706],[115.04513,22.971443],[115.045026,22.971167],[115.044192,22.970175],[115.043299,22.969544],[115.043037,22.969484],[115.042664,22.969591],[115.041241,22.970811],[115.040043,22.971702],[115.038732,22.972567],[115.038472,22.972665],[115.038307,22.972634],[115.037161,22.972089],[115.03645,22.971437],[115.035468,22.970737],[115.034349,22.970431],[115.033073,22.9698],[115.033038,22.96965],[115.033368,22.969127],[115.033351,22.968768],[115.032665,22.967485],[115.032075,22.96689],[115.030069,22.966438],[115.029019,22.96676],[115.028446,22.966725],[115.026111,22.965731],[115.02506,22.964839],[115.02355,22.964023],[115.02296,22.964089],[115.022127,22.964512],[115.02171,22.964444],[115.020407,22.963409],[115.019834,22.962764],[115.019062,22.962329],[115.017838,22.961324],[115.016788,22.960314],[115.016207,22.959603],[115.01559,22.95843],[115.015243,22.958168],[115.011936,22.958231],[115.009522,22.958871],[115.005347,22.958652],[115.005208,22.958591],[115.004748,22.957956],[115.004627,22.957638],[115.004644,22.957194],[115.004244,22.956547],[115.003411,22.955822],[115.002604,22.955716],[115.002396,22.955805],[115.001866,22.95615],[115.001215,22.956855],[115.000616,22.957207],[115,22.956607],[114.999097,22.955829],[114.998697,22.955353],[114.997005,22.954492],[114.996068,22.953196],[114.995616,22.952674],[114.995277,22.952281],[114.995268,22.951679],[114.995781,22.950991],[114.995911,22.950347],[114.995842,22.949663],[114.994722,22.947046],[114.994714,22.946881],[114.995112,22.946252],[114.995121,22.945601],[114.994687,22.944322],[114.993091,22.941436],[114.992812,22.941286],[114.992161,22.941206],[114.989913,22.94062],[114.989496,22.940644],[114.988828,22.940926],[114.987795,22.939711],[114.987769,22.938752],[114.987604,22.938574],[114.985668,22.93849],[114.984505,22.938665],[114.982291,22.937912],[114.981788,22.937814],[114.981631,22.937875],[114.981275,22.938403],[114.979896,22.939902],[114.978637,22.940857],[114.977682,22.941419],[114.975633,22.941968],[114.973541,22.941751],[114.972777,22.941447],[114.972439,22.941402],[114.971883,22.94138],[114.971302,22.941525],[114.970963,22.940863],[114.970694,22.939945],[114.970686,22.939501],[114.970251,22.938209],[114.969184,22.937335],[114.968081,22.935896],[114.966232,22.935052],[114.963108,22.931996],[114.962813,22.93162],[114.96263,22.931033],[114.962213,22.930451],[114.961319,22.92957],[114.961068,22.92946],[114.960252,22.929386],[114.958437,22.929492],[114.956475,22.929839],[114.956085,22.929993],[114.953524,22.930542],[114.952908,22.930521],[114.951909,22.930798],[114.951284,22.931074],[114.949461,22.931311],[114.948958,22.931571],[114.947742,22.929364],[114.946414,22.927983],[114.945929,22.927641],[114.945277,22.927409],[114.943385,22.926328],[114.943108,22.925972],[114.942873,22.925466],[114.942829,22.924958],[114.943003,22.924692],[114.942595,22.923046],[114.941753,22.9223],[114.940217,22.922081],[114.937421,22.922154],[114.93565,22.92263],[114.933472,22.922838],[114.930008,22.9228],[114.927968,22.923646],[114.925833,22.923641],[114.925844,22.923222],[114.92585,22.922975],[114.924661,22.92071],[114.923003,22.919956],[114.922422,22.919583],[114.9223,22.918902],[114.921735,22.917958],[114.920394,22.916666],[114.92006,22.916319],[114.918842,22.915489],[114.918077,22.914843],[114.916064,22.913658],[114.915181,22.911577],[114.91414,22.910505],[114.913358,22.910299],[114.913323,22.909962]]]]}}]}
